matchup,book,market,player,side,line,odds,last_update,team,games,minutes,points,rebounds,assists,steals,blocks,fg_pct,fg3_pct,ft_pct,plus_minus,projection_edge,confidence
Philadelphia 76ers at New York Knicks,FanDuel,player_assists,paul george,Over,3.5,-174,2026-05-06T23:34:17Z,PHI,37.0,30.7,17.3,5.3,3.6,1.7,0.4,0.439,0.392,0.82,2.4,0.10000000000000009,LOW
Philadelphia 76ers at New York Knicks,FanDuel,player_assists,paul george,Under,3.5,132,2026-05-06T23:34:17Z,PHI,37.0,30.7,17.3,5.3,3.6,1.7,0.4,0.439,0.392,0.82,2.4,0.10000000000000009,LOW
Philadelphia 76ers at New York Knicks,FanDuel,player_assists,karl-anthony towns,Over,5.5,110,2026-05-06T23:34:17Z,NYK,75.0,31.0,20.1,11.9,3.0,0.9,0.5,0.501,0.368,0.858,5.0,-2.5,LOW
Philadelphia 76ers at New York Knicks,FanDuel,player_assists,karl-anthony towns,Under,5.5,-146,2026-05-06T23:34:17Z,NYK,75.0,31.0,20.1,11.9,3.0,0.9,0.5,0.501,0.368,0.858,5.0,-2.5,LOW
Philadelphia 76ers at New York Knicks,FanDuel,player_assists,kelly oubre jr,Over,1.5,182,2026-05-06T23:34:17Z,,,,,,,,,,,,,,LOW
Philadelphia 76ers at New York Knicks,FanDuel,player_assists,kelly oubre jr,Under,1.5,-250,2026-05-06T23:34:17Z,,,,,,,,,,,,,,LOW
Philadelphia 76ers at New York Knicks,FanDuel,player_assists,vj edgecombe,Over,3.5,114,2026-05-06T23:34:17Z,PHI,75.0,35.0,16.0,5.6,4.2,1.4,0.5,0.438,0.354,0.818,0.8,0.7000000000000002,LOW
Philadelphia 76ers at New York Knicks,FanDuel,player_assists,vj edgecombe,Under,3.5,-152,2026-05-06T23:34:17Z,PHI,75.0,35.0,16.0,5.6,4.2,1.4,0.5,0.438,0.354,0.818,0.8,0.7000000000000002,LOW
Philadelphia 76ers at New York Knicks,FanDuel,player_assists,quentin grimes,Over,1.5,-144,2026-05-06T23:34:17Z,PHI,75.0,29.4,13.4,3.6,3.3,0.9,0.4,0.45,0.334,0.84,0.1,1.7999999999999998,LOW
Philadelphia 76ers at New York Knicks,FanDuel,player_assists,quentin grimes,Under,1.5,108,2026-05-06T23:34:17Z,PHI,75.0,29.4,13.4,3.6,3.3,0.9,0.4,0.45,0.334,0.84,0.1,1.7999999999999998,LOW
Philadelphia 76ers at New York Knicks,FanDuel,player_assists,josh hart,Over,5.5,132,2026-05-06T23:34:17Z,NYK,66.0,30.2,12.0,7.4,4.8,1.1,0.3,0.508,0.413,0.72,3.2,-0.7000000000000002,LOW
Philadelphia 76ers at New York Knicks,FanDuel,player_assists,josh hart,Under,5.5,-178,2026-05-06T23:34:17Z,NYK,66.0,30.2,12.0,7.4,4.8,1.1,0.3,0.508,0.413,0.72,3.2,-0.7000000000000002,LOW
Philadelphia 76ers at New York Knicks,FanDuel,player_assists,og anunoby,Over,2.5,128,2026-05-06T23:34:17Z,NYK,67.0,33.2,16.7,5.2,2.2,1.6,0.7,0.484,0.386,0.828,6.1,-0.2999999999999998,LOW
Philadelphia 76ers at New York Knicks,FanDuel,player_assists,og anunoby,Under,2.5,-172,2026-05-06T23:34:17Z,NYK,67.0,33.2,16.7,5.2,2.2,1.6,0.7,0.484,0.386,0.828,6.1,-0.2999999999999998,LOW
Philadelphia 76ers at New York Knicks,FanDuel,player_assists,jalen brunson,Over,6.5,-154,2026-05-06T23:34:17Z,NYK,74.0,35.0,26.0,3.3,6.8,0.8,0.1,0.467,0.369,0.841,4.8,0.2999999999999998,LOW
Philadelphia 76ers at New York Knicks,FanDuel,player_assists,jalen brunson,Under,6.5,116,2026-05-06T23:34:17Z,NYK,74.0,35.0,26.0,3.3,6.8,0.8,0.1,0.467,0.369,0.841,4.8,0.2999999999999998,LOW
Philadelphia 76ers at New York Knicks,FanDuel,player_assists,mikal bridges,Over,2.5,130,2026-05-06T23:34:17Z,NYK,82.0,32.8,14.4,3.8,3.7,1.3,0.8,0.49,0.371,0.827,3.6,1.2000000000000002,LOW
Philadelphia 76ers at New York Knicks,FanDuel,player_assists,mikal bridges,Under,2.5,-174,2026-05-06T23:34:17Z,NYK,82.0,32.8,14.4,3.8,3.7,1.3,0.8,0.49,0.371,0.827,3.6,1.2000000000000002,LOW
Philadelphia 76ers at New York Knicks,FanDuel,player_assists,tyrese maxey,Over,5.5,-148,2026-05-06T23:34:17Z,PHI,70.0,38.0,28.3,4.1,6.6,1.9,0.8,0.462,0.367,0.892,1.6,1.0999999999999996,LOW
Philadelphia 76ers at New York Knicks,FanDuel,player_assists,tyrese maxey,Under,5.5,112,2026-05-06T23:34:17Z,PHI,70.0,38.0,28.3,4.1,6.6,1.9,0.8,0.462,0.367,0.892,1.6,1.0999999999999996,LOW
Philadelphia 76ers at New York Knicks,FanDuel,player_points,justin edwards,Over,3.5,102,2026-05-06T23:34:17Z,PHI,64.0,15.3,6.0,1.5,1.3,0.8,0.2,0.447,0.372,0.846,-1.1,2.5,MEDIUM
Philadelphia 76ers at New York Knicks,FanDuel,player_points,justin edwards,Under,3.5,-136,2026-05-06T23:34:17Z,PHI,64.0,15.3,6.0,1.5,1.3,0.8,0.2,0.447,0.372,0.846,-1.1,2.5,MEDIUM
Philadelphia 76ers at New York Knicks,FanDuel,player_points,jalen brunson,Over,23.5,-118,2026-05-06T23:34:17Z,NYK,74.0,35.0,26.0,3.3,6.8,0.8,0.1,0.467,0.369,0.841,4.8,2.5,MEDIUM
Philadelphia 76ers at New York Knicks,FanDuel,player_points,jalen brunson,Under,23.5,-112,2026-05-06T23:34:17Z,NYK,74.0,35.0,26.0,3.3,6.8,0.8,0.1,0.467,0.369,0.841,4.8,2.5,MEDIUM
Philadelphia 76ers at New York Knicks,FanDuel,player_points,andre drummond,Over,4.5,-106,2026-05-06T23:34:17Z,PHI,63.0,19.5,6.4,8.4,1.3,0.6,0.8,0.472,0.356,0.631,-1.4,1.9000000000000004,LOW
Philadelphia 76ers at New York Knicks,FanDuel,player_points,andre drummond,Under,4.5,-125,2026-05-06T23:34:17Z,PHI,63.0,19.5,6.4,8.4,1.3,0.6,0.8,0.472,0.356,0.631,-1.4,1.9000000000000004,LOW
Philadelphia 76ers at New York Knicks,FanDuel,player_points,jordan clarkson,Over,5.5,-114,2026-05-06T23:34:17Z,NYK,72.0,17.8,8.6,1.8,1.3,0.4,0.1,0.451,0.327,0.83,1.5,3.0999999999999996,MEDIUM
Philadelphia 76ers at New York Knicks,FanDuel,player_points,jordan clarkson,Under,5.5,-114,2026-05-06T23:34:17Z,NYK,72.0,17.8,8.6,1.8,1.3,0.4,0.1,0.451,0.327,0.83,1.5,3.0999999999999996,MEDIUM
Philadelphia 76ers at New York Knicks,FanDuel,player_points,paul george,Over,25.5,-102,2026-05-06T23:34:17Z,PHI,37.0,30.7,17.3,5.3,3.6,1.7,0.4,0.439,0.392,0.82,2.4,-8.2,LOW
Philadelphia 76ers at New York Knicks,FanDuel,player_points,paul george,Under,25.5,-130,2026-05-06T23:34:17Z,PHI,37.0,30.7,17.3,5.3,3.6,1.7,0.4,0.439,0.392,0.82,2.4,-8.2,LOW
Philadelphia 76ers at New York Knicks,FanDuel,player_points,karl-anthony towns,Over,22.5,-108,2026-05-06T23:34:17Z,NYK,75.0,31.0,20.1,11.9,3.0,0.9,0.5,0.501,0.368,0.858,5.0,-2.3999999999999986,LOW
Philadelphia 76ers at New York Knicks,FanDuel,player_points,karl-anthony towns,Under,22.5,-122,2026-05-06T23:34:17Z,NYK,75.0,31.0,20.1,11.9,3.0,0.9,0.5,0.501,0.368,0.858,5.0,-2.3999999999999986,LOW
Philadelphia 76ers at New York Knicks,FanDuel,player_points,vj edgecombe,Over,14.5,-114,2026-05-06T23:34:17Z,PHI,75.0,35.0,16.0,5.6,4.2,1.4,0.5,0.438,0.354,0.818,0.8,1.5,LOW
Philadelphia 76ers at New York Knicks,FanDuel,player_points,vj edgecombe,Under,14.5,-114,2026-05-06T23:34:17Z,PHI,75.0,35.0,16.0,5.6,4.2,1.4,0.5,0.438,0.354,0.818,0.8,1.5,LOW
Philadelphia 76ers at New York Knicks,FanDuel,player_points,kelly oubre jr,Over,12.5,-102,2026-05-06T23:34:17Z,,,,,,,,,,,,,,LOW
Philadelphia 76ers at New York Knicks,FanDuel,player_points,kelly oubre jr,Under,12.5,-130,2026-05-06T23:34:17Z,,,,,,,,,,,,,,LOW
Philadelphia 76ers at New York Knicks,FanDuel,player_points,adem bona,Over,2.5,-136,2026-05-06T23:34:17Z,PHI,71.0,17.4,4.8,4.3,0.5,0.4,1.2,0.595,0.333,0.708,-0.1,2.3,MEDIUM
Philadelphia 76ers at New York Knicks,FanDuel,player_points,adem bona,Under,2.5,102,2026-05-06T23:34:17Z,PHI,71.0,17.4,4.8,4.3,0.5,0.4,1.2,0.595,0.333,0.708,-0.1,2.3,MEDIUM
Philadelphia 76ers at New York Knicks,FanDuel,player_points,quentin grimes,Over,9.5,-122,2026-05-06T23:34:17Z,PHI,75.0,29.4,13.4,3.6,3.3,0.9,0.4,0.45,0.334,0.84,0.1,3.9000000000000004,MEDIUM
Philadelphia 76ers at New York Knicks,FanDuel,player_points,quentin grimes,Under,9.5,-108,2026-05-06T23:34:17Z,PHI,75.0,29.4,13.4,3.6,3.3,0.9,0.4,0.45,0.334,0.84,0.1,3.9000000000000004,MEDIUM
Philadelphia 76ers at New York Knicks,FanDuel,player_points,josh hart,Over,8.5,-132,2026-05-06T23:34:17Z,NYK,66.0,30.2,12.0,7.4,4.8,1.1,0.3,0.508,0.413,0.72,3.2,3.5,MEDIUM
Philadelphia 76ers at New York Knicks,FanDuel,player_points,josh hart,Under,8.5,100,2026-05-06T23:34:17Z,NYK,66.0,30.2,12.0,7.4,4.8,1.1,0.3,0.508,0.413,0.72,3.2,3.5,MEDIUM
Philadelphia 76ers at New York Knicks,FanDuel,player_points,mikal bridges,Over,13.5,-125,2026-05-06T23:34:17Z,NYK,82.0,32.8,14.4,3.8,3.7,1.3,0.8,0.49,0.371,0.827,3.6,0.9000000000000004,LOW
Philadelphia 76ers at New York Knicks,FanDuel,player_points,mikal bridges,Under,13.5,-106,2026-05-06T23:34:17Z,NYK,82.0,32.8,14.4,3.8,3.7,1.3,0.8,0.49,0.371,0.827,3.6,0.9000000000000004,LOW
Philadelphia 76ers at New York Knicks,FanDuel,player_points,og anunoby,Over,20.5,-132,2026-05-06T23:34:17Z,NYK,67.0,33.2,16.7,5.2,2.2,1.6,0.7,0.484,0.386,0.828,6.1,-3.8000000000000007,LOW
Philadelphia 76ers at New York Knicks,FanDuel,player_points,og anunoby,Under,20.5,100,2026-05-06T23:34:17Z,NYK,67.0,33.2,16.7,5.2,2.2,1.6,0.7,0.484,0.386,0.828,6.1,-3.8000000000000007,LOW
Philadelphia 76ers at New York Knicks,FanDuel,player_points,tyrese maxey,Over,25.5,-106,2026-05-06T23:34:17Z,PHI,70.0,38.0,28.3,4.1,6.6,1.9,0.8,0.462,0.367,0.892,1.6,2.8000000000000007,MEDIUM
Philadelphia 76ers at New York Knicks,FanDuel,player_points,tyrese maxey,Under,25.5,-125,2026-05-06T23:34:17Z,PHI,70.0,38.0,28.3,4.1,6.6,1.9,0.8,0.462,0.367,0.892,1.6,2.8000000000000007,MEDIUM
Philadelphia 76ers at New York Knicks,FanDuel,player_points,miles mcbride,Over,6.5,-130,2026-05-06T23:34:17Z,NYK,41.0,26.3,12.0,2.4,2.6,0.9,0.2,0.423,0.413,0.787,5.5,5.5,HIGH
Philadelphia 76ers at New York Knicks,FanDuel,player_points,miles mcbride,Under,6.5,-102,2026-05-06T23:34:17Z,NYK,41.0,26.3,12.0,2.4,2.6,0.9,0.2,0.423,0.413,0.787,5.5,5.5,HIGH
Philadelphia 76ers at New York Knicks,FanDuel,player_rebounds,jalen brunson,Over,2.5,134,2026-05-06T23:34:17Z,NYK,74.0,35.0,26.0,3.3,6.8,0.8,0.1,0.467,0.369,0.841,4.8,0.7999999999999998,LOW
Philadelphia 76ers at New York Knicks,FanDuel,player_rebounds,jalen brunson,Under,2.5,-180,2026-05-06T23:34:17Z,NYK,74.0,35.0,26.0,3.3,6.8,0.8,0.1,0.467,0.369,0.841,4.8,0.7999999999999998,LOW
Philadelphia 76ers at New York Knicks,FanDuel,player_rebounds,andre drummond,Over,7.5,106,2026-05-06T23:34:17Z,PHI,63.0,19.5,6.4,8.4,1.3,0.6,0.8,0.472,0.356,0.631,-1.4,0.9000000000000004,LOW
Philadelphia 76ers at New York Knicks,FanDuel,player_rebounds,andre drummond,Under,7.5,-140,2026-05-06T23:34:17Z,PHI,63.0,19.5,6.4,8.4,1.3,0.6,0.8,0.472,0.356,0.631,-1.4,0.9000000000000004,LOW
Philadelphia 76ers at New York Knicks,FanDuel,player_rebounds,kelly oubre jr,Over,4.5,104,2026-05-06T23:34:17Z,,,,,,,,,,,,,,LOW
Philadelphia 76ers at New York Knicks,FanDuel,player_rebounds,kelly oubre jr,Under,4.5,-138,2026-05-06T23:34:17Z,,,,,,,,,,,,,,LOW
Philadelphia 76ers at New York Knicks,FanDuel,player_rebounds,paul george,Over,5.5,-112,2026-05-06T23:34:17Z,PHI,37.0,30.7,17.3,5.3,3.6,1.7,0.4,0.439,0.392,0.82,2.4,-0.20000000000000018,LOW
Philadelphia 76ers at New York Knicks,FanDuel,player_rebounds,paul george,Under,5.5,-118,2026-05-06T23:34:17Z,PHI,37.0,30.7,17.3,5.3,3.6,1.7,0.4,0.439,0.392,0.82,2.4,-0.20000000000000018,LOW
Philadelphia 76ers at New York Knicks,FanDuel,player_rebounds,karl-anthony towns,Over,9.5,-144,2026-05-06T23:34:17Z,NYK,75.0,31.0,20.1,11.9,3.0,0.9,0.5,0.501,0.368,0.858,5.0,2.4000000000000004,MEDIUM
Philadelphia 76ers at New York Knicks,FanDuel,player_rebounds,karl-anthony towns,Under,9.5,108,2026-05-06T23:34:17Z,NYK,75.0,31.0,20.1,11.9,3.0,0.9,0.5,0.501,0.368,0.858,5.0,2.4000000000000004,MEDIUM
Philadelphia 76ers at New York Knicks,FanDuel,player_rebounds,quentin grimes,Over,2.5,114,2026-05-06T23:34:17Z,PHI,75.0,29.4,13.4,3.6,3.3,0.9,0.4,0.45,0.334,0.84,0.1,1.1,LOW
Philadelphia 76ers at New York Knicks,FanDuel,player_rebounds,quentin grimes,Under,2.5,-152,2026-05-06T23:34:17Z,PHI,75.0,29.4,13.4,3.6,3.3,0.9,0.4,0.45,0.334,0.84,0.1,1.1,LOW
Philadelphia 76ers at New York Knicks,FanDuel,player_rebounds,adem bona,Over,4.5,-125,2026-05-06T23:34:17Z,PHI,71.0,17.4,4.8,4.3,0.5,0.4,1.2,0.595,0.333,0.708,-0.1,-0.20000000000000018,LOW
Philadelphia 76ers at New York Knicks,FanDuel,player_rebounds,adem bona,Under,4.5,-106,2026-05-06T23:34:17Z,PHI,71.0,17.4,4.8,4.3,0.5,0.4,1.2,0.595,0.333,0.708,-0.1,-0.20000000000000018,LOW
Philadelphia 76ers at New York Knicks,FanDuel,player_rebounds,vj edgecombe,Over,5.5,104,2026-05-06T23:34:17Z,PHI,75.0,35.0,16.0,5.6,4.2,1.4,0.5,0.438,0.354,0.818,0.8,0.09999999999999964,LOW
Philadelphia 76ers at New York Knicks,FanDuel,player_rebounds,vj edgecombe,Under,5.5,-138,2026-05-06T23:34:17Z,PHI,75.0,35.0,16.0,5.6,4.2,1.4,0.5,0.438,0.354,0.818,0.8,0.09999999999999964,LOW
Philadelphia 76ers at New York Knicks,FanDuel,player_rebounds,josh hart,Over,8.5,102,2026-05-06T23:34:17Z,NYK,66.0,30.2,12.0,7.4,4.8,1.1,0.3,0.508,0.413,0.72,3.2,-1.0999999999999996,LOW
Philadelphia 76ers at New York Knicks,FanDuel,player_rebounds,josh hart,Under,8.5,-136,2026-05-06T23:34:17Z,NYK,66.0,30.2,12.0,7.4,4.8,1.1,0.3,0.508,0.413,0.72,3.2,-1.0999999999999996,LOW
Philadelphia 76ers at New York Knicks,FanDuel,player_rebounds,mikal bridges,Over,2.5,132,2026-05-06T23:34:17Z,NYK,82.0,32.8,14.4,3.8,3.7,1.3,0.8,0.49,0.371,0.827,3.6,1.2999999999999998,LOW
Philadelphia 76ers at New York Knicks,FanDuel,player_rebounds,mikal bridges,Under,2.5,-178,2026-05-06T23:34:17Z,NYK,82.0,32.8,14.4,3.8,3.7,1.3,0.8,0.49,0.371,0.827,3.6,1.2999999999999998,LOW
Philadelphia 76ers at New York Knicks,FanDuel,player_rebounds,og anunoby,Over,5.5,-160,2026-05-06T23:34:17Z,NYK,67.0,33.2,16.7,5.2,2.2,1.6,0.7,0.484,0.386,0.828,6.1,-0.2999999999999998,LOW
Philadelphia 76ers at New York Knicks,FanDuel,player_rebounds,og anunoby,Under,5.5,120,2026-05-06T23:34:17Z,NYK,67.0,33.2,16.7,5.2,2.2,1.6,0.7,0.484,0.386,0.828,6.1,-0.2999999999999998,LOW
Philadelphia 76ers at New York Knicks,FanDuel,player_threes,jordan clarkson,Over,0.5,-102,2026-05-06T23:34:17Z,NYK,72.0,17.8,8.6,1.8,1.3,0.4,0.1,0.451,0.327,0.83,1.5,0.0,LOW
Philadelphia 76ers at New York Knicks,FanDuel,player_threes,jordan clarkson,Under,0.5,-130,2026-05-06T23:34:17Z,NYK,72.0,17.8,8.6,1.8,1.3,0.4,0.1,0.451,0.327,0.83,1.5,0.0,LOW
Philadelphia 76ers at New York Knicks,FanDuel,player_threes,kelly oubre jr,Over,1.5,164,2026-05-06T23:34:17Z,,,,,,,,,,,,,0.0,LOW
Philadelphia 76ers at New York Knicks,FanDuel,player_threes,kelly oubre jr,Under,1.5,-225,2026-05-06T23:34:17Z,,,,,,,,,,,,,0.0,LOW
Philadelphia 76ers at New York Knicks,FanDuel,player_threes,andre drummond,Over,0.5,168,2026-05-06T23:34:17Z,PHI,63.0,19.5,6.4,8.4,1.3,0.6,0.8,0.472,0.356,0.631,-1.4,0.0,LOW
Philadelphia 76ers at New York Knicks,FanDuel,player_threes,andre drummond,Under,0.5,-230,2026-05-06T23:34:17Z,PHI,63.0,19.5,6.4,8.4,1.3,0.6,0.8,0.472,0.356,0.631,-1.4,0.0,LOW
Philadelphia 76ers at New York Knicks,FanDuel,player_threes,paul george,Over,5.5,132,2026-05-06T23:34:17Z,PHI,37.0,30.7,17.3,5.3,3.6,1.7,0.4,0.439,0.392,0.82,2.4,0.0,LOW
Philadelphia 76ers at New York Knicks,FanDuel,player_threes,paul george,Under,5.5,-178,2026-05-06T23:34:17Z,PHI,37.0,30.7,17.3,5.3,3.6,1.7,0.4,0.439,0.392,0.82,2.4,0.0,LOW
Philadelphia 76ers at New York Knicks,FanDuel,player_threes,karl-anthony towns,Over,1.5,188,2026-05-06T23:34:17Z,NYK,75.0,31.0,20.1,11.9,3.0,0.9,0.5,0.501,0.368,0.858,5.0,0.0,LOW
Philadelphia 76ers at New York Knicks,FanDuel,player_threes,karl-anthony towns,Under,1.5,-260,2026-05-06T23:34:17Z,NYK,75.0,31.0,20.1,11.9,3.0,0.9,0.5,0.501,0.368,0.858,5.0,0.0,LOW
Philadelphia 76ers at New York Knicks,FanDuel,player_threes,quentin grimes,Over,0.5,-230,2026-05-06T23:34:17Z,PHI,75.0,29.4,13.4,3.6,3.3,0.9,0.4,0.45,0.334,0.84,0.1,0.0,LOW
Philadelphia 76ers at New York Knicks,FanDuel,player_threes,quentin grimes,Under,0.5,168,2026-05-06T23:34:17Z,PHI,75.0,29.4,13.4,3.6,3.3,0.9,0.4,0.45,0.334,0.84,0.1,0.0,LOW
Philadelphia 76ers at New York Knicks,FanDuel,player_threes,vj edgecombe,Over,1.5,-136,2026-05-06T23:34:17Z,PHI,75.0,35.0,16.0,5.6,4.2,1.4,0.5,0.438,0.354,0.818,0.8,0.0,LOW
Philadelphia 76ers at New York Knicks,FanDuel,player_threes,vj edgecombe,Under,1.5,102,2026-05-06T23:34:17Z,PHI,75.0,35.0,16.0,5.6,4.2,1.4,0.5,0.438,0.354,0.818,0.8,0.0,LOW
Philadelphia 76ers at New York Knicks,FanDuel,player_threes,josh hart,Over,1.5,172,2026-05-06T23:34:17Z,NYK,66.0,30.2,12.0,7.4,4.8,1.1,0.3,0.508,0.413,0.72,3.2,0.0,LOW
Philadelphia 76ers at New York Knicks,FanDuel,player_threes,josh hart,Under,1.5,-235,2026-05-06T23:34:17Z,NYK,66.0,30.2,12.0,7.4,4.8,1.1,0.3,0.508,0.413,0.72,3.2,0.0,LOW
Philadelphia 76ers at New York Knicks,FanDuel,player_threes,og anunoby,Over,2.5,-188,2026-05-06T23:34:17Z,NYK,67.0,33.2,16.7,5.2,2.2,1.6,0.7,0.484,0.386,0.828,6.1,0.0,LOW
Philadelphia 76ers at New York Knicks,FanDuel,player_threes,og anunoby,Under,2.5,140,2026-05-06T23:34:17Z,NYK,67.0,33.2,16.7,5.2,2.2,1.6,0.7,0.484,0.386,0.828,6.1,0.0,LOW
Philadelphia 76ers at New York Knicks,FanDuel,player_threes,mikal bridges,Over,1.5,134,2026-05-06T23:34:17Z,NYK,82.0,32.8,14.4,3.8,3.7,1.3,0.8,0.49,0.371,0.827,3.6,0.0,LOW
Philadelphia 76ers at New York Knicks,FanDuel,player_threes,mikal bridges,Under,1.5,-180,2026-05-06T23:34:17Z,NYK,82.0,32.8,14.4,3.8,3.7,1.3,0.8,0.49,0.371,0.827,3.6,0.0,LOW
Philadelphia 76ers at New York Knicks,FanDuel,player_threes,tyrese maxey,Over,2.5,126,2026-05-06T23:34:17Z,PHI,70.0,38.0,28.3,4.1,6.6,1.9,0.8,0.462,0.367,0.892,1.6,0.0,LOW
Philadelphia 76ers at New York Knicks,FanDuel,player_threes,tyrese maxey,Under,2.5,-168,2026-05-06T23:34:17Z,PHI,70.0,38.0,28.3,4.1,6.6,1.9,0.8,0.462,0.367,0.892,1.6,0.0,LOW
Philadelphia 76ers at New York Knicks,FanDuel,player_threes,jalen brunson,Over,1.5,-210,2026-05-06T23:34:17Z,NYK,74.0,35.0,26.0,3.3,6.8,0.8,0.1,0.467,0.369,0.841,4.8,0.0,LOW
Philadelphia 76ers at New York Knicks,FanDuel,player_threes,jalen brunson,Under,1.5,154,2026-05-06T23:34:17Z,NYK,74.0,35.0,26.0,3.3,6.8,0.8,0.1,0.467,0.369,0.841,4.8,0.0,LOW
Philadelphia 76ers at New York Knicks,FanDuel,player_threes,miles mcbride,Over,1.5,-125,2026-05-06T23:34:17Z,NYK,41.0,26.3,12.0,2.4,2.6,0.9,0.2,0.423,0.413,0.787,5.5,0.0,LOW
Philadelphia 76ers at New York Knicks,FanDuel,player_threes,miles mcbride,Under,1.5,-106,2026-05-06T23:34:17Z,NYK,41.0,26.3,12.0,2.4,2.6,0.9,0.2,0.423,0.413,0.787,5.5,0.0,LOW
Philadelphia 76ers at New York Knicks,DraftKings,player_assists,jalen brunson,Over,6.5,-154,2026-05-06T23:34:24Z,NYK,74.0,35.0,26.0,3.3,6.8,0.8,0.1,0.467,0.369,0.841,4.8,0.2999999999999998,LOW
Philadelphia 76ers at New York Knicks,DraftKings,player_assists,jalen brunson,Under,6.5,120,2026-05-06T23:34:24Z,NYK,74.0,35.0,26.0,3.3,6.8,0.8,0.1,0.467,0.369,0.841,4.8,0.2999999999999998,LOW
Philadelphia 76ers at New York Knicks,DraftKings,player_assists,tyrese maxey,Over,6.5,124,2026-05-06T23:34:24Z,PHI,70.0,38.0,28.3,4.1,6.6,1.9,0.8,0.462,0.367,0.892,1.6,0.09999999999999964,LOW
Philadelphia 76ers at New York Knicks,DraftKings,player_assists,tyrese maxey,Under,6.5,-160,2026-05-06T23:34:24Z,PHI,70.0,38.0,28.3,4.1,6.6,1.9,0.8,0.462,0.367,0.892,1.6,0.09999999999999964,LOW
Philadelphia 76ers at New York Knicks,DraftKings,player_assists,karl-anthony towns,Over,5.5,114,2026-05-06T23:34:24Z,NYK,75.0,31.0,20.1,11.9,3.0,0.9,0.5,0.501,0.368,0.858,5.0,-2.5,LOW
Philadelphia 76ers at New York Knicks,DraftKings,player_assists,karl-anthony towns,Under,5.5,-145,2026-05-06T23:34:24Z,NYK,75.0,31.0,20.1,11.9,3.0,0.9,0.5,0.501,0.368,0.858,5.0,-2.5,LOW
Philadelphia 76ers at New York Knicks,DraftKings,player_assists,josh hart,Over,4.5,-154,2026-05-06T23:34:24Z,NYK,66.0,30.2,12.0,7.4,4.8,1.1,0.3,0.508,0.413,0.72,3.2,0.2999999999999998,LOW
Philadelphia 76ers at New York Knicks,DraftKings,player_assists,josh hart,Under,4.5,120,2026-05-06T23:34:24Z,NYK,66.0,30.2,12.0,7.4,4.8,1.1,0.3,0.508,0.413,0.72,3.2,0.2999999999999998,LOW
Philadelphia 76ers at New York Knicks,DraftKings,player_assists,paul george,Over,4.5,124,2026-05-06T23:34:24Z,PHI,37.0,30.7,17.3,5.3,3.6,1.7,0.4,0.439,0.392,0.82,2.4,-0.8999999999999999,LOW
Philadelphia 76ers at New York Knicks,DraftKings,player_assists,paul george,Under,4.5,-160,2026-05-06T23:34:24Z,PHI,37.0,30.7,17.3,5.3,3.6,1.7,0.4,0.439,0.392,0.82,2.4,-0.8999999999999999,LOW
Philadelphia 76ers at New York Knicks,DraftKings,player_assists,vj edgecombe,Over,3.5,124,2026-05-06T23:34:24Z,PHI,75.0,35.0,16.0,5.6,4.2,1.4,0.5,0.438,0.354,0.818,0.8,0.7000000000000002,LOW
Philadelphia 76ers at New York Knicks,DraftKings,player_assists,vj edgecombe,Under,3.5,-160,2026-05-06T23:34:24Z,PHI,75.0,35.0,16.0,5.6,4.2,1.4,0.5,0.438,0.354,0.818,0.8,0.7000000000000002,LOW
Philadelphia 76ers at New York Knicks,DraftKings,player_assists,og anunoby,Over,2.5,124,2026-05-06T23:34:24Z,NYK,67.0,33.2,16.7,5.2,2.2,1.6,0.7,0.484,0.386,0.828,6.1,-0.2999999999999998,LOW
Philadelphia 76ers at New York Knicks,DraftKings,player_assists,og anunoby,Under,2.5,-160,2026-05-06T23:34:24Z,NYK,67.0,33.2,16.7,5.2,2.2,1.6,0.7,0.484,0.386,0.828,6.1,-0.2999999999999998,LOW
Philadelphia 76ers at New York Knicks,DraftKings,player_assists,mikal bridges,Over,2.5,145,2026-05-06T23:34:24Z,NYK,82.0,32.8,14.4,3.8,3.7,1.3,0.8,0.49,0.371,0.827,3.6,1.2000000000000002,LOW
Philadelphia 76ers at New York Knicks,DraftKings,player_assists,mikal bridges,Under,2.5,-188,2026-05-06T23:34:24Z,NYK,82.0,32.8,14.4,3.8,3.7,1.3,0.8,0.49,0.371,0.827,3.6,1.2000000000000002,LOW
Philadelphia 76ers at New York Knicks,DraftKings,player_assists,quentin grimes,Over,1.5,-160,2026-05-06T23:34:24Z,PHI,75.0,29.4,13.4,3.6,3.3,0.9,0.4,0.45,0.334,0.84,0.1,1.7999999999999998,LOW
Philadelphia 76ers at New York Knicks,DraftKings,player_assists,quentin grimes,Under,1.5,124,2026-05-06T23:34:24Z,PHI,75.0,29.4,13.4,3.6,3.3,0.9,0.4,0.45,0.334,0.84,0.1,1.7999999999999998,LOW
Philadelphia 76ers at New York Knicks,DraftKings,player_assists,miles mcbride,Over,1.5,105,2026-05-06T23:34:24Z,NYK,41.0,26.3,12.0,2.4,2.6,0.9,0.2,0.423,0.413,0.787,5.5,1.1,LOW
Philadelphia 76ers at New York Knicks,DraftKings,player_assists,miles mcbride,Under,1.5,-135,2026-05-06T23:34:24Z,NYK,41.0,26.3,12.0,2.4,2.6,0.9,0.2,0.423,0.413,0.787,5.5,1.1,LOW
Philadelphia 76ers at New York Knicks,DraftKings,player_blocks,mikal bridges,Over,1.5,135,2026-05-06T23:34:24Z,NYK,82.0,32.8,14.4,3.8,3.7,1.3,0.8,0.49,0.371,0.827,3.6,0.0,LOW
Philadelphia 76ers at New York Knicks,DraftKings,player_blocks,mikal bridges,Under,1.5,-175,2026-05-06T23:34:24Z,NYK,82.0,32.8,14.4,3.8,3.7,1.3,0.8,0.49,0.371,0.827,3.6,0.0,LOW
Philadelphia 76ers at New York Knicks,DraftKings,player_points,paul george,Over,26.5,-115,2026-05-06T23:33:16Z,PHI,37.0,30.7,17.3,5.3,3.6,1.7,0.4,0.439,0.392,0.82,2.4,-9.2,LOW
Philadelphia 76ers at New York Knicks,DraftKings,player_points,paul george,Under,26.5,-115,2026-05-06T23:33:16Z,PHI,37.0,30.7,17.3,5.3,3.6,1.7,0.4,0.439,0.392,0.82,2.4,-9.2,LOW
Philadelphia 76ers at New York Knicks,DraftKings,player_points,tyrese maxey,Over,25.5,-105,2026-05-06T23:33:16Z,PHI,70.0,38.0,28.3,4.1,6.6,1.9,0.8,0.462,0.367,0.892,1.6,2.8000000000000007,MEDIUM
Philadelphia 76ers at New York Knicks,DraftKings,player_points,tyrese maxey,Under,25.5,-125,2026-05-06T23:33:16Z,PHI,70.0,38.0,28.3,4.1,6.6,1.9,0.8,0.462,0.367,0.892,1.6,2.8000000000000007,MEDIUM
Philadelphia 76ers at New York Knicks,DraftKings,player_points,karl-anthony towns,Over,24.5,-125,2026-05-06T23:33:16Z,NYK,75.0,31.0,20.1,11.9,3.0,0.9,0.5,0.501,0.368,0.858,5.0,-4.399999999999999,LOW
Philadelphia 76ers at New York Knicks,DraftKings,player_points,karl-anthony towns,Under,24.5,-105,2026-05-06T23:33:16Z,NYK,75.0,31.0,20.1,11.9,3.0,0.9,0.5,0.501,0.368,0.858,5.0,-4.399999999999999,LOW
Philadelphia 76ers at New York Knicks,DraftKings,player_points,jalen brunson,Over,22.5,-110,2026-05-06T23:33:16Z,NYK,74.0,35.0,26.0,3.3,6.8,0.8,0.1,0.467,0.369,0.841,4.8,3.5,MEDIUM
Philadelphia 76ers at New York Knicks,DraftKings,player_points,jalen brunson,Under,22.5,-120,2026-05-06T23:33:16Z,NYK,74.0,35.0,26.0,3.3,6.8,0.8,0.1,0.467,0.369,0.841,4.8,3.5,MEDIUM
Philadelphia 76ers at New York Knicks,DraftKings,player_points,og anunoby,Over,21.5,-125,2026-05-06T23:33:16Z,NYK,67.0,33.2,16.7,5.2,2.2,1.6,0.7,0.484,0.386,0.828,6.1,-4.800000000000001,LOW
Philadelphia 76ers at New York Knicks,DraftKings,player_points,og anunoby,Under,21.5,-105,2026-05-06T23:33:16Z,NYK,67.0,33.2,16.7,5.2,2.2,1.6,0.7,0.484,0.386,0.828,6.1,-4.800000000000001,LOW
Philadelphia 76ers at New York Knicks,DraftKings,player_points,vj edgecombe,Over,14.5,-115,2026-05-06T23:33:16Z,PHI,75.0,35.0,16.0,5.6,4.2,1.4,0.5,0.438,0.354,0.818,0.8,1.5,LOW
Philadelphia 76ers at New York Knicks,DraftKings,player_points,vj edgecombe,Under,14.5,-115,2026-05-06T23:33:16Z,PHI,75.0,35.0,16.0,5.6,4.2,1.4,0.5,0.438,0.354,0.818,0.8,1.5,LOW
Philadelphia 76ers at New York Knicks,DraftKings,player_points,mikal bridges,Over,13.5,-110,2026-05-06T23:33:16Z,NYK,82.0,32.8,14.4,3.8,3.7,1.3,0.8,0.49,0.371,0.827,3.6,0.9000000000000004,LOW
Philadelphia 76ers at New York Knicks,DraftKings,player_points,mikal bridges,Under,13.5,-120,2026-05-06T23:33:16Z,NYK,82.0,32.8,14.4,3.8,3.7,1.3,0.8,0.49,0.371,0.827,3.6,0.9000000000000004,LOW
Philadelphia 76ers at New York Knicks,DraftKings,player_points,kelly oubre jr,Over,12.5,-115,2026-05-06T23:33:16Z,,,,,,,,,,,,,,LOW
Philadelphia 76ers at New York Knicks,DraftKings,player_points,kelly oubre jr,Under,12.5,-115,2026-05-06T23:33:16Z,,,,,,,,,,,,,,LOW
Philadelphia 76ers at New York Knicks,DraftKings,player_points,josh hart,Over,9.5,-130,2026-05-06T23:33:16Z,NYK,66.0,30.2,12.0,7.4,4.8,1.1,0.3,0.508,0.413,0.72,3.2,2.5,MEDIUM
Philadelphia 76ers at New York Knicks,DraftKings,player_points,josh hart,Under,9.5,100,2026-05-06T23:33:16Z,NYK,66.0,30.2,12.0,7.4,4.8,1.1,0.3,0.508,0.413,0.72,3.2,2.5,MEDIUM
Philadelphia 76ers at New York Knicks,DraftKings,player_points,quentin grimes,Over,7.5,-125,2026-05-06T23:33:16Z,PHI,75.0,29.4,13.4,3.6,3.3,0.9,0.4,0.45,0.334,0.84,0.1,5.9,HIGH
Philadelphia 76ers at New York Knicks,DraftKings,player_points,quentin grimes,Under,7.5,-105,2026-05-06T23:33:16Z,PHI,75.0,29.4,13.4,3.6,3.3,0.9,0.4,0.45,0.334,0.84,0.1,5.9,HIGH
Philadelphia 76ers at New York Knicks,DraftKings,player_points,miles mcbride,Over,6.5,-125,2026-05-06T23:33:16Z,NYK,41.0,26.3,12.0,2.4,2.6,0.9,0.2,0.423,0.413,0.787,5.5,5.5,HIGH
Philadelphia 76ers at New York Knicks,DraftKings,player_points,miles mcbride,Under,6.5,-105,2026-05-06T23:33:16Z,NYK,41.0,26.3,12.0,2.4,2.6,0.9,0.2,0.423,0.413,0.787,5.5,5.5,HIGH
Philadelphia 76ers at New York Knicks,DraftKings,player_points,jordan clarkson,Over,5.5,-130,2026-05-06T23:33:16Z,NYK,72.0,17.8,8.6,1.8,1.3,0.4,0.1,0.451,0.327,0.83,1.5,3.0999999999999996,MEDIUM
Philadelphia 76ers at New York Knicks,DraftKings,player_points,jordan clarkson,Under,5.5,100,2026-05-06T23:33:16Z,NYK,72.0,17.8,8.6,1.8,1.3,0.4,0.1,0.451,0.327,0.83,1.5,3.0999999999999996,MEDIUM
Philadelphia 76ers at New York Knicks,DraftKings,player_points,andre drummond,Over,4.5,-110,2026-05-06T23:33:16Z,PHI,63.0,19.5,6.4,8.4,1.3,0.6,0.8,0.472,0.356,0.631,-1.4,1.9000000000000004,LOW
Philadelphia 76ers at New York Knicks,DraftKings,player_points,andre drummond,Under,4.5,-120,2026-05-06T23:33:16Z,PHI,63.0,19.5,6.4,8.4,1.3,0.6,0.8,0.472,0.356,0.631,-1.4,1.9000000000000004,LOW
Philadelphia 76ers at New York Knicks,DraftKings,player_points,adem bona,Over,3.5,-130,2026-05-06T23:33:16Z,PHI,71.0,17.4,4.8,4.3,0.5,0.4,1.2,0.595,0.333,0.708,-0.1,1.2999999999999998,LOW
Philadelphia 76ers at New York Knicks,DraftKings,player_points,adem bona,Under,3.5,100,2026-05-06T23:33:16Z,PHI,71.0,17.4,4.8,4.3,0.5,0.4,1.2,0.595,0.333,0.708,-0.1,1.2999999999999998,LOW
Philadelphia 76ers at New York Knicks,DraftKings,player_points,justin edwards,Over,3.5,105,2026-05-06T23:33:16Z,PHI,64.0,15.3,6.0,1.5,1.3,0.8,0.2,0.447,0.372,0.846,-1.1,2.5,MEDIUM
Philadelphia 76ers at New York Knicks,DraftKings,player_points,justin edwards,Under,3.5,-135,2026-05-06T23:33:16Z,PHI,64.0,15.3,6.0,1.5,1.3,0.8,0.2,0.447,0.372,0.846,-1.1,2.5,MEDIUM
Philadelphia 76ers at New York Knicks,DraftKings,player_rebounds,karl-anthony towns,Over,10.5,-105,2026-05-06T23:34:24Z,NYK,75.0,31.0,20.1,11.9,3.0,0.9,0.5,0.501,0.368,0.858,5.0,1.4000000000000004,LOW
Philadelphia 76ers at New York Knicks,DraftKings,player_rebounds,karl-anthony towns,Under,10.5,-125,2026-05-06T23:34:24Z,NYK,75.0,31.0,20.1,11.9,3.0,0.9,0.5,0.501,0.368,0.858,5.0,1.4000000000000004,LOW
Philadelphia 76ers at New York Knicks,DraftKings,player_rebounds,josh hart,Over,8.5,-105,2026-05-06T23:34:24Z,NYK,66.0,30.2,12.0,7.4,4.8,1.1,0.3,0.508,0.413,0.72,3.2,-1.0999999999999996,LOW
Philadelphia 76ers at New York Knicks,DraftKings,player_rebounds,josh hart,Under,8.5,-125,2026-05-06T23:34:24Z,NYK,66.0,30.2,12.0,7.4,4.8,1.1,0.3,0.508,0.413,0.72,3.2,-1.0999999999999996,LOW
Philadelphia 76ers at New York Knicks,DraftKings,player_rebounds,andre drummond,Over,7.5,-110,2026-05-06T23:34:24Z,PHI,63.0,19.5,6.4,8.4,1.3,0.6,0.8,0.472,0.356,0.631,-1.4,0.9000000000000004,LOW
Philadelphia 76ers at New York Knicks,DraftKings,player_rebounds,andre drummond,Under,7.5,-120,2026-05-06T23:34:24Z,PHI,63.0,19.5,6.4,8.4,1.3,0.6,0.8,0.472,0.356,0.631,-1.4,0.9000000000000004,LOW
Philadelphia 76ers at New York Knicks,DraftKings,player_rebounds,og anunoby,Over,5.5,-130,2026-05-06T23:34:24Z,NYK,67.0,33.2,16.7,5.2,2.2,1.6,0.7,0.484,0.386,0.828,6.1,-0.2999999999999998,LOW
Philadelphia 76ers at New York Knicks,DraftKings,player_rebounds,og anunoby,Under,5.5,100,2026-05-06T23:34:24Z,NYK,67.0,33.2,16.7,5.2,2.2,1.6,0.7,0.484,0.386,0.828,6.1,-0.2999999999999998,LOW
Philadelphia 76ers at New York Knicks,DraftKings,player_rebounds,tyrese maxey,Over,5.5,-130,2026-05-06T23:34:24Z,PHI,70.0,38.0,28.3,4.1,6.6,1.9,0.8,0.462,0.367,0.892,1.6,-1.4000000000000004,LOW
Philadelphia 76ers at New York Knicks,DraftKings,player_rebounds,tyrese maxey,Under,5.5,100,2026-05-06T23:34:24Z,PHI,70.0,38.0,28.3,4.1,6.6,1.9,0.8,0.462,0.367,0.892,1.6,-1.4000000000000004,LOW
Philadelphia 76ers at New York Knicks,DraftKings,player_rebounds,vj edgecombe,Over,5.5,-115,2026-05-06T23:34:24Z,PHI,75.0,35.0,16.0,5.6,4.2,1.4,0.5,0.438,0.354,0.818,0.8,0.09999999999999964,LOW
Philadelphia 76ers at New York Knicks,DraftKings,player_rebounds,vj edgecombe,Under,5.5,-115,2026-05-06T23:34:24Z,PHI,75.0,35.0,16.0,5.6,4.2,1.4,0.5,0.438,0.354,0.818,0.8,0.09999999999999964,LOW
Philadelphia 76ers at New York Knicks,DraftKings,player_rebounds,paul george,Over,5.5,-110,2026-05-06T23:34:24Z,PHI,37.0,30.7,17.3,5.3,3.6,1.7,0.4,0.439,0.392,0.82,2.4,-0.20000000000000018,LOW
Philadelphia 76ers at New York Knicks,DraftKings,player_rebounds,paul george,Under,5.5,-120,2026-05-06T23:34:24Z,PHI,37.0,30.7,17.3,5.3,3.6,1.7,0.4,0.439,0.392,0.82,2.4,-0.20000000000000018,LOW
Philadelphia 76ers at New York Knicks,DraftKings,player_rebounds,adem bona,Over,4.5,-160,2026-05-06T23:34:24Z,PHI,71.0,17.4,4.8,4.3,0.5,0.4,1.2,0.595,0.333,0.708,-0.1,-0.20000000000000018,LOW
Philadelphia 76ers at New York Knicks,DraftKings,player_rebounds,adem bona,Under,4.5,124,2026-05-06T23:34:24Z,PHI,71.0,17.4,4.8,4.3,0.5,0.4,1.2,0.595,0.333,0.708,-0.1,-0.20000000000000018,LOW
Philadelphia 76ers at New York Knicks,DraftKings,player_rebounds,kelly oubre jr,Over,4.5,-110,2026-05-06T23:34:24Z,,,,,,,,,,,,,,LOW
Philadelphia 76ers at New York Knicks,DraftKings,player_rebounds,kelly oubre jr,Under,4.5,-120,2026-05-06T23:34:24Z,,,,,,,,,,,,,,LOW
Philadelphia 76ers at New York Knicks,DraftKings,player_rebounds,quentin grimes,Over,2.5,-110,2026-05-06T23:34:24Z,PHI,75.0,29.4,13.4,3.6,3.3,0.9,0.4,0.45,0.334,0.84,0.1,1.1,LOW
Philadelphia 76ers at New York Knicks,DraftKings,player_rebounds,quentin grimes,Under,2.5,-120,2026-05-06T23:34:24Z,PHI,75.0,29.4,13.4,3.6,3.3,0.9,0.4,0.45,0.334,0.84,0.1,1.1,LOW
Philadelphia 76ers at New York Knicks,DraftKings,player_rebounds,jalen brunson,Over,2.5,105,2026-05-06T23:34:24Z,NYK,74.0,35.0,26.0,3.3,6.8,0.8,0.1,0.467,0.369,0.841,4.8,0.7999999999999998,LOW
Philadelphia 76ers at New York Knicks,DraftKings,player_rebounds,jalen brunson,Under,2.5,-135,2026-05-06T23:34:24Z,NYK,74.0,35.0,26.0,3.3,6.8,0.8,0.1,0.467,0.369,0.841,4.8,0.7999999999999998,LOW
Philadelphia 76ers at New York Knicks,DraftKings,player_rebounds,mikal bridges,Over,2.5,145,2026-05-06T23:34:24Z,NYK,82.0,32.8,14.4,3.8,3.7,1.3,0.8,0.49,0.371,0.827,3.6,1.2999999999999998,LOW
Philadelphia 76ers at New York Knicks,DraftKings,player_rebounds,mikal bridges,Under,2.5,-188,2026-05-06T23:34:24Z,NYK,82.0,32.8,14.4,3.8,3.7,1.3,0.8,0.49,0.371,0.827,3.6,1.2999999999999998,LOW
Philadelphia 76ers at New York Knicks,DraftKings,player_rebounds,miles mcbride,Over,1.5,124,2026-05-06T23:34:24Z,NYK,41.0,26.3,12.0,2.4,2.6,0.9,0.2,0.423,0.413,0.787,5.5,0.8999999999999999,LOW
Philadelphia 76ers at New York Knicks,DraftKings,player_rebounds,miles mcbride,Under,1.5,-160,2026-05-06T23:34:24Z,NYK,41.0,26.3,12.0,2.4,2.6,0.9,0.2,0.423,0.413,0.787,5.5,0.8999999999999999,LOW
Philadelphia 76ers at New York Knicks,DraftKings,player_steals,vj edgecombe,Over,1.5,-200,2026-05-06T23:34:24Z,PHI,75.0,35.0,16.0,5.6,4.2,1.4,0.5,0.438,0.354,0.818,0.8,0.0,LOW
Philadelphia 76ers at New York Knicks,DraftKings,player_steals,vj edgecombe,Under,1.5,154,2026-05-06T23:34:24Z,PHI,75.0,35.0,16.0,5.6,4.2,1.4,0.5,0.438,0.354,0.818,0.8,0.0,LOW
Philadelphia 76ers at New York Knicks,DraftKings,player_steals,tyrese maxey,Over,1.5,185,2026-05-06T23:34:24Z,PHI,70.0,38.0,28.3,4.1,6.6,1.9,0.8,0.462,0.367,0.892,1.6,0.0,LOW
Philadelphia 76ers at New York Knicks,DraftKings,player_steals,tyrese maxey,Under,1.5,-245,2026-05-06T23:34:24Z,PHI,70.0,38.0,28.3,4.1,6.6,1.9,0.8,0.462,0.367,0.892,1.6,0.0,LOW
Philadelphia 76ers at New York Knicks,DraftKings,player_threes,paul george,Over,5.5,110,2026-05-06T23:34:24Z,PHI,37.0,30.7,17.3,5.3,3.6,1.7,0.4,0.439,0.392,0.82,2.4,0.0,LOW
Philadelphia 76ers at New York Knicks,DraftKings,player_threes,paul george,Under,5.5,-140,2026-05-06T23:34:24Z,PHI,37.0,30.7,17.3,5.3,3.6,1.7,0.4,0.439,0.392,0.82,2.4,0.0,LOW
Philadelphia 76ers at New York Knicks,DraftKings,player_threes,og anunoby,Over,2.5,-180,2026-05-06T23:34:24Z,NYK,67.0,33.2,16.7,5.2,2.2,1.6,0.7,0.484,0.386,0.828,6.1,0.0,LOW
Philadelphia 76ers at New York Knicks,DraftKings,player_threes,og anunoby,Under,2.5,140,2026-05-06T23:34:24Z,NYK,67.0,33.2,16.7,5.2,2.2,1.6,0.7,0.484,0.386,0.828,6.1,0.0,LOW
Philadelphia 76ers at New York Knicks,DraftKings,player_threes,tyrese maxey,Over,2.5,114,2026-05-06T23:34:24Z,PHI,70.0,38.0,28.3,4.1,6.6,1.9,0.8,0.462,0.367,0.892,1.6,0.0,LOW
Philadelphia 76ers at New York Knicks,DraftKings,player_threes,tyrese maxey,Under,2.5,-145,2026-05-06T23:34:24Z,PHI,70.0,38.0,28.3,4.1,6.6,1.9,0.8,0.462,0.367,0.892,1.6,0.0,LOW
Philadelphia 76ers at New York Knicks,DraftKings,player_threes,jalen brunson,Over,1.5,-154,2026-05-06T23:34:24Z,NYK,74.0,35.0,26.0,3.3,6.8,0.8,0.1,0.467,0.369,0.841,4.8,0.0,LOW
Philadelphia 76ers at New York Knicks,DraftKings,player_threes,jalen brunson,Under,1.5,120,2026-05-06T23:34:24Z,NYK,74.0,35.0,26.0,3.3,6.8,0.8,0.1,0.467,0.369,0.841,4.8,0.0,LOW
Philadelphia 76ers at New York Knicks,DraftKings,player_threes,vj edgecombe,Over,1.5,-125,2026-05-06T23:34:24Z,PHI,75.0,35.0,16.0,5.6,4.2,1.4,0.5,0.438,0.354,0.818,0.8,0.0,LOW
Philadelphia 76ers at New York Knicks,DraftKings,player_threes,vj edgecombe,Under,1.5,-105,2026-05-06T23:34:24Z,PHI,75.0,35.0,16.0,5.6,4.2,1.4,0.5,0.438,0.354,0.818,0.8,0.0,LOW
Philadelphia 76ers at New York Knicks,DraftKings,player_threes,miles mcbride,Over,1.5,-110,2026-05-06T23:34:24Z,NYK,41.0,26.3,12.0,2.4,2.6,0.9,0.2,0.423,0.413,0.787,5.5,0.0,LOW
Philadelphia 76ers at New York Knicks,DraftKings,player_threes,miles mcbride,Under,1.5,-120,2026-05-06T23:34:24Z,NYK,41.0,26.3,12.0,2.4,2.6,0.9,0.2,0.423,0.413,0.787,5.5,0.0,LOW
Philadelphia 76ers at New York Knicks,DraftKings,player_threes,mikal bridges,Over,1.5,154,2026-05-06T23:34:24Z,NYK,82.0,32.8,14.4,3.8,3.7,1.3,0.8,0.49,0.371,0.827,3.6,0.0,LOW
Philadelphia 76ers at New York Knicks,DraftKings,player_threes,mikal bridges,Under,1.5,-200,2026-05-06T23:34:24Z,NYK,82.0,32.8,14.4,3.8,3.7,1.3,0.8,0.49,0.371,0.827,3.6,0.0,LOW
Philadelphia 76ers at New York Knicks,DraftKings,player_threes,kelly oubre jr,Over,1.5,160,2026-05-06T23:34:24Z,,,,,,,,,,,,,0.0,LOW
Philadelphia 76ers at New York Knicks,DraftKings,player_threes,kelly oubre jr,Under,1.5,-210,2026-05-06T23:34:24Z,,,,,,,,,,,,,0.0,LOW
Philadelphia 76ers at New York Knicks,DraftKings,player_threes,karl-anthony towns,Over,1.5,180,2026-05-06T23:34:24Z,NYK,75.0,31.0,20.1,11.9,3.0,0.9,0.5,0.501,0.368,0.858,5.0,0.0,LOW
Philadelphia 76ers at New York Knicks,DraftKings,player_threes,karl-anthony towns,Under,1.5,-238,2026-05-06T23:34:24Z,NYK,75.0,31.0,20.1,11.9,3.0,0.9,0.5,0.501,0.368,0.858,5.0,0.0,LOW
Philadelphia 76ers at New York Knicks,DraftKings,player_threes,josh hart,Over,0.5,-230,2026-05-06T23:34:24Z,NYK,66.0,30.2,12.0,7.4,4.8,1.1,0.3,0.508,0.413,0.72,3.2,0.0,LOW
Philadelphia 76ers at New York Knicks,DraftKings,player_threes,josh hart,Under,0.5,175,2026-05-06T23:34:24Z,NYK,66.0,30.2,12.0,7.4,4.8,1.1,0.3,0.508,0.413,0.72,3.2,0.0,LOW
Philadelphia 76ers at New York Knicks,DraftKings,player_threes,quentin grimes,Over,0.5,-210,2026-05-06T23:34:24Z,PHI,75.0,29.4,13.4,3.6,3.3,0.9,0.4,0.45,0.334,0.84,0.1,0.0,LOW
Philadelphia 76ers at New York Knicks,DraftKings,player_threes,quentin grimes,Under,0.5,160,2026-05-06T23:34:24Z,PHI,75.0,29.4,13.4,3.6,3.3,0.9,0.4,0.45,0.334,0.84,0.1,0.0,LOW
Philadelphia 76ers at New York Knicks,DraftKings,player_threes,jordan clarkson,Over,0.5,120,2026-05-06T23:34:24Z,NYK,72.0,17.8,8.6,1.8,1.3,0.4,0.1,0.451,0.327,0.83,1.5,0.0,LOW
Philadelphia 76ers at New York Knicks,DraftKings,player_threes,jordan clarkson,Under,0.5,-154,2026-05-06T23:34:24Z,NYK,72.0,17.8,8.6,1.8,1.3,0.4,0.1,0.451,0.327,0.83,1.5,0.0,LOW
Philadelphia 76ers at New York Knicks,DraftKings,player_threes,andre drummond,Over,0.5,170,2026-05-06T23:34:24Z,PHI,63.0,19.5,6.4,8.4,1.3,0.6,0.8,0.472,0.356,0.631,-1.4,0.0,LOW
Philadelphia 76ers at New York Knicks,DraftKings,player_threes,andre drummond,Under,0.5,-220,2026-05-06T23:34:24Z,PHI,63.0,19.5,6.4,8.4,1.3,0.6,0.8,0.472,0.356,0.631,-1.4,0.0,LOW
Philadelphia 76ers at New York Knicks,Bovada,player_assists,jalen brunson,Over,7.5,115,2026-05-06T23:32:39Z,NYK,74.0,35.0,26.0,3.3,6.8,0.8,0.1,0.467,0.369,0.841,4.8,-0.7000000000000002,LOW
Philadelphia 76ers at New York Knicks,Bovada,player_assists,jalen brunson,Under,7.5,-150,2026-05-06T23:32:39Z,NYK,74.0,35.0,26.0,3.3,6.8,0.8,0.1,0.467,0.369,0.841,4.8,-0.7000000000000002,LOW
Philadelphia 76ers at New York Knicks,Bovada,player_assists,jose alvarado,Over,1.5,110,2026-05-06T23:32:39Z,NYK,69.0,19.9,7.4,2.5,3.4,1.0,0.1,0.416,0.352,0.761,0.3,1.9,LOW
Philadelphia 76ers at New York Knicks,Bovada,player_assists,jose alvarado,Under,1.5,-145,2026-05-06T23:32:39Z,NYK,69.0,19.9,7.4,2.5,3.4,1.0,0.1,0.416,0.352,0.761,0.3,1.9,LOW
Philadelphia 76ers at New York Knicks,Bovada,player_assists,josh hart,Over,5.5,130,2026-05-06T23:32:39Z,NYK,66.0,30.2,12.0,7.4,4.8,1.1,0.3,0.508,0.413,0.72,3.2,-0.7000000000000002,LOW
Philadelphia 76ers at New York Knicks,Bovada,player_assists,josh hart,Under,5.5,-170,2026-05-06T23:32:39Z,NYK,66.0,30.2,12.0,7.4,4.8,1.1,0.3,0.508,0.413,0.72,3.2,-0.7000000000000002,LOW
Philadelphia 76ers at New York Knicks,Bovada,player_assists,karl-anthony towns,Over,4.5,100,2026-05-06T23:32:39Z,NYK,75.0,31.0,20.1,11.9,3.0,0.9,0.5,0.501,0.368,0.858,5.0,-1.5,LOW
Philadelphia 76ers at New York Knicks,Bovada,player_assists,karl-anthony towns,Under,4.5,-130,2026-05-06T23:32:39Z,NYK,75.0,31.0,20.1,11.9,3.0,0.9,0.5,0.501,0.368,0.858,5.0,-1.5,LOW
Philadelphia 76ers at New York Knicks,Bovada,player_assists,mikal bridges,Over,1.5,-200,2026-05-06T23:32:39Z,NYK,82.0,32.8,14.4,3.8,3.7,1.3,0.8,0.49,0.371,0.827,3.6,2.2,MEDIUM
Philadelphia 76ers at New York Knicks,Bovada,player_assists,mikal bridges,Under,1.5,150,2026-05-06T23:32:39Z,NYK,82.0,32.8,14.4,3.8,3.7,1.3,0.8,0.49,0.371,0.827,3.6,2.2,MEDIUM
Philadelphia 76ers at New York Knicks,Bovada,player_assists,miles mcbride,Over,1.5,110,2026-05-06T23:32:39Z,NYK,41.0,26.3,12.0,2.4,2.6,0.9,0.2,0.423,0.413,0.787,5.5,1.1,LOW
Philadelphia 76ers at New York Knicks,Bovada,player_assists,miles mcbride,Under,1.5,-145,2026-05-06T23:32:39Z,NYK,41.0,26.3,12.0,2.4,2.6,0.9,0.2,0.423,0.413,0.787,5.5,1.1,LOW
Philadelphia 76ers at New York Knicks,Bovada,player_assists,og anunoby,Over,2.5,130,2026-05-06T23:32:39Z,NYK,67.0,33.2,16.7,5.2,2.2,1.6,0.7,0.484,0.386,0.828,6.1,-0.2999999999999998,LOW
Philadelphia 76ers at New York Knicks,Bovada,player_assists,og anunoby,Under,2.5,-170,2026-05-06T23:32:39Z,NYK,67.0,33.2,16.7,5.2,2.2,1.6,0.7,0.484,0.386,0.828,6.1,-0.2999999999999998,LOW
Philadelphia 76ers at New York Knicks,Bovada,player_assists,paul george,Over,3.5,-155,2026-05-06T23:32:39Z,PHI,37.0,30.7,17.3,5.3,3.6,1.7,0.4,0.439,0.392,0.82,2.4,0.10000000000000009,LOW
Philadelphia 76ers at New York Knicks,Bovada,player_assists,paul george,Under,3.5,120,2026-05-06T23:32:39Z,PHI,37.0,30.7,17.3,5.3,3.6,1.7,0.4,0.439,0.392,0.82,2.4,0.10000000000000009,LOW
Philadelphia 76ers at New York Knicks,Bovada,player_assists,quentin grimes,Over,2.5,140,2026-05-06T23:32:39Z,PHI,75.0,29.4,13.4,3.6,3.3,0.9,0.4,0.45,0.334,0.84,0.1,0.7999999999999998,LOW
Philadelphia 76ers at New York Knicks,Bovada,player_assists,quentin grimes,Under,2.5,-185,2026-05-06T23:32:39Z,PHI,75.0,29.4,13.4,3.6,3.3,0.9,0.4,0.45,0.334,0.84,0.1,0.7999999999999998,LOW
Philadelphia 76ers at New York Knicks,Bovada,player_assists,tyrese maxey,Over,5.5,-150,2026-05-06T23:32:39Z,PHI,70.0,38.0,28.3,4.1,6.6,1.9,0.8,0.462,0.367,0.892,1.6,1.0999999999999996,LOW
Philadelphia 76ers at New York Knicks,Bovada,player_assists,tyrese maxey,Under,5.5,115,2026-05-06T23:32:39Z,PHI,70.0,38.0,28.3,4.1,6.6,1.9,0.8,0.462,0.367,0.892,1.6,1.0999999999999996,LOW
Philadelphia 76ers at New York Knicks,Bovada,player_assists,vj edgecombe,Over,3.5,130,2026-05-06T23:32:39Z,PHI,75.0,35.0,16.0,5.6,4.2,1.4,0.5,0.438,0.354,0.818,0.8,0.7000000000000002,LOW
Philadelphia 76ers at New York Knicks,Bovada,player_assists,vj edgecombe,Under,3.5,-170,2026-05-06T23:32:39Z,PHI,75.0,35.0,16.0,5.6,4.2,1.4,0.5,0.438,0.354,0.818,0.8,0.7000000000000002,LOW
Philadelphia 76ers at New York Knicks,Bovada,player_points,adem bona,Over,3.5,-105,2026-05-06T23:32:39Z,PHI,71.0,17.4,4.8,4.3,0.5,0.4,1.2,0.595,0.333,0.708,-0.1,1.2999999999999998,LOW
Philadelphia 76ers at New York Knicks,Bovada,player_points,adem bona,Under,3.5,-125,2026-05-06T23:32:39Z,PHI,71.0,17.4,4.8,4.3,0.5,0.4,1.2,0.595,0.333,0.708,-0.1,1.2999999999999998,LOW
Philadelphia 76ers at New York Knicks,Bovada,player_points,andre drummond,Over,4.5,-115,2026-05-06T23:32:39Z,PHI,63.0,19.5,6.4,8.4,1.3,0.6,0.8,0.472,0.356,0.631,-1.4,1.9000000000000004,LOW
Philadelphia 76ers at New York Knicks,Bovada,player_points,andre drummond,Under,4.5,-115,2026-05-06T23:32:39Z,PHI,63.0,19.5,6.4,8.4,1.3,0.6,0.8,0.472,0.356,0.631,-1.4,1.9000000000000004,LOW
Philadelphia 76ers at New York Knicks,Bovada,player_points,jalen brunson,Over,23.5,-115,2026-05-06T23:32:39Z,NYK,74.0,35.0,26.0,3.3,6.8,0.8,0.1,0.467,0.369,0.841,4.8,2.5,MEDIUM
Philadelphia 76ers at New York Knicks,Bovada,player_points,jalen brunson,Under,23.5,-115,2026-05-06T23:32:39Z,NYK,74.0,35.0,26.0,3.3,6.8,0.8,0.1,0.467,0.369,0.841,4.8,2.5,MEDIUM
Philadelphia 76ers at New York Knicks,Bovada,player_points,jordan clarkson,Over,5.5,-125,2026-05-06T23:32:39Z,NYK,72.0,17.8,8.6,1.8,1.3,0.4,0.1,0.451,0.327,0.83,1.5,3.0999999999999996,MEDIUM
Philadelphia 76ers at New York Knicks,Bovada,player_points,jordan clarkson,Under,5.5,-105,2026-05-06T23:32:39Z,NYK,72.0,17.8,8.6,1.8,1.3,0.4,0.1,0.451,0.327,0.83,1.5,3.0999999999999996,MEDIUM
Philadelphia 76ers at New York Knicks,Bovada,player_points,josh hart,Over,9.5,-105,2026-05-06T23:32:39Z,NYK,66.0,30.2,12.0,7.4,4.8,1.1,0.3,0.508,0.413,0.72,3.2,2.5,MEDIUM
Philadelphia 76ers at New York Knicks,Bovada,player_points,josh hart,Under,9.5,-125,2026-05-06T23:32:39Z,NYK,66.0,30.2,12.0,7.4,4.8,1.1,0.3,0.508,0.413,0.72,3.2,2.5,MEDIUM
Philadelphia 76ers at New York Knicks,Bovada,player_points,justin edwards,Over,3.5,-105,2026-05-06T23:32:39Z,PHI,64.0,15.3,6.0,1.5,1.3,0.8,0.2,0.447,0.372,0.846,-1.1,2.5,MEDIUM
Philadelphia 76ers at New York Knicks,Bovada,player_points,justin edwards,Under,3.5,-125,2026-05-06T23:32:39Z,PHI,64.0,15.3,6.0,1.5,1.3,0.8,0.2,0.447,0.372,0.846,-1.1,2.5,MEDIUM
Philadelphia 76ers at New York Knicks,Bovada,player_points,karl-anthony towns,Over,24.5,-105,2026-05-06T23:32:39Z,NYK,75.0,31.0,20.1,11.9,3.0,0.9,0.5,0.501,0.368,0.858,5.0,-4.399999999999999,LOW
Philadelphia 76ers at New York Knicks,Bovada,player_points,karl-anthony towns,Under,24.5,-125,2026-05-06T23:32:39Z,NYK,75.0,31.0,20.1,11.9,3.0,0.9,0.5,0.501,0.368,0.858,5.0,-4.399999999999999,LOW
Philadelphia 76ers at New York Knicks,Bovada,player_points,kelly oubre jr,Over,12.5,-115,2026-05-06T23:32:39Z,,,,,,,,,,,,,,LOW
Philadelphia 76ers at New York Knicks,Bovada,player_points,kelly oubre jr,Under,12.5,-115,2026-05-06T23:32:39Z,,,,,,,,,,,,,,LOW
Philadelphia 76ers at New York Knicks,Bovada,player_points,mikal bridges,Over,14.5,-115,2026-05-06T23:32:39Z,NYK,82.0,32.8,14.4,3.8,3.7,1.3,0.8,0.49,0.371,0.827,3.6,-0.09999999999999964,LOW
Philadelphia 76ers at New York Knicks,Bovada,player_points,mikal bridges,Under,14.5,-115,2026-05-06T23:32:39Z,NYK,82.0,32.8,14.4,3.8,3.7,1.3,0.8,0.49,0.371,0.827,3.6,-0.09999999999999964,LOW
Philadelphia 76ers at New York Knicks,Bovada,player_points,miles mcbride,Over,6.5,-125,2026-05-06T23:32:39Z,NYK,41.0,26.3,12.0,2.4,2.6,0.9,0.2,0.423,0.413,0.787,5.5,5.5,HIGH
Philadelphia 76ers at New York Knicks,Bovada,player_points,miles mcbride,Under,6.5,-105,2026-05-06T23:32:39Z,NYK,41.0,26.3,12.0,2.4,2.6,0.9,0.2,0.423,0.413,0.787,5.5,5.5,HIGH
Philadelphia 76ers at New York Knicks,Bovada,player_points,og anunoby,Over,19.5,-115,2026-05-06T23:32:39Z,NYK,67.0,33.2,16.7,5.2,2.2,1.6,0.7,0.484,0.386,0.828,6.1,-2.8000000000000007,LOW
Philadelphia 76ers at New York Knicks,Bovada,player_points,og anunoby,Under,19.5,-115,2026-05-06T23:32:39Z,NYK,67.0,33.2,16.7,5.2,2.2,1.6,0.7,0.484,0.386,0.828,6.1,-2.8000000000000007,LOW
Philadelphia 76ers at New York Knicks,Bovada,player_points,paul george,Over,26.5,-105,2026-05-06T23:32:39Z,PHI,37.0,30.7,17.3,5.3,3.6,1.7,0.4,0.439,0.392,0.82,2.4,-9.2,LOW
Philadelphia 76ers at New York Knicks,Bovada,player_points,paul george,Under,26.5,-125,2026-05-06T23:32:39Z,PHI,37.0,30.7,17.3,5.3,3.6,1.7,0.4,0.439,0.392,0.82,2.4,-9.2,LOW
Philadelphia 76ers at New York Knicks,Bovada,player_points,quentin grimes,Over,7.5,-125,2026-05-06T23:32:39Z,PHI,75.0,29.4,13.4,3.6,3.3,0.9,0.4,0.45,0.334,0.84,0.1,5.9,HIGH
Philadelphia 76ers at New York Knicks,Bovada,player_points,quentin grimes,Under,7.5,-105,2026-05-06T23:32:39Z,PHI,75.0,29.4,13.4,3.6,3.3,0.9,0.4,0.45,0.334,0.84,0.1,5.9,HIGH
Philadelphia 76ers at New York Knicks,Bovada,player_points,tyrese maxey,Over,26.5,-105,2026-05-06T23:32:39Z,PHI,70.0,38.0,28.3,4.1,6.6,1.9,0.8,0.462,0.367,0.892,1.6,1.8000000000000007,LOW
Philadelphia 76ers at New York Knicks,Bovada,player_points,tyrese maxey,Under,26.5,-125,2026-05-06T23:32:39Z,PHI,70.0,38.0,28.3,4.1,6.6,1.9,0.8,0.462,0.367,0.892,1.6,1.8000000000000007,LOW
Philadelphia 76ers at New York Knicks,Bovada,player_points,vj edgecombe,Over,14.5,-125,2026-05-06T23:32:39Z,PHI,75.0,35.0,16.0,5.6,4.2,1.4,0.5,0.438,0.354,0.818,0.8,1.5,LOW
Philadelphia 76ers at New York Knicks,Bovada,player_points,vj edgecombe,Under,14.5,-105,2026-05-06T23:32:39Z,PHI,75.0,35.0,16.0,5.6,4.2,1.4,0.5,0.438,0.354,0.818,0.8,1.5,LOW
Philadelphia 76ers at New York Knicks,Bovada,player_rebounds,adem bona,Over,3.5,-120,2026-05-06T23:32:39Z,PHI,71.0,17.4,4.8,4.3,0.5,0.4,1.2,0.595,0.333,0.708,-0.1,0.7999999999999998,LOW
Philadelphia 76ers at New York Knicks,Bovada,player_rebounds,adem bona,Under,3.5,-110,2026-05-06T23:32:39Z,PHI,71.0,17.4,4.8,4.3,0.5,0.4,1.2,0.595,0.333,0.708,-0.1,0.7999999999999998,LOW
Philadelphia 76ers at New York Knicks,Bovada,player_rebounds,andre drummond,Over,7.5,-115,2026-05-06T23:32:39Z,PHI,63.0,19.5,6.4,8.4,1.3,0.6,0.8,0.472,0.356,0.631,-1.4,0.9000000000000004,LOW
Philadelphia 76ers at New York Knicks,Bovada,player_rebounds,andre drummond,Under,7.5,-115,2026-05-06T23:32:39Z,PHI,63.0,19.5,6.4,8.4,1.3,0.6,0.8,0.472,0.356,0.631,-1.4,0.9000000000000004,LOW
Philadelphia 76ers at New York Knicks,Bovada,player_rebounds,jalen brunson,Over,2.5,115,2026-05-06T23:32:39Z,NYK,74.0,35.0,26.0,3.3,6.8,0.8,0.1,0.467,0.369,0.841,4.8,0.7999999999999998,LOW
Philadelphia 76ers at New York Knicks,Bovada,player_rebounds,jalen brunson,Under,2.5,-150,2026-05-06T23:32:39Z,NYK,74.0,35.0,26.0,3.3,6.8,0.8,0.1,0.467,0.369,0.841,4.8,0.7999999999999998,LOW
Philadelphia 76ers at New York Knicks,Bovada,player_rebounds,josh hart,Over,8.5,-115,2026-05-06T23:32:39Z,NYK,66.0,30.2,12.0,7.4,4.8,1.1,0.3,0.508,0.413,0.72,3.2,-1.0999999999999996,LOW
Philadelphia 76ers at New York Knicks,Bovada,player_rebounds,josh hart,Under,8.5,-115,2026-05-06T23:32:39Z,NYK,66.0,30.2,12.0,7.4,4.8,1.1,0.3,0.508,0.413,0.72,3.2,-1.0999999999999996,LOW
Philadelphia 76ers at New York Knicks,Bovada,player_rebounds,karl-anthony towns,Over,11.5,105,2026-05-06T23:32:39Z,NYK,75.0,31.0,20.1,11.9,3.0,0.9,0.5,0.501,0.368,0.858,5.0,0.40000000000000036,LOW
Philadelphia 76ers at New York Knicks,Bovada,player_rebounds,karl-anthony towns,Under,11.5,-135,2026-05-06T23:32:39Z,NYK,75.0,31.0,20.1,11.9,3.0,0.9,0.5,0.501,0.368,0.858,5.0,0.40000000000000036,LOW
Philadelphia 76ers at New York Knicks,Bovada,player_rebounds,kelly oubre jr,Over,4.5,-105,2026-05-06T23:32:39Z,,,,,,,,,,,,,,LOW
Philadelphia 76ers at New York Knicks,Bovada,player_rebounds,kelly oubre jr,Under,4.5,-125,2026-05-06T23:32:39Z,,,,,,,,,,,,,,LOW
Philadelphia 76ers at New York Knicks,Bovada,player_rebounds,mikal bridges,Over,2.5,115,2026-05-06T23:32:39Z,NYK,82.0,32.8,14.4,3.8,3.7,1.3,0.8,0.49,0.371,0.827,3.6,1.2999999999999998,LOW
Philadelphia 76ers at New York Knicks,Bovada,player_rebounds,mikal bridges,Under,2.5,-150,2026-05-06T23:32:39Z,NYK,82.0,32.8,14.4,3.8,3.7,1.3,0.8,0.49,0.371,0.827,3.6,1.2999999999999998,LOW
Philadelphia 76ers at New York Knicks,Bovada,player_rebounds,og anunoby,Over,4.5,-135,2026-05-06T23:32:39Z,NYK,67.0,33.2,16.7,5.2,2.2,1.6,0.7,0.484,0.386,0.828,6.1,0.7000000000000002,LOW
Philadelphia 76ers at New York Knicks,Bovada,player_rebounds,og anunoby,Under,4.5,105,2026-05-06T23:32:39Z,NYK,67.0,33.2,16.7,5.2,2.2,1.6,0.7,0.484,0.386,0.828,6.1,0.7000000000000002,LOW
Philadelphia 76ers at New York Knicks,Bovada,player_rebounds,paul george,Over,4.5,-125,2026-05-06T23:32:39Z,PHI,37.0,30.7,17.3,5.3,3.6,1.7,0.4,0.439,0.392,0.82,2.4,0.7999999999999998,LOW
Philadelphia 76ers at New York Knicks,Bovada,player_rebounds,paul george,Under,4.5,-105,2026-05-06T23:32:39Z,PHI,37.0,30.7,17.3,5.3,3.6,1.7,0.4,0.439,0.392,0.82,2.4,0.7999999999999998,LOW
Philadelphia 76ers at New York Knicks,Bovada,player_rebounds,quentin grimes,Over,2.5,-105,2026-05-06T23:32:39Z,PHI,75.0,29.4,13.4,3.6,3.3,0.9,0.4,0.45,0.334,0.84,0.1,1.1,LOW
Philadelphia 76ers at New York Knicks,Bovada,player_rebounds,quentin grimes,Under,2.5,-125,2026-05-06T23:32:39Z,PHI,75.0,29.4,13.4,3.6,3.3,0.9,0.4,0.45,0.334,0.84,0.1,1.1,LOW
Philadelphia 76ers at New York Knicks,Bovada,player_rebounds,vj edgecombe,Over,5.5,-115,2026-05-06T23:32:39Z,PHI,75.0,35.0,16.0,5.6,4.2,1.4,0.5,0.438,0.354,0.818,0.8,0.09999999999999964,LOW
Philadelphia 76ers at New York Knicks,Bovada,player_rebounds,vj edgecombe,Under,5.5,-115,2026-05-06T23:32:39Z,PHI,75.0,35.0,16.0,5.6,4.2,1.4,0.5,0.438,0.354,0.818,0.8,0.09999999999999964,LOW
Philadelphia 76ers at New York Knicks,Bovada,player_threes,andre drummond,Over,0.5,180,2026-05-06T23:32:39Z,PHI,63.0,19.5,6.4,8.4,1.3,0.6,0.8,0.472,0.356,0.631,-1.4,0.0,LOW
Philadelphia 76ers at New York Knicks,Bovada,player_threes,andre drummond,Under,0.5,-240,2026-05-06T23:32:39Z,PHI,63.0,19.5,6.4,8.4,1.3,0.6,0.8,0.472,0.356,0.631,-1.4,0.0,LOW
Philadelphia 76ers at New York Knicks,Bovada,player_threes,jalen brunson,Over,2.5,130,2026-05-06T23:32:39Z,NYK,74.0,35.0,26.0,3.3,6.8,0.8,0.1,0.467,0.369,0.841,4.8,0.0,LOW
Philadelphia 76ers at New York Knicks,Bovada,player_threes,jalen brunson,Under,2.5,-170,2026-05-06T23:32:39Z,NYK,74.0,35.0,26.0,3.3,6.8,0.8,0.1,0.467,0.369,0.841,4.8,0.0,LOW
Philadelphia 76ers at New York Knicks,Bovada,player_threes,jordan clarkson,Over,0.5,-110,2026-05-06T23:32:39Z,NYK,72.0,17.8,8.6,1.8,1.3,0.4,0.1,0.451,0.327,0.83,1.5,0.0,LOW
Philadelphia 76ers at New York Knicks,Bovada,player_threes,jordan clarkson,Under,0.5,-120,2026-05-06T23:32:39Z,NYK,72.0,17.8,8.6,1.8,1.3,0.4,0.1,0.451,0.327,0.83,1.5,0.0,LOW
Philadelphia 76ers at New York Knicks,Bovada,player_threes,josh hart,Over,1.5,165,2026-05-06T23:32:39Z,NYK,66.0,30.2,12.0,7.4,4.8,1.1,0.3,0.508,0.413,0.72,3.2,0.0,LOW
Philadelphia 76ers at New York Knicks,Bovada,player_threes,josh hart,Under,1.5,-220,2026-05-06T23:32:39Z,NYK,66.0,30.2,12.0,7.4,4.8,1.1,0.3,0.508,0.413,0.72,3.2,0.0,LOW
Philadelphia 76ers at New York Knicks,Bovada,player_threes,karl-anthony towns,Over,1.5,150,2026-05-06T23:32:39Z,NYK,75.0,31.0,20.1,11.9,3.0,0.9,0.5,0.501,0.368,0.858,5.0,0.0,LOW
Philadelphia 76ers at New York Knicks,Bovada,player_threes,karl-anthony towns,Under,1.5,-200,2026-05-06T23:32:39Z,NYK,75.0,31.0,20.1,11.9,3.0,0.9,0.5,0.501,0.368,0.858,5.0,0.0,LOW
Philadelphia 76ers at New York Knicks,Bovada,player_threes,kelly oubre jr,Over,1.5,150,2026-05-06T23:32:39Z,,,,,,,,,,,,,0.0,LOW
Philadelphia 76ers at New York Knicks,Bovada,player_threes,kelly oubre jr,Under,1.5,-200,2026-05-06T23:32:39Z,,,,,,,,,,,,,0.0,LOW
Philadelphia 76ers at New York Knicks,Bovada,player_threes,mikal bridges,Over,1.5,120,2026-05-06T23:32:39Z,NYK,82.0,32.8,14.4,3.8,3.7,1.3,0.8,0.49,0.371,0.827,3.6,0.0,LOW
Philadelphia 76ers at New York Knicks,Bovada,player_threes,mikal bridges,Under,1.5,-155,2026-05-06T23:32:39Z,NYK,82.0,32.8,14.4,3.8,3.7,1.3,0.8,0.49,0.371,0.827,3.6,0.0,LOW
Philadelphia 76ers at New York Knicks,Bovada,player_threes,miles mcbride,Over,1.5,-120,2026-05-06T23:32:39Z,NYK,41.0,26.3,12.0,2.4,2.6,0.9,0.2,0.423,0.413,0.787,5.5,0.0,LOW
Philadelphia 76ers at New York Knicks,Bovada,player_threes,miles mcbride,Under,1.5,-110,2026-05-06T23:32:39Z,NYK,41.0,26.3,12.0,2.4,2.6,0.9,0.2,0.423,0.413,0.787,5.5,0.0,LOW
Philadelphia 76ers at New York Knicks,Bovada,player_threes,og anunoby,Over,2.5,-200,2026-05-06T23:32:39Z,NYK,67.0,33.2,16.7,5.2,2.2,1.6,0.7,0.484,0.386,0.828,6.1,0.0,LOW
Philadelphia 76ers at New York Knicks,Bovada,player_threes,og anunoby,Under,2.5,150,2026-05-06T23:32:39Z,NYK,67.0,33.2,16.7,5.2,2.2,1.6,0.7,0.484,0.386,0.828,6.1,0.0,LOW
Philadelphia 76ers at New York Knicks,Bovada,player_threes,paul george,Over,5.5,110,2026-05-06T23:32:39Z,PHI,37.0,30.7,17.3,5.3,3.6,1.7,0.4,0.439,0.392,0.82,2.4,0.0,LOW
Philadelphia 76ers at New York Knicks,Bovada,player_threes,paul george,Under,5.5,-145,2026-05-06T23:32:39Z,PHI,37.0,30.7,17.3,5.3,3.6,1.7,0.4,0.439,0.392,0.82,2.4,0.0,LOW
Philadelphia 76ers at New York Knicks,Bovada,player_threes,quentin grimes,Over,0.5,-240,2026-05-06T23:32:39Z,PHI,75.0,29.4,13.4,3.6,3.3,0.9,0.4,0.45,0.334,0.84,0.1,0.0,LOW
Philadelphia 76ers at New York Knicks,Bovada,player_threes,quentin grimes,Under,0.5,180,2026-05-06T23:32:39Z,PHI,75.0,29.4,13.4,3.6,3.3,0.9,0.4,0.45,0.334,0.84,0.1,0.0,LOW
Philadelphia 76ers at New York Knicks,Bovada,player_threes,tyrese maxey,Over,2.5,120,2026-05-06T23:32:39Z,PHI,70.0,38.0,28.3,4.1,6.6,1.9,0.8,0.462,0.367,0.892,1.6,0.0,LOW
Philadelphia 76ers at New York Knicks,Bovada,player_threes,tyrese maxey,Under,2.5,-155,2026-05-06T23:32:39Z,PHI,70.0,38.0,28.3,4.1,6.6,1.9,0.8,0.462,0.367,0.892,1.6,0.0,LOW
Philadelphia 76ers at New York Knicks,Bovada,player_threes,vj edgecombe,Over,1.5,-135,2026-05-06T23:32:39Z,PHI,75.0,35.0,16.0,5.6,4.2,1.4,0.5,0.438,0.354,0.818,0.8,0.0,LOW
Philadelphia 76ers at New York Knicks,Bovada,player_threes,vj edgecombe,Under,1.5,105,2026-05-06T23:32:39Z,PHI,75.0,35.0,16.0,5.6,4.2,1.4,0.5,0.438,0.354,0.818,0.8,0.0,LOW
Minnesota Timberwolves at San Antonio Spurs,DraftKings,player_assists,stephon castle,Over,6.5,-128,2026-05-06T23:32:40Z,SAS,68.0,30.0,16.7,5.3,7.4,1.1,0.3,0.471,0.332,0.734,6.0,0.9000000000000004,LOW
Minnesota Timberwolves at San Antonio Spurs,DraftKings,player_assists,stephon castle,Under,6.5,-103,2026-05-06T23:32:40Z,SAS,68.0,30.0,16.7,5.3,7.4,1.1,0.3,0.471,0.332,0.734,6.0,0.9000000000000004,LOW
Minnesota Timberwolves at San Antonio Spurs,DraftKings,player_assists,de'aaron fox,Over,5.5,-144,2026-05-06T23:32:40Z,SAS,72.0,31.0,18.6,3.8,6.2,1.2,0.3,0.486,0.332,0.76,6.3,0.7000000000000002,LOW
Minnesota Timberwolves at San Antonio Spurs,DraftKings,player_assists,de'aaron fox,Under,5.5,110,2026-05-06T23:32:40Z,SAS,72.0,31.0,18.6,3.8,6.2,1.2,0.3,0.486,0.332,0.76,6.3,0.7000000000000002,LOW
Minnesota Timberwolves at San Antonio Spurs,DraftKings,player_assists,julius randle,Over,4.5,120,2026-05-06T23:32:40Z,MIN,79.0,33.0,21.1,6.7,5.0,1.1,0.2,0.481,0.315,0.802,2.9,0.5,LOW
Minnesota Timberwolves at San Antonio Spurs,DraftKings,player_assists,julius randle,Under,4.5,-158,2026-05-06T23:32:40Z,MIN,79.0,33.0,21.1,6.7,5.0,1.1,0.2,0.481,0.315,0.802,2.9,0.5,LOW
Minnesota Timberwolves at San Antonio Spurs,DraftKings,player_assists,victor wembanyama,Over,3.5,100,2026-05-06T23:32:40Z,SAS,64.0,29.2,25.0,11.5,3.1,1.0,3.1,0.512,0.349,0.827,10.7,-0.3999999999999999,LOW
Minnesota Timberwolves at San Antonio Spurs,DraftKings,player_assists,victor wembanyama,Under,3.5,-131,2026-05-06T23:32:40Z,SAS,64.0,29.2,25.0,11.5,3.1,1.0,3.1,0.512,0.349,0.827,10.7,-0.3999999999999999,LOW
Minnesota Timberwolves at San Antonio Spurs,DraftKings,player_assists,dylan harper,Over,3.5,130,2026-05-06T23:32:40Z,SAS,69.0,22.6,11.8,3.4,3.9,0.8,0.3,0.505,0.343,0.756,4.4,0.3999999999999999,LOW
Minnesota Timberwolves at San Antonio Spurs,DraftKings,player_assists,dylan harper,Under,3.5,-171,2026-05-06T23:32:40Z,SAS,69.0,22.6,11.8,3.4,3.9,0.8,0.3,0.505,0.343,0.756,4.4,0.3999999999999999,LOW
Minnesota Timberwolves at San Antonio Spurs,DraftKings,player_assists,ayo dosunmu,Over,3.5,133,2026-05-06T23:32:40Z,MIN,69.0,27.3,14.8,3.4,3.6,0.8,0.3,0.517,0.439,0.876,-1.0,0.10000000000000009,LOW
Minnesota Timberwolves at San Antonio Spurs,DraftKings,player_assists,ayo dosunmu,Under,3.5,-177,2026-05-06T23:32:40Z,MIN,69.0,27.3,14.8,3.4,3.6,0.8,0.3,0.517,0.439,0.876,-1.0,0.10000000000000009,LOW
Minnesota Timberwolves at San Antonio Spurs,DraftKings,player_assists,anthony edwards,Over,2.5,-174,2026-05-06T23:32:40Z,MIN,61.0,35.0,28.8,5.0,3.7,1.4,0.8,0.489,0.399,0.796,2.7,1.2000000000000002,LOW
Minnesota Timberwolves at San Antonio Spurs,DraftKings,player_assists,anthony edwards,Under,2.5,132,2026-05-06T23:32:40Z,MIN,61.0,35.0,28.8,5.0,3.7,1.4,0.8,0.489,0.399,0.796,2.7,1.2000000000000002,LOW
Minnesota Timberwolves at San Antonio Spurs,DraftKings,player_assists,mike conley,Over,2.5,-167,2026-05-06T23:32:40Z,MIN,54.0,18.4,4.5,1.7,2.9,0.6,0.3,0.335,0.337,0.9,0.3,0.3999999999999999,LOW
Minnesota Timberwolves at San Antonio Spurs,DraftKings,player_assists,mike conley,Under,2.5,126,2026-05-06T23:32:40Z,MIN,54.0,18.4,4.5,1.7,2.9,0.6,0.3,0.335,0.337,0.9,0.3,0.3999999999999999,LOW
Minnesota Timberwolves at San Antonio Spurs,DraftKings,player_assists,jaden mcdaniels,Over,2.5,107,2026-05-06T23:32:40Z,MIN,73.0,31.7,14.8,4.2,2.7,1.1,1.0,0.515,0.412,0.835,1.6,0.20000000000000018,LOW
Minnesota Timberwolves at San Antonio Spurs,DraftKings,player_assists,jaden mcdaniels,Under,2.5,-140,2026-05-06T23:32:40Z,MIN,73.0,31.7,14.8,4.2,2.7,1.1,1.0,0.515,0.412,0.835,1.6,0.20000000000000018,LOW
Minnesota Timberwolves at San Antonio Spurs,DraftKings,player_assists,devin vassell,Over,2.5,132,2026-05-06T23:32:40Z,SAS,67.0,30.5,13.9,4.0,2.5,0.9,0.4,0.437,0.384,0.815,7.3,0.0,LOW
Minnesota Timberwolves at San Antonio Spurs,DraftKings,player_assists,devin vassell,Under,2.5,-174,2026-05-06T23:32:40Z,SAS,67.0,30.5,13.9,4.0,2.5,0.9,0.4,0.437,0.384,0.815,7.3,0.0,LOW
Minnesota Timberwolves at San Antonio Spurs,DraftKings,player_assists,rudy gobert,Over,1.5,-139,2026-05-06T23:32:40Z,MIN,76.0,31.3,10.9,11.5,1.7,0.8,1.6,0.682,0.0,0.526,3.1,0.19999999999999996,LOW
Minnesota Timberwolves at San Antonio Spurs,DraftKings,player_assists,rudy gobert,Under,1.5,105,2026-05-06T23:32:40Z,MIN,76.0,31.3,10.9,11.5,1.7,0.8,1.6,0.682,0.0,0.526,3.1,0.19999999999999996,LOW
Minnesota Timberwolves at San Antonio Spurs,DraftKings,player_assists,naz reid,Over,1.5,-133,2026-05-06T23:32:40Z,MIN,77.0,26.1,13.6,6.2,2.2,1.0,1.0,0.456,0.362,0.732,2.2,0.7000000000000002,LOW
Minnesota Timberwolves at San Antonio Spurs,DraftKings,player_assists,naz reid,Under,1.5,101,2026-05-06T23:32:40Z,MIN,77.0,26.1,13.6,6.2,2.2,1.0,1.0,0.456,0.362,0.732,2.2,0.7000000000000002,LOW
Minnesota Timberwolves at San Antonio Spurs,DraftKings,player_assists,julian champagnie,Over,1.5,168,2026-05-06T23:32:40Z,SAS,82.0,27.6,11.1,5.8,1.5,0.8,0.5,0.437,0.381,0.844,7.2,0.0,LOW
Minnesota Timberwolves at San Antonio Spurs,DraftKings,player_assists,julian champagnie,Under,1.5,-225,2026-05-06T23:32:40Z,SAS,82.0,27.6,11.1,5.8,1.5,0.8,0.5,0.437,0.381,0.844,7.2,0.0,LOW
Minnesota Timberwolves at San Antonio Spurs,DraftKings,player_blocks,victor wembanyama,Over,4.5,117,2026-05-06T23:33:50Z,SAS,64.0,29.2,25.0,11.5,3.1,1.0,3.1,0.512,0.349,0.827,10.7,0.0,LOW
Minnesota Timberwolves at San Antonio Spurs,DraftKings,player_blocks,victor wembanyama,Under,4.5,-156,2026-05-06T23:33:50Z,SAS,64.0,29.2,25.0,11.5,3.1,1.0,3.1,0.512,0.349,0.827,10.7,0.0,LOW
Minnesota Timberwolves at San Antonio Spurs,DraftKings,player_blocks,rudy gobert,Over,1.5,124,2026-05-06T23:33:50Z,MIN,76.0,31.3,10.9,11.5,1.7,0.8,1.6,0.682,0.0,0.526,3.1,0.0,LOW
Minnesota Timberwolves at San Antonio Spurs,DraftKings,player_blocks,rudy gobert,Under,1.5,-165,2026-05-06T23:33:50Z,MIN,76.0,31.3,10.9,11.5,1.7,0.8,1.6,0.682,0.0,0.526,3.1,0.0,LOW
Minnesota Timberwolves at San Antonio Spurs,DraftKings,player_blocks,jaden mcdaniels,Over,0.5,-180,2026-05-06T23:33:50Z,MIN,73.0,31.7,14.8,4.2,2.7,1.1,1.0,0.515,0.412,0.835,1.6,0.0,LOW
Minnesota Timberwolves at San Antonio Spurs,DraftKings,player_blocks,jaden mcdaniels,Under,0.5,135,2026-05-06T23:33:50Z,MIN,73.0,31.7,14.8,4.2,2.7,1.1,1.0,0.515,0.412,0.835,1.6,0.0,LOW
Minnesota Timberwolves at San Antonio Spurs,DraftKings,player_blocks,naz reid,Over,0.5,-166,2026-05-06T23:33:50Z,MIN,77.0,26.1,13.6,6.2,2.2,1.0,1.0,0.456,0.362,0.732,2.2,0.0,LOW
Minnesota Timberwolves at San Antonio Spurs,DraftKings,player_blocks,naz reid,Under,0.5,124,2026-05-06T23:33:50Z,MIN,77.0,26.1,13.6,6.2,2.2,1.0,1.0,0.456,0.362,0.732,2.2,0.0,LOW
Minnesota Timberwolves at San Antonio Spurs,DraftKings,player_blocks,anthony edwards,Over,0.5,-110,2026-05-06T23:33:50Z,MIN,61.0,35.0,28.8,5.0,3.7,1.4,0.8,0.489,0.399,0.796,2.7,0.0,LOW
Minnesota Timberwolves at San Antonio Spurs,DraftKings,player_blocks,anthony edwards,Under,0.5,-120,2026-05-06T23:33:50Z,MIN,61.0,35.0,28.8,5.0,3.7,1.4,0.8,0.489,0.399,0.796,2.7,0.0,LOW
Minnesota Timberwolves at San Antonio Spurs,DraftKings,player_blocks,devin vassell,Over,0.5,131,2026-05-06T23:33:50Z,SAS,67.0,30.5,13.9,4.0,2.5,0.9,0.4,0.437,0.384,0.815,7.3,0.0,LOW
Minnesota Timberwolves at San Antonio Spurs,DraftKings,player_blocks,devin vassell,Under,0.5,-175,2026-05-06T23:33:50Z,SAS,67.0,30.5,13.9,4.0,2.5,0.9,0.4,0.437,0.384,0.815,7.3,0.0,LOW
Minnesota Timberwolves at San Antonio Spurs,DraftKings,player_blocks,julian champagnie,Over,0.5,156,2026-05-06T23:33:50Z,SAS,82.0,27.6,11.1,5.8,1.5,0.8,0.5,0.437,0.381,0.844,7.2,0.0,LOW
Minnesota Timberwolves at San Antonio Spurs,DraftKings,player_blocks,julian champagnie,Under,0.5,-209,2026-05-06T23:33:50Z,SAS,82.0,27.6,11.1,5.8,1.5,0.8,0.5,0.437,0.381,0.844,7.2,0.0,LOW
Minnesota Timberwolves at San Antonio Spurs,DraftKings,player_blocks,dylan harper,Over,0.5,267,2026-05-06T23:33:50Z,SAS,69.0,22.6,11.8,3.4,3.9,0.8,0.3,0.505,0.343,0.756,4.4,0.0,LOW
Minnesota Timberwolves at San Antonio Spurs,DraftKings,player_blocks,dylan harper,Under,0.5,-373,2026-05-06T23:33:50Z,SAS,69.0,22.6,11.8,3.4,3.9,0.8,0.3,0.505,0.343,0.756,4.4,0.0,LOW
Minnesota Timberwolves at San Antonio Spurs,DraftKings,player_blocks,julius randle,Over,0.5,280,2026-05-06T23:33:50Z,MIN,79.0,33.0,21.1,6.7,5.0,1.1,0.2,0.481,0.315,0.802,2.9,0.0,LOW
Minnesota Timberwolves at San Antonio Spurs,DraftKings,player_blocks,julius randle,Under,0.5,-392,2026-05-06T23:33:50Z,MIN,79.0,33.0,21.1,6.7,5.0,1.1,0.2,0.481,0.315,0.802,2.9,0.0,LOW
Minnesota Timberwolves at San Antonio Spurs,DraftKings,player_blocks,ayo dosunmu,Over,0.5,282,2026-05-06T23:33:50Z,MIN,69.0,27.3,14.8,3.4,3.6,0.8,0.3,0.517,0.439,0.876,-1.0,0.0,LOW
Minnesota Timberwolves at San Antonio Spurs,DraftKings,player_blocks,ayo dosunmu,Under,0.5,-395,2026-05-06T23:33:50Z,MIN,69.0,27.3,14.8,3.4,3.6,0.8,0.3,0.517,0.439,0.876,-1.0,0.0,LOW
Minnesota Timberwolves at San Antonio Spurs,DraftKings,player_blocks,stephon castle,Over,0.5,295,2026-05-06T23:33:50Z,SAS,68.0,30.0,16.7,5.3,7.4,1.1,0.3,0.471,0.332,0.734,6.0,0.0,LOW
Minnesota Timberwolves at San Antonio Spurs,DraftKings,player_blocks,stephon castle,Under,0.5,-415,2026-05-06T23:33:50Z,SAS,68.0,30.0,16.7,5.3,7.4,1.1,0.3,0.471,0.332,0.734,6.0,0.0,LOW
Minnesota Timberwolves at San Antonio Spurs,DraftKings,player_blocks,de'aaron fox,Over,0.5,300,2026-05-06T23:33:50Z,SAS,72.0,31.0,18.6,3.8,6.2,1.2,0.3,0.486,0.332,0.76,6.3,0.0,LOW
Minnesota Timberwolves at San Antonio Spurs,DraftKings,player_blocks,de'aaron fox,Under,0.5,-423,2026-05-06T23:33:50Z,SAS,72.0,31.0,18.6,3.8,6.2,1.2,0.3,0.486,0.332,0.76,6.3,0.0,LOW
Minnesota Timberwolves at San Antonio Spurs,DraftKings,player_blocks,mike conley,Over,0.5,412,2026-05-06T23:33:50Z,MIN,54.0,18.4,4.5,1.7,2.9,0.6,0.3,0.335,0.337,0.9,0.3,0.0,LOW
Minnesota Timberwolves at San Antonio Spurs,DraftKings,player_blocks,mike conley,Under,0.5,-610,2026-05-06T23:33:50Z,MIN,54.0,18.4,4.5,1.7,2.9,0.6,0.3,0.335,0.337,0.9,0.3,0.0,LOW
Minnesota Timberwolves at San Antonio Spurs,DraftKings,player_points,victor wembanyama,Over,27.5,-104,2026-05-06T23:33:50Z,SAS,64.0,29.2,25.0,11.5,3.1,1.0,3.1,0.512,0.349,0.827,10.7,-2.5,LOW
Minnesota Timberwolves at San Antonio Spurs,DraftKings,player_points,victor wembanyama,Under,27.5,-123,2026-05-06T23:33:50Z,SAS,64.0,29.2,25.0,11.5,3.1,1.0,3.1,0.512,0.349,0.827,10.7,-2.5,LOW
Minnesota Timberwolves at San Antonio Spurs,DraftKings,player_points,anthony edwards,Over,20.5,-119,2026-05-06T23:33:50Z,MIN,61.0,35.0,28.8,5.0,3.7,1.4,0.8,0.489,0.399,0.796,2.7,8.3,HIGH
Minnesota Timberwolves at San Antonio Spurs,DraftKings,player_points,anthony edwards,Under,20.5,-107,2026-05-06T23:33:50Z,MIN,61.0,35.0,28.8,5.0,3.7,1.4,0.8,0.489,0.399,0.796,2.7,8.3,HIGH
Minnesota Timberwolves at San Antonio Spurs,DraftKings,player_points,julius randle,Over,18.5,-109,2026-05-06T23:33:50Z,MIN,79.0,33.0,21.1,6.7,5.0,1.1,0.2,0.481,0.315,0.802,2.9,2.6000000000000014,MEDIUM
Minnesota Timberwolves at San Antonio Spurs,DraftKings,player_points,julius randle,Under,18.5,-117,2026-05-06T23:33:50Z,MIN,79.0,33.0,21.1,6.7,5.0,1.1,0.2,0.481,0.315,0.802,2.9,2.6000000000000014,MEDIUM
Minnesota Timberwolves at San Antonio Spurs,DraftKings,player_points,de'aaron fox,Over,17.5,-105,2026-05-06T23:33:50Z,SAS,72.0,31.0,18.6,3.8,6.2,1.2,0.3,0.486,0.332,0.76,6.3,1.1000000000000014,LOW
Minnesota Timberwolves at San Antonio Spurs,DraftKings,player_points,de'aaron fox,Under,17.5,-122,2026-05-06T23:33:50Z,SAS,72.0,31.0,18.6,3.8,6.2,1.2,0.3,0.486,0.332,0.76,6.3,1.1000000000000014,LOW
Minnesota Timberwolves at San Antonio Spurs,DraftKings,player_points,stephon castle,Over,17.5,100,2026-05-06T23:33:50Z,SAS,68.0,30.0,16.7,5.3,7.4,1.1,0.3,0.471,0.332,0.734,6.0,-0.8000000000000007,LOW
Minnesota Timberwolves at San Antonio Spurs,DraftKings,player_points,stephon castle,Under,17.5,-127,2026-05-06T23:33:50Z,SAS,68.0,30.0,16.7,5.3,7.4,1.1,0.3,0.471,0.332,0.734,6.0,-0.8000000000000007,LOW
Minnesota Timberwolves at San Antonio Spurs,DraftKings,player_points,jaden mcdaniels,Over,14.5,101,2026-05-06T23:33:50Z,MIN,73.0,31.7,14.8,4.2,2.7,1.1,1.0,0.515,0.412,0.835,1.6,0.3000000000000007,LOW
Minnesota Timberwolves at San Antonio Spurs,DraftKings,player_points,jaden mcdaniels,Under,14.5,-129,2026-05-06T23:33:50Z,MIN,73.0,31.7,14.8,4.2,2.7,1.1,1.0,0.515,0.412,0.835,1.6,0.3000000000000007,LOW
Minnesota Timberwolves at San Antonio Spurs,DraftKings,player_points,devin vassell,Over,12.5,-120,2026-05-06T23:33:50Z,SAS,67.0,30.5,13.9,4.0,2.5,0.9,0.4,0.437,0.384,0.815,7.3,1.4000000000000004,LOW
Minnesota Timberwolves at San Antonio Spurs,DraftKings,player_points,devin vassell,Under,12.5,-106,2026-05-06T23:33:50Z,SAS,67.0,30.5,13.9,4.0,2.5,0.9,0.4,0.437,0.384,0.815,7.3,1.4000000000000004,LOW
Minnesota Timberwolves at San Antonio Spurs,DraftKings,player_points,naz reid,Over,12.5,-107,2026-05-06T23:33:50Z,MIN,77.0,26.1,13.6,6.2,2.2,1.0,1.0,0.456,0.362,0.732,2.2,1.0999999999999996,LOW
Minnesota Timberwolves at San Antonio Spurs,DraftKings,player_points,naz reid,Under,12.5,-119,2026-05-06T23:33:50Z,MIN,77.0,26.1,13.6,6.2,2.2,1.0,1.0,0.456,0.362,0.732,2.2,1.0999999999999996,LOW
Minnesota Timberwolves at San Antonio Spurs,DraftKings,player_points,dylan harper,Over,11.5,-111,2026-05-06T23:33:50Z,SAS,69.0,22.6,11.8,3.4,3.9,0.8,0.3,0.505,0.343,0.756,4.4,0.3000000000000007,LOW
Minnesota Timberwolves at San Antonio Spurs,DraftKings,player_points,dylan harper,Under,11.5,-114,2026-05-06T23:33:50Z,SAS,69.0,22.6,11.8,3.4,3.9,0.8,0.3,0.505,0.343,0.756,4.4,0.3000000000000007,LOW
Minnesota Timberwolves at San Antonio Spurs,DraftKings,player_points,ayo dosunmu,Over,10.5,-127,2026-05-06T23:33:50Z,MIN,69.0,27.3,14.8,3.4,3.6,0.8,0.3,0.517,0.439,0.876,-1.0,4.300000000000001,HIGH
Minnesota Timberwolves at San Antonio Spurs,DraftKings,player_points,ayo dosunmu,Under,10.5,100,2026-05-06T23:33:50Z,MIN,69.0,27.3,14.8,3.4,3.6,0.8,0.3,0.517,0.439,0.876,-1.0,4.300000000000001,HIGH
Minnesota Timberwolves at San Antonio Spurs,DraftKings,player_points,keldon johnson,Over,9.5,-106,2026-05-06T23:33:50Z,SAS,82.0,23.3,13.2,5.4,1.4,0.6,0.1,0.519,0.363,0.794,3.9,3.6999999999999993,MEDIUM
Minnesota Timberwolves at San Antonio Spurs,DraftKings,player_points,keldon johnson,Under,9.5,-120,2026-05-06T23:33:50Z,SAS,82.0,23.3,13.2,5.4,1.4,0.6,0.1,0.519,0.363,0.794,3.9,3.6999999999999993,MEDIUM
Minnesota Timberwolves at San Antonio Spurs,DraftKings,player_points,terrence shannon jr.,Over,8.5,-123,2026-05-06T23:33:50Z,MIN,43.0,12.5,5.6,1.1,0.9,0.3,0.0,0.45,0.408,0.8,-1.9,-2.9000000000000004,LOW
Minnesota Timberwolves at San Antonio Spurs,DraftKings,player_points,terrence shannon jr.,Under,8.5,-104,2026-05-06T23:33:50Z,MIN,43.0,12.5,5.6,1.1,0.9,0.3,0.0,0.45,0.408,0.8,-1.9,-2.9000000000000004,LOW
Minnesota Timberwolves at San Antonio Spurs,DraftKings,player_points,julian champagnie,Over,8.5,-120,2026-05-06T23:33:50Z,SAS,82.0,27.6,11.1,5.8,1.5,0.8,0.5,0.437,0.381,0.844,7.2,2.5999999999999996,MEDIUM
Minnesota Timberwolves at San Antonio Spurs,DraftKings,player_points,julian champagnie,Under,8.5,-106,2026-05-06T23:33:50Z,SAS,82.0,27.6,11.1,5.8,1.5,0.8,0.5,0.437,0.381,0.844,7.2,2.5999999999999996,MEDIUM
Minnesota Timberwolves at San Antonio Spurs,DraftKings,player_points,rudy gobert,Over,7.5,-125,2026-05-06T23:33:50Z,MIN,76.0,31.3,10.9,11.5,1.7,0.8,1.6,0.682,0.0,0.526,3.1,3.4000000000000004,MEDIUM
Minnesota Timberwolves at San Antonio Spurs,DraftKings,player_points,rudy gobert,Under,7.5,-102,2026-05-06T23:33:50Z,MIN,76.0,31.3,10.9,11.5,1.7,0.8,1.6,0.682,0.0,0.526,3.1,3.4000000000000004,MEDIUM
Minnesota Timberwolves at San Antonio Spurs,DraftKings,player_points,mike conley,Over,4.5,-109,2026-05-06T23:33:50Z,MIN,54.0,18.4,4.5,1.7,2.9,0.6,0.3,0.335,0.337,0.9,0.3,0.0,LOW
Minnesota Timberwolves at San Antonio Spurs,DraftKings,player_points,mike conley,Under,4.5,-117,2026-05-06T23:33:50Z,MIN,54.0,18.4,4.5,1.7,2.9,0.6,0.3,0.335,0.337,0.9,0.3,0.0,LOW
Minnesota Timberwolves at San Antonio Spurs,DraftKings,player_points,luke kornet,Over,3.5,-110,2026-05-06T23:33:50Z,SAS,68.0,21.0,6.5,6.1,1.9,0.5,1.0,0.643,0.0,0.825,1.7,3.0,MEDIUM
Minnesota Timberwolves at San Antonio Spurs,DraftKings,player_points,luke kornet,Under,3.5,-116,2026-05-06T23:33:50Z,SAS,68.0,21.0,6.5,6.1,1.9,0.5,1.0,0.643,0.0,0.825,1.7,3.0,MEDIUM
Minnesota Timberwolves at San Antonio Spurs,DraftKings,player_rebounds,victor wembanyama,Over,12.5,-103,2026-05-06T23:33:50Z,SAS,64.0,29.2,25.0,11.5,3.1,1.0,3.1,0.512,0.349,0.827,10.7,-1.0,LOW
Minnesota Timberwolves at San Antonio Spurs,DraftKings,player_rebounds,victor wembanyama,Under,12.5,-127,2026-05-06T23:33:50Z,SAS,64.0,29.2,25.0,11.5,3.1,1.0,3.1,0.512,0.349,0.827,10.7,-1.0,LOW
Minnesota Timberwolves at San Antonio Spurs,DraftKings,player_rebounds,rudy gobert,Over,10.5,-132,2026-05-06T23:33:50Z,MIN,76.0,31.3,10.9,11.5,1.7,0.8,1.6,0.682,0.0,0.526,3.1,1.0,LOW
Minnesota Timberwolves at San Antonio Spurs,DraftKings,player_rebounds,rudy gobert,Under,10.5,100,2026-05-06T23:33:50Z,MIN,76.0,31.3,10.9,11.5,1.7,0.8,1.6,0.682,0.0,0.526,3.1,1.0,LOW
Minnesota Timberwolves at San Antonio Spurs,DraftKings,player_rebounds,julius randle,Over,6.5,-109,2026-05-06T23:33:50Z,MIN,79.0,33.0,21.1,6.7,5.0,1.1,0.2,0.481,0.315,0.802,2.9,0.20000000000000018,LOW
Minnesota Timberwolves at San Antonio Spurs,DraftKings,player_rebounds,julius randle,Under,6.5,-120,2026-05-06T23:33:50Z,MIN,79.0,33.0,21.1,6.7,5.0,1.1,0.2,0.481,0.315,0.802,2.9,0.20000000000000018,LOW
Minnesota Timberwolves at San Antonio Spurs,DraftKings,player_rebounds,naz reid,Over,6.5,101,2026-05-06T23:33:50Z,MIN,77.0,26.1,13.6,6.2,2.2,1.0,1.0,0.456,0.362,0.732,2.2,-0.2999999999999998,LOW
Minnesota Timberwolves at San Antonio Spurs,DraftKings,player_rebounds,naz reid,Under,6.5,-133,2026-05-06T23:33:50Z,MIN,77.0,26.1,13.6,6.2,2.2,1.0,1.0,0.456,0.362,0.732,2.2,-0.2999999999999998,LOW
Minnesota Timberwolves at San Antonio Spurs,DraftKings,player_rebounds,stephon castle,Over,5.5,104,2026-05-06T23:33:50Z,SAS,68.0,30.0,16.7,5.3,7.4,1.1,0.3,0.471,0.332,0.734,6.0,-0.20000000000000018,LOW
Minnesota Timberwolves at San Antonio Spurs,DraftKings,player_rebounds,stephon castle,Under,5.5,-137,2026-05-06T23:33:50Z,SAS,68.0,30.0,16.7,5.3,7.4,1.1,0.3,0.471,0.332,0.734,6.0,-0.20000000000000018,LOW
Minnesota Timberwolves at San Antonio Spurs,DraftKings,player_rebounds,julian champagnie,Over,5.5,112,2026-05-06T23:33:50Z,SAS,82.0,27.6,11.1,5.8,1.5,0.8,0.5,0.437,0.381,0.844,7.2,0.2999999999999998,LOW
Minnesota Timberwolves at San Antonio Spurs,DraftKings,player_rebounds,julian champagnie,Under,5.5,-148,2026-05-06T23:33:50Z,SAS,82.0,27.6,11.1,5.8,1.5,0.8,0.5,0.437,0.381,0.844,7.2,0.2999999999999998,LOW
Minnesota Timberwolves at San Antonio Spurs,DraftKings,player_rebounds,jaden mcdaniels,Over,4.5,-122,2026-05-06T23:33:50Z,MIN,73.0,31.7,14.8,4.2,2.7,1.1,1.0,0.515,0.412,0.835,1.6,-0.2999999999999998,LOW
Minnesota Timberwolves at San Antonio Spurs,DraftKings,player_rebounds,jaden mcdaniels,Under,4.5,-108,2026-05-06T23:33:50Z,MIN,73.0,31.7,14.8,4.2,2.7,1.1,1.0,0.515,0.412,0.835,1.6,-0.2999999999999998,LOW
Minnesota Timberwolves at San Antonio Spurs,DraftKings,player_rebounds,anthony edwards,Over,4.5,123,2026-05-06T23:33:50Z,MIN,61.0,35.0,28.8,5.0,3.7,1.4,0.8,0.489,0.399,0.796,2.7,0.5,LOW
Minnesota Timberwolves at San Antonio Spurs,DraftKings,player_rebounds,anthony edwards,Under,4.5,-162,2026-05-06T23:33:50Z,MIN,61.0,35.0,28.8,5.0,3.7,1.4,0.8,0.489,0.399,0.796,2.7,0.5,LOW
Minnesota Timberwolves at San Antonio Spurs,DraftKings,player_rebounds,devin vassell,Over,3.5,-164,2026-05-06T23:33:50Z,SAS,67.0,30.5,13.9,4.0,2.5,0.9,0.4,0.437,0.384,0.815,7.3,0.5,LOW
Minnesota Timberwolves at San Antonio Spurs,DraftKings,player_rebounds,devin vassell,Under,3.5,124,2026-05-06T23:33:50Z,SAS,67.0,30.5,13.9,4.0,2.5,0.9,0.4,0.437,0.384,0.815,7.3,0.5,LOW
Minnesota Timberwolves at San Antonio Spurs,DraftKings,player_rebounds,keldon johnson,Over,3.5,-123,2026-05-06T23:33:50Z,SAS,82.0,23.3,13.2,5.4,1.4,0.6,0.1,0.519,0.363,0.794,3.9,1.9000000000000004,LOW
Minnesota Timberwolves at San Antonio Spurs,DraftKings,player_rebounds,keldon johnson,Under,3.5,-107,2026-05-06T23:33:50Z,SAS,82.0,23.3,13.2,5.4,1.4,0.6,0.1,0.519,0.363,0.794,3.9,1.9000000000000004,LOW
Minnesota Timberwolves at San Antonio Spurs,DraftKings,player_rebounds,de'aaron fox,Over,3.5,-118,2026-05-06T23:33:50Z,SAS,72.0,31.0,18.6,3.8,6.2,1.2,0.3,0.486,0.332,0.76,6.3,0.2999999999999998,LOW
Minnesota Timberwolves at San Antonio Spurs,DraftKings,player_rebounds,de'aaron fox,Under,3.5,-111,2026-05-06T23:33:50Z,SAS,72.0,31.0,18.6,3.8,6.2,1.2,0.3,0.486,0.332,0.76,6.3,0.2999999999999998,LOW
Minnesota Timberwolves at San Antonio Spurs,DraftKings,player_rebounds,luke kornet,Over,3.5,105,2026-05-06T23:33:50Z,SAS,68.0,21.0,6.5,6.1,1.9,0.5,1.0,0.643,0.0,0.825,1.7,2.5999999999999996,MEDIUM
Minnesota Timberwolves at San Antonio Spurs,DraftKings,player_rebounds,luke kornet,Under,3.5,-138,2026-05-06T23:33:50Z,SAS,68.0,21.0,6.5,6.1,1.9,0.5,1.0,0.643,0.0,0.825,1.7,2.5999999999999996,MEDIUM
Minnesota Timberwolves at San Antonio Spurs,DraftKings,player_rebounds,dylan harper,Over,3.5,110,2026-05-06T23:33:50Z,SAS,69.0,22.6,11.8,3.4,3.9,0.8,0.3,0.505,0.343,0.756,4.4,-0.10000000000000009,LOW
Minnesota Timberwolves at San Antonio Spurs,DraftKings,player_rebounds,dylan harper,Under,3.5,-145,2026-05-06T23:33:50Z,SAS,69.0,22.6,11.8,3.4,3.9,0.8,0.3,0.505,0.343,0.756,4.4,-0.10000000000000009,LOW
Minnesota Timberwolves at San Antonio Spurs,DraftKings,player_rebounds,ayo dosunmu,Over,2.5,-136,2026-05-06T23:33:50Z,MIN,69.0,27.3,14.8,3.4,3.6,0.8,0.3,0.517,0.439,0.876,-1.0,0.8999999999999999,LOW
Minnesota Timberwolves at San Antonio Spurs,DraftKings,player_rebounds,ayo dosunmu,Under,2.5,103,2026-05-06T23:33:50Z,MIN,69.0,27.3,14.8,3.4,3.6,0.8,0.3,0.517,0.439,0.876,-1.0,0.8999999999999999,LOW
Minnesota Timberwolves at San Antonio Spurs,DraftKings,player_rebounds,mike conley,Over,1.5,-153,2026-05-06T23:33:50Z,MIN,54.0,18.4,4.5,1.7,2.9,0.6,0.3,0.335,0.337,0.9,0.3,0.19999999999999996,LOW
Minnesota Timberwolves at San Antonio Spurs,DraftKings,player_rebounds,mike conley,Under,1.5,116,2026-05-06T23:33:50Z,MIN,54.0,18.4,4.5,1.7,2.9,0.6,0.3,0.335,0.337,0.9,0.3,0.19999999999999996,LOW
Minnesota Timberwolves at San Antonio Spurs,DraftKings,player_steals,de'aaron fox,Over,1.5,149,2026-05-06T23:33:50Z,SAS,72.0,31.0,18.6,3.8,6.2,1.2,0.3,0.486,0.332,0.76,6.3,0.0,LOW
Minnesota Timberwolves at San Antonio Spurs,DraftKings,player_steals,de'aaron fox,Under,1.5,-200,2026-05-06T23:33:50Z,SAS,72.0,31.0,18.6,3.8,6.2,1.2,0.3,0.486,0.332,0.76,6.3,0.0,LOW
Minnesota Timberwolves at San Antonio Spurs,DraftKings,player_steals,victor wembanyama,Over,1.5,159,2026-05-06T23:33:50Z,SAS,64.0,29.2,25.0,11.5,3.1,1.0,3.1,0.512,0.349,0.827,10.7,0.0,LOW
Minnesota Timberwolves at San Antonio Spurs,DraftKings,player_steals,victor wembanyama,Under,1.5,-213,2026-05-06T23:33:50Z,SAS,64.0,29.2,25.0,11.5,3.1,1.0,3.1,0.512,0.349,0.827,10.7,0.0,LOW
Minnesota Timberwolves at San Antonio Spurs,DraftKings,player_steals,stephon castle,Over,1.5,181,2026-05-06T23:33:50Z,SAS,68.0,30.0,16.7,5.3,7.4,1.1,0.3,0.471,0.332,0.734,6.0,0.0,LOW
Minnesota Timberwolves at San Antonio Spurs,DraftKings,player_steals,stephon castle,Under,1.5,-244,2026-05-06T23:33:50Z,SAS,68.0,30.0,16.7,5.3,7.4,1.1,0.3,0.471,0.332,0.734,6.0,0.0,LOW
Minnesota Timberwolves at San Antonio Spurs,DraftKings,player_steals,devin vassell,Over,0.5,-238,2026-05-06T23:33:50Z,SAS,67.0,30.5,13.9,4.0,2.5,0.9,0.4,0.437,0.384,0.815,7.3,0.0,LOW
Minnesota Timberwolves at San Antonio Spurs,DraftKings,player_steals,devin vassell,Under,0.5,176,2026-05-06T23:33:50Z,SAS,67.0,30.5,13.9,4.0,2.5,0.9,0.4,0.437,0.384,0.815,7.3,0.0,LOW
Minnesota Timberwolves at San Antonio Spurs,DraftKings,player_steals,jaden mcdaniels,Over,0.5,-211,2026-05-06T23:33:50Z,MIN,73.0,31.7,14.8,4.2,2.7,1.1,1.0,0.515,0.412,0.835,1.6,0.0,LOW
Minnesota Timberwolves at San Antonio Spurs,DraftKings,player_steals,jaden mcdaniels,Under,0.5,157,2026-05-06T23:33:50Z,MIN,73.0,31.7,14.8,4.2,2.7,1.1,1.0,0.515,0.412,0.835,1.6,0.0,LOW
Minnesota Timberwolves at San Antonio Spurs,DraftKings,player_steals,anthony edwards,Over,0.5,-210,2026-05-06T23:33:50Z,MIN,61.0,35.0,28.8,5.0,3.7,1.4,0.8,0.489,0.399,0.796,2.7,0.0,LOW
Minnesota Timberwolves at San Antonio Spurs,DraftKings,player_steals,anthony edwards,Under,0.5,156,2026-05-06T23:33:50Z,MIN,61.0,35.0,28.8,5.0,3.7,1.4,0.8,0.489,0.399,0.796,2.7,0.0,LOW
Minnesota Timberwolves at San Antonio Spurs,DraftKings,player_steals,julius randle,Over,0.5,-181,2026-05-06T23:33:50Z,MIN,79.0,33.0,21.1,6.7,5.0,1.1,0.2,0.481,0.315,0.802,2.9,0.0,LOW
Minnesota Timberwolves at San Antonio Spurs,DraftKings,player_steals,julius randle,Under,0.5,136,2026-05-06T23:33:50Z,MIN,79.0,33.0,21.1,6.7,5.0,1.1,0.2,0.481,0.315,0.802,2.9,0.0,LOW
Minnesota Timberwolves at San Antonio Spurs,DraftKings,player_steals,naz reid,Over,0.5,-158,2026-05-06T23:33:50Z,MIN,77.0,26.1,13.6,6.2,2.2,1.0,1.0,0.456,0.362,0.732,2.2,0.0,LOW
Minnesota Timberwolves at San Antonio Spurs,DraftKings,player_steals,naz reid,Under,0.5,119,2026-05-06T23:33:50Z,MIN,77.0,26.1,13.6,6.2,2.2,1.0,1.0,0.456,0.362,0.732,2.2,0.0,LOW
Minnesota Timberwolves at San Antonio Spurs,DraftKings,player_steals,julian champagnie,Over,0.5,-152,2026-05-06T23:33:50Z,SAS,82.0,27.6,11.1,5.8,1.5,0.8,0.5,0.437,0.381,0.844,7.2,0.0,LOW
Minnesota Timberwolves at San Antonio Spurs,DraftKings,player_steals,julian champagnie,Under,0.5,114,2026-05-06T23:33:50Z,SAS,82.0,27.6,11.1,5.8,1.5,0.8,0.5,0.437,0.381,0.844,7.2,0.0,LOW
Minnesota Timberwolves at San Antonio Spurs,DraftKings,player_steals,dylan harper,Over,0.5,-148,2026-05-06T23:33:50Z,SAS,69.0,22.6,11.8,3.4,3.9,0.8,0.3,0.505,0.343,0.756,4.4,0.0,LOW
Minnesota Timberwolves at San Antonio Spurs,DraftKings,player_steals,dylan harper,Under,0.5,111,2026-05-06T23:33:50Z,SAS,69.0,22.6,11.8,3.4,3.9,0.8,0.3,0.505,0.343,0.756,4.4,0.0,LOW
Minnesota Timberwolves at San Antonio Spurs,DraftKings,player_steals,rudy gobert,Over,0.5,-134,2026-05-06T23:33:50Z,MIN,76.0,31.3,10.9,11.5,1.7,0.8,1.6,0.682,0.0,0.526,3.1,0.0,LOW
Minnesota Timberwolves at San Antonio Spurs,DraftKings,player_steals,rudy gobert,Under,0.5,101,2026-05-06T23:33:50Z,MIN,76.0,31.3,10.9,11.5,1.7,0.8,1.6,0.682,0.0,0.526,3.1,0.0,LOW
Minnesota Timberwolves at San Antonio Spurs,DraftKings,player_steals,mike conley,Over,0.5,-114,2026-05-06T23:33:50Z,MIN,54.0,18.4,4.5,1.7,2.9,0.6,0.3,0.335,0.337,0.9,0.3,0.0,LOW
Minnesota Timberwolves at San Antonio Spurs,DraftKings,player_steals,mike conley,Under,0.5,-117,2026-05-06T23:33:50Z,MIN,54.0,18.4,4.5,1.7,2.9,0.6,0.3,0.335,0.337,0.9,0.3,0.0,LOW
Minnesota Timberwolves at San Antonio Spurs,DraftKings,player_steals,ayo dosunmu,Over,0.5,-111,2026-05-06T23:33:50Z,MIN,69.0,27.3,14.8,3.4,3.6,0.8,0.3,0.517,0.439,0.876,-1.0,0.0,LOW
Minnesota Timberwolves at San Antonio Spurs,DraftKings,player_steals,ayo dosunmu,Under,0.5,-119,2026-05-06T23:33:50Z,MIN,69.0,27.3,14.8,3.4,3.6,0.8,0.3,0.517,0.439,0.876,-1.0,0.0,LOW
Minnesota Timberwolves at San Antonio Spurs,DraftKings,player_threes,anthony edwards,Over,2.5,-107,2026-05-06T23:33:50Z,MIN,61.0,35.0,28.8,5.0,3.7,1.4,0.8,0.489,0.399,0.796,2.7,0.0,LOW
Minnesota Timberwolves at San Antonio Spurs,DraftKings,player_threes,anthony edwards,Under,2.5,-123,2026-05-06T23:33:50Z,MIN,61.0,35.0,28.8,5.0,3.7,1.4,0.8,0.489,0.399,0.796,2.7,0.0,LOW
Minnesota Timberwolves at San Antonio Spurs,DraftKings,player_threes,victor wembanyama,Over,2.5,116,2026-05-06T23:33:50Z,SAS,64.0,29.2,25.0,11.5,3.1,1.0,3.1,0.512,0.349,0.827,10.7,0.0,LOW
Minnesota Timberwolves at San Antonio Spurs,DraftKings,player_threes,victor wembanyama,Under,2.5,-153,2026-05-06T23:33:50Z,SAS,64.0,29.2,25.0,11.5,3.1,1.0,3.1,0.512,0.349,0.827,10.7,0.0,LOW
Minnesota Timberwolves at San Antonio Spurs,DraftKings,player_threes,devin vassell,Over,2.5,142,2026-05-06T23:33:50Z,SAS,67.0,30.5,13.9,4.0,2.5,0.9,0.4,0.437,0.384,0.815,7.3,0.0,LOW
Minnesota Timberwolves at San Antonio Spurs,DraftKings,player_threes,devin vassell,Under,2.5,-188,2026-05-06T23:33:50Z,SAS,67.0,30.5,13.9,4.0,2.5,0.9,0.4,0.437,0.384,0.815,7.3,0.0,LOW
Minnesota Timberwolves at San Antonio Spurs,DraftKings,player_threes,julian champagnie,Over,1.5,-163,2026-05-06T23:33:50Z,SAS,82.0,27.6,11.1,5.8,1.5,0.8,0.5,0.437,0.381,0.844,7.2,0.0,LOW
Minnesota Timberwolves at San Antonio Spurs,DraftKings,player_threes,julian champagnie,Under,1.5,123,2026-05-06T23:33:50Z,SAS,82.0,27.6,11.1,5.8,1.5,0.8,0.5,0.437,0.381,0.844,7.2,0.0,LOW
Minnesota Timberwolves at San Antonio Spurs,DraftKings,player_threes,naz reid,Over,1.5,-135,2026-05-06T23:33:50Z,MIN,77.0,26.1,13.6,6.2,2.2,1.0,1.0,0.456,0.362,0.732,2.2,0.0,LOW
Minnesota Timberwolves at San Antonio Spurs,DraftKings,player_threes,naz reid,Under,1.5,102,2026-05-06T23:33:50Z,MIN,77.0,26.1,13.6,6.2,2.2,1.0,1.0,0.456,0.362,0.732,2.2,0.0,LOW
Minnesota Timberwolves at San Antonio Spurs,DraftKings,player_threes,de'aaron fox,Over,1.5,103,2026-05-06T23:33:50Z,SAS,72.0,31.0,18.6,3.8,6.2,1.2,0.3,0.486,0.332,0.76,6.3,0.0,LOW
Minnesota Timberwolves at San Antonio Spurs,DraftKings,player_threes,de'aaron fox,Under,1.5,-136,2026-05-06T23:33:50Z,SAS,72.0,31.0,18.6,3.8,6.2,1.2,0.3,0.486,0.332,0.76,6.3,0.0,LOW
Minnesota Timberwolves at San Antonio Spurs,DraftKings,player_threes,stephon castle,Over,1.5,114,2026-05-06T23:33:50Z,SAS,68.0,30.0,16.7,5.3,7.4,1.1,0.3,0.471,0.332,0.734,6.0,0.0,LOW
Minnesota Timberwolves at San Antonio Spurs,DraftKings,player_threes,stephon castle,Under,1.5,-150,2026-05-06T23:33:50Z,SAS,68.0,30.0,16.7,5.3,7.4,1.1,0.3,0.471,0.332,0.734,6.0,0.0,LOW
Minnesota Timberwolves at San Antonio Spurs,DraftKings,player_threes,ayo dosunmu,Over,1.5,126,2026-05-06T23:33:50Z,MIN,69.0,27.3,14.8,3.4,3.6,0.8,0.3,0.517,0.439,0.876,-1.0,0.0,LOW
Minnesota Timberwolves at San Antonio Spurs,DraftKings,player_threes,ayo dosunmu,Under,1.5,-166,2026-05-06T23:33:50Z,MIN,69.0,27.3,14.8,3.4,3.6,0.8,0.3,0.517,0.439,0.876,-1.0,0.0,LOW
Minnesota Timberwolves at San Antonio Spurs,DraftKings,player_threes,jaden mcdaniels,Over,1.5,149,2026-05-06T23:33:50Z,MIN,73.0,31.7,14.8,4.2,2.7,1.1,1.0,0.515,0.412,0.835,1.6,0.0,LOW
Minnesota Timberwolves at San Antonio Spurs,DraftKings,player_threes,jaden mcdaniels,Under,1.5,-199,2026-05-06T23:33:50Z,MIN,73.0,31.7,14.8,4.2,2.7,1.1,1.0,0.515,0.412,0.835,1.6,0.0,LOW
Minnesota Timberwolves at San Antonio Spurs,DraftKings,player_threes,julius randle,Over,1.5,154,2026-05-06T23:33:50Z,MIN,79.0,33.0,21.1,6.7,5.0,1.1,0.2,0.481,0.315,0.802,2.9,0.0,LOW
Minnesota Timberwolves at San Antonio Spurs,DraftKings,player_threes,julius randle,Under,1.5,-205,2026-05-06T23:33:50Z,MIN,79.0,33.0,21.1,6.7,5.0,1.1,0.2,0.481,0.315,0.802,2.9,0.0,LOW
Minnesota Timberwolves at San Antonio Spurs,DraftKings,player_threes,mike conley,Over,0.5,-233,2026-05-06T23:33:50Z,MIN,54.0,18.4,4.5,1.7,2.9,0.6,0.3,0.335,0.337,0.9,0.3,0.0,LOW
Minnesota Timberwolves at San Antonio Spurs,DraftKings,player_threes,mike conley,Under,0.5,174,2026-05-06T23:33:50Z,MIN,54.0,18.4,4.5,1.7,2.9,0.6,0.3,0.335,0.337,0.9,0.3,0.0,LOW
Minnesota Timberwolves at San Antonio Spurs,DraftKings,player_threes,terrence shannon jr.,Over,0.5,-223,2026-05-06T23:33:50Z,MIN,43.0,12.5,5.6,1.1,0.9,0.3,0.0,0.45,0.408,0.8,-1.9,0.0,LOW
Minnesota Timberwolves at San Antonio Spurs,DraftKings,player_threes,terrence shannon jr.,Under,0.5,167,2026-05-06T23:33:50Z,MIN,43.0,12.5,5.6,1.1,0.9,0.3,0.0,0.45,0.408,0.8,-1.9,0.0,LOW
Minnesota Timberwolves at San Antonio Spurs,DraftKings,player_threes,keldon johnson,Over,0.5,-172,2026-05-06T23:33:50Z,SAS,82.0,23.3,13.2,5.4,1.4,0.6,0.1,0.519,0.363,0.794,3.9,0.0,LOW
Minnesota Timberwolves at San Antonio Spurs,DraftKings,player_threes,keldon johnson,Under,0.5,130,2026-05-06T23:33:50Z,SAS,82.0,23.3,13.2,5.4,1.4,0.6,0.1,0.519,0.363,0.794,3.9,0.0,LOW
Minnesota Timberwolves at San Antonio Spurs,DraftKings,player_threes,dylan harper,Over,0.5,-156,2026-05-06T23:33:50Z,SAS,69.0,22.6,11.8,3.4,3.9,0.8,0.3,0.505,0.343,0.756,4.4,0.0,LOW
Minnesota Timberwolves at San Antonio Spurs,DraftKings,player_threes,dylan harper,Under,0.5,118,2026-05-06T23:33:50Z,SAS,69.0,22.6,11.8,3.4,3.9,0.8,0.3,0.505,0.343,0.756,4.4,0.0,LOW
Minnesota Timberwolves at San Antonio Spurs,BetOnline.ag,player_assists,devin vassell,Over,2.5,130,2026-05-06T23:33:40Z,SAS,67.0,30.5,13.9,4.0,2.5,0.9,0.4,0.437,0.384,0.815,7.3,0.0,LOW
Minnesota Timberwolves at San Antonio Spurs,BetOnline.ag,player_assists,devin vassell,Under,2.5,-169,2026-05-06T23:33:40Z,SAS,67.0,30.5,13.9,4.0,2.5,0.9,0.4,0.437,0.384,0.815,7.3,0.0,LOW
Minnesota Timberwolves at San Antonio Spurs,BetOnline.ag,player_assists,jaden mcdaniels,Over,2.5,-101,2026-05-06T23:33:40Z,MIN,73.0,31.7,14.8,4.2,2.7,1.1,1.0,0.515,0.412,0.835,1.6,0.20000000000000018,LOW
Minnesota Timberwolves at San Antonio Spurs,BetOnline.ag,player_assists,jaden mcdaniels,Under,2.5,-128,2026-05-06T23:33:40Z,MIN,73.0,31.7,14.8,4.2,2.7,1.1,1.0,0.515,0.412,0.835,1.6,0.20000000000000018,LOW
Minnesota Timberwolves at San Antonio Spurs,BetOnline.ag,player_assists,victor wembanyama,Over,3.5,102,2026-05-06T23:33:40Z,SAS,64.0,29.2,25.0,11.5,3.1,1.0,3.1,0.512,0.349,0.827,10.7,-0.3999999999999999,LOW
Minnesota Timberwolves at San Antonio Spurs,BetOnline.ag,player_assists,victor wembanyama,Under,3.5,-132,2026-05-06T23:33:40Z,SAS,64.0,29.2,25.0,11.5,3.1,1.0,3.1,0.512,0.349,0.827,10.7,-0.3999999999999999,LOW
Minnesota Timberwolves at San Antonio Spurs,BetOnline.ag,player_assists,stephon castle,Over,6.5,-127,2026-05-06T23:33:40Z,SAS,68.0,30.0,16.7,5.3,7.4,1.1,0.3,0.471,0.332,0.734,6.0,0.9000000000000004,LOW
Minnesota Timberwolves at San Antonio Spurs,BetOnline.ag,player_assists,stephon castle,Under,6.5,-102,2026-05-06T23:33:40Z,SAS,68.0,30.0,16.7,5.3,7.4,1.1,0.3,0.471,0.332,0.734,6.0,0.9000000000000004,LOW
Minnesota Timberwolves at San Antonio Spurs,BetOnline.ag,player_assists,julius randle,Over,4.5,126,2026-05-06T23:33:40Z,MIN,79.0,33.0,21.1,6.7,5.0,1.1,0.2,0.481,0.315,0.802,2.9,0.5,LOW
Minnesota Timberwolves at San Antonio Spurs,BetOnline.ag,player_assists,julius randle,Under,4.5,-164,2026-05-06T23:33:40Z,MIN,79.0,33.0,21.1,6.7,5.0,1.1,0.2,0.481,0.315,0.802,2.9,0.5,LOW
Minnesota Timberwolves at San Antonio Spurs,BetOnline.ag,player_assists,dylan harper,Over,3.5,132,2026-05-06T23:33:40Z,SAS,69.0,22.6,11.8,3.4,3.9,0.8,0.3,0.505,0.343,0.756,4.4,0.3999999999999999,LOW
Minnesota Timberwolves at San Antonio Spurs,BetOnline.ag,player_assists,dylan harper,Under,3.5,-172,2026-05-06T23:33:40Z,SAS,69.0,22.6,11.8,3.4,3.9,0.8,0.3,0.505,0.343,0.756,4.4,0.3999999999999999,LOW
Minnesota Timberwolves at San Antonio Spurs,BetOnline.ag,player_assists,de'aaron fox,Over,5.5,-145,2026-05-06T23:33:40Z,SAS,72.0,31.0,18.6,3.8,6.2,1.2,0.3,0.486,0.332,0.76,6.3,0.7000000000000002,LOW
Minnesota Timberwolves at San Antonio Spurs,BetOnline.ag,player_assists,de'aaron fox,Under,5.5,111,2026-05-06T23:33:40Z,SAS,72.0,31.0,18.6,3.8,6.2,1.2,0.3,0.486,0.332,0.76,6.3,0.7000000000000002,LOW
Minnesota Timberwolves at San Antonio Spurs,BetOnline.ag,player_assists,anthony edwards,Over,2.5,-172,2026-05-06T23:33:40Z,MIN,61.0,35.0,28.8,5.0,3.7,1.4,0.8,0.489,0.399,0.796,2.7,1.2000000000000002,LOW
Minnesota Timberwolves at San Antonio Spurs,BetOnline.ag,player_assists,anthony edwards,Under,2.5,132,2026-05-06T23:33:40Z,MIN,61.0,35.0,28.8,5.0,3.7,1.4,0.8,0.489,0.399,0.796,2.7,1.2000000000000002,LOW
Minnesota Timberwolves at San Antonio Spurs,BetOnline.ag,player_assists,ayo dosunmu,Over,3.5,128,2026-05-06T23:33:40Z,MIN,69.0,27.3,14.8,3.4,3.6,0.8,0.3,0.517,0.439,0.876,-1.0,0.10000000000000009,LOW
Minnesota Timberwolves at San Antonio Spurs,BetOnline.ag,player_assists,ayo dosunmu,Under,3.5,-167,2026-05-06T23:33:40Z,MIN,69.0,27.3,14.8,3.4,3.6,0.8,0.3,0.517,0.439,0.876,-1.0,0.10000000000000009,LOW
Minnesota Timberwolves at San Antonio Spurs,BetOnline.ag,player_assists,mike conley,Over,2.5,-149,2026-05-06T23:33:40Z,MIN,54.0,18.4,4.5,1.7,2.9,0.6,0.3,0.335,0.337,0.9,0.3,0.3999999999999999,LOW
Minnesota Timberwolves at San Antonio Spurs,BetOnline.ag,player_assists,mike conley,Under,2.5,115,2026-05-06T23:33:40Z,MIN,54.0,18.4,4.5,1.7,2.9,0.6,0.3,0.335,0.337,0.9,0.3,0.3999999999999999,LOW
Minnesota Timberwolves at San Antonio Spurs,BetOnline.ag,player_points,devin vassell,Over,12.5,-122,2026-05-06T23:33:40Z,SAS,67.0,30.5,13.9,4.0,2.5,0.9,0.4,0.437,0.384,0.815,7.3,1.4000000000000004,LOW
Minnesota Timberwolves at San Antonio Spurs,BetOnline.ag,player_points,devin vassell,Under,12.5,-106,2026-05-06T23:33:40Z,SAS,67.0,30.5,13.9,4.0,2.5,0.9,0.4,0.437,0.384,0.815,7.3,1.4000000000000004,LOW
Minnesota Timberwolves at San Antonio Spurs,BetOnline.ag,player_points,anthony edwards,Over,20.5,-120,2026-05-06T23:33:40Z,MIN,61.0,35.0,28.8,5.0,3.7,1.4,0.8,0.489,0.399,0.796,2.7,8.3,HIGH
Minnesota Timberwolves at San Antonio Spurs,BetOnline.ag,player_points,anthony edwards,Under,20.5,-108,2026-05-06T23:33:40Z,MIN,61.0,35.0,28.8,5.0,3.7,1.4,0.8,0.489,0.399,0.796,2.7,8.3,HIGH
Minnesota Timberwolves at San Antonio Spurs,BetOnline.ag,player_points,naz reid,Over,12.5,-105,2026-05-06T23:33:40Z,MIN,77.0,26.1,13.6,6.2,2.2,1.0,1.0,0.456,0.362,0.732,2.2,1.0999999999999996,LOW
Minnesota Timberwolves at San Antonio Spurs,BetOnline.ag,player_points,naz reid,Under,12.5,-123,2026-05-06T23:33:40Z,MIN,77.0,26.1,13.6,6.2,2.2,1.0,1.0,0.456,0.362,0.732,2.2,1.0999999999999996,LOW
Minnesota Timberwolves at San Antonio Spurs,BetOnline.ag,player_points,jaden mcdaniels,Over,14.5,-103,2026-05-06T23:33:40Z,MIN,73.0,31.7,14.8,4.2,2.7,1.1,1.0,0.515,0.412,0.835,1.6,0.3000000000000007,LOW
Minnesota Timberwolves at San Antonio Spurs,BetOnline.ag,player_points,jaden mcdaniels,Under,14.5,-125,2026-05-06T23:33:40Z,MIN,73.0,31.7,14.8,4.2,2.7,1.1,1.0,0.515,0.412,0.835,1.6,0.3000000000000007,LOW
Minnesota Timberwolves at San Antonio Spurs,BetOnline.ag,player_points,rudy gobert,Over,7.5,-123,2026-05-06T23:33:40Z,MIN,76.0,31.3,10.9,11.5,1.7,0.8,1.6,0.682,0.0,0.526,3.1,3.4000000000000004,MEDIUM
Minnesota Timberwolves at San Antonio Spurs,BetOnline.ag,player_points,rudy gobert,Under,7.5,-105,2026-05-06T23:33:40Z,MIN,76.0,31.3,10.9,11.5,1.7,0.8,1.6,0.682,0.0,0.526,3.1,3.4000000000000004,MEDIUM
Minnesota Timberwolves at San Antonio Spurs,BetOnline.ag,player_points,victor wembanyama,Over,27.5,-108,2026-05-06T23:33:40Z,SAS,64.0,29.2,25.0,11.5,3.1,1.0,3.1,0.512,0.349,0.827,10.7,-2.5,LOW
Minnesota Timberwolves at San Antonio Spurs,BetOnline.ag,player_points,victor wembanyama,Under,27.5,-120,2026-05-06T23:33:40Z,SAS,64.0,29.2,25.0,11.5,3.1,1.0,3.1,0.512,0.349,0.827,10.7,-2.5,LOW
Minnesota Timberwolves at San Antonio Spurs,BetOnline.ag,player_points,julius randle,Over,18.5,-106,2026-05-06T23:33:40Z,MIN,79.0,33.0,21.1,6.7,5.0,1.1,0.2,0.481,0.315,0.802,2.9,2.6000000000000014,MEDIUM
Minnesota Timberwolves at San Antonio Spurs,BetOnline.ag,player_points,julius randle,Under,18.5,-122,2026-05-06T23:33:40Z,MIN,79.0,33.0,21.1,6.7,5.0,1.1,0.2,0.481,0.315,0.802,2.9,2.6000000000000014,MEDIUM
Minnesota Timberwolves at San Antonio Spurs,BetOnline.ag,player_points,keldon johnson,Over,8.5,-130,2026-05-06T23:33:40Z,SAS,82.0,23.3,13.2,5.4,1.4,0.6,0.1,0.519,0.363,0.794,3.9,4.699999999999999,HIGH
Minnesota Timberwolves at San Antonio Spurs,BetOnline.ag,player_points,keldon johnson,Under,8.5,100,2026-05-06T23:33:40Z,SAS,82.0,23.3,13.2,5.4,1.4,0.6,0.1,0.519,0.363,0.794,3.9,4.699999999999999,HIGH
Minnesota Timberwolves at San Antonio Spurs,BetOnline.ag,player_points,mike conley,Over,4.5,-114,2026-05-06T23:33:40Z,MIN,54.0,18.4,4.5,1.7,2.9,0.6,0.3,0.335,0.337,0.9,0.3,0.0,LOW
Minnesota Timberwolves at San Antonio Spurs,BetOnline.ag,player_points,mike conley,Under,4.5,-114,2026-05-06T23:33:40Z,MIN,54.0,18.4,4.5,1.7,2.9,0.6,0.3,0.335,0.337,0.9,0.3,0.0,LOW
Minnesota Timberwolves at San Antonio Spurs,BetOnline.ag,player_points,de'aaron fox,Over,17.5,-111,2026-05-06T23:33:40Z,SAS,72.0,31.0,18.6,3.8,6.2,1.2,0.3,0.486,0.332,0.76,6.3,1.1000000000000014,LOW
Minnesota Timberwolves at San Antonio Spurs,BetOnline.ag,player_points,de'aaron fox,Under,17.5,-116,2026-05-06T23:33:40Z,SAS,72.0,31.0,18.6,3.8,6.2,1.2,0.3,0.486,0.332,0.76,6.3,1.1000000000000014,LOW
Minnesota Timberwolves at San Antonio Spurs,BetOnline.ag,player_points,stephon castle,Over,17.5,-105,2026-05-06T23:33:40Z,SAS,68.0,30.0,16.7,5.3,7.4,1.1,0.3,0.471,0.332,0.734,6.0,-0.8000000000000007,LOW
Minnesota Timberwolves at San Antonio Spurs,BetOnline.ag,player_points,stephon castle,Under,17.5,-123,2026-05-06T23:33:40Z,SAS,68.0,30.0,16.7,5.3,7.4,1.1,0.3,0.471,0.332,0.734,6.0,-0.8000000000000007,LOW
Minnesota Timberwolves at San Antonio Spurs,BetOnline.ag,player_points,julian champagnie,Over,9.5,-108,2026-05-06T23:33:40Z,SAS,82.0,27.6,11.1,5.8,1.5,0.8,0.5,0.437,0.381,0.844,7.2,1.5999999999999996,LOW
Minnesota Timberwolves at San Antonio Spurs,BetOnline.ag,player_points,julian champagnie,Under,9.5,-120,2026-05-06T23:33:40Z,SAS,82.0,27.6,11.1,5.8,1.5,0.8,0.5,0.437,0.381,0.844,7.2,1.5999999999999996,LOW
Minnesota Timberwolves at San Antonio Spurs,BetOnline.ag,player_points,ayo dosunmu,Over,10.5,-130,2026-05-06T23:33:40Z,MIN,69.0,27.3,14.8,3.4,3.6,0.8,0.3,0.517,0.439,0.876,-1.0,4.300000000000001,HIGH
Minnesota Timberwolves at San Antonio Spurs,BetOnline.ag,player_points,ayo dosunmu,Under,10.5,100,2026-05-06T23:33:40Z,MIN,69.0,27.3,14.8,3.4,3.6,0.8,0.3,0.517,0.439,0.876,-1.0,4.300000000000001,HIGH
Minnesota Timberwolves at San Antonio Spurs,BetOnline.ag,player_points,dylan harper,Over,11.5,-105,2026-05-06T23:33:40Z,SAS,69.0,22.6,11.8,3.4,3.9,0.8,0.3,0.505,0.343,0.756,4.4,0.3000000000000007,LOW
Minnesota Timberwolves at San Antonio Spurs,BetOnline.ag,player_points,dylan harper,Under,11.5,-123,2026-05-06T23:33:40Z,SAS,69.0,22.6,11.8,3.4,3.9,0.8,0.3,0.505,0.343,0.756,4.4,0.3000000000000007,LOW
Minnesota Timberwolves at San Antonio Spurs,BetOnline.ag,player_points,terrence shannon jr.,Over,8.5,-125,2026-05-06T23:33:40Z,MIN,43.0,12.5,5.6,1.1,0.9,0.3,0.0,0.45,0.408,0.8,-1.9,-2.9000000000000004,LOW
Minnesota Timberwolves at San Antonio Spurs,BetOnline.ag,player_points,terrence shannon jr.,Under,8.5,-103,2026-05-06T23:33:40Z,MIN,43.0,12.5,5.6,1.1,0.9,0.3,0.0,0.45,0.408,0.8,-1.9,-2.9000000000000004,LOW
Minnesota Timberwolves at San Antonio Spurs,BetOnline.ag,player_rebounds,keldon johnson,Over,3.5,-120,2026-05-06T23:33:40Z,SAS,82.0,23.3,13.2,5.4,1.4,0.6,0.1,0.519,0.363,0.794,3.9,1.9000000000000004,LOW
Minnesota Timberwolves at San Antonio Spurs,BetOnline.ag,player_rebounds,keldon johnson,Under,3.5,-108,2026-05-06T23:33:40Z,SAS,82.0,23.3,13.2,5.4,1.4,0.6,0.1,0.519,0.363,0.794,3.9,1.9000000000000004,LOW
Minnesota Timberwolves at San Antonio Spurs,BetOnline.ag,player_rebounds,naz reid,Over,6.5,109,2026-05-06T23:33:40Z,MIN,77.0,26.1,13.6,6.2,2.2,1.0,1.0,0.456,0.362,0.732,2.2,-0.2999999999999998,LOW
Minnesota Timberwolves at San Antonio Spurs,BetOnline.ag,player_rebounds,naz reid,Under,6.5,-141,2026-05-06T23:33:40Z,MIN,77.0,26.1,13.6,6.2,2.2,1.0,1.0,0.456,0.362,0.732,2.2,-0.2999999999999998,LOW
Minnesota Timberwolves at San Antonio Spurs,BetOnline.ag,player_rebounds,jaden mcdaniels,Over,4.5,-115,2026-05-06T23:33:40Z,MIN,73.0,31.7,14.8,4.2,2.7,1.1,1.0,0.515,0.412,0.835,1.6,-0.2999999999999998,LOW
Minnesota Timberwolves at San Antonio Spurs,BetOnline.ag,player_rebounds,jaden mcdaniels,Under,4.5,-112,2026-05-06T23:33:40Z,MIN,73.0,31.7,14.8,4.2,2.7,1.1,1.0,0.515,0.412,0.835,1.6,-0.2999999999999998,LOW
Minnesota Timberwolves at San Antonio Spurs,BetOnline.ag,player_rebounds,devin vassell,Over,4.5,122,2026-05-06T23:33:40Z,SAS,67.0,30.5,13.9,4.0,2.5,0.9,0.4,0.437,0.384,0.815,7.3,-0.5,LOW
Minnesota Timberwolves at San Antonio Spurs,BetOnline.ag,player_rebounds,devin vassell,Under,4.5,-159,2026-05-06T23:33:40Z,SAS,67.0,30.5,13.9,4.0,2.5,0.9,0.4,0.437,0.384,0.815,7.3,-0.5,LOW
Minnesota Timberwolves at San Antonio Spurs,BetOnline.ag,player_rebounds,victor wembanyama,Over,12.5,-109,2026-05-06T23:33:40Z,SAS,64.0,29.2,25.0,11.5,3.1,1.0,3.1,0.512,0.349,0.827,10.7,-1.0,LOW
Minnesota Timberwolves at San Antonio Spurs,BetOnline.ag,player_rebounds,victor wembanyama,Under,12.5,-119,2026-05-06T23:33:40Z,SAS,64.0,29.2,25.0,11.5,3.1,1.0,3.1,0.512,0.349,0.827,10.7,-1.0,LOW
Minnesota Timberwolves at San Antonio Spurs,BetOnline.ag,player_rebounds,julian champagnie,Over,5.5,113,2026-05-06T23:33:40Z,SAS,82.0,27.6,11.1,5.8,1.5,0.8,0.5,0.437,0.381,0.844,7.2,0.2999999999999998,LOW
Minnesota Timberwolves at San Antonio Spurs,BetOnline.ag,player_rebounds,julian champagnie,Under,5.5,-147,2026-05-06T23:33:40Z,SAS,82.0,27.6,11.1,5.8,1.5,0.8,0.5,0.437,0.381,0.844,7.2,0.2999999999999998,LOW
Minnesota Timberwolves at San Antonio Spurs,BetOnline.ag,player_rebounds,stephon castle,Over,5.5,107,2026-05-06T23:33:40Z,SAS,68.0,30.0,16.7,5.3,7.4,1.1,0.3,0.471,0.332,0.734,6.0,-0.20000000000000018,LOW
Minnesota Timberwolves at San Antonio Spurs,BetOnline.ag,player_rebounds,stephon castle,Under,5.5,-139,2026-05-06T23:33:40Z,SAS,68.0,30.0,16.7,5.3,7.4,1.1,0.3,0.471,0.332,0.734,6.0,-0.20000000000000018,LOW
Minnesota Timberwolves at San Antonio Spurs,BetOnline.ag,player_rebounds,julius randle,Over,6.5,-102,2026-05-06T23:33:40Z,MIN,79.0,33.0,21.1,6.7,5.0,1.1,0.2,0.481,0.315,0.802,2.9,0.20000000000000018,LOW
Minnesota Timberwolves at San Antonio Spurs,BetOnline.ag,player_rebounds,julius randle,Under,6.5,-127,2026-05-06T23:33:40Z,MIN,79.0,33.0,21.1,6.7,5.0,1.1,0.2,0.481,0.315,0.802,2.9,0.20000000000000018,LOW
Minnesota Timberwolves at San Antonio Spurs,BetOnline.ag,player_rebounds,de'aaron fox,Over,3.5,-115,2026-05-06T23:33:40Z,SAS,72.0,31.0,18.6,3.8,6.2,1.2,0.3,0.486,0.332,0.76,6.3,0.2999999999999998,LOW
Minnesota Timberwolves at San Antonio Spurs,BetOnline.ag,player_rebounds,de'aaron fox,Under,3.5,-112,2026-05-06T23:33:40Z,SAS,72.0,31.0,18.6,3.8,6.2,1.2,0.3,0.486,0.332,0.76,6.3,0.2999999999999998,LOW
Minnesota Timberwolves at San Antonio Spurs,BetOnline.ag,player_rebounds,dylan harper,Over,3.5,110,2026-05-06T23:33:40Z,SAS,69.0,22.6,11.8,3.4,3.9,0.8,0.3,0.505,0.343,0.756,4.4,-0.10000000000000009,LOW
Minnesota Timberwolves at San Antonio Spurs,BetOnline.ag,player_rebounds,dylan harper,Under,3.5,-143,2026-05-06T23:33:40Z,SAS,69.0,22.6,11.8,3.4,3.9,0.8,0.3,0.505,0.343,0.756,4.4,-0.10000000000000009,LOW
Minnesota Timberwolves at San Antonio Spurs,BetOnline.ag,player_rebounds,mike conley,Over,1.5,-152,2026-05-06T23:33:40Z,MIN,54.0,18.4,4.5,1.7,2.9,0.6,0.3,0.335,0.337,0.9,0.3,0.19999999999999996,LOW
Minnesota Timberwolves at San Antonio Spurs,BetOnline.ag,player_rebounds,mike conley,Under,1.5,117,2026-05-06T23:33:40Z,MIN,54.0,18.4,4.5,1.7,2.9,0.6,0.3,0.335,0.337,0.9,0.3,0.19999999999999996,LOW
Minnesota Timberwolves at San Antonio Spurs,BetOnline.ag,player_rebounds,rudy gobert,Over,10.5,-123,2026-05-06T23:33:40Z,MIN,76.0,31.3,10.9,11.5,1.7,0.8,1.6,0.682,0.0,0.526,3.1,1.0,LOW
Minnesota Timberwolves at San Antonio Spurs,BetOnline.ag,player_rebounds,rudy gobert,Under,10.5,-105,2026-05-06T23:33:40Z,MIN,76.0,31.3,10.9,11.5,1.7,0.8,1.6,0.682,0.0,0.526,3.1,1.0,LOW
Minnesota Timberwolves at San Antonio Spurs,BetOnline.ag,player_rebounds,ayo dosunmu,Over,2.5,-132,2026-05-06T23:33:40Z,MIN,69.0,27.3,14.8,3.4,3.6,0.8,0.3,0.517,0.439,0.876,-1.0,0.8999999999999999,LOW
Minnesota Timberwolves at San Antonio Spurs,BetOnline.ag,player_rebounds,ayo dosunmu,Under,2.5,102,2026-05-06T23:33:40Z,MIN,69.0,27.3,14.8,3.4,3.6,0.8,0.3,0.517,0.439,0.876,-1.0,0.8999999999999999,LOW
Minnesota Timberwolves at San Antonio Spurs,BetOnline.ag,player_rebounds,luke kornet,Over,3.5,112,2026-05-06T23:33:40Z,SAS,68.0,21.0,6.5,6.1,1.9,0.5,1.0,0.643,0.0,0.825,1.7,2.5999999999999996,MEDIUM
Minnesota Timberwolves at San Antonio Spurs,BetOnline.ag,player_rebounds,luke kornet,Under,3.5,-145,2026-05-06T23:33:40Z,SAS,68.0,21.0,6.5,6.1,1.9,0.5,1.0,0.643,0.0,0.825,1.7,2.5999999999999996,MEDIUM
Minnesota Timberwolves at San Antonio Spurs,BetOnline.ag,player_rebounds,anthony edwards,Over,4.5,118,2026-05-06T23:33:40Z,MIN,61.0,35.0,28.8,5.0,3.7,1.4,0.8,0.489,0.399,0.796,2.7,0.5,LOW
Minnesota Timberwolves at San Antonio Spurs,BetOnline.ag,player_rebounds,anthony edwards,Under,4.5,-154,2026-05-06T23:33:40Z,MIN,61.0,35.0,28.8,5.0,3.7,1.4,0.8,0.489,0.399,0.796,2.7,0.5,LOW
Minnesota Timberwolves at San Antonio Spurs,BetOnline.ag,player_threes,naz reid,Over,1.5,-135,2026-05-06T23:33:40Z,MIN,77.0,26.1,13.6,6.2,2.2,1.0,1.0,0.456,0.362,0.732,2.2,0.0,LOW
Minnesota Timberwolves at San Antonio Spurs,BetOnline.ag,player_threes,naz reid,Under,1.5,105,2026-05-06T23:33:40Z,MIN,77.0,26.1,13.6,6.2,2.2,1.0,1.0,0.456,0.362,0.732,2.2,0.0,LOW
Minnesota Timberwolves at San Antonio Spurs,BetOnline.ag,player_threes,keldon johnson,Over,0.5,-164,2026-05-06T23:33:40Z,SAS,82.0,23.3,13.2,5.4,1.4,0.6,0.1,0.519,0.363,0.794,3.9,0.0,LOW
Minnesota Timberwolves at San Antonio Spurs,BetOnline.ag,player_threes,keldon johnson,Under,0.5,125,2026-05-06T23:33:40Z,SAS,82.0,23.3,13.2,5.4,1.4,0.6,0.1,0.519,0.363,0.794,3.9,0.0,LOW
Minnesota Timberwolves at San Antonio Spurs,BetOnline.ag,player_threes,jaden mcdaniels,Over,1.5,152,2026-05-06T23:33:40Z,MIN,73.0,31.7,14.8,4.2,2.7,1.1,1.0,0.515,0.412,0.835,1.6,0.0,LOW
Minnesota Timberwolves at San Antonio Spurs,BetOnline.ag,player_threes,jaden mcdaniels,Under,1.5,-200,2026-05-06T23:33:40Z,MIN,73.0,31.7,14.8,4.2,2.7,1.1,1.0,0.515,0.412,0.835,1.6,0.0,LOW
Minnesota Timberwolves at San Antonio Spurs,BetOnline.ag,player_threes,devin vassell,Over,2.5,152,2026-05-06T23:33:40Z,SAS,67.0,30.5,13.9,4.0,2.5,0.9,0.4,0.437,0.384,0.815,7.3,0.0,LOW
Minnesota Timberwolves at San Antonio Spurs,BetOnline.ag,player_threes,devin vassell,Under,2.5,-200,2026-05-06T23:33:40Z,SAS,67.0,30.5,13.9,4.0,2.5,0.9,0.4,0.437,0.384,0.815,7.3,0.0,LOW
Minnesota Timberwolves at San Antonio Spurs,BetOnline.ag,player_threes,anthony edwards,Over,2.5,-101,2026-05-06T23:33:40Z,MIN,61.0,35.0,28.8,5.0,3.7,1.4,0.8,0.489,0.399,0.796,2.7,0.0,LOW
Minnesota Timberwolves at San Antonio Spurs,BetOnline.ag,player_threes,anthony edwards,Under,2.5,-128,2026-05-06T23:33:40Z,MIN,61.0,35.0,28.8,5.0,3.7,1.4,0.8,0.489,0.399,0.796,2.7,0.0,LOW
Minnesota Timberwolves at San Antonio Spurs,BetOnline.ag,player_threes,victor wembanyama,Over,2.5,115,2026-05-06T23:33:40Z,SAS,64.0,29.2,25.0,11.5,3.1,1.0,3.1,0.512,0.349,0.827,10.7,0.0,LOW
Minnesota Timberwolves at San Antonio Spurs,BetOnline.ag,player_threes,victor wembanyama,Under,2.5,-149,2026-05-06T23:33:40Z,SAS,64.0,29.2,25.0,11.5,3.1,1.0,3.1,0.512,0.349,0.827,10.7,0.0,LOW
Minnesota Timberwolves at San Antonio Spurs,BetOnline.ag,player_threes,julian champagnie,Over,1.5,-167,2026-05-06T23:33:40Z,SAS,82.0,27.6,11.1,5.8,1.5,0.8,0.5,0.437,0.381,0.844,7.2,0.0,LOW
Minnesota Timberwolves at San Antonio Spurs,BetOnline.ag,player_threes,julian champagnie,Under,1.5,128,2026-05-06T23:33:40Z,SAS,82.0,27.6,11.1,5.8,1.5,0.8,0.5,0.437,0.381,0.844,7.2,0.0,LOW
Minnesota Timberwolves at San Antonio Spurs,BetOnline.ag,player_threes,stephon castle,Over,1.5,122,2026-05-06T23:33:40Z,SAS,68.0,30.0,16.7,5.3,7.4,1.1,0.3,0.471,0.332,0.734,6.0,0.0,LOW
Minnesota Timberwolves at San Antonio Spurs,BetOnline.ag,player_threes,stephon castle,Under,1.5,-159,2026-05-06T23:33:40Z,SAS,68.0,30.0,16.7,5.3,7.4,1.1,0.3,0.471,0.332,0.734,6.0,0.0,LOW
Minnesota Timberwolves at San Antonio Spurs,BetOnline.ag,player_threes,julius randle,Over,1.5,155,2026-05-06T23:33:40Z,MIN,79.0,33.0,21.1,6.7,5.0,1.1,0.2,0.481,0.315,0.802,2.9,0.0,LOW
Minnesota Timberwolves at San Antonio Spurs,BetOnline.ag,player_threes,julius randle,Under,1.5,-204,2026-05-06T23:33:40Z,MIN,79.0,33.0,21.1,6.7,5.0,1.1,0.2,0.481,0.315,0.802,2.9,0.0,LOW
Minnesota Timberwolves at San Antonio Spurs,BetOnline.ag,player_threes,dylan harper,Over,0.5,-152,2026-05-06T23:33:40Z,SAS,69.0,22.6,11.8,3.4,3.9,0.8,0.3,0.505,0.343,0.756,4.4,0.0,LOW
Minnesota Timberwolves at San Antonio Spurs,BetOnline.ag,player_threes,dylan harper,Under,0.5,117,2026-05-06T23:33:40Z,SAS,69.0,22.6,11.8,3.4,3.9,0.8,0.3,0.505,0.343,0.756,4.4,0.0,LOW
Minnesota Timberwolves at San Antonio Spurs,BetOnline.ag,player_threes,de'aaron fox,Over,1.5,104,2026-05-06T23:33:40Z,SAS,72.0,31.0,18.6,3.8,6.2,1.2,0.3,0.486,0.332,0.76,6.3,0.0,LOW
Minnesota Timberwolves at San Antonio Spurs,BetOnline.ag,player_threes,de'aaron fox,Under,1.5,-135,2026-05-06T23:33:40Z,SAS,72.0,31.0,18.6,3.8,6.2,1.2,0.3,0.486,0.332,0.76,6.3,0.0,LOW
Minnesota Timberwolves at San Antonio Spurs,BetOnline.ag,player_threes,ayo dosunmu,Over,1.5,130,2026-05-06T23:33:40Z,MIN,69.0,27.3,14.8,3.4,3.6,0.8,0.3,0.517,0.439,0.876,-1.0,0.0,LOW
Minnesota Timberwolves at San Antonio Spurs,BetOnline.ag,player_threes,ayo dosunmu,Under,1.5,-169,2026-05-06T23:33:40Z,MIN,69.0,27.3,14.8,3.4,3.6,0.8,0.3,0.517,0.439,0.876,-1.0,0.0,LOW
Minnesota Timberwolves at San Antonio Spurs,BetOnline.ag,player_threes,mike conley,Over,0.5,-213,2026-05-06T23:33:40Z,MIN,54.0,18.4,4.5,1.7,2.9,0.6,0.3,0.335,0.337,0.9,0.3,0.0,LOW
Minnesota Timberwolves at San Antonio Spurs,BetOnline.ag,player_threes,mike conley,Under,0.5,162,2026-05-06T23:33:40Z,MIN,54.0,18.4,4.5,1.7,2.9,0.6,0.3,0.335,0.337,0.9,0.3,0.0,LOW
Minnesota Timberwolves at San Antonio Spurs,BetOnline.ag,player_threes,terrence shannon jr.,Over,0.5,-196,2026-05-06T23:33:40Z,MIN,43.0,12.5,5.6,1.1,0.9,0.3,0.0,0.45,0.408,0.8,-1.9,0.0,LOW
Minnesota Timberwolves at San Antonio Spurs,BetOnline.ag,player_threes,terrence shannon jr.,Under,0.5,150,2026-05-06T23:33:40Z,MIN,43.0,12.5,5.6,1.1,0.9,0.3,0.0,0.45,0.408,0.8,-1.9,0.0,LOW
Minnesota Timberwolves at San Antonio Spurs,FanDuel,player_assists,victor wembanyama,Over,3.5,112,2026-05-06T23:34:30Z,SAS,64.0,29.2,25.0,11.5,3.1,1.0,3.1,0.512,0.349,0.827,10.7,-0.3999999999999999,LOW
Minnesota Timberwolves at San Antonio Spurs,FanDuel,player_assists,victor wembanyama,Under,3.5,-142,2026-05-06T23:34:30Z,SAS,64.0,29.2,25.0,11.5,3.1,1.0,3.1,0.512,0.349,0.827,10.7,-0.3999999999999999,LOW
Minnesota Timberwolves at San Antonio Spurs,FanDuel,player_assists,devin vassell,Over,2.5,140,2026-05-06T23:34:30Z,SAS,67.0,30.5,13.9,4.0,2.5,0.9,0.4,0.437,0.384,0.815,7.3,0.0,LOW
Minnesota Timberwolves at San Antonio Spurs,FanDuel,player_assists,devin vassell,Under,2.5,-180,2026-05-06T23:34:30Z,SAS,67.0,30.5,13.9,4.0,2.5,0.9,0.4,0.437,0.384,0.815,7.3,0.0,LOW
Minnesota Timberwolves at San Antonio Spurs,FanDuel,player_assists,stephon castle,Over,6.5,-132,2026-05-06T23:34:30Z,SAS,68.0,30.0,16.7,5.3,7.4,1.1,0.3,0.471,0.332,0.734,6.0,0.9000000000000004,LOW
Minnesota Timberwolves at San Antonio Spurs,FanDuel,player_assists,stephon castle,Under,6.5,104,2026-05-06T23:34:30Z,SAS,68.0,30.0,16.7,5.3,7.4,1.1,0.3,0.471,0.332,0.734,6.0,0.9000000000000004,LOW
Minnesota Timberwolves at San Antonio Spurs,FanDuel,player_assists,ayo dosunmu,Over,3.5,112,2026-05-06T23:34:30Z,MIN,69.0,27.3,14.8,3.4,3.6,0.8,0.3,0.517,0.439,0.876,-1.0,0.10000000000000009,LOW
Minnesota Timberwolves at San Antonio Spurs,FanDuel,player_assists,ayo dosunmu,Under,3.5,-142,2026-05-06T23:34:30Z,MIN,69.0,27.3,14.8,3.4,3.6,0.8,0.3,0.517,0.439,0.876,-1.0,0.10000000000000009,LOW
Minnesota Timberwolves at San Antonio Spurs,FanDuel,player_assists,jaden mcdaniels,Over,2.5,100,2026-05-06T23:34:30Z,MIN,73.0,31.7,14.8,4.2,2.7,1.1,1.0,0.515,0.412,0.835,1.6,0.20000000000000018,LOW
Minnesota Timberwolves at San Antonio Spurs,FanDuel,player_assists,jaden mcdaniels,Under,2.5,-128,2026-05-06T23:34:30Z,MIN,73.0,31.7,14.8,4.2,2.7,1.1,1.0,0.515,0.412,0.835,1.6,0.20000000000000018,LOW
Minnesota Timberwolves at San Antonio Spurs,FanDuel,player_assists,anthony edwards,Over,3.5,144,2026-05-06T23:34:30Z,MIN,61.0,35.0,28.8,5.0,3.7,1.4,0.8,0.489,0.399,0.796,2.7,0.20000000000000018,LOW
Minnesota Timberwolves at San Antonio Spurs,FanDuel,player_assists,anthony edwards,Under,3.5,-186,2026-05-06T23:34:30Z,MIN,61.0,35.0,28.8,5.0,3.7,1.4,0.8,0.489,0.399,0.796,2.7,0.20000000000000018,LOW
Minnesota Timberwolves at San Antonio Spurs,FanDuel,player_assists,dylan harper,Over,3.5,130,2026-05-06T23:34:30Z,SAS,69.0,22.6,11.8,3.4,3.9,0.8,0.3,0.505,0.343,0.756,4.4,0.3999999999999999,LOW
Minnesota Timberwolves at San Antonio Spurs,FanDuel,player_assists,dylan harper,Under,3.5,-166,2026-05-06T23:34:30Z,SAS,69.0,22.6,11.8,3.4,3.9,0.8,0.3,0.505,0.343,0.756,4.4,0.3999999999999999,LOW
Minnesota Timberwolves at San Antonio Spurs,FanDuel,player_assists,julius randle,Over,4.5,130,2026-05-06T23:34:30Z,MIN,79.0,33.0,21.1,6.7,5.0,1.1,0.2,0.481,0.315,0.802,2.9,0.5,LOW
Minnesota Timberwolves at San Antonio Spurs,FanDuel,player_assists,julius randle,Under,4.5,-166,2026-05-06T23:34:30Z,MIN,79.0,33.0,21.1,6.7,5.0,1.1,0.2,0.481,0.315,0.802,2.9,0.5,LOW
Minnesota Timberwolves at San Antonio Spurs,FanDuel,player_assists,mike conley,Over,2.5,-166,2026-05-06T23:34:30Z,MIN,54.0,18.4,4.5,1.7,2.9,0.6,0.3,0.335,0.337,0.9,0.3,0.3999999999999999,LOW
Minnesota Timberwolves at San Antonio Spurs,FanDuel,player_assists,mike conley,Under,2.5,130,2026-05-06T23:34:30Z,MIN,54.0,18.4,4.5,1.7,2.9,0.6,0.3,0.335,0.337,0.9,0.3,0.3999999999999999,LOW
Minnesota Timberwolves at San Antonio Spurs,FanDuel,player_assists,de'aaron fox,Over,5.5,-136,2026-05-06T23:34:30Z,SAS,72.0,31.0,18.6,3.8,6.2,1.2,0.3,0.486,0.332,0.76,6.3,0.7000000000000002,LOW
Minnesota Timberwolves at San Antonio Spurs,FanDuel,player_assists,de'aaron fox,Under,5.5,106,2026-05-06T23:34:30Z,SAS,72.0,31.0,18.6,3.8,6.2,1.2,0.3,0.486,0.332,0.76,6.3,0.7000000000000002,LOW
Minnesota Timberwolves at San Antonio Spurs,FanDuel,player_blocks,victor wembanyama,Over,4.5,114,2026-05-06T23:34:30Z,SAS,64.0,29.2,25.0,11.5,3.1,1.0,3.1,0.512,0.349,0.827,10.7,0.0,LOW
Minnesota Timberwolves at San Antonio Spurs,FanDuel,player_blocks,victor wembanyama,Under,4.5,-152,2026-05-06T23:34:30Z,SAS,64.0,29.2,25.0,11.5,3.1,1.0,3.1,0.512,0.349,0.827,10.7,0.0,LOW
Minnesota Timberwolves at San Antonio Spurs,FanDuel,player_blocks,rudy gobert,Over,1.5,138,2026-05-06T23:34:30Z,MIN,76.0,31.3,10.9,11.5,1.7,0.8,1.6,0.682,0.0,0.526,3.1,0.0,LOW
Minnesota Timberwolves at San Antonio Spurs,FanDuel,player_blocks,rudy gobert,Under,1.5,-186,2026-05-06T23:34:30Z,MIN,76.0,31.3,10.9,11.5,1.7,0.8,1.6,0.682,0.0,0.526,3.1,0.0,LOW
Minnesota Timberwolves at San Antonio Spurs,FanDuel,player_points,rudy gobert,Over,7.5,-120,2026-05-06T23:34:30Z,MIN,76.0,31.3,10.9,11.5,1.7,0.8,1.6,0.682,0.0,0.526,3.1,3.4000000000000004,MEDIUM
Minnesota Timberwolves at San Antonio Spurs,FanDuel,player_points,rudy gobert,Under,7.5,-106,2026-05-06T23:34:30Z,MIN,76.0,31.3,10.9,11.5,1.7,0.8,1.6,0.682,0.0,0.526,3.1,3.4000000000000004,MEDIUM
Minnesota Timberwolves at San Antonio Spurs,FanDuel,player_points,naz reid,Over,12.5,100,2026-05-06T23:34:30Z,MIN,77.0,26.1,13.6,6.2,2.2,1.0,1.0,0.456,0.362,0.732,2.2,1.0999999999999996,LOW
Minnesota Timberwolves at San Antonio Spurs,FanDuel,player_points,naz reid,Under,12.5,-128,2026-05-06T23:34:30Z,MIN,77.0,26.1,13.6,6.2,2.2,1.0,1.0,0.456,0.362,0.732,2.2,1.0999999999999996,LOW
Minnesota Timberwolves at San Antonio Spurs,FanDuel,player_points,luke kornet,Over,3.5,100,2026-05-06T23:34:30Z,SAS,68.0,21.0,6.5,6.1,1.9,0.5,1.0,0.643,0.0,0.825,1.7,3.0,MEDIUM
Minnesota Timberwolves at San Antonio Spurs,FanDuel,player_points,luke kornet,Under,3.5,-128,2026-05-06T23:34:30Z,SAS,68.0,21.0,6.5,6.1,1.9,0.5,1.0,0.643,0.0,0.825,1.7,3.0,MEDIUM
Minnesota Timberwolves at San Antonio Spurs,FanDuel,player_points,devin vassell,Over,12.5,-125,2026-05-06T23:34:30Z,SAS,67.0,30.5,13.9,4.0,2.5,0.9,0.4,0.437,0.384,0.815,7.3,1.4000000000000004,LOW
Minnesota Timberwolves at San Antonio Spurs,FanDuel,player_points,devin vassell,Under,12.5,-102,2026-05-06T23:34:30Z,SAS,67.0,30.5,13.9,4.0,2.5,0.9,0.4,0.437,0.384,0.815,7.3,1.4000000000000004,LOW
Minnesota Timberwolves at San Antonio Spurs,FanDuel,player_points,ayo dosunmu,Over,10.5,-113,2026-05-06T23:34:30Z,MIN,69.0,27.3,14.8,3.4,3.6,0.8,0.3,0.517,0.439,0.876,-1.0,4.300000000000001,HIGH
Minnesota Timberwolves at San Antonio Spurs,FanDuel,player_points,ayo dosunmu,Under,10.5,-113,2026-05-06T23:34:30Z,MIN,69.0,27.3,14.8,3.4,3.6,0.8,0.3,0.517,0.439,0.876,-1.0,4.300000000000001,HIGH
Minnesota Timberwolves at San Antonio Spurs,FanDuel,player_points,jaden mcdaniels,Over,14.5,-104,2026-05-06T23:34:30Z,MIN,73.0,31.7,14.8,4.2,2.7,1.1,1.0,0.515,0.412,0.835,1.6,0.3000000000000007,LOW
Minnesota Timberwolves at San Antonio Spurs,FanDuel,player_points,jaden mcdaniels,Under,14.5,-122,2026-05-06T23:34:30Z,MIN,73.0,31.7,14.8,4.2,2.7,1.1,1.0,0.515,0.412,0.835,1.6,0.3000000000000007,LOW
Minnesota Timberwolves at San Antonio Spurs,FanDuel,player_points,stephon castle,Over,16.5,-125,2026-05-06T23:34:30Z,SAS,68.0,30.0,16.7,5.3,7.4,1.1,0.3,0.471,0.332,0.734,6.0,0.1999999999999993,LOW
Minnesota Timberwolves at San Antonio Spurs,FanDuel,player_points,stephon castle,Under,16.5,-102,2026-05-06T23:34:30Z,SAS,68.0,30.0,16.7,5.3,7.4,1.1,0.3,0.471,0.332,0.734,6.0,0.1999999999999993,LOW
Minnesota Timberwolves at San Antonio Spurs,FanDuel,player_points,dylan harper,Over,11.5,-102,2026-05-06T23:34:30Z,SAS,69.0,22.6,11.8,3.4,3.9,0.8,0.3,0.505,0.343,0.756,4.4,0.3000000000000007,LOW
Minnesota Timberwolves at San Antonio Spurs,FanDuel,player_points,dylan harper,Under,11.5,-125,2026-05-06T23:34:30Z,SAS,69.0,22.6,11.8,3.4,3.9,0.8,0.3,0.505,0.343,0.756,4.4,0.3000000000000007,LOW
Minnesota Timberwolves at San Antonio Spurs,FanDuel,player_points,keldon johnson,Over,9.5,102,2026-05-06T23:34:30Z,SAS,82.0,23.3,13.2,5.4,1.4,0.6,0.1,0.519,0.363,0.794,3.9,3.6999999999999993,MEDIUM
Minnesota Timberwolves at San Antonio Spurs,FanDuel,player_points,keldon johnson,Under,9.5,-130,2026-05-06T23:34:30Z,SAS,82.0,23.3,13.2,5.4,1.4,0.6,0.1,0.519,0.363,0.794,3.9,3.6999999999999993,MEDIUM
Minnesota Timberwolves at San Antonio Spurs,FanDuel,player_points,julius randle,Over,18.5,100,2026-05-06T23:34:30Z,MIN,79.0,33.0,21.1,6.7,5.0,1.1,0.2,0.481,0.315,0.802,2.9,2.6000000000000014,MEDIUM
Minnesota Timberwolves at San Antonio Spurs,FanDuel,player_points,julius randle,Under,18.5,-128,2026-05-06T23:34:30Z,MIN,79.0,33.0,21.1,6.7,5.0,1.1,0.2,0.481,0.315,0.802,2.9,2.6000000000000014,MEDIUM
Minnesota Timberwolves at San Antonio Spurs,FanDuel,player_points,julian champagnie,Over,9.5,102,2026-05-06T23:34:30Z,SAS,82.0,27.6,11.1,5.8,1.5,0.8,0.5,0.437,0.381,0.844,7.2,1.5999999999999996,LOW
Minnesota Timberwolves at San Antonio Spurs,FanDuel,player_points,julian champagnie,Under,9.5,-130,2026-05-06T23:34:30Z,SAS,82.0,27.6,11.1,5.8,1.5,0.8,0.5,0.437,0.381,0.844,7.2,1.5999999999999996,LOW
Minnesota Timberwolves at San Antonio Spurs,FanDuel,player_points,anthony edwards,Over,20.5,-113,2026-05-06T23:34:30Z,MIN,61.0,35.0,28.8,5.0,3.7,1.4,0.8,0.489,0.399,0.796,2.7,8.3,HIGH
Minnesota Timberwolves at San Antonio Spurs,FanDuel,player_points,anthony edwards,Under,20.5,-113,2026-05-06T23:34:30Z,MIN,61.0,35.0,28.8,5.0,3.7,1.4,0.8,0.489,0.399,0.796,2.7,8.3,HIGH
Minnesota Timberwolves at San Antonio Spurs,FanDuel,player_points,mike conley,Over,4.5,106,2026-05-06T23:34:30Z,MIN,54.0,18.4,4.5,1.7,2.9,0.6,0.3,0.335,0.337,0.9,0.3,0.0,LOW
Minnesota Timberwolves at San Antonio Spurs,FanDuel,player_points,mike conley,Under,4.5,-136,2026-05-06T23:34:30Z,MIN,54.0,18.4,4.5,1.7,2.9,0.6,0.3,0.335,0.337,0.9,0.3,0.0,LOW
Minnesota Timberwolves at San Antonio Spurs,FanDuel,player_points,de'aaron fox,Over,17.5,-104,2026-05-06T23:34:30Z,SAS,72.0,31.0,18.6,3.8,6.2,1.2,0.3,0.486,0.332,0.76,6.3,1.1000000000000014,LOW
Minnesota Timberwolves at San Antonio Spurs,FanDuel,player_points,de'aaron fox,Under,17.5,-122,2026-05-06T23:34:30Z,SAS,72.0,31.0,18.6,3.8,6.2,1.2,0.3,0.486,0.332,0.76,6.3,1.1000000000000014,LOW
Minnesota Timberwolves at San Antonio Spurs,FanDuel,player_points,victor wembanyama,Over,26.5,-115,2026-05-06T23:34:30Z,SAS,64.0,29.2,25.0,11.5,3.1,1.0,3.1,0.512,0.349,0.827,10.7,-1.5,LOW
Minnesota Timberwolves at San Antonio Spurs,FanDuel,player_points,victor wembanyama,Under,26.5,-111,2026-05-06T23:34:30Z,SAS,64.0,29.2,25.0,11.5,3.1,1.0,3.1,0.512,0.349,0.827,10.7,-1.5,LOW
Minnesota Timberwolves at San Antonio Spurs,FanDuel,player_points,terrence shannon jr.,Over,8.5,-115,2026-05-06T23:34:30Z,MIN,43.0,12.5,5.6,1.1,0.9,0.3,0.0,0.45,0.408,0.8,-1.9,-2.9000000000000004,LOW
Minnesota Timberwolves at San Antonio Spurs,FanDuel,player_points,terrence shannon jr.,Under,8.5,-111,2026-05-06T23:34:30Z,MIN,43.0,12.5,5.6,1.1,0.9,0.3,0.0,0.45,0.408,0.8,-1.9,-2.9000000000000004,LOW
Minnesota Timberwolves at San Antonio Spurs,FanDuel,player_rebounds,rudy gobert,Over,10.5,-132,2026-05-06T23:34:30Z,MIN,76.0,31.3,10.9,11.5,1.7,0.8,1.6,0.682,0.0,0.526,3.1,1.0,LOW
Minnesota Timberwolves at San Antonio Spurs,FanDuel,player_rebounds,rudy gobert,Under,10.5,104,2026-05-06T23:34:30Z,MIN,76.0,31.3,10.9,11.5,1.7,0.8,1.6,0.682,0.0,0.526,3.1,1.0,LOW
Minnesota Timberwolves at San Antonio Spurs,FanDuel,player_rebounds,naz reid,Over,6.5,120,2026-05-06T23:34:30Z,MIN,77.0,26.1,13.6,6.2,2.2,1.0,1.0,0.456,0.362,0.732,2.2,-0.2999999999999998,LOW
Minnesota Timberwolves at San Antonio Spurs,FanDuel,player_rebounds,naz reid,Under,6.5,-154,2026-05-06T23:34:30Z,MIN,77.0,26.1,13.6,6.2,2.2,1.0,1.0,0.456,0.362,0.732,2.2,-0.2999999999999998,LOW
Minnesota Timberwolves at San Antonio Spurs,FanDuel,player_rebounds,luke kornet,Over,3.5,102,2026-05-06T23:34:30Z,SAS,68.0,21.0,6.5,6.1,1.9,0.5,1.0,0.643,0.0,0.825,1.7,2.5999999999999996,MEDIUM
Minnesota Timberwolves at San Antonio Spurs,FanDuel,player_rebounds,luke kornet,Under,3.5,-130,2026-05-06T23:34:30Z,SAS,68.0,21.0,6.5,6.1,1.9,0.5,1.0,0.643,0.0,0.825,1.7,2.5999999999999996,MEDIUM
Minnesota Timberwolves at San Antonio Spurs,FanDuel,player_rebounds,victor wembanyama,Over,12.5,100,2026-05-06T23:34:30Z,SAS,64.0,29.2,25.0,11.5,3.1,1.0,3.1,0.512,0.349,0.827,10.7,-1.0,LOW
Minnesota Timberwolves at San Antonio Spurs,FanDuel,player_rebounds,victor wembanyama,Under,12.5,-128,2026-05-06T23:34:30Z,SAS,64.0,29.2,25.0,11.5,3.1,1.0,3.1,0.512,0.349,0.827,10.7,-1.0,LOW
Minnesota Timberwolves at San Antonio Spurs,FanDuel,player_rebounds,devin vassell,Over,3.5,-154,2026-05-06T23:34:30Z,SAS,67.0,30.5,13.9,4.0,2.5,0.9,0.4,0.437,0.384,0.815,7.3,0.5,LOW
Minnesota Timberwolves at San Antonio Spurs,FanDuel,player_rebounds,devin vassell,Under,3.5,120,2026-05-06T23:34:30Z,SAS,67.0,30.5,13.9,4.0,2.5,0.9,0.4,0.437,0.384,0.815,7.3,0.5,LOW
Minnesota Timberwolves at San Antonio Spurs,FanDuel,player_rebounds,jaden mcdaniels,Over,4.5,-113,2026-05-06T23:34:30Z,MIN,73.0,31.7,14.8,4.2,2.7,1.1,1.0,0.515,0.412,0.835,1.6,-0.2999999999999998,LOW
Minnesota Timberwolves at San Antonio Spurs,FanDuel,player_rebounds,jaden mcdaniels,Under,4.5,-113,2026-05-06T23:34:30Z,MIN,73.0,31.7,14.8,4.2,2.7,1.1,1.0,0.515,0.412,0.835,1.6,-0.2999999999999998,LOW
Minnesota Timberwolves at San Antonio Spurs,FanDuel,player_rebounds,stephon castle,Over,5.5,112,2026-05-06T23:34:30Z,SAS,68.0,30.0,16.7,5.3,7.4,1.1,0.3,0.471,0.332,0.734,6.0,-0.20000000000000018,LOW
Minnesota Timberwolves at San Antonio Spurs,FanDuel,player_rebounds,stephon castle,Under,5.5,-142,2026-05-06T23:34:30Z,SAS,68.0,30.0,16.7,5.3,7.4,1.1,0.3,0.471,0.332,0.734,6.0,-0.20000000000000018,LOW
Minnesota Timberwolves at San Antonio Spurs,FanDuel,player_rebounds,keldon johnson,Over,3.5,-113,2026-05-06T23:34:30Z,SAS,82.0,23.3,13.2,5.4,1.4,0.6,0.1,0.519,0.363,0.794,3.9,1.9000000000000004,LOW
Minnesota Timberwolves at San Antonio Spurs,FanDuel,player_rebounds,keldon johnson,Under,3.5,-113,2026-05-06T23:34:30Z,SAS,82.0,23.3,13.2,5.4,1.4,0.6,0.1,0.519,0.363,0.794,3.9,1.9000000000000004,LOW
Minnesota Timberwolves at San Antonio Spurs,FanDuel,player_rebounds,dylan harper,Over,3.5,106,2026-05-06T23:34:30Z,SAS,69.0,22.6,11.8,3.4,3.9,0.8,0.3,0.505,0.343,0.756,4.4,-0.10000000000000009,LOW
Minnesota Timberwolves at San Antonio Spurs,FanDuel,player_rebounds,dylan harper,Under,3.5,-136,2026-05-06T23:34:30Z,SAS,69.0,22.6,11.8,3.4,3.9,0.8,0.3,0.505,0.343,0.756,4.4,-0.10000000000000009,LOW
Minnesota Timberwolves at San Antonio Spurs,FanDuel,player_rebounds,julius randle,Over,6.5,102,2026-05-06T23:34:30Z,MIN,79.0,33.0,21.1,6.7,5.0,1.1,0.2,0.481,0.315,0.802,2.9,0.20000000000000018,LOW
Minnesota Timberwolves at San Antonio Spurs,FanDuel,player_rebounds,julius randle,Under,6.5,-130,2026-05-06T23:34:30Z,MIN,79.0,33.0,21.1,6.7,5.0,1.1,0.2,0.481,0.315,0.802,2.9,0.20000000000000018,LOW
Minnesota Timberwolves at San Antonio Spurs,FanDuel,player_rebounds,julian champagnie,Over,5.5,122,2026-05-06T23:34:30Z,SAS,82.0,27.6,11.1,5.8,1.5,0.8,0.5,0.437,0.381,0.844,7.2,0.2999999999999998,LOW
Minnesota Timberwolves at San Antonio Spurs,FanDuel,player_rebounds,julian champagnie,Under,5.5,-156,2026-05-06T23:34:30Z,SAS,82.0,27.6,11.1,5.8,1.5,0.8,0.5,0.437,0.381,0.844,7.2,0.2999999999999998,LOW
Minnesota Timberwolves at San Antonio Spurs,FanDuel,player_rebounds,anthony edwards,Over,3.5,-160,2026-05-06T23:34:30Z,MIN,61.0,35.0,28.8,5.0,3.7,1.4,0.8,0.489,0.399,0.796,2.7,1.5,LOW
Minnesota Timberwolves at San Antonio Spurs,FanDuel,player_rebounds,anthony edwards,Under,3.5,124,2026-05-06T23:34:30Z,MIN,61.0,35.0,28.8,5.0,3.7,1.4,0.8,0.489,0.399,0.796,2.7,1.5,LOW
Minnesota Timberwolves at San Antonio Spurs,FanDuel,player_rebounds,de'aaron fox,Over,3.5,-113,2026-05-06T23:34:30Z,SAS,72.0,31.0,18.6,3.8,6.2,1.2,0.3,0.486,0.332,0.76,6.3,0.2999999999999998,LOW
Minnesota Timberwolves at San Antonio Spurs,FanDuel,player_rebounds,de'aaron fox,Under,3.5,-113,2026-05-06T23:34:30Z,SAS,72.0,31.0,18.6,3.8,6.2,1.2,0.3,0.486,0.332,0.76,6.3,0.2999999999999998,LOW
Minnesota Timberwolves at San Antonio Spurs,FanDuel,player_steals,victor wembanyama,Over,1.5,162,2026-05-06T23:34:30Z,SAS,64.0,29.2,25.0,11.5,3.1,1.0,3.1,0.512,0.349,0.827,10.7,0.0,LOW
Minnesota Timberwolves at San Antonio Spurs,FanDuel,player_steals,victor wembanyama,Under,1.5,-220,2026-05-06T23:34:30Z,SAS,64.0,29.2,25.0,11.5,3.1,1.0,3.1,0.512,0.349,0.827,10.7,0.0,LOW
Minnesota Timberwolves at San Antonio Spurs,FanDuel,player_steals,de'aaron fox,Over,1.5,138,2026-05-06T23:34:30Z,SAS,72.0,31.0,18.6,3.8,6.2,1.2,0.3,0.486,0.332,0.76,6.3,0.0,LOW
Minnesota Timberwolves at San Antonio Spurs,FanDuel,player_steals,de'aaron fox,Under,1.5,-186,2026-05-06T23:34:30Z,SAS,72.0,31.0,18.6,3.8,6.2,1.2,0.3,0.486,0.332,0.76,6.3,0.0,LOW
Minnesota Timberwolves at San Antonio Spurs,FanDuel,player_steals,stephon castle,Over,1.5,162,2026-05-06T23:34:30Z,SAS,68.0,30.0,16.7,5.3,7.4,1.1,0.3,0.471,0.332,0.734,6.0,0.0,LOW
Minnesota Timberwolves at San Antonio Spurs,FanDuel,player_steals,stephon castle,Under,1.5,-220,2026-05-06T23:34:30Z,SAS,68.0,30.0,16.7,5.3,7.4,1.1,0.3,0.471,0.332,0.734,6.0,0.0,LOW
Minnesota Timberwolves at San Antonio Spurs,FanDuel,player_threes,naz reid,Over,1.5,-150,2026-05-06T23:34:30Z,MIN,77.0,26.1,13.6,6.2,2.2,1.0,1.0,0.456,0.362,0.732,2.2,0.0,LOW
Minnesota Timberwolves at San Antonio Spurs,FanDuel,player_threes,naz reid,Under,1.5,118,2026-05-06T23:34:30Z,MIN,77.0,26.1,13.6,6.2,2.2,1.0,1.0,0.456,0.362,0.732,2.2,0.0,LOW
Minnesota Timberwolves at San Antonio Spurs,FanDuel,player_threes,victor wembanyama,Over,2.5,122,2026-05-06T23:34:30Z,SAS,64.0,29.2,25.0,11.5,3.1,1.0,3.1,0.512,0.349,0.827,10.7,0.0,LOW
Minnesota Timberwolves at San Antonio Spurs,FanDuel,player_threes,victor wembanyama,Under,2.5,-156,2026-05-06T23:34:30Z,SAS,64.0,29.2,25.0,11.5,3.1,1.0,3.1,0.512,0.349,0.827,10.7,0.0,LOW
Minnesota Timberwolves at San Antonio Spurs,FanDuel,player_threes,devin vassell,Over,2.5,158,2026-05-06T23:34:30Z,SAS,67.0,30.5,13.9,4.0,2.5,0.9,0.4,0.437,0.384,0.815,7.3,0.0,LOW
Minnesota Timberwolves at San Antonio Spurs,FanDuel,player_threes,devin vassell,Under,2.5,-205,2026-05-06T23:34:30Z,SAS,67.0,30.5,13.9,4.0,2.5,0.9,0.4,0.437,0.384,0.815,7.3,0.0,LOW
Minnesota Timberwolves at San Antonio Spurs,FanDuel,player_threes,jaden mcdaniels,Over,1.5,144,2026-05-06T23:34:30Z,MIN,73.0,31.7,14.8,4.2,2.7,1.1,1.0,0.515,0.412,0.835,1.6,0.0,LOW
Minnesota Timberwolves at San Antonio Spurs,FanDuel,player_threes,jaden mcdaniels,Under,1.5,-186,2026-05-06T23:34:30Z,MIN,73.0,31.7,14.8,4.2,2.7,1.1,1.0,0.515,0.412,0.835,1.6,0.0,LOW
Minnesota Timberwolves at San Antonio Spurs,FanDuel,player_threes,stephon castle,Over,1.5,126,2026-05-06T23:34:30Z,SAS,68.0,30.0,16.7,5.3,7.4,1.1,0.3,0.471,0.332,0.734,6.0,0.0,LOW
Minnesota Timberwolves at San Antonio Spurs,FanDuel,player_threes,stephon castle,Under,1.5,-162,2026-05-06T23:34:30Z,SAS,68.0,30.0,16.7,5.3,7.4,1.1,0.3,0.471,0.332,0.734,6.0,0.0,LOW
Minnesota Timberwolves at San Antonio Spurs,FanDuel,player_threes,anthony edwards,Over,2.5,112,2026-05-06T23:34:30Z,MIN,61.0,35.0,28.8,5.0,3.7,1.4,0.8,0.489,0.399,0.796,2.7,0.0,LOW
Minnesota Timberwolves at San Antonio Spurs,FanDuel,player_threes,anthony edwards,Under,2.5,-142,2026-05-06T23:34:30Z,MIN,61.0,35.0,28.8,5.0,3.7,1.4,0.8,0.489,0.399,0.796,2.7,0.0,LOW
Minnesota Timberwolves at San Antonio Spurs,FanDuel,player_threes,julius randle,Over,1.5,152,2026-05-06T23:34:30Z,MIN,79.0,33.0,21.1,6.7,5.0,1.1,0.2,0.481,0.315,0.802,2.9,0.0,LOW
Minnesota Timberwolves at San Antonio Spurs,FanDuel,player_threes,julius randle,Under,1.5,-196,2026-05-06T23:34:30Z,MIN,79.0,33.0,21.1,6.7,5.0,1.1,0.2,0.481,0.315,0.802,2.9,0.0,LOW
Minnesota Timberwolves at San Antonio Spurs,FanDuel,player_threes,julian champagnie,Over,1.5,-186,2026-05-06T23:34:30Z,SAS,82.0,27.6,11.1,5.8,1.5,0.8,0.5,0.437,0.381,0.844,7.2,0.0,LOW
Minnesota Timberwolves at San Antonio Spurs,FanDuel,player_threes,julian champagnie,Under,1.5,144,2026-05-06T23:34:30Z,SAS,82.0,27.6,11.1,5.8,1.5,0.8,0.5,0.437,0.381,0.844,7.2,0.0,LOW
Minnesota Timberwolves at San Antonio Spurs,FanDuel,player_threes,mike conley,Over,1.5,200,2026-05-06T23:34:30Z,MIN,54.0,18.4,4.5,1.7,2.9,0.6,0.3,0.335,0.337,0.9,0.3,0.0,LOW
Minnesota Timberwolves at San Antonio Spurs,FanDuel,player_threes,mike conley,Under,1.5,-265,2026-05-06T23:34:30Z,MIN,54.0,18.4,4.5,1.7,2.9,0.6,0.3,0.335,0.337,0.9,0.3,0.0,LOW
Minnesota Timberwolves at San Antonio Spurs,FanDuel,player_threes,de'aaron fox,Over,1.5,110,2026-05-06T23:34:30Z,SAS,72.0,31.0,18.6,3.8,6.2,1.2,0.3,0.486,0.332,0.76,6.3,0.0,LOW
Minnesota Timberwolves at San Antonio Spurs,FanDuel,player_threes,de'aaron fox,Under,1.5,-140,2026-05-06T23:34:30Z,SAS,72.0,31.0,18.6,3.8,6.2,1.2,0.3,0.486,0.332,0.76,6.3,0.0,LOW
Minnesota Timberwolves at San Antonio Spurs,BetRivers,player_assists,ayo dosunmu,Over,3.5,135,2026-05-06T23:34:16Z,MIN,69.0,27.3,14.8,3.4,3.6,0.8,0.3,0.517,0.439,0.876,-1.0,0.10000000000000009,LOW
Minnesota Timberwolves at San Antonio Spurs,BetRivers,player_assists,ayo dosunmu,Under,3.5,-186,2026-05-06T23:34:16Z,MIN,69.0,27.3,14.8,3.4,3.6,0.8,0.3,0.517,0.439,0.876,-1.0,0.10000000000000009,LOW
Minnesota Timberwolves at San Antonio Spurs,BetRivers,player_assists,julius randle,Over,4.5,120,2026-05-06T23:34:16Z,MIN,79.0,33.0,21.1,6.7,5.0,1.1,0.2,0.481,0.315,0.802,2.9,0.5,LOW
Minnesota Timberwolves at San Antonio Spurs,BetRivers,player_assists,julius randle,Under,4.5,-165,2026-05-06T23:34:16Z,MIN,79.0,33.0,21.1,6.7,5.0,1.1,0.2,0.481,0.315,0.802,2.9,0.5,LOW
Minnesota Timberwolves at San Antonio Spurs,BetRivers,player_assists,jaden mcdaniels,Over,2.5,-114,2026-05-06T23:34:16Z,MIN,73.0,31.7,14.8,4.2,2.7,1.1,1.0,0.515,0.412,0.835,1.6,0.20000000000000018,LOW
Minnesota Timberwolves at San Antonio Spurs,BetRivers,player_assists,jaden mcdaniels,Under,2.5,-120,2026-05-06T23:34:16Z,MIN,73.0,31.7,14.8,4.2,2.7,1.1,1.0,0.515,0.412,0.835,1.6,0.20000000000000018,LOW
Minnesota Timberwolves at San Antonio Spurs,BetRivers,player_assists,stephon castle,Over,6.5,-139,2026-05-06T23:34:16Z,SAS,68.0,30.0,16.7,5.3,7.4,1.1,0.3,0.471,0.332,0.734,6.0,0.9000000000000004,LOW
Minnesota Timberwolves at San Antonio Spurs,BetRivers,player_assists,stephon castle,Under,6.5,102,2026-05-06T23:34:16Z,SAS,68.0,30.0,16.7,5.3,7.4,1.1,0.3,0.471,0.332,0.734,6.0,0.9000000000000004,LOW
Minnesota Timberwolves at San Antonio Spurs,BetRivers,player_assists,anthony edwards,Over,3.5,132,2026-05-06T23:34:16Z,MIN,61.0,35.0,28.8,5.0,3.7,1.4,0.8,0.489,0.399,0.796,2.7,0.20000000000000018,LOW
Minnesota Timberwolves at San Antonio Spurs,BetRivers,player_assists,anthony edwards,Under,3.5,-182,2026-05-06T23:34:16Z,MIN,61.0,35.0,28.8,5.0,3.7,1.4,0.8,0.489,0.399,0.796,2.7,0.20000000000000018,LOW
Minnesota Timberwolves at San Antonio Spurs,BetRivers,player_assists,victor wembanyama,Over,3.5,-109,2026-05-06T23:34:16Z,SAS,64.0,29.2,25.0,11.5,3.1,1.0,3.1,0.512,0.349,0.827,10.7,-0.3999999999999999,LOW
Minnesota Timberwolves at San Antonio Spurs,BetRivers,player_assists,victor wembanyama,Under,3.5,-125,2026-05-06T23:34:16Z,SAS,64.0,29.2,25.0,11.5,3.1,1.0,3.1,0.512,0.349,0.827,10.7,-0.3999999999999999,LOW
Minnesota Timberwolves at San Antonio Spurs,BetRivers,player_assists,devin vassell,Over,2.5,115,2026-05-06T23:34:16Z,SAS,67.0,30.5,13.9,4.0,2.5,0.9,0.4,0.437,0.384,0.815,7.3,0.0,LOW
Minnesota Timberwolves at San Antonio Spurs,BetRivers,player_assists,devin vassell,Under,2.5,-157,2026-05-06T23:34:16Z,SAS,67.0,30.5,13.9,4.0,2.5,0.9,0.4,0.437,0.384,0.815,7.3,0.0,LOW
Minnesota Timberwolves at San Antonio Spurs,BetRivers,player_assists,de'aaron fox,Over,5.5,-143,2026-05-06T23:34:16Z,SAS,72.0,31.0,18.6,3.8,6.2,1.2,0.3,0.486,0.332,0.76,6.3,0.7000000000000002,LOW
Minnesota Timberwolves at San Antonio Spurs,BetRivers,player_assists,de'aaron fox,Under,5.5,106,2026-05-06T23:34:16Z,SAS,72.0,31.0,18.6,3.8,6.2,1.2,0.3,0.486,0.332,0.76,6.3,0.7000000000000002,LOW
Minnesota Timberwolves at San Antonio Spurs,BetRivers,player_assists,dylan harper,Over,3.5,112,2026-05-06T23:34:16Z,SAS,69.0,22.6,11.8,3.4,3.9,0.8,0.3,0.505,0.343,0.756,4.4,0.3999999999999999,LOW
Minnesota Timberwolves at San Antonio Spurs,BetRivers,player_assists,dylan harper,Under,3.5,-152,2026-05-06T23:34:16Z,SAS,69.0,22.6,11.8,3.4,3.9,0.8,0.3,0.505,0.343,0.756,4.4,0.3999999999999999,LOW
Minnesota Timberwolves at San Antonio Spurs,BetRivers,player_points,naz reid,Over,12.5,-110,2026-05-06T23:34:16Z,MIN,77.0,26.1,13.6,6.2,2.2,1.0,1.0,0.456,0.362,0.732,2.2,1.0999999999999996,LOW
Minnesota Timberwolves at San Antonio Spurs,BetRivers,player_points,naz reid,Under,12.5,-122,2026-05-06T23:34:16Z,MIN,77.0,26.1,13.6,6.2,2.2,1.0,1.0,0.456,0.362,0.732,2.2,1.0999999999999996,LOW
Minnesota Timberwolves at San Antonio Spurs,BetRivers,player_points,julius randle,Over,17.5,-129,2026-05-06T23:34:16Z,MIN,79.0,33.0,21.1,6.7,5.0,1.1,0.2,0.481,0.315,0.802,2.9,3.6000000000000014,MEDIUM
Minnesota Timberwolves at San Antonio Spurs,BetRivers,player_points,julius randle,Under,17.5,-106,2026-05-06T23:34:16Z,MIN,79.0,33.0,21.1,6.7,5.0,1.1,0.2,0.481,0.315,0.802,2.9,3.6000000000000014,MEDIUM
Minnesota Timberwolves at San Antonio Spurs,BetRivers,player_points,anthony edwards,Over,21.5,-105,2026-05-06T23:34:16Z,MIN,61.0,35.0,28.8,5.0,3.7,1.4,0.8,0.489,0.399,0.796,2.7,7.300000000000001,HIGH
Minnesota Timberwolves at San Antonio Spurs,BetRivers,player_points,anthony edwards,Under,21.5,-130,2026-05-06T23:34:16Z,MIN,61.0,35.0,28.8,5.0,3.7,1.4,0.8,0.489,0.399,0.796,2.7,7.300000000000001,HIGH
Minnesota Timberwolves at San Antonio Spurs,BetRivers,player_points,de'aaron fox,Over,18.5,118,2026-05-06T23:34:16Z,SAS,72.0,31.0,18.6,3.8,6.2,1.2,0.3,0.486,0.332,0.76,6.3,0.10000000000000142,LOW
Minnesota Timberwolves at San Antonio Spurs,BetRivers,player_points,de'aaron fox,Under,18.5,-165,2026-05-06T23:34:16Z,SAS,72.0,31.0,18.6,3.8,6.2,1.2,0.3,0.486,0.332,0.76,6.3,0.10000000000000142,LOW
Minnesota Timberwolves at San Antonio Spurs,BetRivers,player_points,dylan harper,Over,11.5,-105,2026-05-06T23:34:16Z,SAS,69.0,22.6,11.8,3.4,3.9,0.8,0.3,0.505,0.343,0.756,4.4,0.3000000000000007,LOW
Minnesota Timberwolves at San Antonio Spurs,BetRivers,player_points,dylan harper,Under,11.5,-130,2026-05-06T23:34:16Z,SAS,69.0,22.6,11.8,3.4,3.9,0.8,0.3,0.505,0.343,0.756,4.4,0.3000000000000007,LOW
Minnesota Timberwolves at San Antonio Spurs,BetRivers,player_points,anthony edwards,Over,19.5,-167,2026-05-06T23:34:16Z,MIN,61.0,35.0,28.8,5.0,3.7,1.4,0.8,0.489,0.399,0.796,2.7,9.3,HIGH
Minnesota Timberwolves at San Antonio Spurs,BetRivers,player_points,anthony edwards,Under,19.5,120,2026-05-06T23:34:16Z,MIN,61.0,35.0,28.8,5.0,3.7,1.4,0.8,0.489,0.399,0.796,2.7,9.3,HIGH
Minnesota Timberwolves at San Antonio Spurs,BetRivers,player_points,stephon castle,Over,16.5,-132,2026-05-06T23:34:16Z,SAS,68.0,30.0,16.7,5.3,7.4,1.1,0.3,0.471,0.332,0.734,6.0,0.1999999999999993,LOW
Minnesota Timberwolves at San Antonio Spurs,BetRivers,player_points,stephon castle,Under,16.5,-104,2026-05-06T23:34:16Z,SAS,68.0,30.0,16.7,5.3,7.4,1.1,0.3,0.471,0.332,0.734,6.0,0.1999999999999993,LOW
Minnesota Timberwolves at San Antonio Spurs,BetRivers,player_points,keldon johnson,Over,10.5,120,2026-05-06T23:34:16Z,SAS,82.0,23.3,13.2,5.4,1.4,0.6,0.1,0.519,0.363,0.794,3.9,2.6999999999999993,MEDIUM
Minnesota Timberwolves at San Antonio Spurs,BetRivers,player_points,keldon johnson,Under,10.5,-167,2026-05-06T23:34:16Z,SAS,82.0,23.3,13.2,5.4,1.4,0.6,0.1,0.519,0.363,0.794,3.9,2.6999999999999993,MEDIUM
Minnesota Timberwolves at San Antonio Spurs,BetRivers,player_points,de'aaron fox,Over,16.5,-141,2026-05-06T23:34:16Z,SAS,72.0,31.0,18.6,3.8,6.2,1.2,0.3,0.486,0.332,0.76,6.3,2.1000000000000014,MEDIUM
Minnesota Timberwolves at San Antonio Spurs,BetRivers,player_points,de'aaron fox,Under,16.5,104,2026-05-06T23:34:16Z,SAS,72.0,31.0,18.6,3.8,6.2,1.2,0.3,0.486,0.332,0.76,6.3,2.1000000000000014,MEDIUM
Minnesota Timberwolves at San Antonio Spurs,BetRivers,player_points,keldon johnson,Over,8.5,-162,2026-05-06T23:34:16Z,SAS,82.0,23.3,13.2,5.4,1.4,0.6,0.1,0.519,0.363,0.794,3.9,4.699999999999999,HIGH
Minnesota Timberwolves at San Antonio Spurs,BetRivers,player_points,keldon johnson,Under,8.5,117,2026-05-06T23:34:16Z,SAS,82.0,23.3,13.2,5.4,1.4,0.6,0.1,0.519,0.363,0.794,3.9,4.699999999999999,HIGH
Minnesota Timberwolves at San Antonio Spurs,BetRivers,player_points,victor wembanyama,Over,26.5,-134,2026-05-06T23:34:16Z,SAS,64.0,29.2,25.0,11.5,3.1,1.0,3.1,0.512,0.349,0.827,10.7,-1.5,LOW
Minnesota Timberwolves at San Antonio Spurs,BetRivers,player_points,victor wembanyama,Under,26.5,-103,2026-05-06T23:34:16Z,SAS,64.0,29.2,25.0,11.5,3.1,1.0,3.1,0.512,0.349,0.827,10.7,-1.5,LOW
Minnesota Timberwolves at San Antonio Spurs,BetRivers,player_points,rudy gobert,Over,7.5,-130,2026-05-06T23:34:16Z,MIN,76.0,31.3,10.9,11.5,1.7,0.8,1.6,0.682,0.0,0.526,3.1,3.4000000000000004,MEDIUM
Minnesota Timberwolves at San Antonio Spurs,BetRivers,player_points,rudy gobert,Under,7.5,-105,2026-05-06T23:34:16Z,MIN,76.0,31.3,10.9,11.5,1.7,0.8,1.6,0.682,0.0,0.526,3.1,3.4000000000000004,MEDIUM
Minnesota Timberwolves at San Antonio Spurs,BetRivers,player_points,dylan harper,Over,10.5,-143,2026-05-06T23:34:16Z,SAS,69.0,22.6,11.8,3.4,3.9,0.8,0.3,0.505,0.343,0.756,4.4,1.3000000000000007,LOW
Minnesota Timberwolves at San Antonio Spurs,BetRivers,player_points,dylan harper,Under,10.5,104,2026-05-06T23:34:16Z,SAS,69.0,22.6,11.8,3.4,3.9,0.8,0.3,0.505,0.343,0.756,4.4,1.3000000000000007,LOW
Minnesota Timberwolves at San Antonio Spurs,BetRivers,player_points,naz reid,Over,13.5,120,2026-05-06T23:34:16Z,MIN,77.0,26.1,13.6,6.2,2.2,1.0,1.0,0.456,0.362,0.732,2.2,0.09999999999999964,LOW
Minnesota Timberwolves at San Antonio Spurs,BetRivers,player_points,naz reid,Under,13.5,-167,2026-05-06T23:34:16Z,MIN,77.0,26.1,13.6,6.2,2.2,1.0,1.0,0.456,0.362,0.732,2.2,0.09999999999999964,LOW
Minnesota Timberwolves at San Antonio Spurs,BetRivers,player_points,de'aaron fox,Over,17.5,-110,2026-05-06T23:34:16Z,SAS,72.0,31.0,18.6,3.8,6.2,1.2,0.3,0.486,0.332,0.76,6.3,1.1000000000000014,LOW
Minnesota Timberwolves at San Antonio Spurs,BetRivers,player_points,de'aaron fox,Under,17.5,-124,2026-05-06T23:34:16Z,SAS,72.0,31.0,18.6,3.8,6.2,1.2,0.3,0.486,0.332,0.76,6.3,1.1000000000000014,LOW
Minnesota Timberwolves at San Antonio Spurs,BetRivers,player_points,jaden mcdaniels,Over,14.5,-130,2026-05-06T23:34:16Z,MIN,73.0,31.7,14.8,4.2,2.7,1.1,1.0,0.515,0.412,0.835,1.6,0.3000000000000007,LOW
Minnesota Timberwolves at San Antonio Spurs,BetRivers,player_points,jaden mcdaniels,Under,14.5,-105,2026-05-06T23:34:16Z,MIN,73.0,31.7,14.8,4.2,2.7,1.1,1.0,0.515,0.412,0.835,1.6,0.3000000000000007,LOW
Minnesota Timberwolves at San Antonio Spurs,BetRivers,player_points,julius randle,Over,16.5,-167,2026-05-06T23:34:16Z,MIN,79.0,33.0,21.1,6.7,5.0,1.1,0.2,0.481,0.315,0.802,2.9,4.600000000000001,HIGH
Minnesota Timberwolves at San Antonio Spurs,BetRivers,player_points,julius randle,Under,16.5,123,2026-05-06T23:34:16Z,MIN,79.0,33.0,21.1,6.7,5.0,1.1,0.2,0.481,0.315,0.802,2.9,4.600000000000001,HIGH
Minnesota Timberwolves at San Antonio Spurs,BetRivers,player_points,keldon johnson,Over,9.5,-114,2026-05-06T23:34:16Z,SAS,82.0,23.3,13.2,5.4,1.4,0.6,0.1,0.519,0.363,0.794,3.9,3.6999999999999993,MEDIUM
Minnesota Timberwolves at San Antonio Spurs,BetRivers,player_points,keldon johnson,Under,9.5,-120,2026-05-06T23:34:16Z,SAS,82.0,23.3,13.2,5.4,1.4,0.6,0.1,0.519,0.363,0.794,3.9,3.6999999999999993,MEDIUM
Minnesota Timberwolves at San Antonio Spurs,BetRivers,player_points,ayo dosunmu,Over,11.5,-104,2026-05-06T23:34:16Z,MIN,69.0,27.3,14.8,3.4,3.6,0.8,0.3,0.517,0.439,0.876,-1.0,3.3000000000000007,MEDIUM
Minnesota Timberwolves at San Antonio Spurs,BetRivers,player_points,ayo dosunmu,Under,11.5,-132,2026-05-06T23:34:16Z,MIN,69.0,27.3,14.8,3.4,3.6,0.8,0.3,0.517,0.439,0.876,-1.0,3.3000000000000007,MEDIUM
Minnesota Timberwolves at San Antonio Spurs,BetRivers,player_points,ayo dosunmu,Over,10.5,-141,2026-05-06T23:34:16Z,MIN,69.0,27.3,14.8,3.4,3.6,0.8,0.3,0.517,0.439,0.876,-1.0,4.300000000000001,HIGH
Minnesota Timberwolves at San Antonio Spurs,BetRivers,player_points,ayo dosunmu,Under,10.5,105,2026-05-06T23:34:16Z,MIN,69.0,27.3,14.8,3.4,3.6,0.8,0.3,0.517,0.439,0.876,-1.0,4.300000000000001,HIGH
Minnesota Timberwolves at San Antonio Spurs,BetRivers,player_points,julian champagnie,Over,9.5,-106,2026-05-06T23:34:16Z,SAS,82.0,27.6,11.1,5.8,1.5,0.8,0.5,0.437,0.381,0.844,7.2,1.5999999999999996,LOW
Minnesota Timberwolves at San Antonio Spurs,BetRivers,player_points,julian champagnie,Under,9.5,-129,2026-05-06T23:34:16Z,SAS,82.0,27.6,11.1,5.8,1.5,0.8,0.5,0.437,0.381,0.844,7.2,1.5999999999999996,LOW
Minnesota Timberwolves at San Antonio Spurs,BetRivers,player_points,devin vassell,Over,13.5,-103,2026-05-06T23:34:16Z,SAS,67.0,30.5,13.9,4.0,2.5,0.9,0.4,0.437,0.384,0.815,7.3,0.40000000000000036,LOW
Minnesota Timberwolves at San Antonio Spurs,BetRivers,player_points,devin vassell,Under,13.5,-134,2026-05-06T23:34:16Z,SAS,67.0,30.5,13.9,4.0,2.5,0.9,0.4,0.437,0.384,0.815,7.3,0.40000000000000036,LOW
Minnesota Timberwolves at San Antonio Spurs,BetRivers,player_points,julius randle,Over,18.5,100,2026-05-06T23:34:16Z,MIN,79.0,33.0,21.1,6.7,5.0,1.1,0.2,0.481,0.315,0.802,2.9,2.6000000000000014,MEDIUM
Minnesota Timberwolves at San Antonio Spurs,BetRivers,player_points,julius randle,Under,18.5,-136,2026-05-06T23:34:16Z,MIN,79.0,33.0,21.1,6.7,5.0,1.1,0.2,0.481,0.315,0.802,2.9,2.6000000000000014,MEDIUM
Minnesota Timberwolves at San Antonio Spurs,BetRivers,player_points,devin vassell,Over,12.5,-136,2026-05-06T23:34:16Z,SAS,67.0,30.5,13.9,4.0,2.5,0.9,0.4,0.437,0.384,0.815,7.3,1.4000000000000004,LOW
Minnesota Timberwolves at San Antonio Spurs,BetRivers,player_points,devin vassell,Under,12.5,100,2026-05-06T23:34:16Z,SAS,67.0,30.5,13.9,4.0,2.5,0.9,0.4,0.437,0.384,0.815,7.3,1.4000000000000004,LOW
Minnesota Timberwolves at San Antonio Spurs,BetRivers,player_points,stephon castle,Over,17.5,-103,2026-05-06T23:34:16Z,SAS,68.0,30.0,16.7,5.3,7.4,1.1,0.3,0.471,0.332,0.734,6.0,-0.8000000000000007,LOW
Minnesota Timberwolves at San Antonio Spurs,BetRivers,player_points,stephon castle,Under,17.5,-134,2026-05-06T23:34:16Z,SAS,68.0,30.0,16.7,5.3,7.4,1.1,0.3,0.471,0.332,0.734,6.0,-0.8000000000000007,LOW
Minnesota Timberwolves at San Antonio Spurs,BetRivers,player_points,victor wembanyama,Over,27.5,-109,2026-05-06T23:34:16Z,SAS,64.0,29.2,25.0,11.5,3.1,1.0,3.1,0.512,0.349,0.827,10.7,-2.5,LOW
Minnesota Timberwolves at San Antonio Spurs,BetRivers,player_points,victor wembanyama,Under,27.5,-125,2026-05-06T23:34:16Z,SAS,64.0,29.2,25.0,11.5,3.1,1.0,3.1,0.512,0.349,0.827,10.7,-2.5,LOW
Minnesota Timberwolves at San Antonio Spurs,BetRivers,player_points,victor wembanyama,Over,28.5,114,2026-05-06T23:34:16Z,SAS,64.0,29.2,25.0,11.5,3.1,1.0,3.1,0.512,0.349,0.827,10.7,-3.5,LOW
Minnesota Timberwolves at San Antonio Spurs,BetRivers,player_points,victor wembanyama,Under,28.5,-157,2026-05-06T23:34:16Z,SAS,64.0,29.2,25.0,11.5,3.1,1.0,3.1,0.512,0.349,0.827,10.7,-3.5,LOW
Minnesota Timberwolves at San Antonio Spurs,BetRivers,player_points,jaden mcdaniels,Over,15.5,100,2026-05-06T23:34:16Z,MIN,73.0,31.7,14.8,4.2,2.7,1.1,1.0,0.515,0.412,0.835,1.6,-0.6999999999999993,LOW
Minnesota Timberwolves at San Antonio Spurs,BetRivers,player_points,jaden mcdaniels,Under,15.5,-136,2026-05-06T23:34:16Z,MIN,73.0,31.7,14.8,4.2,2.7,1.1,1.0,0.515,0.412,0.835,1.6,-0.6999999999999993,LOW
Minnesota Timberwolves at San Antonio Spurs,BetRivers,player_points,anthony edwards,Over,20.5,-130,2026-05-06T23:34:16Z,MIN,61.0,35.0,28.8,5.0,3.7,1.4,0.8,0.489,0.399,0.796,2.7,8.3,HIGH
Minnesota Timberwolves at San Antonio Spurs,BetRivers,player_points,anthony edwards,Under,20.5,-105,2026-05-06T23:34:16Z,MIN,61.0,35.0,28.8,5.0,3.7,1.4,0.8,0.489,0.399,0.796,2.7,8.3,HIGH
Minnesota Timberwolves at San Antonio Spurs,BetRivers,player_points,anthony edwards,Over,22.5,120,2026-05-06T23:34:16Z,MIN,61.0,35.0,28.8,5.0,3.7,1.4,0.8,0.489,0.399,0.796,2.7,6.300000000000001,HIGH
Minnesota Timberwolves at San Antonio Spurs,BetRivers,player_points,anthony edwards,Under,22.5,-167,2026-05-06T23:34:16Z,MIN,61.0,35.0,28.8,5.0,3.7,1.4,0.8,0.489,0.399,0.796,2.7,6.300000000000001,HIGH
Minnesota Timberwolves at San Antonio Spurs,BetRivers,player_points,julian champagnie,Over,8.5,-148,2026-05-06T23:34:16Z,SAS,82.0,27.6,11.1,5.8,1.5,0.8,0.5,0.437,0.381,0.844,7.2,2.5999999999999996,MEDIUM
Minnesota Timberwolves at San Antonio Spurs,BetRivers,player_points,julian champagnie,Under,8.5,108,2026-05-06T23:34:16Z,SAS,82.0,27.6,11.1,5.8,1.5,0.8,0.5,0.437,0.381,0.844,7.2,2.5999999999999996,MEDIUM
Minnesota Timberwolves at San Antonio Spurs,BetRivers,player_points,naz reid,Over,11.5,-150,2026-05-06T23:34:16Z,MIN,77.0,26.1,13.6,6.2,2.2,1.0,1.0,0.456,0.362,0.732,2.2,2.0999999999999996,MEDIUM
Minnesota Timberwolves at San Antonio Spurs,BetRivers,player_points,naz reid,Under,11.5,110,2026-05-06T23:34:16Z,MIN,77.0,26.1,13.6,6.2,2.2,1.0,1.0,0.456,0.362,0.732,2.2,2.0999999999999996,MEDIUM
Minnesota Timberwolves at San Antonio Spurs,BetRivers,player_rebounds,naz reid,Over,6.5,-104,2026-05-06T23:34:16Z,MIN,77.0,26.1,13.6,6.2,2.2,1.0,1.0,0.456,0.362,0.732,2.2,-0.2999999999999998,LOW
Minnesota Timberwolves at San Antonio Spurs,BetRivers,player_rebounds,naz reid,Under,6.5,-132,2026-05-06T23:34:16Z,MIN,77.0,26.1,13.6,6.2,2.2,1.0,1.0,0.456,0.362,0.732,2.2,-0.2999999999999998,LOW
Minnesota Timberwolves at San Antonio Spurs,BetRivers,player_rebounds,stephon castle,Over,5.5,-106,2026-05-06T23:34:16Z,SAS,68.0,30.0,16.7,5.3,7.4,1.1,0.3,0.471,0.332,0.734,6.0,-0.20000000000000018,LOW
Minnesota Timberwolves at San Antonio Spurs,BetRivers,player_rebounds,stephon castle,Under,5.5,-127,2026-05-06T23:34:16Z,SAS,68.0,30.0,16.7,5.3,7.4,1.1,0.3,0.471,0.332,0.734,6.0,-0.20000000000000018,LOW
Minnesota Timberwolves at San Antonio Spurs,BetRivers,player_rebounds,dylan harper,Over,3.5,105,2026-05-06T23:34:16Z,SAS,69.0,22.6,11.8,3.4,3.9,0.8,0.3,0.505,0.343,0.756,4.4,-0.10000000000000009,LOW
Minnesota Timberwolves at San Antonio Spurs,BetRivers,player_rebounds,dylan harper,Under,3.5,-143,2026-05-06T23:34:16Z,SAS,69.0,22.6,11.8,3.4,3.9,0.8,0.3,0.505,0.343,0.756,4.4,-0.10000000000000009,LOW
Minnesota Timberwolves at San Antonio Spurs,BetRivers,player_rebounds,anthony edwards,Over,3.5,-165,2026-05-06T23:34:16Z,MIN,61.0,35.0,28.8,5.0,3.7,1.4,0.8,0.489,0.399,0.796,2.7,1.5,LOW
Minnesota Timberwolves at San Antonio Spurs,BetRivers,player_rebounds,anthony edwards,Under,3.5,120,2026-05-06T23:34:16Z,MIN,61.0,35.0,28.8,5.0,3.7,1.4,0.8,0.489,0.399,0.796,2.7,1.5,LOW
Minnesota Timberwolves at San Antonio Spurs,BetRivers,player_rebounds,rudy gobert,Over,10.5,-139,2026-05-06T23:34:16Z,MIN,76.0,31.3,10.9,11.5,1.7,0.8,1.6,0.682,0.0,0.526,3.1,1.0,LOW
Minnesota Timberwolves at San Antonio Spurs,BetRivers,player_rebounds,rudy gobert,Under,10.5,102,2026-05-06T23:34:16Z,MIN,76.0,31.3,10.9,11.5,1.7,0.8,1.6,0.682,0.0,0.526,3.1,1.0,LOW
Minnesota Timberwolves at San Antonio Spurs,BetRivers,player_rebounds,keldon johnson,Over,3.5,-121,2026-05-06T23:34:16Z,SAS,82.0,23.3,13.2,5.4,1.4,0.6,0.1,0.519,0.363,0.794,3.9,1.9000000000000004,LOW
Minnesota Timberwolves at San Antonio Spurs,BetRivers,player_rebounds,keldon johnson,Under,3.5,-113,2026-05-06T23:34:16Z,SAS,82.0,23.3,13.2,5.4,1.4,0.6,0.1,0.519,0.363,0.794,3.9,1.9000000000000004,LOW
Minnesota Timberwolves at San Antonio Spurs,BetRivers,player_rebounds,devin vassell,Over,3.5,-175,2026-05-06T23:34:16Z,SAS,67.0,30.5,13.9,4.0,2.5,0.9,0.4,0.437,0.384,0.815,7.3,0.5,LOW
Minnesota Timberwolves at San Antonio Spurs,BetRivers,player_rebounds,devin vassell,Under,3.5,125,2026-05-06T23:34:16Z,SAS,67.0,30.5,13.9,4.0,2.5,0.9,0.4,0.437,0.384,0.815,7.3,0.5,LOW
Minnesota Timberwolves at San Antonio Spurs,BetRivers,player_rebounds,de'aaron fox,Over,3.5,-122,2026-05-06T23:34:16Z,SAS,72.0,31.0,18.6,3.8,6.2,1.2,0.3,0.486,0.332,0.76,6.3,0.2999999999999998,LOW
Minnesota Timberwolves at San Antonio Spurs,BetRivers,player_rebounds,de'aaron fox,Under,3.5,-110,2026-05-06T23:34:16Z,SAS,72.0,31.0,18.6,3.8,6.2,1.2,0.3,0.486,0.332,0.76,6.3,0.2999999999999998,LOW
Minnesota Timberwolves at San Antonio Spurs,BetRivers,player_rebounds,julius randle,Over,6.5,104,2026-05-06T23:34:16Z,MIN,79.0,33.0,21.1,6.7,5.0,1.1,0.2,0.481,0.315,0.802,2.9,0.20000000000000018,LOW
Minnesota Timberwolves at San Antonio Spurs,BetRivers,player_rebounds,julius randle,Under,6.5,-141,2026-05-06T23:34:16Z,MIN,79.0,33.0,21.1,6.7,5.0,1.1,0.2,0.481,0.315,0.802,2.9,0.20000000000000018,LOW
Minnesota Timberwolves at San Antonio Spurs,BetRivers,player_rebounds,jaden mcdaniels,Over,4.5,-118,2026-05-06T23:34:16Z,MIN,73.0,31.7,14.8,4.2,2.7,1.1,1.0,0.515,0.412,0.835,1.6,-0.2999999999999998,LOW
Minnesota Timberwolves at San Antonio Spurs,BetRivers,player_rebounds,jaden mcdaniels,Under,4.5,-115,2026-05-06T23:34:16Z,MIN,73.0,31.7,14.8,4.2,2.7,1.1,1.0,0.515,0.412,0.835,1.6,-0.2999999999999998,LOW
Minnesota Timberwolves at San Antonio Spurs,BetRivers,player_rebounds,victor wembanyama,Over,12.5,-120,2026-05-06T23:34:16Z,SAS,64.0,29.2,25.0,11.5,3.1,1.0,3.1,0.512,0.349,0.827,10.7,-1.0,LOW
Minnesota Timberwolves at San Antonio Spurs,BetRivers,player_rebounds,victor wembanyama,Under,12.5,-114,2026-05-06T23:34:16Z,SAS,64.0,29.2,25.0,11.5,3.1,1.0,3.1,0.512,0.349,0.827,10.7,-1.0,LOW
Minnesota Timberwolves at San Antonio Spurs,BetRivers,player_rebounds,julian champagnie,Over,5.5,108,2026-05-06T23:34:16Z,SAS,82.0,27.6,11.1,5.8,1.5,0.8,0.5,0.437,0.381,0.844,7.2,0.2999999999999998,LOW
Minnesota Timberwolves at San Antonio Spurs,BetRivers,player_rebounds,julian champagnie,Under,5.5,-148,2026-05-06T23:34:16Z,SAS,82.0,27.6,11.1,5.8,1.5,0.8,0.5,0.437,0.381,0.844,7.2,0.2999999999999998,LOW
Minnesota Timberwolves at San Antonio Spurs,BetRivers,player_threes,jaden mcdaniels,Over,1.5,123,2026-05-06T23:34:16Z,MIN,73.0,31.7,14.8,4.2,2.7,1.1,1.0,0.515,0.412,0.835,1.6,0.0,LOW
Minnesota Timberwolves at San Antonio Spurs,BetRivers,player_threes,jaden mcdaniels,Under,1.5,-167,2026-05-06T23:34:16Z,MIN,73.0,31.7,14.8,4.2,2.7,1.1,1.0,0.515,0.412,0.835,1.6,0.0,LOW
Minnesota Timberwolves at San Antonio Spurs,BetRivers,player_threes,ayo dosunmu,Over,1.5,105,2026-05-06T23:34:16Z,MIN,69.0,27.3,14.8,3.4,3.6,0.8,0.3,0.517,0.439,0.876,-1.0,0.0,LOW
Minnesota Timberwolves at San Antonio Spurs,BetRivers,player_threes,ayo dosunmu,Under,1.5,-143,2026-05-06T23:34:16Z,MIN,69.0,27.3,14.8,3.4,3.6,0.8,0.3,0.517,0.439,0.876,-1.0,0.0,LOW
Minnesota Timberwolves at San Antonio Spurs,BetRivers,player_threes,de'aaron fox,Over,1.5,-103,2026-05-06T23:34:16Z,SAS,72.0,31.0,18.6,3.8,6.2,1.2,0.3,0.486,0.332,0.76,6.3,0.0,LOW
Minnesota Timberwolves at San Antonio Spurs,BetRivers,player_threes,de'aaron fox,Under,1.5,-132,2026-05-06T23:34:16Z,SAS,72.0,31.0,18.6,3.8,6.2,1.2,0.3,0.486,0.332,0.76,6.3,0.0,LOW
Minnesota Timberwolves at San Antonio Spurs,BetRivers,player_threes,naz reid,Over,1.5,-162,2026-05-06T23:34:16Z,MIN,77.0,26.1,13.6,6.2,2.2,1.0,1.0,0.456,0.362,0.732,2.2,0.0,LOW
Minnesota Timberwolves at San Antonio Spurs,BetRivers,player_threes,naz reid,Under,1.5,120,2026-05-06T23:34:16Z,MIN,77.0,26.1,13.6,6.2,2.2,1.0,1.0,0.456,0.362,0.732,2.2,0.0,LOW
Minnesota Timberwolves at San Antonio Spurs,BetRivers,player_threes,julius randle,Over,1.5,140,2026-05-06T23:34:16Z,MIN,79.0,33.0,21.1,6.7,5.0,1.1,0.2,0.481,0.315,0.802,2.9,0.0,LOW
Minnesota Timberwolves at San Antonio Spurs,BetRivers,player_threes,julius randle,Under,1.5,-195,2026-05-06T23:34:16Z,MIN,79.0,33.0,21.1,6.7,5.0,1.1,0.2,0.481,0.315,0.802,2.9,0.0,LOW
Minnesota Timberwolves at San Antonio Spurs,BetRivers,player_threes,stephon castle,Over,1.5,120,2026-05-06T23:34:16Z,SAS,68.0,30.0,16.7,5.3,7.4,1.1,0.3,0.471,0.332,0.734,6.0,0.0,LOW
Minnesota Timberwolves at San Antonio Spurs,BetRivers,player_threes,stephon castle,Under,1.5,-162,2026-05-06T23:34:16Z,SAS,68.0,30.0,16.7,5.3,7.4,1.1,0.3,0.471,0.332,0.734,6.0,0.0,LOW
Minnesota Timberwolves at San Antonio Spurs,BetRivers,player_threes,julian champagnie,Over,2.5,150,2026-05-06T23:34:16Z,SAS,82.0,27.6,11.1,5.8,1.5,0.8,0.5,0.437,0.381,0.844,7.2,0.0,LOW
Minnesota Timberwolves at San Antonio Spurs,BetRivers,player_threes,julian champagnie,Under,2.5,-210,2026-05-06T23:34:16Z,SAS,82.0,27.6,11.1,5.8,1.5,0.8,0.5,0.437,0.381,0.844,7.2,0.0,LOW
Minnesota Timberwolves at San Antonio Spurs,BetRivers,player_threes,victor wembanyama,Over,2.5,104,2026-05-06T23:34:16Z,SAS,64.0,29.2,25.0,11.5,3.1,1.0,3.1,0.512,0.349,0.827,10.7,0.0,LOW
Minnesota Timberwolves at San Antonio Spurs,BetRivers,player_threes,victor wembanyama,Under,2.5,-139,2026-05-06T23:34:16Z,SAS,64.0,29.2,25.0,11.5,3.1,1.0,3.1,0.512,0.349,0.827,10.7,0.0,LOW
Minnesota Timberwolves at San Antonio Spurs,BetRivers,player_threes,devin vassell,Over,2.5,145,2026-05-06T23:34:16Z,SAS,67.0,30.5,13.9,4.0,2.5,0.9,0.4,0.437,0.384,0.815,7.3,0.0,LOW
Minnesota Timberwolves at San Antonio Spurs,BetRivers,player_threes,devin vassell,Under,2.5,-200,2026-05-06T23:34:16Z,SAS,67.0,30.5,13.9,4.0,2.5,0.9,0.4,0.437,0.384,0.815,7.3,0.0,LOW
Minnesota Timberwolves at San Antonio Spurs,BetRivers,player_threes,anthony edwards,Over,2.5,104,2026-05-06T23:34:16Z,MIN,61.0,35.0,28.8,5.0,3.7,1.4,0.8,0.489,0.399,0.796,2.7,0.0,LOW
Minnesota Timberwolves at San Antonio Spurs,BetRivers,player_threes,anthony edwards,Under,2.5,-141,2026-05-06T23:34:16Z,MIN,61.0,35.0,28.8,5.0,3.7,1.4,0.8,0.489,0.399,0.796,2.7,0.0,LOW
Minnesota Timberwolves at San Antonio Spurs,BetRivers,player_threes,jaden mcdaniels,Over,1.5,123,2026-05-06T23:34:16Z,MIN,73.0,31.7,14.8,4.2,2.7,1.1,1.0,0.515,0.412,0.835,1.6,0.0,LOW
Minnesota Timberwolves at San Antonio Spurs,BetRivers,player_threes,jaden mcdaniels,Under,1.5,-167,2026-05-06T23:34:16Z,MIN,73.0,31.7,14.8,4.2,2.7,1.1,1.0,0.515,0.412,0.835,1.6,0.0,LOW
Minnesota Timberwolves at San Antonio Spurs,BetRivers,player_threes,ayo dosunmu,Over,1.5,105,2026-05-06T23:34:16Z,MIN,69.0,27.3,14.8,3.4,3.6,0.8,0.3,0.517,0.439,0.876,-1.0,0.0,LOW
Minnesota Timberwolves at San Antonio Spurs,BetRivers,player_threes,ayo dosunmu,Under,1.5,-143,2026-05-06T23:34:16Z,MIN,69.0,27.3,14.8,3.4,3.6,0.8,0.3,0.517,0.439,0.876,-1.0,0.0,LOW
Minnesota Timberwolves at San Antonio Spurs,BetRivers,player_threes,de'aaron fox,Over,1.5,-103,2026-05-06T23:34:16Z,SAS,72.0,31.0,18.6,3.8,6.2,1.2,0.3,0.486,0.332,0.76,6.3,0.0,LOW
Minnesota Timberwolves at San Antonio Spurs,BetRivers,player_threes,de'aaron fox,Under,1.5,-132,2026-05-06T23:34:16Z,SAS,72.0,31.0,18.6,3.8,6.2,1.2,0.3,0.486,0.332,0.76,6.3,0.0,LOW
Minnesota Timberwolves at San Antonio Spurs,BetRivers,player_threes,naz reid,Over,1.5,-162,2026-05-06T23:34:16Z,MIN,77.0,26.1,13.6,6.2,2.2,1.0,1.0,0.456,0.362,0.732,2.2,0.0,LOW
Minnesota Timberwolves at San Antonio Spurs,BetRivers,player_threes,naz reid,Under,1.5,120,2026-05-06T23:34:16Z,MIN,77.0,26.1,13.6,6.2,2.2,1.0,1.0,0.456,0.362,0.732,2.2,0.0,LOW
Minnesota Timberwolves at San Antonio Spurs,BetRivers,player_threes,julius randle,Over,1.5,140,2026-05-06T23:34:16Z,MIN,79.0,33.0,21.1,6.7,5.0,1.1,0.2,0.481,0.315,0.802,2.9,0.0,LOW
Minnesota Timberwolves at San Antonio Spurs,BetRivers,player_threes,julius randle,Under,1.5,-195,2026-05-06T23:34:16Z,MIN,79.0,33.0,21.1,6.7,5.0,1.1,0.2,0.481,0.315,0.802,2.9,0.0,LOW
Minnesota Timberwolves at San Antonio Spurs,BetRivers,player_threes,stephon castle,Over,1.5,120,2026-05-06T23:34:16Z,SAS,68.0,30.0,16.7,5.3,7.4,1.1,0.3,0.471,0.332,0.734,6.0,0.0,LOW
Minnesota Timberwolves at San Antonio Spurs,BetRivers,player_threes,stephon castle,Under,1.5,-162,2026-05-06T23:34:16Z,SAS,68.0,30.0,16.7,5.3,7.4,1.1,0.3,0.471,0.332,0.734,6.0,0.0,LOW
Minnesota Timberwolves at San Antonio Spurs,BetRivers,player_threes,julian champagnie,Over,2.5,150,2026-05-06T23:34:16Z,SAS,82.0,27.6,11.1,5.8,1.5,0.8,0.5,0.437,0.381,0.844,7.2,0.0,LOW
Minnesota Timberwolves at San Antonio Spurs,BetRivers,player_threes,julian champagnie,Under,2.5,-210,2026-05-06T23:34:16Z,SAS,82.0,27.6,11.1,5.8,1.5,0.8,0.5,0.437,0.381,0.844,7.2,0.0,LOW
Minnesota Timberwolves at San Antonio Spurs,BetRivers,player_threes,victor wembanyama,Over,2.5,104,2026-05-06T23:34:16Z,SAS,64.0,29.2,25.0,11.5,3.1,1.0,3.1,0.512,0.349,0.827,10.7,0.0,LOW
Minnesota Timberwolves at San Antonio Spurs,BetRivers,player_threes,victor wembanyama,Under,2.5,-139,2026-05-06T23:34:16Z,SAS,64.0,29.2,25.0,11.5,3.1,1.0,3.1,0.512,0.349,0.827,10.7,0.0,LOW
Minnesota Timberwolves at San Antonio Spurs,BetRivers,player_threes,devin vassell,Over,2.5,145,2026-05-06T23:34:16Z,SAS,67.0,30.5,13.9,4.0,2.5,0.9,0.4,0.437,0.384,0.815,7.3,0.0,LOW
Minnesota Timberwolves at San Antonio Spurs,BetRivers,player_threes,devin vassell,Under,2.5,-200,2026-05-06T23:34:16Z,SAS,67.0,30.5,13.9,4.0,2.5,0.9,0.4,0.437,0.384,0.815,7.3,0.0,LOW
Minnesota Timberwolves at San Antonio Spurs,BetRivers,player_threes,anthony edwards,Over,2.5,104,2026-05-06T23:34:16Z,MIN,61.0,35.0,28.8,5.0,3.7,1.4,0.8,0.489,0.399,0.796,2.7,0.0,LOW
Minnesota Timberwolves at San Antonio Spurs,BetRivers,player_threes,anthony edwards,Under,2.5,-141,2026-05-06T23:34:16Z,MIN,61.0,35.0,28.8,5.0,3.7,1.4,0.8,0.489,0.399,0.796,2.7,0.0,LOW
Minnesota Timberwolves at San Antonio Spurs,BetMGM,player_assists,victor wembanyama,Over,3.5,100,2026-05-06T23:34:17Z,SAS,64.0,29.2,25.0,11.5,3.1,1.0,3.1,0.512,0.349,0.827,10.7,-0.3999999999999999,LOW
Minnesota Timberwolves at San Antonio Spurs,BetMGM,player_assists,victor wembanyama,Under,3.5,-135,2026-05-06T23:34:17Z,SAS,64.0,29.2,25.0,11.5,3.1,1.0,3.1,0.512,0.349,0.827,10.7,-0.3999999999999999,LOW
Minnesota Timberwolves at San Antonio Spurs,BetMGM,player_assists,jaden mcdaniels,Over,2.5,-105,2026-05-06T23:34:17Z,MIN,73.0,31.7,14.8,4.2,2.7,1.1,1.0,0.515,0.412,0.835,1.6,0.20000000000000018,LOW
Minnesota Timberwolves at San Antonio Spurs,BetMGM,player_assists,jaden mcdaniels,Under,2.5,-125,2026-05-06T23:34:17Z,MIN,73.0,31.7,14.8,4.2,2.7,1.1,1.0,0.515,0.412,0.835,1.6,0.20000000000000018,LOW
Minnesota Timberwolves at San Antonio Spurs,BetMGM,player_assists,julius randle,Over,4.5,125,2026-05-06T23:34:17Z,MIN,79.0,33.0,21.1,6.7,5.0,1.1,0.2,0.481,0.315,0.802,2.9,0.5,LOW
Minnesota Timberwolves at San Antonio Spurs,BetMGM,player_assists,julius randle,Under,4.5,-165,2026-05-06T23:34:17Z,MIN,79.0,33.0,21.1,6.7,5.0,1.1,0.2,0.481,0.315,0.802,2.9,0.5,LOW
Minnesota Timberwolves at San Antonio Spurs,BetMGM,player_assists,devin vassell,Over,2.5,120,2026-05-06T23:34:17Z,SAS,67.0,30.5,13.9,4.0,2.5,0.9,0.4,0.437,0.384,0.815,7.3,0.0,LOW
Minnesota Timberwolves at San Antonio Spurs,BetMGM,player_assists,devin vassell,Under,2.5,-160,2026-05-06T23:34:17Z,SAS,67.0,30.5,13.9,4.0,2.5,0.9,0.4,0.437,0.384,0.815,7.3,0.0,LOW
Minnesota Timberwolves at San Antonio Spurs,BetMGM,player_assists,stephon castle,Over,6.5,-135,2026-05-06T23:34:17Z,SAS,68.0,30.0,16.7,5.3,7.4,1.1,0.3,0.471,0.332,0.734,6.0,0.9000000000000004,LOW
Minnesota Timberwolves at San Antonio Spurs,BetMGM,player_assists,stephon castle,Under,6.5,100,2026-05-06T23:34:17Z,SAS,68.0,30.0,16.7,5.3,7.4,1.1,0.3,0.471,0.332,0.734,6.0,0.9000000000000004,LOW
Minnesota Timberwolves at San Antonio Spurs,BetMGM,player_assists,dylan harper,Over,3.5,138,2026-05-06T23:34:17Z,SAS,69.0,22.6,11.8,3.4,3.9,0.8,0.3,0.505,0.343,0.756,4.4,0.3999999999999999,LOW
Minnesota Timberwolves at San Antonio Spurs,BetMGM,player_assists,dylan harper,Under,3.5,-185,2026-05-06T23:34:17Z,SAS,69.0,22.6,11.8,3.4,3.9,0.8,0.3,0.505,0.343,0.756,4.4,0.3999999999999999,LOW
Minnesota Timberwolves at San Antonio Spurs,BetMGM,player_assists,mike conley,Over,3.5,120,2026-05-06T23:34:17Z,MIN,54.0,18.4,4.5,1.7,2.9,0.6,0.3,0.335,0.337,0.9,0.3,-0.6000000000000001,LOW
Minnesota Timberwolves at San Antonio Spurs,BetMGM,player_assists,mike conley,Under,3.5,-160,2026-05-06T23:34:17Z,MIN,54.0,18.4,4.5,1.7,2.9,0.6,0.3,0.335,0.337,0.9,0.3,-0.6000000000000001,LOW
Minnesota Timberwolves at San Antonio Spurs,BetMGM,player_assists,rudy gobert,Over,1.5,-155,2026-05-06T23:34:17Z,MIN,76.0,31.3,10.9,11.5,1.7,0.8,1.6,0.682,0.0,0.526,3.1,0.19999999999999996,LOW
Minnesota Timberwolves at San Antonio Spurs,BetMGM,player_assists,rudy gobert,Under,1.5,115,2026-05-06T23:34:17Z,MIN,76.0,31.3,10.9,11.5,1.7,0.8,1.6,0.682,0.0,0.526,3.1,0.19999999999999996,LOW
Minnesota Timberwolves at San Antonio Spurs,BetMGM,player_assists,ayo dosunmu,Over,3.5,135,2026-05-06T23:34:17Z,MIN,69.0,27.3,14.8,3.4,3.6,0.8,0.3,0.517,0.439,0.876,-1.0,0.10000000000000009,LOW
Minnesota Timberwolves at San Antonio Spurs,BetMGM,player_assists,ayo dosunmu,Under,3.5,-185,2026-05-06T23:34:17Z,MIN,69.0,27.3,14.8,3.4,3.6,0.8,0.3,0.517,0.439,0.876,-1.0,0.10000000000000009,LOW
Minnesota Timberwolves at San Antonio Spurs,BetMGM,player_assists,naz reid,Over,1.5,-120,2026-05-06T23:34:17Z,MIN,77.0,26.1,13.6,6.2,2.2,1.0,1.0,0.456,0.362,0.732,2.2,0.7000000000000002,LOW
Minnesota Timberwolves at San Antonio Spurs,BetMGM,player_assists,naz reid,Under,1.5,-110,2026-05-06T23:34:17Z,MIN,77.0,26.1,13.6,6.2,2.2,1.0,1.0,0.456,0.362,0.732,2.2,0.7000000000000002,LOW
Minnesota Timberwolves at San Antonio Spurs,BetMGM,player_assists,de'aaron fox,Over,6.5,115,2026-05-06T23:34:17Z,SAS,72.0,31.0,18.6,3.8,6.2,1.2,0.3,0.486,0.332,0.76,6.3,-0.2999999999999998,LOW
Minnesota Timberwolves at San Antonio Spurs,BetMGM,player_assists,de'aaron fox,Under,6.5,-155,2026-05-06T23:34:17Z,SAS,72.0,31.0,18.6,3.8,6.2,1.2,0.3,0.486,0.332,0.76,6.3,-0.2999999999999998,LOW
Minnesota Timberwolves at San Antonio Spurs,BetMGM,player_assists,anthony edwards,Over,3.5,130,2026-05-06T23:34:17Z,MIN,61.0,35.0,28.8,5.0,3.7,1.4,0.8,0.489,0.399,0.796,2.7,0.20000000000000018,LOW
Minnesota Timberwolves at San Antonio Spurs,BetMGM,player_assists,anthony edwards,Under,3.5,-175,2026-05-06T23:34:17Z,MIN,61.0,35.0,28.8,5.0,3.7,1.4,0.8,0.489,0.399,0.796,2.7,0.20000000000000018,LOW
Minnesota Timberwolves at San Antonio Spurs,BetMGM,player_assists,julian champagnie,Over,1.5,130,2026-05-06T23:34:17Z,SAS,82.0,27.6,11.1,5.8,1.5,0.8,0.5,0.437,0.381,0.844,7.2,0.0,LOW
Minnesota Timberwolves at San Antonio Spurs,BetMGM,player_assists,julian champagnie,Under,1.5,-175,2026-05-06T23:34:17Z,SAS,82.0,27.6,11.1,5.8,1.5,0.8,0.5,0.437,0.381,0.844,7.2,0.0,LOW
Minnesota Timberwolves at San Antonio Spurs,BetMGM,player_blocks,anthony edwards,Over,0.5,-135,2026-05-06T23:34:17Z,MIN,61.0,35.0,28.8,5.0,3.7,1.4,0.8,0.489,0.399,0.796,2.7,0.0,LOW
Minnesota Timberwolves at San Antonio Spurs,BetMGM,player_blocks,anthony edwards,Under,0.5,100,2026-05-06T23:34:17Z,MIN,61.0,35.0,28.8,5.0,3.7,1.4,0.8,0.489,0.399,0.796,2.7,0.0,LOW
Minnesota Timberwolves at San Antonio Spurs,BetMGM,player_blocks,stephon castle,Over,0.5,280,2026-05-06T23:34:17Z,SAS,68.0,30.0,16.7,5.3,7.4,1.1,0.3,0.471,0.332,0.734,6.0,0.0,LOW
Minnesota Timberwolves at San Antonio Spurs,BetMGM,player_blocks,stephon castle,Under,0.5,-450,2026-05-06T23:34:17Z,SAS,68.0,30.0,16.7,5.3,7.4,1.1,0.3,0.471,0.332,0.734,6.0,0.0,LOW
Minnesota Timberwolves at San Antonio Spurs,BetMGM,player_blocks,julian champagnie,Over,0.5,195,2026-05-06T23:34:17Z,SAS,82.0,27.6,11.1,5.8,1.5,0.8,0.5,0.437,0.381,0.844,7.2,0.0,LOW
Minnesota Timberwolves at San Antonio Spurs,BetMGM,player_blocks,julian champagnie,Under,0.5,-285,2026-05-06T23:34:17Z,SAS,82.0,27.6,11.1,5.8,1.5,0.8,0.5,0.437,0.381,0.844,7.2,0.0,LOW
Minnesota Timberwolves at San Antonio Spurs,BetMGM,player_blocks,jaden mcdaniels,Over,0.5,-185,2026-05-06T23:34:17Z,MIN,73.0,31.7,14.8,4.2,2.7,1.1,1.0,0.515,0.412,0.835,1.6,0.0,LOW
Minnesota Timberwolves at San Antonio Spurs,BetMGM,player_blocks,jaden mcdaniels,Under,0.5,130,2026-05-06T23:34:17Z,MIN,73.0,31.7,14.8,4.2,2.7,1.1,1.0,0.515,0.412,0.835,1.6,0.0,LOW
Minnesota Timberwolves at San Antonio Spurs,BetMGM,player_blocks,victor wembanyama,Over,4.5,100,2026-05-06T23:34:17Z,SAS,64.0,29.2,25.0,11.5,3.1,1.0,3.1,0.512,0.349,0.827,10.7,0.0,LOW
Minnesota Timberwolves at San Antonio Spurs,BetMGM,player_blocks,victor wembanyama,Under,4.5,-140,2026-05-06T23:34:17Z,SAS,64.0,29.2,25.0,11.5,3.1,1.0,3.1,0.512,0.349,0.827,10.7,0.0,LOW
Minnesota Timberwolves at San Antonio Spurs,BetMGM,player_blocks,julius randle,Over,0.5,240,2026-05-06T23:34:17Z,MIN,79.0,33.0,21.1,6.7,5.0,1.1,0.2,0.481,0.315,0.802,2.9,0.0,LOW
Minnesota Timberwolves at San Antonio Spurs,BetMGM,player_blocks,julius randle,Under,0.5,-375,2026-05-06T23:34:17Z,MIN,79.0,33.0,21.1,6.7,5.0,1.1,0.2,0.481,0.315,0.802,2.9,0.0,LOW
Minnesota Timberwolves at San Antonio Spurs,BetMGM,player_blocks,de'aaron fox,Over,0.5,333,2026-05-06T23:34:17Z,SAS,72.0,31.0,18.6,3.8,6.2,1.2,0.3,0.486,0.332,0.76,6.3,0.0,LOW
Minnesota Timberwolves at San Antonio Spurs,BetMGM,player_blocks,de'aaron fox,Under,0.5,-550,2026-05-06T23:34:17Z,SAS,72.0,31.0,18.6,3.8,6.2,1.2,0.3,0.486,0.332,0.76,6.3,0.0,LOW
Minnesota Timberwolves at San Antonio Spurs,BetMGM,player_blocks,mike conley,Over,0.5,375,2026-05-06T23:34:17Z,MIN,54.0,18.4,4.5,1.7,2.9,0.6,0.3,0.335,0.337,0.9,0.3,0.0,LOW
Minnesota Timberwolves at San Antonio Spurs,BetMGM,player_blocks,mike conley,Under,0.5,-650,2026-05-06T23:34:17Z,MIN,54.0,18.4,4.5,1.7,2.9,0.6,0.3,0.335,0.337,0.9,0.3,0.0,LOW
Minnesota Timberwolves at San Antonio Spurs,BetMGM,player_blocks,devin vassell,Over,0.5,115,2026-05-06T23:34:17Z,SAS,67.0,30.5,13.9,4.0,2.5,0.9,0.4,0.437,0.384,0.815,7.3,0.0,LOW
Minnesota Timberwolves at San Antonio Spurs,BetMGM,player_blocks,devin vassell,Under,0.5,-155,2026-05-06T23:34:17Z,SAS,67.0,30.5,13.9,4.0,2.5,0.9,0.4,0.437,0.384,0.815,7.3,0.0,LOW
Minnesota Timberwolves at San Antonio Spurs,BetMGM,player_blocks,rudy gobert,Over,1.5,130,2026-05-06T23:34:17Z,MIN,76.0,31.3,10.9,11.5,1.7,0.8,1.6,0.682,0.0,0.526,3.1,0.0,LOW
Minnesota Timberwolves at San Antonio Spurs,BetMGM,player_blocks,rudy gobert,Under,1.5,-190,2026-05-06T23:34:17Z,MIN,76.0,31.3,10.9,11.5,1.7,0.8,1.6,0.682,0.0,0.526,3.1,0.0,LOW
Minnesota Timberwolves at San Antonio Spurs,BetMGM,player_points,victor wembanyama,Over,27.5,-115,2026-05-06T23:34:17Z,SAS,64.0,29.2,25.0,11.5,3.1,1.0,3.1,0.512,0.349,0.827,10.7,-2.5,LOW
Minnesota Timberwolves at San Antonio Spurs,BetMGM,player_points,victor wembanyama,Under,27.5,-115,2026-05-06T23:34:17Z,SAS,64.0,29.2,25.0,11.5,3.1,1.0,3.1,0.512,0.349,0.827,10.7,-2.5,LOW
Minnesota Timberwolves at San Antonio Spurs,BetMGM,player_points,julian champagnie,Over,8.5,-130,2026-05-06T23:34:17Z,SAS,82.0,27.6,11.1,5.8,1.5,0.8,0.5,0.437,0.381,0.844,7.2,2.5999999999999996,MEDIUM
Minnesota Timberwolves at San Antonio Spurs,BetMGM,player_points,julian champagnie,Under,8.5,-105,2026-05-06T23:34:17Z,SAS,82.0,27.6,11.1,5.8,1.5,0.8,0.5,0.437,0.381,0.844,7.2,2.5999999999999996,MEDIUM
Minnesota Timberwolves at San Antonio Spurs,BetMGM,player_points,devin vassell,Over,12.5,-115,2026-05-06T23:34:17Z,SAS,67.0,30.5,13.9,4.0,2.5,0.9,0.4,0.437,0.384,0.815,7.3,1.4000000000000004,LOW
Minnesota Timberwolves at San Antonio Spurs,BetMGM,player_points,devin vassell,Under,12.5,-115,2026-05-06T23:34:17Z,SAS,67.0,30.5,13.9,4.0,2.5,0.9,0.4,0.437,0.384,0.815,7.3,1.4000000000000004,LOW
Minnesota Timberwolves at San Antonio Spurs,BetMGM,player_points,dylan harper,Over,10.5,-140,2026-05-06T23:34:17Z,SAS,69.0,22.6,11.8,3.4,3.9,0.8,0.3,0.505,0.343,0.756,4.4,1.3000000000000007,LOW
Minnesota Timberwolves at San Antonio Spurs,BetMGM,player_points,dylan harper,Under,10.5,105,2026-05-06T23:34:17Z,SAS,69.0,22.6,11.8,3.4,3.9,0.8,0.3,0.505,0.343,0.756,4.4,1.3000000000000007,LOW
Minnesota Timberwolves at San Antonio Spurs,BetMGM,player_points,rudy gobert,Over,8.5,105,2026-05-06T23:34:17Z,MIN,76.0,31.3,10.9,11.5,1.7,0.8,1.6,0.682,0.0,0.526,3.1,2.4000000000000004,MEDIUM
Minnesota Timberwolves at San Antonio Spurs,BetMGM,player_points,rudy gobert,Under,8.5,-140,2026-05-06T23:34:17Z,MIN,76.0,31.3,10.9,11.5,1.7,0.8,1.6,0.682,0.0,0.526,3.1,2.4000000000000004,MEDIUM
Minnesota Timberwolves at San Antonio Spurs,BetMGM,player_points,mike conley,Over,4.5,-118,2026-05-06T23:34:17Z,MIN,54.0,18.4,4.5,1.7,2.9,0.6,0.3,0.335,0.337,0.9,0.3,0.0,LOW
Minnesota Timberwolves at San Antonio Spurs,BetMGM,player_points,mike conley,Under,4.5,-111,2026-05-06T23:34:17Z,MIN,54.0,18.4,4.5,1.7,2.9,0.6,0.3,0.335,0.337,0.9,0.3,0.0,LOW
Minnesota Timberwolves at San Antonio Spurs,BetMGM,player_points,de'aaron fox,Over,17.5,-120,2026-05-06T23:34:17Z,SAS,72.0,31.0,18.6,3.8,6.2,1.2,0.3,0.486,0.332,0.76,6.3,1.1000000000000014,LOW
Minnesota Timberwolves at San Antonio Spurs,BetMGM,player_points,de'aaron fox,Under,17.5,-110,2026-05-06T23:34:17Z,SAS,72.0,31.0,18.6,3.8,6.2,1.2,0.3,0.486,0.332,0.76,6.3,1.1000000000000014,LOW
Minnesota Timberwolves at San Antonio Spurs,BetMGM,player_points,stephon castle,Over,17.5,-105,2026-05-06T23:34:17Z,SAS,68.0,30.0,16.7,5.3,7.4,1.1,0.3,0.471,0.332,0.734,6.0,-0.8000000000000007,LOW
Minnesota Timberwolves at San Antonio Spurs,BetMGM,player_points,stephon castle,Under,17.5,-125,2026-05-06T23:34:17Z,SAS,68.0,30.0,16.7,5.3,7.4,1.1,0.3,0.471,0.332,0.734,6.0,-0.8000000000000007,LOW
Minnesota Timberwolves at San Antonio Spurs,BetMGM,player_points,naz reid,Over,11.5,-125,2026-05-06T23:34:17Z,MIN,77.0,26.1,13.6,6.2,2.2,1.0,1.0,0.456,0.362,0.732,2.2,2.0999999999999996,MEDIUM
Minnesota Timberwolves at San Antonio Spurs,BetMGM,player_points,naz reid,Under,11.5,-105,2026-05-06T23:34:17Z,MIN,77.0,26.1,13.6,6.2,2.2,1.0,1.0,0.456,0.362,0.732,2.2,2.0999999999999996,MEDIUM
Minnesota Timberwolves at San Antonio Spurs,BetMGM,player_points,luke kornet,Over,3.5,-120,2026-05-06T23:34:17Z,SAS,68.0,21.0,6.5,6.1,1.9,0.5,1.0,0.643,0.0,0.825,1.7,3.0,MEDIUM
Minnesota Timberwolves at San Antonio Spurs,BetMGM,player_points,luke kornet,Under,3.5,-111,2026-05-06T23:34:17Z,SAS,68.0,21.0,6.5,6.1,1.9,0.5,1.0,0.643,0.0,0.825,1.7,3.0,MEDIUM
Minnesota Timberwolves at San Antonio Spurs,BetMGM,player_points,keldon johnson,Over,9.5,-105,2026-05-06T23:34:17Z,SAS,82.0,23.3,13.2,5.4,1.4,0.6,0.1,0.519,0.363,0.794,3.9,3.6999999999999993,MEDIUM
Minnesota Timberwolves at San Antonio Spurs,BetMGM,player_points,keldon johnson,Under,9.5,-125,2026-05-06T23:34:17Z,SAS,82.0,23.3,13.2,5.4,1.4,0.6,0.1,0.519,0.363,0.794,3.9,3.6999999999999993,MEDIUM
Minnesota Timberwolves at San Antonio Spurs,BetMGM,player_points,anthony edwards,Over,21.5,-111,2026-05-06T23:34:17Z,MIN,61.0,35.0,28.8,5.0,3.7,1.4,0.8,0.489,0.399,0.796,2.7,7.300000000000001,HIGH
Minnesota Timberwolves at San Antonio Spurs,BetMGM,player_points,anthony edwards,Under,21.5,-118,2026-05-06T23:34:17Z,MIN,61.0,35.0,28.8,5.0,3.7,1.4,0.8,0.489,0.399,0.796,2.7,7.300000000000001,HIGH
Minnesota Timberwolves at San Antonio Spurs,BetMGM,player_points,julius randle,Over,17.5,-120,2026-05-06T23:34:17Z,MIN,79.0,33.0,21.1,6.7,5.0,1.1,0.2,0.481,0.315,0.802,2.9,3.6000000000000014,MEDIUM
Minnesota Timberwolves at San Antonio Spurs,BetMGM,player_points,julius randle,Under,17.5,-110,2026-05-06T23:34:17Z,MIN,79.0,33.0,21.1,6.7,5.0,1.1,0.2,0.481,0.315,0.802,2.9,3.6000000000000014,MEDIUM
Minnesota Timberwolves at San Antonio Spurs,BetMGM,player_points,jaden mcdaniels,Over,13.5,-135,2026-05-06T23:34:17Z,MIN,73.0,31.7,14.8,4.2,2.7,1.1,1.0,0.515,0.412,0.835,1.6,1.3000000000000007,LOW
Minnesota Timberwolves at San Antonio Spurs,BetMGM,player_points,jaden mcdaniels,Under,13.5,100,2026-05-06T23:34:17Z,MIN,73.0,31.7,14.8,4.2,2.7,1.1,1.0,0.515,0.412,0.835,1.6,1.3000000000000007,LOW
Minnesota Timberwolves at San Antonio Spurs,BetMGM,player_points,ayo dosunmu,Over,10.5,-120,2026-05-06T23:34:17Z,MIN,69.0,27.3,14.8,3.4,3.6,0.8,0.3,0.517,0.439,0.876,-1.0,4.300000000000001,HIGH
Minnesota Timberwolves at San Antonio Spurs,BetMGM,player_points,ayo dosunmu,Under,10.5,-111,2026-05-06T23:34:17Z,MIN,69.0,27.3,14.8,3.4,3.6,0.8,0.3,0.517,0.439,0.876,-1.0,4.300000000000001,HIGH
Minnesota Timberwolves at San Antonio Spurs,BetMGM,player_points,terrence shannon jr.,Over,8.5,-105,2026-05-06T23:34:17Z,MIN,43.0,12.5,5.6,1.1,0.9,0.3,0.0,0.45,0.408,0.8,-1.9,-2.9000000000000004,LOW
Minnesota Timberwolves at San Antonio Spurs,BetMGM,player_points,terrence shannon jr.,Under,8.5,-125,2026-05-06T23:34:17Z,MIN,43.0,12.5,5.6,1.1,0.9,0.3,0.0,0.45,0.408,0.8,-1.9,-2.9000000000000004,LOW
Minnesota Timberwolves at San Antonio Spurs,BetMGM,player_rebounds,victor wembanyama,Over,12.5,-125,2026-05-06T23:34:17Z,SAS,64.0,29.2,25.0,11.5,3.1,1.0,3.1,0.512,0.349,0.827,10.7,-1.0,LOW
Minnesota Timberwolves at San Antonio Spurs,BetMGM,player_rebounds,victor wembanyama,Under,12.5,-105,2026-05-06T23:34:17Z,SAS,64.0,29.2,25.0,11.5,3.1,1.0,3.1,0.512,0.349,0.827,10.7,-1.0,LOW
Minnesota Timberwolves at San Antonio Spurs,BetMGM,player_rebounds,de'aaron fox,Over,3.5,-120,2026-05-06T23:34:17Z,SAS,72.0,31.0,18.6,3.8,6.2,1.2,0.3,0.486,0.332,0.76,6.3,0.2999999999999998,LOW
Minnesota Timberwolves at San Antonio Spurs,BetMGM,player_rebounds,de'aaron fox,Under,3.5,-110,2026-05-06T23:34:17Z,SAS,72.0,31.0,18.6,3.8,6.2,1.2,0.3,0.486,0.332,0.76,6.3,0.2999999999999998,LOW
Minnesota Timberwolves at San Antonio Spurs,BetMGM,player_rebounds,devin vassell,Over,4.5,115,2026-05-06T23:34:17Z,SAS,67.0,30.5,13.9,4.0,2.5,0.9,0.4,0.437,0.384,0.815,7.3,-0.5,LOW
Minnesota Timberwolves at San Antonio Spurs,BetMGM,player_rebounds,devin vassell,Under,4.5,-155,2026-05-06T23:34:17Z,SAS,67.0,30.5,13.9,4.0,2.5,0.9,0.4,0.437,0.384,0.815,7.3,-0.5,LOW
Minnesota Timberwolves at San Antonio Spurs,BetMGM,player_rebounds,julius randle,Over,6.5,-105,2026-05-06T23:34:17Z,MIN,79.0,33.0,21.1,6.7,5.0,1.1,0.2,0.481,0.315,0.802,2.9,0.20000000000000018,LOW
Minnesota Timberwolves at San Antonio Spurs,BetMGM,player_rebounds,julius randle,Under,6.5,-125,2026-05-06T23:34:17Z,MIN,79.0,33.0,21.1,6.7,5.0,1.1,0.2,0.481,0.315,0.802,2.9,0.20000000000000018,LOW
Minnesota Timberwolves at San Antonio Spurs,BetMGM,player_rebounds,jaden mcdaniels,Over,4.5,-115,2026-05-06T23:34:17Z,MIN,73.0,31.7,14.8,4.2,2.7,1.1,1.0,0.515,0.412,0.835,1.6,-0.2999999999999998,LOW
Minnesota Timberwolves at San Antonio Spurs,BetMGM,player_rebounds,jaden mcdaniels,Under,4.5,-115,2026-05-06T23:34:17Z,MIN,73.0,31.7,14.8,4.2,2.7,1.1,1.0,0.515,0.412,0.835,1.6,-0.2999999999999998,LOW
Minnesota Timberwolves at San Antonio Spurs,BetMGM,player_rebounds,dylan harper,Over,3.5,105,2026-05-06T23:34:17Z,SAS,69.0,22.6,11.8,3.4,3.9,0.8,0.3,0.505,0.343,0.756,4.4,-0.10000000000000009,LOW
Minnesota Timberwolves at San Antonio Spurs,BetMGM,player_rebounds,dylan harper,Under,3.5,-140,2026-05-06T23:34:17Z,SAS,69.0,22.6,11.8,3.4,3.9,0.8,0.3,0.505,0.343,0.756,4.4,-0.10000000000000009,LOW
Minnesota Timberwolves at San Antonio Spurs,BetMGM,player_rebounds,stephon castle,Over,5.5,100,2026-05-06T23:34:17Z,SAS,68.0,30.0,16.7,5.3,7.4,1.1,0.3,0.471,0.332,0.734,6.0,-0.20000000000000018,LOW
Minnesota Timberwolves at San Antonio Spurs,BetMGM,player_rebounds,stephon castle,Under,5.5,-135,2026-05-06T23:34:17Z,SAS,68.0,30.0,16.7,5.3,7.4,1.1,0.3,0.471,0.332,0.734,6.0,-0.20000000000000018,LOW
Minnesota Timberwolves at San Antonio Spurs,BetMGM,player_rebounds,julian champagnie,Over,5.5,-105,2026-05-06T23:34:17Z,SAS,82.0,27.6,11.1,5.8,1.5,0.8,0.5,0.437,0.381,0.844,7.2,0.2999999999999998,LOW
Minnesota Timberwolves at San Antonio Spurs,BetMGM,player_rebounds,julian champagnie,Under,5.5,-130,2026-05-06T23:34:17Z,SAS,82.0,27.6,11.1,5.8,1.5,0.8,0.5,0.437,0.381,0.844,7.2,0.2999999999999998,LOW
Minnesota Timberwolves at San Antonio Spurs,BetMGM,player_rebounds,keldon johnson,Over,3.5,-145,2026-05-06T23:34:17Z,SAS,82.0,23.3,13.2,5.4,1.4,0.6,0.1,0.519,0.363,0.794,3.9,1.9000000000000004,LOW
Minnesota Timberwolves at San Antonio Spurs,BetMGM,player_rebounds,keldon johnson,Under,3.5,105,2026-05-06T23:34:17Z,SAS,82.0,23.3,13.2,5.4,1.4,0.6,0.1,0.519,0.363,0.794,3.9,1.9000000000000004,LOW
Minnesota Timberwolves at San Antonio Spurs,BetMGM,player_rebounds,luke kornet,Over,3.5,115,2026-05-06T23:34:17Z,SAS,68.0,21.0,6.5,6.1,1.9,0.5,1.0,0.643,0.0,0.825,1.7,2.5999999999999996,MEDIUM
Minnesota Timberwolves at San Antonio Spurs,BetMGM,player_rebounds,luke kornet,Under,3.5,-155,2026-05-06T23:34:17Z,SAS,68.0,21.0,6.5,6.1,1.9,0.5,1.0,0.643,0.0,0.825,1.7,2.5999999999999996,MEDIUM
Minnesota Timberwolves at San Antonio Spurs,BetMGM,player_rebounds,ayo dosunmu,Over,2.5,-140,2026-05-06T23:34:17Z,MIN,69.0,27.3,14.8,3.4,3.6,0.8,0.3,0.517,0.439,0.876,-1.0,0.8999999999999999,LOW
Minnesota Timberwolves at San Antonio Spurs,BetMGM,player_rebounds,ayo dosunmu,Under,2.5,105,2026-05-06T23:34:17Z,MIN,69.0,27.3,14.8,3.4,3.6,0.8,0.3,0.517,0.439,0.876,-1.0,0.8999999999999999,LOW
Minnesota Timberwolves at San Antonio Spurs,BetMGM,player_rebounds,anthony edwards,Over,4.5,105,2026-05-06T23:34:17Z,MIN,61.0,35.0,28.8,5.0,3.7,1.4,0.8,0.489,0.399,0.796,2.7,0.5,LOW
Minnesota Timberwolves at San Antonio Spurs,BetMGM,player_rebounds,anthony edwards,Under,4.5,-140,2026-05-06T23:34:17Z,MIN,61.0,35.0,28.8,5.0,3.7,1.4,0.8,0.489,0.399,0.796,2.7,0.5,LOW
Minnesota Timberwolves at San Antonio Spurs,BetMGM,player_rebounds,naz reid,Over,5.5,-155,2026-05-06T23:34:17Z,MIN,77.0,26.1,13.6,6.2,2.2,1.0,1.0,0.456,0.362,0.732,2.2,0.7000000000000002,LOW
Minnesota Timberwolves at San Antonio Spurs,BetMGM,player_rebounds,naz reid,Under,5.5,115,2026-05-06T23:34:17Z,MIN,77.0,26.1,13.6,6.2,2.2,1.0,1.0,0.456,0.362,0.732,2.2,0.7000000000000002,LOW
Minnesota Timberwolves at San Antonio Spurs,BetMGM,player_rebounds,rudy gobert,Over,11.5,105,2026-05-06T23:34:17Z,MIN,76.0,31.3,10.9,11.5,1.7,0.8,1.6,0.682,0.0,0.526,3.1,0.0,LOW
Minnesota Timberwolves at San Antonio Spurs,BetMGM,player_rebounds,rudy gobert,Under,11.5,-140,2026-05-06T23:34:17Z,MIN,76.0,31.3,10.9,11.5,1.7,0.8,1.6,0.682,0.0,0.526,3.1,0.0,LOW
Minnesota Timberwolves at San Antonio Spurs,BetMGM,player_rebounds,mike conley,Over,1.5,-185,2026-05-06T23:34:17Z,MIN,54.0,18.4,4.5,1.7,2.9,0.6,0.3,0.335,0.337,0.9,0.3,0.19999999999999996,LOW
Minnesota Timberwolves at San Antonio Spurs,BetMGM,player_rebounds,mike conley,Under,1.5,135,2026-05-06T23:34:17Z,MIN,54.0,18.4,4.5,1.7,2.9,0.6,0.3,0.335,0.337,0.9,0.3,0.19999999999999996,LOW
Minnesota Timberwolves at San Antonio Spurs,BetMGM,player_threes,de'aaron fox,Over,1.5,-105,2026-05-06T23:34:17Z,SAS,72.0,31.0,18.6,3.8,6.2,1.2,0.3,0.486,0.332,0.76,6.3,0.0,LOW
Minnesota Timberwolves at San Antonio Spurs,BetMGM,player_threes,de'aaron fox,Under,1.5,-125,2026-05-06T23:34:17Z,SAS,72.0,31.0,18.6,3.8,6.2,1.2,0.3,0.486,0.332,0.76,6.3,0.0,LOW
Minnesota Timberwolves at San Antonio Spurs,BetMGM,player_threes,victor wembanyama,Over,2.5,110,2026-05-06T23:34:17Z,SAS,64.0,29.2,25.0,11.5,3.1,1.0,3.1,0.512,0.349,0.827,10.7,0.0,LOW
Minnesota Timberwolves at San Antonio Spurs,BetMGM,player_threes,victor wembanyama,Under,2.5,-150,2026-05-06T23:34:17Z,SAS,64.0,29.2,25.0,11.5,3.1,1.0,3.1,0.512,0.349,0.827,10.7,0.0,LOW
Minnesota Timberwolves at San Antonio Spurs,BetMGM,player_threes,devin vassell,Over,2.5,130,2026-05-06T23:34:17Z,SAS,67.0,30.5,13.9,4.0,2.5,0.9,0.4,0.437,0.384,0.815,7.3,0.0,LOW
Minnesota Timberwolves at San Antonio Spurs,BetMGM,player_threes,devin vassell,Under,2.5,-175,2026-05-06T23:34:17Z,SAS,67.0,30.5,13.9,4.0,2.5,0.9,0.4,0.437,0.384,0.815,7.3,0.0,LOW
Minnesota Timberwolves at San Antonio Spurs,BetMGM,player_threes,jaden mcdaniels,Over,1.5,145,2026-05-06T23:34:17Z,MIN,73.0,31.7,14.8,4.2,2.7,1.1,1.0,0.515,0.412,0.835,1.6,0.0,LOW
Minnesota Timberwolves at San Antonio Spurs,BetMGM,player_threes,jaden mcdaniels,Under,1.5,-200,2026-05-06T23:34:17Z,MIN,73.0,31.7,14.8,4.2,2.7,1.1,1.0,0.515,0.412,0.835,1.6,0.0,LOW
Minnesota Timberwolves at San Antonio Spurs,BetMGM,player_threes,stephon castle,Over,1.5,125,2026-05-06T23:34:17Z,SAS,68.0,30.0,16.7,5.3,7.4,1.1,0.3,0.471,0.332,0.734,6.0,0.0,LOW
Minnesota Timberwolves at San Antonio Spurs,BetMGM,player_threes,stephon castle,Under,1.5,-165,2026-05-06T23:34:17Z,SAS,68.0,30.0,16.7,5.3,7.4,1.1,0.3,0.471,0.332,0.734,6.0,0.0,LOW
Minnesota Timberwolves at San Antonio Spurs,BetMGM,player_threes,anthony edwards,Over,2.5,-111,2026-05-06T23:34:17Z,MIN,61.0,35.0,28.8,5.0,3.7,1.4,0.8,0.489,0.399,0.796,2.7,0.0,LOW
Minnesota Timberwolves at San Antonio Spurs,BetMGM,player_threes,anthony edwards,Under,2.5,-118,2026-05-06T23:34:17Z,MIN,61.0,35.0,28.8,5.0,3.7,1.4,0.8,0.489,0.399,0.796,2.7,0.0,LOW
Minnesota Timberwolves at San Antonio Spurs,BetMGM,player_threes,julian champagnie,Over,1.5,-165,2026-05-06T23:34:17Z,SAS,82.0,27.6,11.1,5.8,1.5,0.8,0.5,0.437,0.381,0.844,7.2,0.0,LOW
Minnesota Timberwolves at San Antonio Spurs,BetMGM,player_threes,julian champagnie,Under,1.5,125,2026-05-06T23:34:17Z,SAS,82.0,27.6,11.1,5.8,1.5,0.8,0.5,0.437,0.381,0.844,7.2,0.0,LOW
Minnesota Timberwolves at San Antonio Spurs,BetMGM,player_threes,naz reid,Over,1.5,-125,2026-05-06T23:34:17Z,MIN,77.0,26.1,13.6,6.2,2.2,1.0,1.0,0.456,0.362,0.732,2.2,0.0,LOW
Minnesota Timberwolves at San Antonio Spurs,BetMGM,player_threes,naz reid,Under,1.5,-105,2026-05-06T23:34:17Z,MIN,77.0,26.1,13.6,6.2,2.2,1.0,1.0,0.456,0.362,0.732,2.2,0.0,LOW
Minnesota Timberwolves at San Antonio Spurs,BetMGM,player_threes,julius randle,Over,1.5,130,2026-05-06T23:34:17Z,MIN,79.0,33.0,21.1,6.7,5.0,1.1,0.2,0.481,0.315,0.802,2.9,0.0,LOW
Minnesota Timberwolves at San Antonio Spurs,BetMGM,player_threes,julius randle,Under,1.5,-175,2026-05-06T23:34:17Z,MIN,79.0,33.0,21.1,6.7,5.0,1.1,0.2,0.481,0.315,0.802,2.9,0.0,LOW
Minnesota Timberwolves at San Antonio Spurs,BetMGM,player_threes,mike conley,Over,1.5,155,2026-05-06T23:34:17Z,MIN,54.0,18.4,4.5,1.7,2.9,0.6,0.3,0.335,0.337,0.9,0.3,0.0,LOW
Minnesota Timberwolves at San Antonio Spurs,BetMGM,player_threes,mike conley,Under,1.5,-210,2026-05-06T23:34:17Z,MIN,54.0,18.4,4.5,1.7,2.9,0.6,0.3,0.335,0.337,0.9,0.3,0.0,LOW
Minnesota Timberwolves at San Antonio Spurs,BetMGM,player_threes,ayo dosunmu,Over,1.5,140,2026-05-06T23:34:17Z,MIN,69.0,27.3,14.8,3.4,3.6,0.8,0.3,0.517,0.439,0.876,-1.0,0.0,LOW
Minnesota Timberwolves at San Antonio Spurs,BetMGM,player_threes,ayo dosunmu,Under,1.5,-190,2026-05-06T23:34:17Z,MIN,69.0,27.3,14.8,3.4,3.6,0.8,0.3,0.517,0.439,0.876,-1.0,0.0,LOW
Minnesota Timberwolves at San Antonio Spurs,BetMGM,player_threes,terrence shannon jr.,Over,0.5,-175,2026-05-06T23:34:17Z,MIN,43.0,12.5,5.6,1.1,0.9,0.3,0.0,0.45,0.408,0.8,-1.9,0.0,LOW
Minnesota Timberwolves at San Antonio Spurs,BetMGM,player_threes,terrence shannon jr.,Under,0.5,130,2026-05-06T23:34:17Z,MIN,43.0,12.5,5.6,1.1,0.9,0.3,0.0,0.45,0.408,0.8,-1.9,0.0,LOW
Minnesota Timberwolves at San Antonio Spurs,Bovada,player_assists,anthony edwards,Over,2.5,-170,2026-05-06T23:27:50Z,MIN,61.0,35.0,28.8,5.0,3.7,1.4,0.8,0.489,0.399,0.796,2.7,1.2000000000000002,LOW
Minnesota Timberwolves at San Antonio Spurs,Bovada,player_assists,anthony edwards,Under,2.5,130,2026-05-06T23:27:50Z,MIN,61.0,35.0,28.8,5.0,3.7,1.4,0.8,0.489,0.399,0.796,2.7,1.2000000000000002,LOW
Minnesota Timberwolves at San Antonio Spurs,Bovada,player_assists,anthony edwards,Over,3.5,140,2026-05-06T23:27:50Z,MIN,61.0,35.0,28.8,5.0,3.7,1.4,0.8,0.489,0.399,0.796,2.7,0.20000000000000018,LOW
Minnesota Timberwolves at San Antonio Spurs,Bovada,player_assists,anthony edwards,Under,3.5,-185,2026-05-06T23:27:50Z,MIN,61.0,35.0,28.8,5.0,3.7,1.4,0.8,0.489,0.399,0.796,2.7,0.20000000000000018,LOW
Minnesota Timberwolves at San Antonio Spurs,Bovada,player_assists,ayo dosunmu,Over,2.5,-185,2026-05-06T23:27:50Z,MIN,69.0,27.3,14.8,3.4,3.6,0.8,0.3,0.517,0.439,0.876,-1.0,1.1,LOW
Minnesota Timberwolves at San Antonio Spurs,Bovada,player_assists,ayo dosunmu,Under,2.5,140,2026-05-06T23:27:50Z,MIN,69.0,27.3,14.8,3.4,3.6,0.8,0.3,0.517,0.439,0.876,-1.0,1.1,LOW
Minnesota Timberwolves at San Antonio Spurs,Bovada,player_assists,ayo dosunmu,Over,3.5,130,2026-05-06T23:27:50Z,MIN,69.0,27.3,14.8,3.4,3.6,0.8,0.3,0.517,0.439,0.876,-1.0,0.10000000000000009,LOW
Minnesota Timberwolves at San Antonio Spurs,Bovada,player_assists,ayo dosunmu,Under,3.5,-170,2026-05-06T23:27:50Z,MIN,69.0,27.3,14.8,3.4,3.6,0.8,0.3,0.517,0.439,0.876,-1.0,0.10000000000000009,LOW
Minnesota Timberwolves at San Antonio Spurs,Bovada,player_assists,de'aaron fox,Over,5.5,-145,2026-05-06T23:27:50Z,SAS,72.0,31.0,18.6,3.8,6.2,1.2,0.3,0.486,0.332,0.76,6.3,0.7000000000000002,LOW
Minnesota Timberwolves at San Antonio Spurs,Bovada,player_assists,de'aaron fox,Under,5.5,110,2026-05-06T23:27:50Z,SAS,72.0,31.0,18.6,3.8,6.2,1.2,0.3,0.486,0.332,0.76,6.3,0.7000000000000002,LOW
Minnesota Timberwolves at San Antonio Spurs,Bovada,player_assists,de'aaron fox,Over,6.5,125,2026-05-06T23:27:50Z,SAS,72.0,31.0,18.6,3.8,6.2,1.2,0.3,0.486,0.332,0.76,6.3,-0.2999999999999998,LOW
Minnesota Timberwolves at San Antonio Spurs,Bovada,player_assists,de'aaron fox,Under,6.5,-165,2026-05-06T23:27:50Z,SAS,72.0,31.0,18.6,3.8,6.2,1.2,0.3,0.486,0.332,0.76,6.3,-0.2999999999999998,LOW
Minnesota Timberwolves at San Antonio Spurs,Bovada,player_assists,devin vassell,Over,1.5,-230,2026-05-06T23:27:50Z,SAS,67.0,30.5,13.9,4.0,2.5,0.9,0.4,0.437,0.384,0.815,7.3,1.0,LOW
Minnesota Timberwolves at San Antonio Spurs,Bovada,player_assists,devin vassell,Under,1.5,170,2026-05-06T23:27:50Z,SAS,67.0,30.5,13.9,4.0,2.5,0.9,0.4,0.437,0.384,0.815,7.3,1.0,LOW
Minnesota Timberwolves at San Antonio Spurs,Bovada,player_assists,devin vassell,Over,2.5,130,2026-05-06T23:27:50Z,SAS,67.0,30.5,13.9,4.0,2.5,0.9,0.4,0.437,0.384,0.815,7.3,0.0,LOW
Minnesota Timberwolves at San Antonio Spurs,Bovada,player_assists,devin vassell,Under,2.5,-170,2026-05-06T23:27:50Z,SAS,67.0,30.5,13.9,4.0,2.5,0.9,0.4,0.437,0.384,0.815,7.3,0.0,LOW
Minnesota Timberwolves at San Antonio Spurs,Bovada,player_assists,dylan harper,Over,2.5,-185,2026-05-06T23:27:50Z,SAS,69.0,22.6,11.8,3.4,3.9,0.8,0.3,0.505,0.343,0.756,4.4,1.4,LOW
Minnesota Timberwolves at San Antonio Spurs,Bovada,player_assists,dylan harper,Under,2.5,140,2026-05-06T23:27:50Z,SAS,69.0,22.6,11.8,3.4,3.9,0.8,0.3,0.505,0.343,0.756,4.4,1.4,LOW
Minnesota Timberwolves at San Antonio Spurs,Bovada,player_assists,dylan harper,Over,3.5,130,2026-05-06T23:27:50Z,SAS,69.0,22.6,11.8,3.4,3.9,0.8,0.3,0.505,0.343,0.756,4.4,0.3999999999999999,LOW
Minnesota Timberwolves at San Antonio Spurs,Bovada,player_assists,dylan harper,Under,3.5,-170,2026-05-06T23:27:50Z,SAS,69.0,22.6,11.8,3.4,3.9,0.8,0.3,0.505,0.343,0.756,4.4,0.3999999999999999,LOW
Minnesota Timberwolves at San Antonio Spurs,Bovada,player_assists,jaden mcdaniels,Over,1.5,-290,2026-05-06T23:27:50Z,MIN,73.0,31.7,14.8,4.2,2.7,1.1,1.0,0.515,0.412,0.835,1.6,1.2000000000000002,LOW
Minnesota Timberwolves at San Antonio Spurs,Bovada,player_assists,jaden mcdaniels,Under,1.5,210,2026-05-06T23:27:50Z,MIN,73.0,31.7,14.8,4.2,2.7,1.1,1.0,0.515,0.412,0.835,1.6,1.2000000000000002,LOW
Minnesota Timberwolves at San Antonio Spurs,Bovada,player_assists,jaden mcdaniels,Over,2.5,105,2026-05-06T23:27:50Z,MIN,73.0,31.7,14.8,4.2,2.7,1.1,1.0,0.515,0.412,0.835,1.6,0.20000000000000018,LOW
Minnesota Timberwolves at San Antonio Spurs,Bovada,player_assists,jaden mcdaniels,Under,2.5,-135,2026-05-06T23:27:50Z,MIN,73.0,31.7,14.8,4.2,2.7,1.1,1.0,0.515,0.412,0.835,1.6,0.20000000000000018,LOW
Minnesota Timberwolves at San Antonio Spurs,Bovada,player_assists,julian champagnie,Over,0.5,-275,2026-05-06T23:27:50Z,SAS,82.0,27.6,11.1,5.8,1.5,0.8,0.5,0.437,0.381,0.844,7.2,1.0,LOW
Minnesota Timberwolves at San Antonio Spurs,Bovada,player_assists,julian champagnie,Under,0.5,200,2026-05-06T23:27:50Z,SAS,82.0,27.6,11.1,5.8,1.5,0.8,0.5,0.437,0.381,0.844,7.2,1.0,LOW
Minnesota Timberwolves at San Antonio Spurs,Bovada,player_assists,julian champagnie,Over,1.5,165,2026-05-06T23:27:50Z,SAS,82.0,27.6,11.1,5.8,1.5,0.8,0.5,0.437,0.381,0.844,7.2,0.0,LOW
Minnesota Timberwolves at San Antonio Spurs,Bovada,player_assists,julian champagnie,Under,1.5,-220,2026-05-06T23:27:50Z,SAS,82.0,27.6,11.1,5.8,1.5,0.8,0.5,0.437,0.381,0.844,7.2,0.0,LOW
Minnesota Timberwolves at San Antonio Spurs,Bovada,player_assists,julius randle,Over,3.5,-180,2026-05-06T23:27:50Z,MIN,79.0,33.0,21.1,6.7,5.0,1.1,0.2,0.481,0.315,0.802,2.9,1.5,LOW
Minnesota Timberwolves at San Antonio Spurs,Bovada,player_assists,julius randle,Under,3.5,135,2026-05-06T23:27:50Z,MIN,79.0,33.0,21.1,6.7,5.0,1.1,0.2,0.481,0.315,0.802,2.9,1.5,LOW
Minnesota Timberwolves at San Antonio Spurs,Bovada,player_assists,julius randle,Over,4.5,120,2026-05-06T23:27:50Z,MIN,79.0,33.0,21.1,6.7,5.0,1.1,0.2,0.481,0.315,0.802,2.9,0.5,LOW
Minnesota Timberwolves at San Antonio Spurs,Bovada,player_assists,julius randle,Under,4.5,-160,2026-05-06T23:27:50Z,MIN,79.0,33.0,21.1,6.7,5.0,1.1,0.2,0.481,0.315,0.802,2.9,0.5,LOW
Minnesota Timberwolves at San Antonio Spurs,Bovada,player_assists,mike conley,Over,2.5,-165,2026-05-06T23:27:50Z,MIN,54.0,18.4,4.5,1.7,2.9,0.6,0.3,0.335,0.337,0.9,0.3,0.3999999999999999,LOW
Minnesota Timberwolves at San Antonio Spurs,Bovada,player_assists,mike conley,Under,2.5,125,2026-05-06T23:27:50Z,MIN,54.0,18.4,4.5,1.7,2.9,0.6,0.3,0.335,0.337,0.9,0.3,0.3999999999999999,LOW
Minnesota Timberwolves at San Antonio Spurs,Bovada,player_assists,mike conley,Over,3.5,145,2026-05-06T23:27:50Z,MIN,54.0,18.4,4.5,1.7,2.9,0.6,0.3,0.335,0.337,0.9,0.3,-0.6000000000000001,LOW
Minnesota Timberwolves at San Antonio Spurs,Bovada,player_assists,mike conley,Under,3.5,-190,2026-05-06T23:27:50Z,MIN,54.0,18.4,4.5,1.7,2.9,0.6,0.3,0.335,0.337,0.9,0.3,-0.6000000000000001,LOW
Minnesota Timberwolves at San Antonio Spurs,Bovada,player_assists,naz reid,Over,1.5,-130,2026-05-06T23:27:50Z,MIN,77.0,26.1,13.6,6.2,2.2,1.0,1.0,0.456,0.362,0.732,2.2,0.7000000000000002,LOW
Minnesota Timberwolves at San Antonio Spurs,Bovada,player_assists,naz reid,Under,1.5,100,2026-05-06T23:27:50Z,MIN,77.0,26.1,13.6,6.2,2.2,1.0,1.0,0.456,0.362,0.732,2.2,0.7000000000000002,LOW
Minnesota Timberwolves at San Antonio Spurs,Bovada,player_assists,rudy gobert,Over,1.5,-135,2026-05-06T23:27:50Z,MIN,76.0,31.3,10.9,11.5,1.7,0.8,1.6,0.682,0.0,0.526,3.1,0.19999999999999996,LOW
Minnesota Timberwolves at San Antonio Spurs,Bovada,player_assists,rudy gobert,Under,1.5,105,2026-05-06T23:27:50Z,MIN,76.0,31.3,10.9,11.5,1.7,0.8,1.6,0.682,0.0,0.526,3.1,0.19999999999999996,LOW
Minnesota Timberwolves at San Antonio Spurs,Bovada,player_assists,stephon castle,Over,5.5,-245,2026-05-06T23:27:50Z,SAS,68.0,30.0,16.7,5.3,7.4,1.1,0.3,0.471,0.332,0.734,6.0,1.9000000000000004,LOW
Minnesota Timberwolves at San Antonio Spurs,Bovada,player_assists,stephon castle,Under,5.5,180,2026-05-06T23:27:50Z,SAS,68.0,30.0,16.7,5.3,7.4,1.1,0.3,0.471,0.332,0.734,6.0,1.9000000000000004,LOW
Minnesota Timberwolves at San Antonio Spurs,Bovada,player_assists,stephon castle,Over,6.5,-125,2026-05-06T23:27:50Z,SAS,68.0,30.0,16.7,5.3,7.4,1.1,0.3,0.471,0.332,0.734,6.0,0.9000000000000004,LOW
Minnesota Timberwolves at San Antonio Spurs,Bovada,player_assists,stephon castle,Under,6.5,-105,2026-05-06T23:27:50Z,SAS,68.0,30.0,16.7,5.3,7.4,1.1,0.3,0.471,0.332,0.734,6.0,0.9000000000000004,LOW
Minnesota Timberwolves at San Antonio Spurs,Bovada,player_assists,stephon castle,Over,7.5,145,2026-05-06T23:27:50Z,SAS,68.0,30.0,16.7,5.3,7.4,1.1,0.3,0.471,0.332,0.734,6.0,-0.09999999999999964,LOW
Minnesota Timberwolves at San Antonio Spurs,Bovada,player_assists,stephon castle,Under,7.5,-190,2026-05-06T23:27:50Z,SAS,68.0,30.0,16.7,5.3,7.4,1.1,0.3,0.471,0.332,0.734,6.0,-0.09999999999999964,LOW
Minnesota Timberwolves at San Antonio Spurs,Bovada,player_assists,victor wembanyama,Over,2.5,-250,2026-05-06T23:27:50Z,SAS,64.0,29.2,25.0,11.5,3.1,1.0,3.1,0.512,0.349,0.827,10.7,0.6000000000000001,LOW
Minnesota Timberwolves at San Antonio Spurs,Bovada,player_assists,victor wembanyama,Under,2.5,185,2026-05-06T23:27:50Z,SAS,64.0,29.2,25.0,11.5,3.1,1.0,3.1,0.512,0.349,0.827,10.7,0.6000000000000001,LOW
Minnesota Timberwolves at San Antonio Spurs,Bovada,player_assists,victor wembanyama,Over,3.5,100,2026-05-06T23:27:50Z,SAS,64.0,29.2,25.0,11.5,3.1,1.0,3.1,0.512,0.349,0.827,10.7,-0.3999999999999999,LOW
Minnesota Timberwolves at San Antonio Spurs,Bovada,player_assists,victor wembanyama,Under,3.5,-130,2026-05-06T23:27:50Z,SAS,64.0,29.2,25.0,11.5,3.1,1.0,3.1,0.512,0.349,0.827,10.7,-0.3999999999999999,LOW
Minnesota Timberwolves at San Antonio Spurs,Bovada,player_blocks,jaden mcdaniels,Over,0.5,-180,2026-05-06T23:27:50Z,MIN,73.0,31.7,14.8,4.2,2.7,1.1,1.0,0.515,0.412,0.835,1.6,0.0,LOW
Minnesota Timberwolves at San Antonio Spurs,Bovada,player_blocks,jaden mcdaniels,Under,0.5,135,2026-05-06T23:27:50Z,MIN,73.0,31.7,14.8,4.2,2.7,1.1,1.0,0.515,0.412,0.835,1.6,0.0,LOW
Minnesota Timberwolves at San Antonio Spurs,Bovada,player_blocks,rudy gobert,Over,1.5,125,2026-05-06T23:27:50Z,MIN,76.0,31.3,10.9,11.5,1.7,0.8,1.6,0.682,0.0,0.526,3.1,0.0,LOW
Minnesota Timberwolves at San Antonio Spurs,Bovada,player_blocks,rudy gobert,Under,1.5,-165,2026-05-06T23:27:50Z,MIN,76.0,31.3,10.9,11.5,1.7,0.8,1.6,0.682,0.0,0.526,3.1,0.0,LOW
Minnesota Timberwolves at San Antonio Spurs,Bovada,player_blocks,victor wembanyama,Over,3.5,-185,2026-05-06T23:27:50Z,SAS,64.0,29.2,25.0,11.5,3.1,1.0,3.1,0.512,0.349,0.827,10.7,0.0,LOW
Minnesota Timberwolves at San Antonio Spurs,Bovada,player_blocks,victor wembanyama,Under,3.5,140,2026-05-06T23:27:50Z,SAS,64.0,29.2,25.0,11.5,3.1,1.0,3.1,0.512,0.349,0.827,10.7,0.0,LOW
Minnesota Timberwolves at San Antonio Spurs,Bovada,player_blocks,victor wembanyama,Over,4.5,115,2026-05-06T23:27:50Z,SAS,64.0,29.2,25.0,11.5,3.1,1.0,3.1,0.512,0.349,0.827,10.7,0.0,LOW
Minnesota Timberwolves at San Antonio Spurs,Bovada,player_blocks,victor wembanyama,Under,4.5,-150,2026-05-06T23:27:50Z,SAS,64.0,29.2,25.0,11.5,3.1,1.0,3.1,0.512,0.349,0.827,10.7,0.0,LOW
Minnesota Timberwolves at San Antonio Spurs,Bovada,player_points,anthony edwards,Over,17.5,-245,2026-05-06T23:27:50Z,MIN,61.0,35.0,28.8,5.0,3.7,1.4,0.8,0.489,0.399,0.796,2.7,11.3,HIGH
Minnesota Timberwolves at San Antonio Spurs,Bovada,player_points,anthony edwards,Under,17.5,180,2026-05-06T23:27:50Z,MIN,61.0,35.0,28.8,5.0,3.7,1.4,0.8,0.489,0.399,0.796,2.7,11.3,HIGH
Minnesota Timberwolves at San Antonio Spurs,Bovada,player_points,anthony edwards,Over,18.5,-190,2026-05-06T23:27:50Z,MIN,61.0,35.0,28.8,5.0,3.7,1.4,0.8,0.489,0.399,0.796,2.7,10.3,HIGH
Minnesota Timberwolves at San Antonio Spurs,Bovada,player_points,anthony edwards,Under,18.5,145,2026-05-06T23:27:50Z,MIN,61.0,35.0,28.8,5.0,3.7,1.4,0.8,0.489,0.399,0.796,2.7,10.3,HIGH
Minnesota Timberwolves at San Antonio Spurs,Bovada,player_points,anthony edwards,Over,19.5,-150,2026-05-06T23:27:50Z,MIN,61.0,35.0,28.8,5.0,3.7,1.4,0.8,0.489,0.399,0.796,2.7,9.3,HIGH
Minnesota Timberwolves at San Antonio Spurs,Bovada,player_points,anthony edwards,Under,19.5,115,2026-05-06T23:27:50Z,MIN,61.0,35.0,28.8,5.0,3.7,1.4,0.8,0.489,0.399,0.796,2.7,9.3,HIGH
Minnesota Timberwolves at San Antonio Spurs,Bovada,player_points,anthony edwards,Over,20.5,-120,2026-05-06T23:27:50Z,MIN,61.0,35.0,28.8,5.0,3.7,1.4,0.8,0.489,0.399,0.796,2.7,8.3,HIGH
Minnesota Timberwolves at San Antonio Spurs,Bovada,player_points,anthony edwards,Under,20.5,-110,2026-05-06T23:27:50Z,MIN,61.0,35.0,28.8,5.0,3.7,1.4,0.8,0.489,0.399,0.796,2.7,8.3,HIGH
Minnesota Timberwolves at San Antonio Spurs,Bovada,player_points,anthony edwards,Over,21.5,105,2026-05-06T23:27:50Z,MIN,61.0,35.0,28.8,5.0,3.7,1.4,0.8,0.489,0.399,0.796,2.7,7.300000000000001,HIGH
Minnesota Timberwolves at San Antonio Spurs,Bovada,player_points,anthony edwards,Under,21.5,-135,2026-05-06T23:27:50Z,MIN,61.0,35.0,28.8,5.0,3.7,1.4,0.8,0.489,0.399,0.796,2.7,7.300000000000001,HIGH
Minnesota Timberwolves at San Antonio Spurs,Bovada,player_points,anthony edwards,Over,22.5,130,2026-05-06T23:27:50Z,MIN,61.0,35.0,28.8,5.0,3.7,1.4,0.8,0.489,0.399,0.796,2.7,6.300000000000001,HIGH
Minnesota Timberwolves at San Antonio Spurs,Bovada,player_points,anthony edwards,Under,22.5,-170,2026-05-06T23:27:50Z,MIN,61.0,35.0,28.8,5.0,3.7,1.4,0.8,0.489,0.399,0.796,2.7,6.300000000000001,HIGH
Minnesota Timberwolves at San Antonio Spurs,Bovada,player_points,anthony edwards,Over,23.5,155,2026-05-06T23:27:50Z,MIN,61.0,35.0,28.8,5.0,3.7,1.4,0.8,0.489,0.399,0.796,2.7,5.300000000000001,HIGH
Minnesota Timberwolves at San Antonio Spurs,Bovada,player_points,anthony edwards,Under,23.5,-210,2026-05-06T23:27:50Z,MIN,61.0,35.0,28.8,5.0,3.7,1.4,0.8,0.489,0.399,0.796,2.7,5.300000000000001,HIGH
Minnesota Timberwolves at San Antonio Spurs,Bovada,player_points,anthony edwards,Over,24.5,190,2026-05-06T23:27:50Z,MIN,61.0,35.0,28.8,5.0,3.7,1.4,0.8,0.489,0.399,0.796,2.7,4.300000000000001,HIGH
Minnesota Timberwolves at San Antonio Spurs,Bovada,player_points,anthony edwards,Under,24.5,-260,2026-05-06T23:27:50Z,MIN,61.0,35.0,28.8,5.0,3.7,1.4,0.8,0.489,0.399,0.796,2.7,4.300000000000001,HIGH
Minnesota Timberwolves at San Antonio Spurs,Bovada,player_points,ayo dosunmu,Over,8.5,-260,2026-05-06T23:27:50Z,MIN,69.0,27.3,14.8,3.4,3.6,0.8,0.3,0.517,0.439,0.876,-1.0,6.300000000000001,HIGH
Minnesota Timberwolves at San Antonio Spurs,Bovada,player_points,ayo dosunmu,Under,8.5,190,2026-05-06T23:27:50Z,MIN,69.0,27.3,14.8,3.4,3.6,0.8,0.3,0.517,0.439,0.876,-1.0,6.300000000000001,HIGH
Minnesota Timberwolves at San Antonio Spurs,Bovada,player_points,ayo dosunmu,Over,9.5,-185,2026-05-06T23:27:50Z,MIN,69.0,27.3,14.8,3.4,3.6,0.8,0.3,0.517,0.439,0.876,-1.0,5.300000000000001,HIGH
Minnesota Timberwolves at San Antonio Spurs,Bovada,player_points,ayo dosunmu,Under,9.5,140,2026-05-06T23:27:50Z,MIN,69.0,27.3,14.8,3.4,3.6,0.8,0.3,0.517,0.439,0.876,-1.0,5.300000000000001,HIGH
Minnesota Timberwolves at San Antonio Spurs,Bovada,player_points,ayo dosunmu,Over,10.5,-135,2026-05-06T23:27:50Z,MIN,69.0,27.3,14.8,3.4,3.6,0.8,0.3,0.517,0.439,0.876,-1.0,4.300000000000001,HIGH
Minnesota Timberwolves at San Antonio Spurs,Bovada,player_points,ayo dosunmu,Under,10.5,105,2026-05-06T23:27:50Z,MIN,69.0,27.3,14.8,3.4,3.6,0.8,0.3,0.517,0.439,0.876,-1.0,4.300000000000001,HIGH
Minnesota Timberwolves at San Antonio Spurs,Bovada,player_points,ayo dosunmu,Over,11.5,100,2026-05-06T23:27:50Z,MIN,69.0,27.3,14.8,3.4,3.6,0.8,0.3,0.517,0.439,0.876,-1.0,3.3000000000000007,MEDIUM
Minnesota Timberwolves at San Antonio Spurs,Bovada,player_points,ayo dosunmu,Under,11.5,-130,2026-05-06T23:27:50Z,MIN,69.0,27.3,14.8,3.4,3.6,0.8,0.3,0.517,0.439,0.876,-1.0,3.3000000000000007,MEDIUM
Minnesota Timberwolves at San Antonio Spurs,Bovada,player_points,ayo dosunmu,Over,12.5,130,2026-05-06T23:27:50Z,MIN,69.0,27.3,14.8,3.4,3.6,0.8,0.3,0.517,0.439,0.876,-1.0,2.3000000000000007,MEDIUM
Minnesota Timberwolves at San Antonio Spurs,Bovada,player_points,ayo dosunmu,Under,12.5,-170,2026-05-06T23:27:50Z,MIN,69.0,27.3,14.8,3.4,3.6,0.8,0.3,0.517,0.439,0.876,-1.0,2.3000000000000007,MEDIUM
Minnesota Timberwolves at San Antonio Spurs,Bovada,player_points,ayo dosunmu,Over,13.5,170,2026-05-06T23:27:50Z,MIN,69.0,27.3,14.8,3.4,3.6,0.8,0.3,0.517,0.439,0.876,-1.0,1.3000000000000007,LOW
Minnesota Timberwolves at San Antonio Spurs,Bovada,player_points,ayo dosunmu,Under,13.5,-230,2026-05-06T23:27:50Z,MIN,69.0,27.3,14.8,3.4,3.6,0.8,0.3,0.517,0.439,0.876,-1.0,1.3000000000000007,LOW
Minnesota Timberwolves at San Antonio Spurs,Bovada,player_points,de'aaron fox,Over,14.5,-250,2026-05-06T23:27:50Z,SAS,72.0,31.0,18.6,3.8,6.2,1.2,0.3,0.486,0.332,0.76,6.3,4.100000000000001,HIGH
Minnesota Timberwolves at San Antonio Spurs,Bovada,player_points,de'aaron fox,Under,14.5,185,2026-05-06T23:27:50Z,SAS,72.0,31.0,18.6,3.8,6.2,1.2,0.3,0.486,0.332,0.76,6.3,4.100000000000001,HIGH
Minnesota Timberwolves at San Antonio Spurs,Bovada,player_points,de'aaron fox,Over,15.5,-190,2026-05-06T23:27:50Z,SAS,72.0,31.0,18.6,3.8,6.2,1.2,0.3,0.486,0.332,0.76,6.3,3.1000000000000014,MEDIUM
Minnesota Timberwolves at San Antonio Spurs,Bovada,player_points,de'aaron fox,Under,15.5,145,2026-05-06T23:27:50Z,SAS,72.0,31.0,18.6,3.8,6.2,1.2,0.3,0.486,0.332,0.76,6.3,3.1000000000000014,MEDIUM
Minnesota Timberwolves at San Antonio Spurs,Bovada,player_points,de'aaron fox,Over,16.5,-150,2026-05-06T23:27:50Z,SAS,72.0,31.0,18.6,3.8,6.2,1.2,0.3,0.486,0.332,0.76,6.3,2.1000000000000014,MEDIUM
Minnesota Timberwolves at San Antonio Spurs,Bovada,player_points,de'aaron fox,Under,16.5,115,2026-05-06T23:27:50Z,SAS,72.0,31.0,18.6,3.8,6.2,1.2,0.3,0.486,0.332,0.76,6.3,2.1000000000000014,MEDIUM
Minnesota Timberwolves at San Antonio Spurs,Bovada,player_points,de'aaron fox,Over,17.5,-115,2026-05-06T23:27:50Z,SAS,72.0,31.0,18.6,3.8,6.2,1.2,0.3,0.486,0.332,0.76,6.3,1.1000000000000014,LOW
Minnesota Timberwolves at San Antonio Spurs,Bovada,player_points,de'aaron fox,Under,17.5,-115,2026-05-06T23:27:50Z,SAS,72.0,31.0,18.6,3.8,6.2,1.2,0.3,0.486,0.332,0.76,6.3,1.1000000000000014,LOW
Minnesota Timberwolves at San Antonio Spurs,Bovada,player_points,de'aaron fox,Over,18.5,110,2026-05-06T23:27:50Z,SAS,72.0,31.0,18.6,3.8,6.2,1.2,0.3,0.486,0.332,0.76,6.3,0.10000000000000142,LOW
Minnesota Timberwolves at San Antonio Spurs,Bovada,player_points,de'aaron fox,Under,18.5,-145,2026-05-06T23:27:50Z,SAS,72.0,31.0,18.6,3.8,6.2,1.2,0.3,0.486,0.332,0.76,6.3,0.10000000000000142,LOW
Minnesota Timberwolves at San Antonio Spurs,Bovada,player_points,de'aaron fox,Over,19.5,135,2026-05-06T23:27:50Z,SAS,72.0,31.0,18.6,3.8,6.2,1.2,0.3,0.486,0.332,0.76,6.3,-0.8999999999999986,LOW
Minnesota Timberwolves at San Antonio Spurs,Bovada,player_points,de'aaron fox,Under,19.5,-180,2026-05-06T23:27:50Z,SAS,72.0,31.0,18.6,3.8,6.2,1.2,0.3,0.486,0.332,0.76,6.3,-0.8999999999999986,LOW
Minnesota Timberwolves at San Antonio Spurs,Bovada,player_points,de'aaron fox,Over,20.5,170,2026-05-06T23:27:50Z,SAS,72.0,31.0,18.6,3.8,6.2,1.2,0.3,0.486,0.332,0.76,6.3,-1.8999999999999986,LOW
Minnesota Timberwolves at San Antonio Spurs,Bovada,player_points,de'aaron fox,Under,20.5,-230,2026-05-06T23:27:50Z,SAS,72.0,31.0,18.6,3.8,6.2,1.2,0.3,0.486,0.332,0.76,6.3,-1.8999999999999986,LOW
Minnesota Timberwolves at San Antonio Spurs,Bovada,player_points,de'aaron fox,Over,21.5,210,2026-05-06T23:27:50Z,SAS,72.0,31.0,18.6,3.8,6.2,1.2,0.3,0.486,0.332,0.76,6.3,-2.8999999999999986,LOW
Minnesota Timberwolves at San Antonio Spurs,Bovada,player_points,de'aaron fox,Under,21.5,-290,2026-05-06T23:27:50Z,SAS,72.0,31.0,18.6,3.8,6.2,1.2,0.3,0.486,0.332,0.76,6.3,-2.8999999999999986,LOW
Minnesota Timberwolves at San Antonio Spurs,Bovada,player_points,devin vassell,Over,10.5,-220,2026-05-06T23:27:50Z,SAS,67.0,30.5,13.9,4.0,2.5,0.9,0.4,0.437,0.384,0.815,7.3,3.4000000000000004,MEDIUM
Minnesota Timberwolves at San Antonio Spurs,Bovada,player_points,devin vassell,Under,10.5,165,2026-05-06T23:27:50Z,SAS,67.0,30.5,13.9,4.0,2.5,0.9,0.4,0.437,0.384,0.815,7.3,3.4000000000000004,MEDIUM
Minnesota Timberwolves at San Antonio Spurs,Bovada,player_points,devin vassell,Over,11.5,-160,2026-05-06T23:27:50Z,SAS,67.0,30.5,13.9,4.0,2.5,0.9,0.4,0.437,0.384,0.815,7.3,2.4000000000000004,MEDIUM
Minnesota Timberwolves at San Antonio Spurs,Bovada,player_points,devin vassell,Under,11.5,120,2026-05-06T23:27:50Z,SAS,67.0,30.5,13.9,4.0,2.5,0.9,0.4,0.437,0.384,0.815,7.3,2.4000000000000004,MEDIUM
Minnesota Timberwolves at San Antonio Spurs,Bovada,player_points,devin vassell,Over,12.5,-120,2026-05-06T23:27:50Z,SAS,67.0,30.5,13.9,4.0,2.5,0.9,0.4,0.437,0.384,0.815,7.3,1.4000000000000004,LOW
Minnesota Timberwolves at San Antonio Spurs,Bovada,player_points,devin vassell,Under,12.5,-110,2026-05-06T23:27:50Z,SAS,67.0,30.5,13.9,4.0,2.5,0.9,0.4,0.437,0.384,0.815,7.3,1.4000000000000004,LOW
Minnesota Timberwolves at San Antonio Spurs,Bovada,player_points,devin vassell,Over,13.5,110,2026-05-06T23:27:50Z,SAS,67.0,30.5,13.9,4.0,2.5,0.9,0.4,0.437,0.384,0.815,7.3,0.40000000000000036,LOW
Minnesota Timberwolves at San Antonio Spurs,Bovada,player_points,devin vassell,Under,13.5,-145,2026-05-06T23:27:50Z,SAS,67.0,30.5,13.9,4.0,2.5,0.9,0.4,0.437,0.384,0.815,7.3,0.40000000000000036,LOW
Minnesota Timberwolves at San Antonio Spurs,Bovada,player_points,devin vassell,Over,14.5,140,2026-05-06T23:27:50Z,SAS,67.0,30.5,13.9,4.0,2.5,0.9,0.4,0.437,0.384,0.815,7.3,-0.5999999999999996,LOW
Minnesota Timberwolves at San Antonio Spurs,Bovada,player_points,devin vassell,Under,14.5,-185,2026-05-06T23:27:50Z,SAS,67.0,30.5,13.9,4.0,2.5,0.9,0.4,0.437,0.384,0.815,7.3,-0.5999999999999996,LOW
Minnesota Timberwolves at San Antonio Spurs,Bovada,player_points,devin vassell,Over,15.5,180,2026-05-06T23:27:50Z,SAS,67.0,30.5,13.9,4.0,2.5,0.9,0.4,0.437,0.384,0.815,7.3,-1.5999999999999996,LOW
Minnesota Timberwolves at San Antonio Spurs,Bovada,player_points,devin vassell,Under,15.5,-245,2026-05-06T23:27:50Z,SAS,67.0,30.5,13.9,4.0,2.5,0.9,0.4,0.437,0.384,0.815,7.3,-1.5999999999999996,LOW
Minnesota Timberwolves at San Antonio Spurs,Bovada,player_points,dylan harper,Over,9.5,-215,2026-05-06T23:27:50Z,SAS,69.0,22.6,11.8,3.4,3.9,0.8,0.3,0.505,0.343,0.756,4.4,2.3000000000000007,MEDIUM
Minnesota Timberwolves at San Antonio Spurs,Bovada,player_points,dylan harper,Under,9.5,160,2026-05-06T23:27:50Z,SAS,69.0,22.6,11.8,3.4,3.9,0.8,0.3,0.505,0.343,0.756,4.4,2.3000000000000007,MEDIUM
Minnesota Timberwolves at San Antonio Spurs,Bovada,player_points,dylan harper,Over,10.5,-150,2026-05-06T23:27:50Z,SAS,69.0,22.6,11.8,3.4,3.9,0.8,0.3,0.505,0.343,0.756,4.4,1.3000000000000007,LOW
Minnesota Timberwolves at San Antonio Spurs,Bovada,player_points,dylan harper,Under,10.5,115,2026-05-06T23:27:50Z,SAS,69.0,22.6,11.8,3.4,3.9,0.8,0.3,0.505,0.343,0.756,4.4,1.3000000000000007,LOW
Minnesota Timberwolves at San Antonio Spurs,Bovada,player_points,dylan harper,Over,11.5,-115,2026-05-06T23:27:50Z,SAS,69.0,22.6,11.8,3.4,3.9,0.8,0.3,0.505,0.343,0.756,4.4,0.3000000000000007,LOW
Minnesota Timberwolves at San Antonio Spurs,Bovada,player_points,dylan harper,Under,11.5,-115,2026-05-06T23:27:50Z,SAS,69.0,22.6,11.8,3.4,3.9,0.8,0.3,0.505,0.343,0.756,4.4,0.3000000000000007,LOW
Minnesota Timberwolves at San Antonio Spurs,Bovada,player_points,dylan harper,Over,12.5,115,2026-05-06T23:27:50Z,SAS,69.0,22.6,11.8,3.4,3.9,0.8,0.3,0.505,0.343,0.756,4.4,-0.6999999999999993,LOW
Minnesota Timberwolves at San Antonio Spurs,Bovada,player_points,dylan harper,Under,12.5,-150,2026-05-06T23:27:50Z,SAS,69.0,22.6,11.8,3.4,3.9,0.8,0.3,0.505,0.343,0.756,4.4,-0.6999999999999993,LOW
Minnesota Timberwolves at San Antonio Spurs,Bovada,player_points,dylan harper,Over,13.5,150,2026-05-06T23:27:50Z,SAS,69.0,22.6,11.8,3.4,3.9,0.8,0.3,0.505,0.343,0.756,4.4,-1.6999999999999993,LOW
Minnesota Timberwolves at San Antonio Spurs,Bovada,player_points,dylan harper,Under,13.5,-200,2026-05-06T23:27:50Z,SAS,69.0,22.6,11.8,3.4,3.9,0.8,0.3,0.505,0.343,0.756,4.4,-1.6999999999999993,LOW
Minnesota Timberwolves at San Antonio Spurs,Bovada,player_points,dylan harper,Over,14.5,190,2026-05-06T23:27:50Z,SAS,69.0,22.6,11.8,3.4,3.9,0.8,0.3,0.505,0.343,0.756,4.4,-2.6999999999999993,LOW
Minnesota Timberwolves at San Antonio Spurs,Bovada,player_points,dylan harper,Under,14.5,-260,2026-05-06T23:27:50Z,SAS,69.0,22.6,11.8,3.4,3.9,0.8,0.3,0.505,0.343,0.756,4.4,-2.6999999999999993,LOW
Minnesota Timberwolves at San Antonio Spurs,Bovada,player_points,jaden mcdaniels,Over,11.5,-240,2026-05-06T23:27:50Z,MIN,73.0,31.7,14.8,4.2,2.7,1.1,1.0,0.515,0.412,0.835,1.6,3.3000000000000007,MEDIUM
Minnesota Timberwolves at San Antonio Spurs,Bovada,player_points,jaden mcdaniels,Under,11.5,175,2026-05-06T23:27:50Z,MIN,73.0,31.7,14.8,4.2,2.7,1.1,1.0,0.515,0.412,0.835,1.6,3.3000000000000007,MEDIUM
Minnesota Timberwolves at San Antonio Spurs,Bovada,player_points,jaden mcdaniels,Over,12.5,-170,2026-05-06T23:27:50Z,MIN,73.0,31.7,14.8,4.2,2.7,1.1,1.0,0.515,0.412,0.835,1.6,2.3000000000000007,MEDIUM
Minnesota Timberwolves at San Antonio Spurs,Bovada,player_points,jaden mcdaniels,Under,12.5,130,2026-05-06T23:27:50Z,MIN,73.0,31.7,14.8,4.2,2.7,1.1,1.0,0.515,0.412,0.835,1.6,2.3000000000000007,MEDIUM
Minnesota Timberwolves at San Antonio Spurs,Bovada,player_points,jaden mcdaniels,Over,13.5,-130,2026-05-06T23:27:50Z,MIN,73.0,31.7,14.8,4.2,2.7,1.1,1.0,0.515,0.412,0.835,1.6,1.3000000000000007,LOW
Minnesota Timberwolves at San Antonio Spurs,Bovada,player_points,jaden mcdaniels,Under,13.5,100,2026-05-06T23:27:50Z,MIN,73.0,31.7,14.8,4.2,2.7,1.1,1.0,0.515,0.412,0.835,1.6,1.3000000000000007,LOW
Minnesota Timberwolves at San Antonio Spurs,Bovada,player_points,jaden mcdaniels,Over,14.5,100,2026-05-06T23:27:50Z,MIN,73.0,31.7,14.8,4.2,2.7,1.1,1.0,0.515,0.412,0.835,1.6,0.3000000000000007,LOW
Minnesota Timberwolves at San Antonio Spurs,Bovada,player_points,jaden mcdaniels,Under,14.5,-130,2026-05-06T23:27:50Z,MIN,73.0,31.7,14.8,4.2,2.7,1.1,1.0,0.515,0.412,0.835,1.6,0.3000000000000007,LOW
Minnesota Timberwolves at San Antonio Spurs,Bovada,player_points,jaden mcdaniels,Over,15.5,130,2026-05-06T23:27:50Z,MIN,73.0,31.7,14.8,4.2,2.7,1.1,1.0,0.515,0.412,0.835,1.6,-0.6999999999999993,LOW
Minnesota Timberwolves at San Antonio Spurs,Bovada,player_points,jaden mcdaniels,Under,15.5,-170,2026-05-06T23:27:50Z,MIN,73.0,31.7,14.8,4.2,2.7,1.1,1.0,0.515,0.412,0.835,1.6,-0.6999999999999993,LOW
Minnesota Timberwolves at San Antonio Spurs,Bovada,player_points,jaden mcdaniels,Over,16.5,160,2026-05-06T23:27:50Z,MIN,73.0,31.7,14.8,4.2,2.7,1.1,1.0,0.515,0.412,0.835,1.6,-1.6999999999999993,LOW
Minnesota Timberwolves at San Antonio Spurs,Bovada,player_points,jaden mcdaniels,Under,16.5,-215,2026-05-06T23:27:50Z,MIN,73.0,31.7,14.8,4.2,2.7,1.1,1.0,0.515,0.412,0.835,1.6,-1.6999999999999993,LOW
Minnesota Timberwolves at San Antonio Spurs,Bovada,player_points,jaden mcdaniels,Over,17.5,205,2026-05-06T23:27:50Z,MIN,73.0,31.7,14.8,4.2,2.7,1.1,1.0,0.515,0.412,0.835,1.6,-2.6999999999999993,LOW
Minnesota Timberwolves at San Antonio Spurs,Bovada,player_points,jaden mcdaniels,Under,17.5,-280,2026-05-06T23:27:50Z,MIN,73.0,31.7,14.8,4.2,2.7,1.1,1.0,0.515,0.412,0.835,1.6,-2.6999999999999993,LOW
Minnesota Timberwolves at San Antonio Spurs,Bovada,player_points,julian champagnie,Over,6.5,-250,2026-05-06T23:27:50Z,SAS,82.0,27.6,11.1,5.8,1.5,0.8,0.5,0.437,0.381,0.844,7.2,4.6,HIGH
Minnesota Timberwolves at San Antonio Spurs,Bovada,player_points,julian champagnie,Under,6.5,185,2026-05-06T23:27:50Z,SAS,82.0,27.6,11.1,5.8,1.5,0.8,0.5,0.437,0.381,0.844,7.2,4.6,HIGH
Minnesota Timberwolves at San Antonio Spurs,Bovada,player_points,julian champagnie,Over,7.5,-170,2026-05-06T23:27:50Z,SAS,82.0,27.6,11.1,5.8,1.5,0.8,0.5,0.437,0.381,0.844,7.2,3.5999999999999996,MEDIUM
Minnesota Timberwolves at San Antonio Spurs,Bovada,player_points,julian champagnie,Under,7.5,130,2026-05-06T23:27:50Z,SAS,82.0,27.6,11.1,5.8,1.5,0.8,0.5,0.437,0.381,0.844,7.2,3.5999999999999996,MEDIUM
Minnesota Timberwolves at San Antonio Spurs,Bovada,player_points,julian champagnie,Over,8.5,-120,2026-05-06T23:27:50Z,SAS,82.0,27.6,11.1,5.8,1.5,0.8,0.5,0.437,0.381,0.844,7.2,2.5999999999999996,MEDIUM
Minnesota Timberwolves at San Antonio Spurs,Bovada,player_points,julian champagnie,Under,8.5,-110,2026-05-06T23:27:50Z,SAS,82.0,27.6,11.1,5.8,1.5,0.8,0.5,0.437,0.381,0.844,7.2,2.5999999999999996,MEDIUM
Minnesota Timberwolves at San Antonio Spurs,Bovada,player_points,julian champagnie,Over,9.5,115,2026-05-06T23:27:50Z,SAS,82.0,27.6,11.1,5.8,1.5,0.8,0.5,0.437,0.381,0.844,7.2,1.5999999999999996,LOW
Minnesota Timberwolves at San Antonio Spurs,Bovada,player_points,julian champagnie,Under,9.5,-150,2026-05-06T23:27:50Z,SAS,82.0,27.6,11.1,5.8,1.5,0.8,0.5,0.437,0.381,0.844,7.2,1.5999999999999996,LOW
Minnesota Timberwolves at San Antonio Spurs,Bovada,player_points,julian champagnie,Over,10.5,155,2026-05-06T23:27:50Z,SAS,82.0,27.6,11.1,5.8,1.5,0.8,0.5,0.437,0.381,0.844,7.2,0.5999999999999996,LOW
Minnesota Timberwolves at San Antonio Spurs,Bovada,player_points,julian champagnie,Under,10.5,-210,2026-05-06T23:27:50Z,SAS,82.0,27.6,11.1,5.8,1.5,0.8,0.5,0.437,0.381,0.844,7.2,0.5999999999999996,LOW
Minnesota Timberwolves at San Antonio Spurs,Bovada,player_points,julian champagnie,Over,11.5,205,2026-05-06T23:27:50Z,SAS,82.0,27.6,11.1,5.8,1.5,0.8,0.5,0.437,0.381,0.844,7.2,-0.40000000000000036,LOW
Minnesota Timberwolves at San Antonio Spurs,Bovada,player_points,julian champagnie,Under,11.5,-280,2026-05-06T23:27:50Z,SAS,82.0,27.6,11.1,5.8,1.5,0.8,0.5,0.437,0.381,0.844,7.2,-0.40000000000000036,LOW
Minnesota Timberwolves at San Antonio Spurs,Bovada,player_points,julius randle,Over,15.5,-230,2026-05-06T23:27:50Z,MIN,79.0,33.0,21.1,6.7,5.0,1.1,0.2,0.481,0.315,0.802,2.9,5.600000000000001,HIGH
Minnesota Timberwolves at San Antonio Spurs,Bovada,player_points,julius randle,Under,15.5,170,2026-05-06T23:27:50Z,MIN,79.0,33.0,21.1,6.7,5.0,1.1,0.2,0.481,0.315,0.802,2.9,5.600000000000001,HIGH
Minnesota Timberwolves at San Antonio Spurs,Bovada,player_points,julius randle,Over,16.5,-180,2026-05-06T23:27:50Z,MIN,79.0,33.0,21.1,6.7,5.0,1.1,0.2,0.481,0.315,0.802,2.9,4.600000000000001,HIGH
Minnesota Timberwolves at San Antonio Spurs,Bovada,player_points,julius randle,Under,16.5,135,2026-05-06T23:27:50Z,MIN,79.0,33.0,21.1,6.7,5.0,1.1,0.2,0.481,0.315,0.802,2.9,4.600000000000001,HIGH
Minnesota Timberwolves at San Antonio Spurs,Bovada,player_points,julius randle,Over,17.5,-135,2026-05-06T23:27:50Z,MIN,79.0,33.0,21.1,6.7,5.0,1.1,0.2,0.481,0.315,0.802,2.9,3.6000000000000014,MEDIUM
Minnesota Timberwolves at San Antonio Spurs,Bovada,player_points,julius randle,Under,17.5,105,2026-05-06T23:27:50Z,MIN,79.0,33.0,21.1,6.7,5.0,1.1,0.2,0.481,0.315,0.802,2.9,3.6000000000000014,MEDIUM
Minnesota Timberwolves at San Antonio Spurs,Bovada,player_points,julius randle,Over,18.5,-110,2026-05-06T23:27:50Z,MIN,79.0,33.0,21.1,6.7,5.0,1.1,0.2,0.481,0.315,0.802,2.9,2.6000000000000014,MEDIUM
Minnesota Timberwolves at San Antonio Spurs,Bovada,player_points,julius randle,Under,18.5,-120,2026-05-06T23:27:50Z,MIN,79.0,33.0,21.1,6.7,5.0,1.1,0.2,0.481,0.315,0.802,2.9,2.6000000000000014,MEDIUM
Minnesota Timberwolves at San Antonio Spurs,Bovada,player_points,julius randle,Over,19.5,115,2026-05-06T23:27:50Z,MIN,79.0,33.0,21.1,6.7,5.0,1.1,0.2,0.481,0.315,0.802,2.9,1.6000000000000014,LOW
Minnesota Timberwolves at San Antonio Spurs,Bovada,player_points,julius randle,Under,19.5,-150,2026-05-06T23:27:50Z,MIN,79.0,33.0,21.1,6.7,5.0,1.1,0.2,0.481,0.315,0.802,2.9,1.6000000000000014,LOW
Minnesota Timberwolves at San Antonio Spurs,Bovada,player_points,julius randle,Over,20.5,140,2026-05-06T23:27:50Z,MIN,79.0,33.0,21.1,6.7,5.0,1.1,0.2,0.481,0.315,0.802,2.9,0.6000000000000014,LOW
Minnesota Timberwolves at San Antonio Spurs,Bovada,player_points,julius randle,Under,20.5,-185,2026-05-06T23:27:50Z,MIN,79.0,33.0,21.1,6.7,5.0,1.1,0.2,0.481,0.315,0.802,2.9,0.6000000000000014,LOW
Minnesota Timberwolves at San Antonio Spurs,Bovada,player_points,julius randle,Over,21.5,175,2026-05-06T23:27:50Z,MIN,79.0,33.0,21.1,6.7,5.0,1.1,0.2,0.481,0.315,0.802,2.9,-0.3999999999999986,LOW
Minnesota Timberwolves at San Antonio Spurs,Bovada,player_points,julius randle,Under,21.5,-240,2026-05-06T23:27:50Z,MIN,79.0,33.0,21.1,6.7,5.0,1.1,0.2,0.481,0.315,0.802,2.9,-0.3999999999999986,LOW
Minnesota Timberwolves at San Antonio Spurs,Bovada,player_points,keldon johnson,Over,7.5,-220,2026-05-06T23:27:50Z,SAS,82.0,23.3,13.2,5.4,1.4,0.6,0.1,0.519,0.363,0.794,3.9,5.699999999999999,HIGH
Minnesota Timberwolves at San Antonio Spurs,Bovada,player_points,keldon johnson,Under,7.5,165,2026-05-06T23:27:50Z,SAS,82.0,23.3,13.2,5.4,1.4,0.6,0.1,0.519,0.363,0.794,3.9,5.699999999999999,HIGH
Minnesota Timberwolves at San Antonio Spurs,Bovada,player_points,keldon johnson,Over,8.5,-150,2026-05-06T23:27:50Z,SAS,82.0,23.3,13.2,5.4,1.4,0.6,0.1,0.519,0.363,0.794,3.9,4.699999999999999,HIGH
Minnesota Timberwolves at San Antonio Spurs,Bovada,player_points,keldon johnson,Under,8.5,115,2026-05-06T23:27:50Z,SAS,82.0,23.3,13.2,5.4,1.4,0.6,0.1,0.519,0.363,0.794,3.9,4.699999999999999,HIGH
Minnesota Timberwolves at San Antonio Spurs,Bovada,player_points,keldon johnson,Over,9.5,-110,2026-05-06T23:27:50Z,SAS,82.0,23.3,13.2,5.4,1.4,0.6,0.1,0.519,0.363,0.794,3.9,3.6999999999999993,MEDIUM
Minnesota Timberwolves at San Antonio Spurs,Bovada,player_points,keldon johnson,Under,9.5,-120,2026-05-06T23:27:50Z,SAS,82.0,23.3,13.2,5.4,1.4,0.6,0.1,0.519,0.363,0.794,3.9,3.6999999999999993,MEDIUM
Minnesota Timberwolves at San Antonio Spurs,Bovada,player_points,keldon johnson,Over,10.5,125,2026-05-06T23:27:50Z,SAS,82.0,23.3,13.2,5.4,1.4,0.6,0.1,0.519,0.363,0.794,3.9,2.6999999999999993,MEDIUM
Minnesota Timberwolves at San Antonio Spurs,Bovada,player_points,keldon johnson,Under,10.5,-165,2026-05-06T23:27:50Z,SAS,82.0,23.3,13.2,5.4,1.4,0.6,0.1,0.519,0.363,0.794,3.9,2.6999999999999993,MEDIUM
Minnesota Timberwolves at San Antonio Spurs,Bovada,player_points,keldon johnson,Over,11.5,165,2026-05-06T23:27:50Z,SAS,82.0,23.3,13.2,5.4,1.4,0.6,0.1,0.519,0.363,0.794,3.9,1.6999999999999993,LOW
Minnesota Timberwolves at San Antonio Spurs,Bovada,player_points,keldon johnson,Under,11.5,-220,2026-05-06T23:27:50Z,SAS,82.0,23.3,13.2,5.4,1.4,0.6,0.1,0.519,0.363,0.794,3.9,1.6999999999999993,LOW
Minnesota Timberwolves at San Antonio Spurs,Bovada,player_points,mike conley,Over,3.5,-180,2026-05-06T23:27:50Z,MIN,54.0,18.4,4.5,1.7,2.9,0.6,0.3,0.335,0.337,0.9,0.3,1.0,LOW
Minnesota Timberwolves at San Antonio Spurs,Bovada,player_points,mike conley,Under,3.5,135,2026-05-06T23:27:50Z,MIN,54.0,18.4,4.5,1.7,2.9,0.6,0.3,0.335,0.337,0.9,0.3,1.0,LOW
Minnesota Timberwolves at San Antonio Spurs,Bovada,player_points,mike conley,Over,4.5,-110,2026-05-06T23:27:50Z,MIN,54.0,18.4,4.5,1.7,2.9,0.6,0.3,0.335,0.337,0.9,0.3,0.0,LOW
Minnesota Timberwolves at San Antonio Spurs,Bovada,player_points,mike conley,Under,4.5,-120,2026-05-06T23:27:50Z,MIN,54.0,18.4,4.5,1.7,2.9,0.6,0.3,0.335,0.337,0.9,0.3,0.0,LOW
Minnesota Timberwolves at San Antonio Spurs,Bovada,player_points,mike conley,Over,5.5,135,2026-05-06T23:27:50Z,MIN,54.0,18.4,4.5,1.7,2.9,0.6,0.3,0.335,0.337,0.9,0.3,-1.0,LOW
Minnesota Timberwolves at San Antonio Spurs,Bovada,player_points,mike conley,Under,5.5,-180,2026-05-06T23:27:50Z,MIN,54.0,18.4,4.5,1.7,2.9,0.6,0.3,0.335,0.337,0.9,0.3,-1.0,LOW
Minnesota Timberwolves at San Antonio Spurs,Bovada,player_points,mike conley,Over,6.5,200,2026-05-06T23:27:50Z,MIN,54.0,18.4,4.5,1.7,2.9,0.6,0.3,0.335,0.337,0.9,0.3,-2.0,LOW
Minnesota Timberwolves at San Antonio Spurs,Bovada,player_points,mike conley,Under,6.5,-275,2026-05-06T23:27:50Z,MIN,54.0,18.4,4.5,1.7,2.9,0.6,0.3,0.335,0.337,0.9,0.3,-2.0,LOW
Minnesota Timberwolves at San Antonio Spurs,Bovada,player_points,naz reid,Over,9.5,-280,2026-05-06T23:27:50Z,MIN,77.0,26.1,13.6,6.2,2.2,1.0,1.0,0.456,0.362,0.732,2.2,4.1,HIGH
Minnesota Timberwolves at San Antonio Spurs,Bovada,player_points,naz reid,Under,9.5,205,2026-05-06T23:27:50Z,MIN,77.0,26.1,13.6,6.2,2.2,1.0,1.0,0.456,0.362,0.732,2.2,4.1,HIGH
Minnesota Timberwolves at San Antonio Spurs,Bovada,player_points,naz reid,Over,10.5,-200,2026-05-06T23:27:50Z,MIN,77.0,26.1,13.6,6.2,2.2,1.0,1.0,0.456,0.362,0.732,2.2,3.0999999999999996,MEDIUM
Minnesota Timberwolves at San Antonio Spurs,Bovada,player_points,naz reid,Under,10.5,150,2026-05-06T23:27:50Z,MIN,77.0,26.1,13.6,6.2,2.2,1.0,1.0,0.456,0.362,0.732,2.2,3.0999999999999996,MEDIUM
Minnesota Timberwolves at San Antonio Spurs,Bovada,player_points,naz reid,Over,11.5,-145,2026-05-06T23:27:50Z,MIN,77.0,26.1,13.6,6.2,2.2,1.0,1.0,0.456,0.362,0.732,2.2,2.0999999999999996,MEDIUM
Minnesota Timberwolves at San Antonio Spurs,Bovada,player_points,naz reid,Under,11.5,110,2026-05-06T23:27:50Z,MIN,77.0,26.1,13.6,6.2,2.2,1.0,1.0,0.456,0.362,0.732,2.2,2.0999999999999996,MEDIUM
Minnesota Timberwolves at San Antonio Spurs,Bovada,player_points,naz reid,Over,12.5,-110,2026-05-06T23:27:50Z,MIN,77.0,26.1,13.6,6.2,2.2,1.0,1.0,0.456,0.362,0.732,2.2,1.0999999999999996,LOW
Minnesota Timberwolves at San Antonio Spurs,Bovada,player_points,naz reid,Under,12.5,-120,2026-05-06T23:27:50Z,MIN,77.0,26.1,13.6,6.2,2.2,1.0,1.0,0.456,0.362,0.732,2.2,1.0999999999999996,LOW
Minnesota Timberwolves at San Antonio Spurs,Bovada,player_points,naz reid,Over,13.5,120,2026-05-06T23:27:50Z,MIN,77.0,26.1,13.6,6.2,2.2,1.0,1.0,0.456,0.362,0.732,2.2,0.09999999999999964,LOW
Minnesota Timberwolves at San Antonio Spurs,Bovada,player_points,naz reid,Under,13.5,-160,2026-05-06T23:27:50Z,MIN,77.0,26.1,13.6,6.2,2.2,1.0,1.0,0.456,0.362,0.732,2.2,0.09999999999999964,LOW
Minnesota Timberwolves at San Antonio Spurs,Bovada,player_points,naz reid,Over,14.5,155,2026-05-06T23:27:50Z,MIN,77.0,26.1,13.6,6.2,2.2,1.0,1.0,0.456,0.362,0.732,2.2,-0.9000000000000004,LOW
Minnesota Timberwolves at San Antonio Spurs,Bovada,player_points,naz reid,Under,14.5,-210,2026-05-06T23:27:50Z,MIN,77.0,26.1,13.6,6.2,2.2,1.0,1.0,0.456,0.362,0.732,2.2,-0.9000000000000004,LOW
Minnesota Timberwolves at San Antonio Spurs,Bovada,player_points,naz reid,Over,15.5,200,2026-05-06T23:27:50Z,MIN,77.0,26.1,13.6,6.2,2.2,1.0,1.0,0.456,0.362,0.732,2.2,-1.9000000000000004,LOW
Minnesota Timberwolves at San Antonio Spurs,Bovada,player_points,naz reid,Under,15.5,-275,2026-05-06T23:27:50Z,MIN,77.0,26.1,13.6,6.2,2.2,1.0,1.0,0.456,0.362,0.732,2.2,-1.9000000000000004,LOW
Minnesota Timberwolves at San Antonio Spurs,Bovada,player_points,rudy gobert,Over,5.5,-280,2026-05-06T23:27:50Z,MIN,76.0,31.3,10.9,11.5,1.7,0.8,1.6,0.682,0.0,0.526,3.1,5.4,HIGH
Minnesota Timberwolves at San Antonio Spurs,Bovada,player_points,rudy gobert,Under,5.5,205,2026-05-06T23:27:50Z,MIN,76.0,31.3,10.9,11.5,1.7,0.8,1.6,0.682,0.0,0.526,3.1,5.4,HIGH
Minnesota Timberwolves at San Antonio Spurs,Bovada,player_points,rudy gobert,Over,6.5,-180,2026-05-06T23:27:50Z,MIN,76.0,31.3,10.9,11.5,1.7,0.8,1.6,0.682,0.0,0.526,3.1,4.4,HIGH
Minnesota Timberwolves at San Antonio Spurs,Bovada,player_points,rudy gobert,Under,6.5,135,2026-05-06T23:27:50Z,MIN,76.0,31.3,10.9,11.5,1.7,0.8,1.6,0.682,0.0,0.526,3.1,4.4,HIGH
Minnesota Timberwolves at San Antonio Spurs,Bovada,player_points,rudy gobert,Over,7.5,-125,2026-05-06T23:27:50Z,MIN,76.0,31.3,10.9,11.5,1.7,0.8,1.6,0.682,0.0,0.526,3.1,3.4000000000000004,MEDIUM
Minnesota Timberwolves at San Antonio Spurs,Bovada,player_points,rudy gobert,Under,7.5,-105,2026-05-06T23:27:50Z,MIN,76.0,31.3,10.9,11.5,1.7,0.8,1.6,0.682,0.0,0.526,3.1,3.4000000000000004,MEDIUM
Minnesota Timberwolves at San Antonio Spurs,Bovada,player_points,rudy gobert,Over,8.5,110,2026-05-06T23:27:50Z,MIN,76.0,31.3,10.9,11.5,1.7,0.8,1.6,0.682,0.0,0.526,3.1,2.4000000000000004,MEDIUM
Minnesota Timberwolves at San Antonio Spurs,Bovada,player_points,rudy gobert,Under,8.5,-145,2026-05-06T23:27:50Z,MIN,76.0,31.3,10.9,11.5,1.7,0.8,1.6,0.682,0.0,0.526,3.1,2.4000000000000004,MEDIUM
Minnesota Timberwolves at San Antonio Spurs,Bovada,player_points,rudy gobert,Over,9.5,150,2026-05-06T23:27:50Z,MIN,76.0,31.3,10.9,11.5,1.7,0.8,1.6,0.682,0.0,0.526,3.1,1.4000000000000004,LOW
Minnesota Timberwolves at San Antonio Spurs,Bovada,player_points,rudy gobert,Under,9.5,-200,2026-05-06T23:27:50Z,MIN,76.0,31.3,10.9,11.5,1.7,0.8,1.6,0.682,0.0,0.526,3.1,1.4000000000000004,LOW
Minnesota Timberwolves at San Antonio Spurs,Bovada,player_points,rudy gobert,Over,10.5,205,2026-05-06T23:27:50Z,MIN,76.0,31.3,10.9,11.5,1.7,0.8,1.6,0.682,0.0,0.526,3.1,0.40000000000000036,LOW
Minnesota Timberwolves at San Antonio Spurs,Bovada,player_points,rudy gobert,Under,10.5,-280,2026-05-06T23:27:50Z,MIN,76.0,31.3,10.9,11.5,1.7,0.8,1.6,0.682,0.0,0.526,3.1,0.40000000000000036,LOW
Minnesota Timberwolves at San Antonio Spurs,Bovada,player_points,stephon castle,Over,13.5,-290,2026-05-06T23:27:50Z,SAS,68.0,30.0,16.7,5.3,7.4,1.1,0.3,0.471,0.332,0.734,6.0,3.1999999999999993,MEDIUM
Minnesota Timberwolves at San Antonio Spurs,Bovada,player_points,stephon castle,Under,13.5,210,2026-05-06T23:27:50Z,SAS,68.0,30.0,16.7,5.3,7.4,1.1,0.3,0.471,0.332,0.734,6.0,3.1999999999999993,MEDIUM
Minnesota Timberwolves at San Antonio Spurs,Bovada,player_points,stephon castle,Over,14.5,-215,2026-05-06T23:27:50Z,SAS,68.0,30.0,16.7,5.3,7.4,1.1,0.3,0.471,0.332,0.734,6.0,2.1999999999999993,MEDIUM
Minnesota Timberwolves at San Antonio Spurs,Bovada,player_points,stephon castle,Under,14.5,160,2026-05-06T23:27:50Z,SAS,68.0,30.0,16.7,5.3,7.4,1.1,0.3,0.471,0.332,0.734,6.0,2.1999999999999993,MEDIUM
Minnesota Timberwolves at San Antonio Spurs,Bovada,player_points,stephon castle,Over,15.5,-165,2026-05-06T23:27:50Z,SAS,68.0,30.0,16.7,5.3,7.4,1.1,0.3,0.471,0.332,0.734,6.0,1.1999999999999993,LOW
Minnesota Timberwolves at San Antonio Spurs,Bovada,player_points,stephon castle,Under,15.5,125,2026-05-06T23:27:50Z,SAS,68.0,30.0,16.7,5.3,7.4,1.1,0.3,0.471,0.332,0.734,6.0,1.1999999999999993,LOW
Minnesota Timberwolves at San Antonio Spurs,Bovada,player_points,stephon castle,Over,16.5,-125,2026-05-06T23:27:50Z,SAS,68.0,30.0,16.7,5.3,7.4,1.1,0.3,0.471,0.332,0.734,6.0,0.1999999999999993,LOW
Minnesota Timberwolves at San Antonio Spurs,Bovada,player_points,stephon castle,Under,16.5,-105,2026-05-06T23:27:50Z,SAS,68.0,30.0,16.7,5.3,7.4,1.1,0.3,0.471,0.332,0.734,6.0,0.1999999999999993,LOW
Minnesota Timberwolves at San Antonio Spurs,Bovada,player_points,stephon castle,Over,17.5,100,2026-05-06T23:27:50Z,SAS,68.0,30.0,16.7,5.3,7.4,1.1,0.3,0.471,0.332,0.734,6.0,-0.8000000000000007,LOW
Minnesota Timberwolves at San Antonio Spurs,Bovada,player_points,stephon castle,Under,17.5,-130,2026-05-06T23:27:50Z,SAS,68.0,30.0,16.7,5.3,7.4,1.1,0.3,0.471,0.332,0.734,6.0,-0.8000000000000007,LOW
Minnesota Timberwolves at San Antonio Spurs,Bovada,player_points,stephon castle,Over,18.5,125,2026-05-06T23:27:50Z,SAS,68.0,30.0,16.7,5.3,7.4,1.1,0.3,0.471,0.332,0.734,6.0,-1.8000000000000007,LOW
Minnesota Timberwolves at San Antonio Spurs,Bovada,player_points,stephon castle,Under,18.5,-165,2026-05-06T23:27:50Z,SAS,68.0,30.0,16.7,5.3,7.4,1.1,0.3,0.471,0.332,0.734,6.0,-1.8000000000000007,LOW
Minnesota Timberwolves at San Antonio Spurs,Bovada,player_points,stephon castle,Over,19.5,155,2026-05-06T23:27:50Z,SAS,68.0,30.0,16.7,5.3,7.4,1.1,0.3,0.471,0.332,0.734,6.0,-2.8000000000000007,LOW
Minnesota Timberwolves at San Antonio Spurs,Bovada,player_points,stephon castle,Under,19.5,-210,2026-05-06T23:27:50Z,SAS,68.0,30.0,16.7,5.3,7.4,1.1,0.3,0.471,0.332,0.734,6.0,-2.8000000000000007,LOW
Minnesota Timberwolves at San Antonio Spurs,Bovada,player_points,stephon castle,Over,20.5,190,2026-05-06T23:27:50Z,SAS,68.0,30.0,16.7,5.3,7.4,1.1,0.3,0.471,0.332,0.734,6.0,-3.8000000000000007,LOW
Minnesota Timberwolves at San Antonio Spurs,Bovada,player_points,stephon castle,Under,20.5,-260,2026-05-06T23:27:50Z,SAS,68.0,30.0,16.7,5.3,7.4,1.1,0.3,0.471,0.332,0.734,6.0,-3.8000000000000007,LOW
Minnesota Timberwolves at San Antonio Spurs,Bovada,player_points,victor wembanyama,Over,23.5,-240,2026-05-06T23:27:50Z,SAS,64.0,29.2,25.0,11.5,3.1,1.0,3.1,0.512,0.349,0.827,10.7,1.5,LOW
Minnesota Timberwolves at San Antonio Spurs,Bovada,player_points,victor wembanyama,Under,23.5,175,2026-05-06T23:27:50Z,SAS,64.0,29.2,25.0,11.5,3.1,1.0,3.1,0.512,0.349,0.827,10.7,1.5,LOW
Minnesota Timberwolves at San Antonio Spurs,Bovada,player_points,victor wembanyama,Over,24.5,-190,2026-05-06T23:27:50Z,SAS,64.0,29.2,25.0,11.5,3.1,1.0,3.1,0.512,0.349,0.827,10.7,0.5,LOW
Minnesota Timberwolves at San Antonio Spurs,Bovada,player_points,victor wembanyama,Under,24.5,145,2026-05-06T23:27:50Z,SAS,64.0,29.2,25.0,11.5,3.1,1.0,3.1,0.512,0.349,0.827,10.7,0.5,LOW
Minnesota Timberwolves at San Antonio Spurs,Bovada,player_points,victor wembanyama,Over,25.5,-160,2026-05-06T23:27:50Z,SAS,64.0,29.2,25.0,11.5,3.1,1.0,3.1,0.512,0.349,0.827,10.7,-0.5,LOW
Minnesota Timberwolves at San Antonio Spurs,Bovada,player_points,victor wembanyama,Under,25.5,120,2026-05-06T23:27:50Z,SAS,64.0,29.2,25.0,11.5,3.1,1.0,3.1,0.512,0.349,0.827,10.7,-0.5,LOW
Minnesota Timberwolves at San Antonio Spurs,Bovada,player_points,victor wembanyama,Over,26.5,-125,2026-05-06T23:27:50Z,SAS,64.0,29.2,25.0,11.5,3.1,1.0,3.1,0.512,0.349,0.827,10.7,-1.5,LOW
Minnesota Timberwolves at San Antonio Spurs,Bovada,player_points,victor wembanyama,Under,26.5,-105,2026-05-06T23:27:50Z,SAS,64.0,29.2,25.0,11.5,3.1,1.0,3.1,0.512,0.349,0.827,10.7,-1.5,LOW
Minnesota Timberwolves at San Antonio Spurs,Bovada,player_points,victor wembanyama,Over,27.5,-105,2026-05-06T23:27:50Z,SAS,64.0,29.2,25.0,11.5,3.1,1.0,3.1,0.512,0.349,0.827,10.7,-2.5,LOW
Minnesota Timberwolves at San Antonio Spurs,Bovada,player_points,victor wembanyama,Under,27.5,-125,2026-05-06T23:27:50Z,SAS,64.0,29.2,25.0,11.5,3.1,1.0,3.1,0.512,0.349,0.827,10.7,-2.5,LOW
Minnesota Timberwolves at San Antonio Spurs,Bovada,player_points,victor wembanyama,Over,28.5,115,2026-05-06T23:27:50Z,SAS,64.0,29.2,25.0,11.5,3.1,1.0,3.1,0.512,0.349,0.827,10.7,-3.5,LOW
Minnesota Timberwolves at San Antonio Spurs,Bovada,player_points,victor wembanyama,Under,28.5,-150,2026-05-06T23:27:50Z,SAS,64.0,29.2,25.0,11.5,3.1,1.0,3.1,0.512,0.349,0.827,10.7,-3.5,LOW
Minnesota Timberwolves at San Antonio Spurs,Bovada,player_points,victor wembanyama,Over,29.5,140,2026-05-06T23:27:50Z,SAS,64.0,29.2,25.0,11.5,3.1,1.0,3.1,0.512,0.349,0.827,10.7,-4.5,LOW
Minnesota Timberwolves at San Antonio Spurs,Bovada,player_points,victor wembanyama,Under,29.5,-185,2026-05-06T23:27:50Z,SAS,64.0,29.2,25.0,11.5,3.1,1.0,3.1,0.512,0.349,0.827,10.7,-4.5,LOW
Minnesota Timberwolves at San Antonio Spurs,Bovada,player_points,victor wembanyama,Over,30.5,165,2026-05-06T23:27:50Z,SAS,64.0,29.2,25.0,11.5,3.1,1.0,3.1,0.512,0.349,0.827,10.7,-5.5,LOW
Minnesota Timberwolves at San Antonio Spurs,Bovada,player_points,victor wembanyama,Under,30.5,-220,2026-05-06T23:27:50Z,SAS,64.0,29.2,25.0,11.5,3.1,1.0,3.1,0.512,0.349,0.827,10.7,-5.5,LOW
Minnesota Timberwolves at San Antonio Spurs,Bovada,player_points,victor wembanyama,Over,31.5,200,2026-05-06T23:27:50Z,SAS,64.0,29.2,25.0,11.5,3.1,1.0,3.1,0.512,0.349,0.827,10.7,-6.5,LOW
Minnesota Timberwolves at San Antonio Spurs,Bovada,player_points,victor wembanyama,Under,31.5,-275,2026-05-06T23:27:50Z,SAS,64.0,29.2,25.0,11.5,3.1,1.0,3.1,0.512,0.349,0.827,10.7,-6.5,LOW
Minnesota Timberwolves at San Antonio Spurs,Bovada,player_rebounds,anthony edwards,Over,3.5,-170,2026-05-06T23:27:50Z,MIN,61.0,35.0,28.8,5.0,3.7,1.4,0.8,0.489,0.399,0.796,2.7,1.5,LOW
Minnesota Timberwolves at San Antonio Spurs,Bovada,player_rebounds,anthony edwards,Under,3.5,130,2026-05-06T23:27:50Z,MIN,61.0,35.0,28.8,5.0,3.7,1.4,0.8,0.489,0.399,0.796,2.7,1.5,LOW
Minnesota Timberwolves at San Antonio Spurs,Bovada,player_rebounds,anthony edwards,Over,4.5,120,2026-05-06T23:27:50Z,MIN,61.0,35.0,28.8,5.0,3.7,1.4,0.8,0.489,0.399,0.796,2.7,0.5,LOW
Minnesota Timberwolves at San Antonio Spurs,Bovada,player_rebounds,anthony edwards,Under,4.5,-160,2026-05-06T23:27:50Z,MIN,61.0,35.0,28.8,5.0,3.7,1.4,0.8,0.489,0.399,0.796,2.7,0.5,LOW
Minnesota Timberwolves at San Antonio Spurs,Bovada,player_rebounds,ayo dosunmu,Over,2.5,-135,2026-05-06T23:27:50Z,MIN,69.0,27.3,14.8,3.4,3.6,0.8,0.3,0.517,0.439,0.876,-1.0,0.8999999999999999,LOW
Minnesota Timberwolves at San Antonio Spurs,Bovada,player_rebounds,ayo dosunmu,Under,2.5,105,2026-05-06T23:27:50Z,MIN,69.0,27.3,14.8,3.4,3.6,0.8,0.3,0.517,0.439,0.876,-1.0,0.8999999999999999,LOW
Minnesota Timberwolves at San Antonio Spurs,Bovada,player_rebounds,ayo dosunmu,Over,3.5,165,2026-05-06T23:27:50Z,MIN,69.0,27.3,14.8,3.4,3.6,0.8,0.3,0.517,0.439,0.876,-1.0,-0.10000000000000009,LOW
Minnesota Timberwolves at San Antonio Spurs,Bovada,player_rebounds,ayo dosunmu,Under,3.5,-220,2026-05-06T23:27:50Z,MIN,69.0,27.3,14.8,3.4,3.6,0.8,0.3,0.517,0.439,0.876,-1.0,-0.10000000000000009,LOW
Minnesota Timberwolves at San Antonio Spurs,Bovada,player_rebounds,de'aaron fox,Over,2.5,-280,2026-05-06T23:27:50Z,SAS,72.0,31.0,18.6,3.8,6.2,1.2,0.3,0.486,0.332,0.76,6.3,1.2999999999999998,LOW
Minnesota Timberwolves at San Antonio Spurs,Bovada,player_rebounds,de'aaron fox,Under,2.5,205,2026-05-06T23:27:50Z,SAS,72.0,31.0,18.6,3.8,6.2,1.2,0.3,0.486,0.332,0.76,6.3,1.2999999999999998,LOW
Minnesota Timberwolves at San Antonio Spurs,Bovada,player_rebounds,de'aaron fox,Over,3.5,-120,2026-05-06T23:27:50Z,SAS,72.0,31.0,18.6,3.8,6.2,1.2,0.3,0.486,0.332,0.76,6.3,0.2999999999999998,LOW
Minnesota Timberwolves at San Antonio Spurs,Bovada,player_rebounds,de'aaron fox,Under,3.5,-110,2026-05-06T23:27:50Z,SAS,72.0,31.0,18.6,3.8,6.2,1.2,0.3,0.486,0.332,0.76,6.3,0.2999999999999998,LOW
Minnesota Timberwolves at San Antonio Spurs,Bovada,player_rebounds,de'aaron fox,Over,4.5,170,2026-05-06T23:27:50Z,SAS,72.0,31.0,18.6,3.8,6.2,1.2,0.3,0.486,0.332,0.76,6.3,-0.7000000000000002,LOW
Minnesota Timberwolves at San Antonio Spurs,Bovada,player_rebounds,de'aaron fox,Under,4.5,-230,2026-05-06T23:27:50Z,SAS,72.0,31.0,18.6,3.8,6.2,1.2,0.3,0.486,0.332,0.76,6.3,-0.7000000000000002,LOW
Minnesota Timberwolves at San Antonio Spurs,Bovada,player_rebounds,devin vassell,Over,3.5,-165,2026-05-06T23:27:50Z,SAS,67.0,30.5,13.9,4.0,2.5,0.9,0.4,0.437,0.384,0.815,7.3,0.5,LOW
Minnesota Timberwolves at San Antonio Spurs,Bovada,player_rebounds,devin vassell,Under,3.5,125,2026-05-06T23:27:50Z,SAS,67.0,30.5,13.9,4.0,2.5,0.9,0.4,0.437,0.384,0.815,7.3,0.5,LOW
Minnesota Timberwolves at San Antonio Spurs,Bovada,player_rebounds,devin vassell,Over,4.5,125,2026-05-06T23:27:50Z,SAS,67.0,30.5,13.9,4.0,2.5,0.9,0.4,0.437,0.384,0.815,7.3,-0.5,LOW
Minnesota Timberwolves at San Antonio Spurs,Bovada,player_rebounds,devin vassell,Under,4.5,-165,2026-05-06T23:27:50Z,SAS,67.0,30.5,13.9,4.0,2.5,0.9,0.4,0.437,0.384,0.815,7.3,-0.5,LOW
Minnesota Timberwolves at San Antonio Spurs,Bovada,player_rebounds,dylan harper,Over,2.5,-210,2026-05-06T23:27:50Z,SAS,69.0,22.6,11.8,3.4,3.9,0.8,0.3,0.505,0.343,0.756,4.4,0.8999999999999999,LOW
Minnesota Timberwolves at San Antonio Spurs,Bovada,player_rebounds,dylan harper,Under,2.5,155,2026-05-06T23:27:50Z,SAS,69.0,22.6,11.8,3.4,3.9,0.8,0.3,0.505,0.343,0.756,4.4,0.8999999999999999,LOW
Minnesota Timberwolves at San Antonio Spurs,Bovada,player_rebounds,dylan harper,Over,3.5,110,2026-05-06T23:27:50Z,SAS,69.0,22.6,11.8,3.4,3.9,0.8,0.3,0.505,0.343,0.756,4.4,-0.10000000000000009,LOW
Minnesota Timberwolves at San Antonio Spurs,Bovada,player_rebounds,dylan harper,Under,3.5,-145,2026-05-06T23:27:50Z,SAS,69.0,22.6,11.8,3.4,3.9,0.8,0.3,0.505,0.343,0.756,4.4,-0.10000000000000009,LOW
Minnesota Timberwolves at San Antonio Spurs,Bovada,player_rebounds,jaden mcdaniels,Over,3.5,-250,2026-05-06T23:27:50Z,MIN,73.0,31.7,14.8,4.2,2.7,1.1,1.0,0.515,0.412,0.835,1.6,0.7000000000000002,LOW
Minnesota Timberwolves at San Antonio Spurs,Bovada,player_rebounds,jaden mcdaniels,Under,3.5,185,2026-05-06T23:27:50Z,MIN,73.0,31.7,14.8,4.2,2.7,1.1,1.0,0.515,0.412,0.835,1.6,0.7000000000000002,LOW
Minnesota Timberwolves at San Antonio Spurs,Bovada,player_rebounds,jaden mcdaniels,Over,4.5,-120,2026-05-06T23:27:50Z,MIN,73.0,31.7,14.8,4.2,2.7,1.1,1.0,0.515,0.412,0.835,1.6,-0.2999999999999998,LOW
Minnesota Timberwolves at San Antonio Spurs,Bovada,player_rebounds,jaden mcdaniels,Under,4.5,-110,2026-05-06T23:27:50Z,MIN,73.0,31.7,14.8,4.2,2.7,1.1,1.0,0.515,0.412,0.835,1.6,-0.2999999999999998,LOW
Minnesota Timberwolves at San Antonio Spurs,Bovada,player_rebounds,jaden mcdaniels,Over,5.5,160,2026-05-06T23:27:50Z,MIN,73.0,31.7,14.8,4.2,2.7,1.1,1.0,0.515,0.412,0.835,1.6,-1.2999999999999998,LOW
Minnesota Timberwolves at San Antonio Spurs,Bovada,player_rebounds,jaden mcdaniels,Under,5.5,-215,2026-05-06T23:27:50Z,MIN,73.0,31.7,14.8,4.2,2.7,1.1,1.0,0.515,0.412,0.835,1.6,-1.2999999999999998,LOW
Minnesota Timberwolves at San Antonio Spurs,Bovada,player_rebounds,julian champagnie,Over,4.5,-170,2026-05-06T23:27:50Z,SAS,82.0,27.6,11.1,5.8,1.5,0.8,0.5,0.437,0.381,0.844,7.2,1.2999999999999998,LOW
Minnesota Timberwolves at San Antonio Spurs,Bovada,player_rebounds,julian champagnie,Under,4.5,130,2026-05-06T23:27:50Z,SAS,82.0,27.6,11.1,5.8,1.5,0.8,0.5,0.437,0.381,0.844,7.2,1.2999999999999998,LOW
Minnesota Timberwolves at San Antonio Spurs,Bovada,player_rebounds,julian champagnie,Over,5.5,110,2026-05-06T23:27:50Z,SAS,82.0,27.6,11.1,5.8,1.5,0.8,0.5,0.437,0.381,0.844,7.2,0.2999999999999998,LOW
Minnesota Timberwolves at San Antonio Spurs,Bovada,player_rebounds,julian champagnie,Under,5.5,-145,2026-05-06T23:27:50Z,SAS,82.0,27.6,11.1,5.8,1.5,0.8,0.5,0.437,0.381,0.844,7.2,0.2999999999999998,LOW
Minnesota Timberwolves at San Antonio Spurs,Bovada,player_rebounds,julian champagnie,Over,6.5,200,2026-05-06T23:27:50Z,SAS,82.0,27.6,11.1,5.8,1.5,0.8,0.5,0.437,0.381,0.844,7.2,-0.7000000000000002,LOW
Minnesota Timberwolves at San Antonio Spurs,Bovada,player_rebounds,julian champagnie,Under,6.5,-275,2026-05-06T23:27:50Z,SAS,82.0,27.6,11.1,5.8,1.5,0.8,0.5,0.437,0.381,0.844,7.2,-0.7000000000000002,LOW
Minnesota Timberwolves at San Antonio Spurs,Bovada,player_rebounds,julius randle,Over,5.5,-200,2026-05-06T23:27:50Z,MIN,79.0,33.0,21.1,6.7,5.0,1.1,0.2,0.481,0.315,0.802,2.9,1.2000000000000002,LOW
Minnesota Timberwolves at San Antonio Spurs,Bovada,player_rebounds,julius randle,Under,5.5,150,2026-05-06T23:27:50Z,MIN,79.0,33.0,21.1,6.7,5.0,1.1,0.2,0.481,0.315,0.802,2.9,1.2000000000000002,LOW
Minnesota Timberwolves at San Antonio Spurs,Bovada,player_rebounds,julius randle,Over,6.5,-110,2026-05-06T23:27:50Z,MIN,79.0,33.0,21.1,6.7,5.0,1.1,0.2,0.481,0.315,0.802,2.9,0.20000000000000018,LOW
Minnesota Timberwolves at San Antonio Spurs,Bovada,player_rebounds,julius randle,Under,6.5,-120,2026-05-06T23:27:50Z,MIN,79.0,33.0,21.1,6.7,5.0,1.1,0.2,0.481,0.315,0.802,2.9,0.20000000000000018,LOW
Minnesota Timberwolves at San Antonio Spurs,Bovada,player_rebounds,julius randle,Over,7.5,155,2026-05-06T23:27:50Z,MIN,79.0,33.0,21.1,6.7,5.0,1.1,0.2,0.481,0.315,0.802,2.9,-0.7999999999999998,LOW
Minnesota Timberwolves at San Antonio Spurs,Bovada,player_rebounds,julius randle,Under,7.5,-210,2026-05-06T23:27:50Z,MIN,79.0,33.0,21.1,6.7,5.0,1.1,0.2,0.481,0.315,0.802,2.9,-0.7999999999999998,LOW
Minnesota Timberwolves at San Antonio Spurs,Bovada,player_rebounds,keldon johnson,Over,3.5,-125,2026-05-06T23:27:50Z,SAS,82.0,23.3,13.2,5.4,1.4,0.6,0.1,0.519,0.363,0.794,3.9,1.9000000000000004,LOW
Minnesota Timberwolves at San Antonio Spurs,Bovada,player_rebounds,keldon johnson,Under,3.5,-105,2026-05-06T23:27:50Z,SAS,82.0,23.3,13.2,5.4,1.4,0.6,0.1,0.519,0.363,0.794,3.9,1.9000000000000004,LOW
Minnesota Timberwolves at San Antonio Spurs,Bovada,player_rebounds,keldon johnson,Over,4.5,165,2026-05-06T23:27:50Z,SAS,82.0,23.3,13.2,5.4,1.4,0.6,0.1,0.519,0.363,0.794,3.9,0.9000000000000004,LOW
Minnesota Timberwolves at San Antonio Spurs,Bovada,player_rebounds,keldon johnson,Under,4.5,-220,2026-05-06T23:27:50Z,SAS,82.0,23.3,13.2,5.4,1.4,0.6,0.1,0.519,0.363,0.794,3.9,0.9000000000000004,LOW
Minnesota Timberwolves at San Antonio Spurs,Bovada,player_rebounds,naz reid,Over,5.5,-180,2026-05-06T23:27:50Z,MIN,77.0,26.1,13.6,6.2,2.2,1.0,1.0,0.456,0.362,0.732,2.2,0.7000000000000002,LOW
Minnesota Timberwolves at San Antonio Spurs,Bovada,player_rebounds,naz reid,Under,5.5,135,2026-05-06T23:27:50Z,MIN,77.0,26.1,13.6,6.2,2.2,1.0,1.0,0.456,0.362,0.732,2.2,0.7000000000000002,LOW
Minnesota Timberwolves at San Antonio Spurs,Bovada,player_rebounds,naz reid,Over,6.5,100,2026-05-06T23:27:50Z,MIN,77.0,26.1,13.6,6.2,2.2,1.0,1.0,0.456,0.362,0.732,2.2,-0.2999999999999998,LOW
Minnesota Timberwolves at San Antonio Spurs,Bovada,player_rebounds,naz reid,Under,6.5,-130,2026-05-06T23:27:50Z,MIN,77.0,26.1,13.6,6.2,2.2,1.0,1.0,0.456,0.362,0.732,2.2,-0.2999999999999998,LOW
Minnesota Timberwolves at San Antonio Spurs,Bovada,player_rebounds,naz reid,Over,7.5,170,2026-05-06T23:27:50Z,MIN,77.0,26.1,13.6,6.2,2.2,1.0,1.0,0.456,0.362,0.732,2.2,-1.2999999999999998,LOW
Minnesota Timberwolves at San Antonio Spurs,Bovada,player_rebounds,naz reid,Under,7.5,-230,2026-05-06T23:27:50Z,MIN,77.0,26.1,13.6,6.2,2.2,1.0,1.0,0.456,0.362,0.732,2.2,-1.2999999999999998,LOW
Minnesota Timberwolves at San Antonio Spurs,Bovada,player_rebounds,rudy gobert,Over,9.5,-210,2026-05-06T23:27:50Z,MIN,76.0,31.3,10.9,11.5,1.7,0.8,1.6,0.682,0.0,0.526,3.1,2.0,MEDIUM
Minnesota Timberwolves at San Antonio Spurs,Bovada,player_rebounds,rudy gobert,Under,9.5,155,2026-05-06T23:27:50Z,MIN,76.0,31.3,10.9,11.5,1.7,0.8,1.6,0.682,0.0,0.526,3.1,2.0,MEDIUM
Minnesota Timberwolves at San Antonio Spurs,Bovada,player_rebounds,rudy gobert,Over,10.5,-130,2026-05-06T23:27:50Z,MIN,76.0,31.3,10.9,11.5,1.7,0.8,1.6,0.682,0.0,0.526,3.1,1.0,LOW
Minnesota Timberwolves at San Antonio Spurs,Bovada,player_rebounds,rudy gobert,Under,10.5,100,2026-05-06T23:27:50Z,MIN,76.0,31.3,10.9,11.5,1.7,0.8,1.6,0.682,0.0,0.526,3.1,1.0,LOW
Minnesota Timberwolves at San Antonio Spurs,Bovada,player_rebounds,rudy gobert,Over,11.5,120,2026-05-06T23:27:50Z,MIN,76.0,31.3,10.9,11.5,1.7,0.8,1.6,0.682,0.0,0.526,3.1,0.0,LOW
Minnesota Timberwolves at San Antonio Spurs,Bovada,player_rebounds,rudy gobert,Under,11.5,-160,2026-05-06T23:27:50Z,MIN,76.0,31.3,10.9,11.5,1.7,0.8,1.6,0.682,0.0,0.526,3.1,0.0,LOW
Minnesota Timberwolves at San Antonio Spurs,Bovada,player_rebounds,rudy gobert,Over,12.5,180,2026-05-06T23:27:50Z,MIN,76.0,31.3,10.9,11.5,1.7,0.8,1.6,0.682,0.0,0.526,3.1,-1.0,LOW
Minnesota Timberwolves at San Antonio Spurs,Bovada,player_rebounds,rudy gobert,Under,12.5,-245,2026-05-06T23:27:50Z,MIN,76.0,31.3,10.9,11.5,1.7,0.8,1.6,0.682,0.0,0.526,3.1,-1.0,LOW
Minnesota Timberwolves at San Antonio Spurs,Bovada,player_rebounds,stephon castle,Over,4.5,-185,2026-05-06T23:27:50Z,SAS,68.0,30.0,16.7,5.3,7.4,1.1,0.3,0.471,0.332,0.734,6.0,0.7999999999999998,LOW
Minnesota Timberwolves at San Antonio Spurs,Bovada,player_rebounds,stephon castle,Under,4.5,140,2026-05-06T23:27:50Z,SAS,68.0,30.0,16.7,5.3,7.4,1.1,0.3,0.471,0.332,0.734,6.0,0.7999999999999998,LOW
Minnesota Timberwolves at San Antonio Spurs,Bovada,player_rebounds,stephon castle,Over,5.5,105,2026-05-06T23:27:50Z,SAS,68.0,30.0,16.7,5.3,7.4,1.1,0.3,0.471,0.332,0.734,6.0,-0.20000000000000018,LOW
Minnesota Timberwolves at San Antonio Spurs,Bovada,player_rebounds,stephon castle,Under,5.5,-135,2026-05-06T23:27:50Z,SAS,68.0,30.0,16.7,5.3,7.4,1.1,0.3,0.471,0.332,0.734,6.0,-0.20000000000000018,LOW
Minnesota Timberwolves at San Antonio Spurs,Bovada,player_rebounds,stephon castle,Over,6.5,190,2026-05-06T23:27:50Z,SAS,68.0,30.0,16.7,5.3,7.4,1.1,0.3,0.471,0.332,0.734,6.0,-1.2000000000000002,LOW
Minnesota Timberwolves at San Antonio Spurs,Bovada,player_rebounds,stephon castle,Under,6.5,-260,2026-05-06T23:27:50Z,SAS,68.0,30.0,16.7,5.3,7.4,1.1,0.3,0.471,0.332,0.734,6.0,-1.2000000000000002,LOW
Minnesota Timberwolves at San Antonio Spurs,Bovada,player_rebounds,victor wembanyama,Over,10.5,-245,2026-05-06T23:27:50Z,SAS,64.0,29.2,25.0,11.5,3.1,1.0,3.1,0.512,0.349,0.827,10.7,1.0,LOW
Minnesota Timberwolves at San Antonio Spurs,Bovada,player_rebounds,victor wembanyama,Under,10.5,180,2026-05-06T23:27:50Z,SAS,64.0,29.2,25.0,11.5,3.1,1.0,3.1,0.512,0.349,0.827,10.7,1.0,LOW
Minnesota Timberwolves at San Antonio Spurs,Bovada,player_rebounds,victor wembanyama,Over,11.5,-150,2026-05-06T23:27:50Z,SAS,64.0,29.2,25.0,11.5,3.1,1.0,3.1,0.512,0.349,0.827,10.7,0.0,LOW
Minnesota Timberwolves at San Antonio Spurs,Bovada,player_rebounds,victor wembanyama,Under,11.5,115,2026-05-06T23:27:50Z,SAS,64.0,29.2,25.0,11.5,3.1,1.0,3.1,0.512,0.349,0.827,10.7,0.0,LOW
Minnesota Timberwolves at San Antonio Spurs,Bovada,player_rebounds,victor wembanyama,Over,12.5,100,2026-05-06T23:27:50Z,SAS,64.0,29.2,25.0,11.5,3.1,1.0,3.1,0.512,0.349,0.827,10.7,-1.0,LOW
Minnesota Timberwolves at San Antonio Spurs,Bovada,player_rebounds,victor wembanyama,Under,12.5,-130,2026-05-06T23:27:50Z,SAS,64.0,29.2,25.0,11.5,3.1,1.0,3.1,0.512,0.349,0.827,10.7,-1.0,LOW
Minnesota Timberwolves at San Antonio Spurs,Bovada,player_rebounds,victor wembanyama,Over,13.5,150,2026-05-06T23:27:50Z,SAS,64.0,29.2,25.0,11.5,3.1,1.0,3.1,0.512,0.349,0.827,10.7,-2.0,LOW
Minnesota Timberwolves at San Antonio Spurs,Bovada,player_rebounds,victor wembanyama,Under,13.5,-200,2026-05-06T23:27:50Z,SAS,64.0,29.2,25.0,11.5,3.1,1.0,3.1,0.512,0.349,0.827,10.7,-2.0,LOW
Minnesota Timberwolves at San Antonio Spurs,Bovada,player_steals,de'aaron fox,Over,1.5,150,2026-05-06T23:27:50Z,SAS,72.0,31.0,18.6,3.8,6.2,1.2,0.3,0.486,0.332,0.76,6.3,0.0,LOW
Minnesota Timberwolves at San Antonio Spurs,Bovada,player_steals,de'aaron fox,Under,1.5,-200,2026-05-06T23:27:50Z,SAS,72.0,31.0,18.6,3.8,6.2,1.2,0.3,0.486,0.332,0.76,6.3,0.0,LOW
Minnesota Timberwolves at San Antonio Spurs,Bovada,player_steals,jaden mcdaniels,Over,0.5,-210,2026-05-06T23:27:50Z,MIN,73.0,31.7,14.8,4.2,2.7,1.1,1.0,0.515,0.412,0.835,1.6,0.0,LOW
Minnesota Timberwolves at San Antonio Spurs,Bovada,player_steals,jaden mcdaniels,Under,0.5,155,2026-05-06T23:27:50Z,MIN,73.0,31.7,14.8,4.2,2.7,1.1,1.0,0.515,0.412,0.835,1.6,0.0,LOW
Minnesota Timberwolves at San Antonio Spurs,Bovada,player_steals,victor wembanyama,Over,1.5,160,2026-05-06T23:27:50Z,SAS,64.0,29.2,25.0,11.5,3.1,1.0,3.1,0.512,0.349,0.827,10.7,0.0,LOW
Minnesota Timberwolves at San Antonio Spurs,Bovada,player_steals,victor wembanyama,Under,1.5,-215,2026-05-06T23:27:50Z,SAS,64.0,29.2,25.0,11.5,3.1,1.0,3.1,0.512,0.349,0.827,10.7,0.0,LOW
Minnesota Timberwolves at San Antonio Spurs,Bovada,player_threes,anthony edwards,Over,2.5,-105,2026-05-06T23:27:50Z,MIN,61.0,35.0,28.8,5.0,3.7,1.4,0.8,0.489,0.399,0.796,2.7,0.0,LOW
Minnesota Timberwolves at San Antonio Spurs,Bovada,player_threes,anthony edwards,Under,2.5,-125,2026-05-06T23:27:50Z,MIN,61.0,35.0,28.8,5.0,3.7,1.4,0.8,0.489,0.399,0.796,2.7,0.0,LOW
Minnesota Timberwolves at San Antonio Spurs,Bovada,player_threes,ayo dosunmu,Over,1.5,125,2026-05-06T23:27:50Z,MIN,69.0,27.3,14.8,3.4,3.6,0.8,0.3,0.517,0.439,0.876,-1.0,0.0,LOW
Minnesota Timberwolves at San Antonio Spurs,Bovada,player_threes,ayo dosunmu,Under,1.5,-165,2026-05-06T23:27:50Z,MIN,69.0,27.3,14.8,3.4,3.6,0.8,0.3,0.517,0.439,0.876,-1.0,0.0,LOW
Minnesota Timberwolves at San Antonio Spurs,Bovada,player_threes,de'aaron fox,Over,1.5,105,2026-05-06T23:27:50Z,SAS,72.0,31.0,18.6,3.8,6.2,1.2,0.3,0.486,0.332,0.76,6.3,0.0,LOW
Minnesota Timberwolves at San Antonio Spurs,Bovada,player_threes,de'aaron fox,Under,1.5,-135,2026-05-06T23:27:50Z,SAS,72.0,31.0,18.6,3.8,6.2,1.2,0.3,0.486,0.332,0.76,6.3,0.0,LOW
Minnesota Timberwolves at San Antonio Spurs,Bovada,player_threes,devin vassell,Over,1.5,-220,2026-05-06T23:27:50Z,SAS,67.0,30.5,13.9,4.0,2.5,0.9,0.4,0.437,0.384,0.815,7.3,0.0,LOW
Minnesota Timberwolves at San Antonio Spurs,Bovada,player_threes,devin vassell,Under,1.5,165,2026-05-06T23:27:50Z,SAS,67.0,30.5,13.9,4.0,2.5,0.9,0.4,0.437,0.384,0.815,7.3,0.0,LOW
Minnesota Timberwolves at San Antonio Spurs,Bovada,player_threes,devin vassell,Over,2.5,140,2026-05-06T23:27:50Z,SAS,67.0,30.5,13.9,4.0,2.5,0.9,0.4,0.437,0.384,0.815,7.3,0.0,LOW
Minnesota Timberwolves at San Antonio Spurs,Bovada,player_threes,devin vassell,Under,2.5,-185,2026-05-06T23:27:50Z,SAS,67.0,30.5,13.9,4.0,2.5,0.9,0.4,0.437,0.384,0.815,7.3,0.0,LOW
Minnesota Timberwolves at San Antonio Spurs,Bovada,player_threes,dylan harper,Over,0.5,-150,2026-05-06T23:27:50Z,SAS,69.0,22.6,11.8,3.4,3.9,0.8,0.3,0.505,0.343,0.756,4.4,0.0,LOW
Minnesota Timberwolves at San Antonio Spurs,Bovada,player_threes,dylan harper,Under,0.5,115,2026-05-06T23:27:50Z,SAS,69.0,22.6,11.8,3.4,3.9,0.8,0.3,0.505,0.343,0.756,4.4,0.0,LOW
Minnesota Timberwolves at San Antonio Spurs,Bovada,player_threes,jaden mcdaniels,Over,1.5,150,2026-05-06T23:27:50Z,MIN,73.0,31.7,14.8,4.2,2.7,1.1,1.0,0.515,0.412,0.835,1.6,0.0,LOW
Minnesota Timberwolves at San Antonio Spurs,Bovada,player_threes,jaden mcdaniels,Under,1.5,-200,2026-05-06T23:27:50Z,MIN,73.0,31.7,14.8,4.2,2.7,1.1,1.0,0.515,0.412,0.835,1.6,0.0,LOW
Minnesota Timberwolves at San Antonio Spurs,Bovada,player_threes,julian champagnie,Over,1.5,-160,2026-05-06T23:27:50Z,SAS,82.0,27.6,11.1,5.8,1.5,0.8,0.5,0.437,0.381,0.844,7.2,0.0,LOW
Minnesota Timberwolves at San Antonio Spurs,Bovada,player_threes,julian champagnie,Under,1.5,120,2026-05-06T23:27:50Z,SAS,82.0,27.6,11.1,5.8,1.5,0.8,0.5,0.437,0.381,0.844,7.2,0.0,LOW
Minnesota Timberwolves at San Antonio Spurs,Bovada,player_threes,julian champagnie,Over,2.5,190,2026-05-06T23:27:50Z,SAS,82.0,27.6,11.1,5.8,1.5,0.8,0.5,0.437,0.381,0.844,7.2,0.0,LOW
Minnesota Timberwolves at San Antonio Spurs,Bovada,player_threes,julian champagnie,Under,2.5,-260,2026-05-06T23:27:50Z,SAS,82.0,27.6,11.1,5.8,1.5,0.8,0.5,0.437,0.381,0.844,7.2,0.0,LOW
Minnesota Timberwolves at San Antonio Spurs,Bovada,player_threes,julius randle,Over,1.5,155,2026-05-06T23:27:50Z,MIN,79.0,33.0,21.1,6.7,5.0,1.1,0.2,0.481,0.315,0.802,2.9,0.0,LOW
Minnesota Timberwolves at San Antonio Spurs,Bovada,player_threes,julius randle,Under,1.5,-210,2026-05-06T23:27:50Z,MIN,79.0,33.0,21.1,6.7,5.0,1.1,0.2,0.481,0.315,0.802,2.9,0.0,LOW
Minnesota Timberwolves at San Antonio Spurs,Bovada,player_threes,keldon johnson,Over,0.5,-170,2026-05-06T23:27:50Z,SAS,82.0,23.3,13.2,5.4,1.4,0.6,0.1,0.519,0.363,0.794,3.9,0.0,LOW
Minnesota Timberwolves at San Antonio Spurs,Bovada,player_threes,keldon johnson,Under,0.5,130,2026-05-06T23:27:50Z,SAS,82.0,23.3,13.2,5.4,1.4,0.6,0.1,0.519,0.363,0.794,3.9,0.0,LOW
Minnesota Timberwolves at San Antonio Spurs,Bovada,player_threes,mike conley,Over,0.5,-230,2026-05-06T23:27:50Z,MIN,54.0,18.4,4.5,1.7,2.9,0.6,0.3,0.335,0.337,0.9,0.3,0.0,LOW
Minnesota Timberwolves at San Antonio Spurs,Bovada,player_threes,mike conley,Under,0.5,170,2026-05-06T23:27:50Z,MIN,54.0,18.4,4.5,1.7,2.9,0.6,0.3,0.335,0.337,0.9,0.3,0.0,LOW
Minnesota Timberwolves at San Antonio Spurs,Bovada,player_threes,mike conley,Over,1.5,205,2026-05-06T23:27:50Z,MIN,54.0,18.4,4.5,1.7,2.9,0.6,0.3,0.335,0.337,0.9,0.3,0.0,LOW
Minnesota Timberwolves at San Antonio Spurs,Bovada,player_threes,mike conley,Under,1.5,-280,2026-05-06T23:27:50Z,MIN,54.0,18.4,4.5,1.7,2.9,0.6,0.3,0.335,0.337,0.9,0.3,0.0,LOW
Minnesota Timberwolves at San Antonio Spurs,Bovada,player_threes,naz reid,Over,1.5,-135,2026-05-06T23:27:50Z,MIN,77.0,26.1,13.6,6.2,2.2,1.0,1.0,0.456,0.362,0.732,2.2,0.0,LOW
Minnesota Timberwolves at San Antonio Spurs,Bovada,player_threes,naz reid,Under,1.5,105,2026-05-06T23:27:50Z,MIN,77.0,26.1,13.6,6.2,2.2,1.0,1.0,0.456,0.362,0.732,2.2,0.0,LOW
Minnesota Timberwolves at San Antonio Spurs,Bovada,player_threes,stephon castle,Over,1.5,115,2026-05-06T23:27:50Z,SAS,68.0,30.0,16.7,5.3,7.4,1.1,0.3,0.471,0.332,0.734,6.0,0.0,LOW
Minnesota Timberwolves at San Antonio Spurs,Bovada,player_threes,stephon castle,Under,1.5,-150,2026-05-06T23:27:50Z,SAS,68.0,30.0,16.7,5.3,7.4,1.1,0.3,0.471,0.332,0.734,6.0,0.0,LOW
Minnesota Timberwolves at San Antonio Spurs,Bovada,player_threes,victor wembanyama,Over,1.5,-275,2026-05-06T23:27:50Z,SAS,64.0,29.2,25.0,11.5,3.1,1.0,3.1,0.512,0.349,0.827,10.7,0.0,LOW
Minnesota Timberwolves at San Antonio Spurs,Bovada,player_threes,victor wembanyama,Under,1.5,200,2026-05-06T23:27:50Z,SAS,64.0,29.2,25.0,11.5,3.1,1.0,3.1,0.512,0.349,0.827,10.7,0.0,LOW
Minnesota Timberwolves at San Antonio Spurs,Bovada,player_threes,victor wembanyama,Over,2.5,115,2026-05-06T23:27:50Z,SAS,64.0,29.2,25.0,11.5,3.1,1.0,3.1,0.512,0.349,0.827,10.7,0.0,LOW
Minnesota Timberwolves at San Antonio Spurs,Bovada,player_threes,victor wembanyama,Under,2.5,-150,2026-05-06T23:27:50Z,SAS,64.0,29.2,25.0,11.5,3.1,1.0,3.1,0.512,0.349,0.827,10.7,0.0,LOW
Cleveland Cavaliers at Detroit Pistons,FanDuel,player_assists,daniss jenkins,Over,2.5,-174,2026-05-06T23:33:46Z,DET,72.0,20.2,9.3,2.3,3.9,0.9,0.2,0.408,0.374,0.832,2.9,1.4,LOW
Cleveland Cavaliers at Detroit Pistons,FanDuel,player_assists,daniss jenkins,Under,2.5,130,2026-05-06T23:33:46Z,DET,72.0,20.2,9.3,2.3,3.9,0.9,0.2,0.408,0.374,0.832,2.9,1.4,LOW
Cleveland Cavaliers at Detroit Pistons,FanDuel,player_assists,ausar thompson,Over,3.5,-114,2026-05-06T23:33:46Z,DET,73.0,26.0,9.9,5.7,3.1,2.0,0.9,0.525,0.25,0.571,5.4,-0.3999999999999999,LOW
Cleveland Cavaliers at Detroit Pistons,FanDuel,player_assists,ausar thompson,Under,3.5,-114,2026-05-06T23:33:46Z,DET,73.0,26.0,9.9,5.7,3.1,2.0,0.9,0.525,0.25,0.571,5.4,-0.3999999999999999,LOW
Cleveland Cavaliers at Detroit Pistons,FanDuel,player_assists,jalen duren,Over,2.5,130,2026-05-06T23:33:46Z,DET,70.0,28.2,19.5,10.5,2.0,0.8,0.8,0.65,0.0,0.747,6.9,-0.5,LOW
Cleveland Cavaliers at Detroit Pistons,FanDuel,player_assists,jalen duren,Under,2.5,-174,2026-05-06T23:33:46Z,DET,70.0,28.2,19.5,10.5,2.0,0.8,0.8,0.65,0.0,0.747,6.9,-0.5,LOW
Cleveland Cavaliers at Detroit Pistons,FanDuel,player_assists,cade cunningham,Over,9.5,-144,2026-05-06T23:33:46Z,DET,64.0,33.9,23.9,5.5,9.9,1.4,0.8,0.461,0.342,0.812,8.1,0.40000000000000036,LOW
Cleveland Cavaliers at Detroit Pistons,FanDuel,player_assists,cade cunningham,Under,9.5,108,2026-05-06T23:33:46Z,DET,64.0,33.9,23.9,5.5,9.9,1.4,0.8,0.461,0.342,0.812,8.1,0.40000000000000036,LOW
Cleveland Cavaliers at Detroit Pistons,FanDuel,player_assists,evan mobley,Over,3.5,120,2026-05-06T23:33:46Z,CLE,65.0,31.9,18.2,9.0,3.6,0.7,1.7,0.546,0.297,0.606,3.4,0.10000000000000009,LOW
Cleveland Cavaliers at Detroit Pistons,FanDuel,player_assists,evan mobley,Under,3.5,-160,2026-05-06T23:33:46Z,CLE,65.0,31.9,18.2,9.0,3.6,0.7,1.7,0.546,0.297,0.606,3.4,0.10000000000000009,LOW
Cleveland Cavaliers at Detroit Pistons,FanDuel,player_assists,james harden,Over,6.5,-128,2026-05-06T23:33:46Z,CLE,70.0,34.8,23.6,4.8,8.0,1.1,0.4,0.434,0.375,0.884,1.4,1.5,LOW
Cleveland Cavaliers at Detroit Pistons,FanDuel,player_assists,james harden,Under,6.5,-104,2026-05-06T23:33:46Z,CLE,70.0,34.8,23.6,4.8,8.0,1.1,0.4,0.434,0.375,0.884,1.4,1.5,LOW
Cleveland Cavaliers at Detroit Pistons,FanDuel,player_assists,donovan mitchell,Over,3.5,-152,2026-05-06T23:33:46Z,CLE,70.0,33.5,27.9,4.5,5.7,1.5,0.3,0.483,0.364,0.865,5.3,2.2,MEDIUM
Cleveland Cavaliers at Detroit Pistons,FanDuel,player_assists,donovan mitchell,Under,3.5,114,2026-05-06T23:33:46Z,CLE,70.0,33.5,27.9,4.5,5.7,1.5,0.3,0.483,0.364,0.865,5.3,2.2,MEDIUM
Cleveland Cavaliers at Detroit Pistons,FanDuel,player_blocks,ausar thompson,Over,1.5,148,2026-05-06T23:33:46Z,DET,73.0,26.0,9.9,5.7,3.1,2.0,0.9,0.525,0.25,0.571,5.4,0.0,LOW
Cleveland Cavaliers at Detroit Pistons,FanDuel,player_blocks,ausar thompson,Under,1.5,-200,2026-05-06T23:33:46Z,DET,73.0,26.0,9.9,5.7,3.1,2.0,0.9,0.525,0.25,0.571,5.4,0.0,LOW
Cleveland Cavaliers at Detroit Pistons,FanDuel,player_blocks,jarrett allen,Over,1.5,178,2026-05-06T23:33:46Z,CLE,56.0,27.1,15.4,8.5,1.8,1.0,0.8,0.638,0.1,0.709,3.8,0.0,LOW
Cleveland Cavaliers at Detroit Pistons,FanDuel,player_blocks,jarrett allen,Under,1.5,-245,2026-05-06T23:33:46Z,CLE,56.0,27.1,15.4,8.5,1.8,1.0,0.8,0.638,0.1,0.709,3.8,0.0,LOW
Cleveland Cavaliers at Detroit Pistons,FanDuel,player_blocks,evan mobley,Over,1.5,-122,2026-05-06T23:33:46Z,CLE,65.0,31.9,18.2,9.0,3.6,0.7,1.7,0.546,0.297,0.606,3.4,0.0,LOW
Cleveland Cavaliers at Detroit Pistons,FanDuel,player_blocks,evan mobley,Under,1.5,-108,2026-05-06T23:33:46Z,CLE,65.0,31.9,18.2,9.0,3.6,0.7,1.7,0.546,0.297,0.606,3.4,0.0,LOW
Cleveland Cavaliers at Detroit Pistons,FanDuel,player_points,duncan robinson,Over,11.5,-104,2026-05-06T23:33:46Z,DET,77.0,27.4,12.2,2.7,2.1,0.6,0.3,0.456,0.41,0.755,7.0,0.6999999999999993,LOW
Cleveland Cavaliers at Detroit Pistons,FanDuel,player_points,duncan robinson,Under,11.5,-125,2026-05-06T23:33:46Z,DET,77.0,27.4,12.2,2.7,2.1,0.6,0.3,0.456,0.41,0.755,7.0,0.6999999999999993,LOW
Cleveland Cavaliers at Detroit Pistons,FanDuel,player_points,cade cunningham,Over,27.5,-112,2026-05-06T23:33:46Z,DET,64.0,33.9,23.9,5.5,9.9,1.4,0.8,0.461,0.342,0.812,8.1,-3.6000000000000014,LOW
Cleveland Cavaliers at Detroit Pistons,FanDuel,player_points,cade cunningham,Under,27.5,-118,2026-05-06T23:33:46Z,DET,64.0,33.9,23.9,5.5,9.9,1.4,0.8,0.461,0.342,0.812,8.1,-3.6000000000000014,LOW
Cleveland Cavaliers at Detroit Pistons,FanDuel,player_points,isaiah stewart ii,Over,3.5,-132,2026-05-06T23:33:46Z,,,,,,,,,,,,,,LOW
Cleveland Cavaliers at Detroit Pistons,FanDuel,player_points,isaiah stewart ii,Under,3.5,100,2026-05-06T23:33:46Z,,,,,,,,,,,,,,LOW
Cleveland Cavaliers at Detroit Pistons,FanDuel,player_points,daniss jenkins,Over,8.5,-110,2026-05-06T23:33:46Z,DET,72.0,20.2,9.3,2.3,3.9,0.9,0.2,0.408,0.374,0.832,2.9,0.8000000000000007,LOW
Cleveland Cavaliers at Detroit Pistons,FanDuel,player_points,daniss jenkins,Under,8.5,-120,2026-05-06T23:33:46Z,DET,72.0,20.2,9.3,2.3,3.9,0.9,0.2,0.408,0.374,0.832,2.9,0.8000000000000007,LOW
Cleveland Cavaliers at Detroit Pistons,FanDuel,player_points,jarrett allen,Over,10.5,-132,2026-05-06T23:33:46Z,CLE,56.0,27.1,15.4,8.5,1.8,1.0,0.8,0.638,0.1,0.709,3.8,4.9,HIGH
Cleveland Cavaliers at Detroit Pistons,FanDuel,player_points,jarrett allen,Under,10.5,100,2026-05-06T23:33:46Z,CLE,56.0,27.1,15.4,8.5,1.8,1.0,0.8,0.638,0.1,0.709,3.8,4.9,HIGH
Cleveland Cavaliers at Detroit Pistons,FanDuel,player_points,max strus,Over,9.5,-136,2026-05-06T23:33:46Z,CLE,12.0,24.0,11.2,5.4,2.0,0.3,0.0,0.443,0.402,0.778,-0.3,1.6999999999999993,LOW
Cleveland Cavaliers at Detroit Pistons,FanDuel,player_points,max strus,Under,9.5,102,2026-05-06T23:33:46Z,CLE,12.0,24.0,11.2,5.4,2.0,0.3,0.0,0.443,0.402,0.778,-0.3,1.6999999999999993,LOW
Cleveland Cavaliers at Detroit Pistons,FanDuel,player_points,tobias harris,Over,17.5,-114,2026-05-06T23:33:46Z,DET,63.0,27.7,13.3,5.1,2.5,0.9,0.4,0.469,0.368,0.866,5.8,-4.199999999999999,LOW
Cleveland Cavaliers at Detroit Pistons,FanDuel,player_points,tobias harris,Under,17.5,-114,2026-05-06T23:33:46Z,DET,63.0,27.7,13.3,5.1,2.5,0.9,0.4,0.469,0.368,0.866,5.8,-4.199999999999999,LOW
Cleveland Cavaliers at Detroit Pistons,FanDuel,player_points,ausar thompson,Over,9.5,-132,2026-05-06T23:33:46Z,DET,73.0,26.0,9.9,5.7,3.1,2.0,0.9,0.525,0.25,0.571,5.4,0.40000000000000036,LOW
Cleveland Cavaliers at Detroit Pistons,FanDuel,player_points,ausar thompson,Under,9.5,100,2026-05-06T23:33:46Z,DET,73.0,26.0,9.9,5.7,3.1,2.0,0.9,0.525,0.25,0.571,5.4,0.40000000000000036,LOW
Cleveland Cavaliers at Detroit Pistons,FanDuel,player_points,dean wade,Over,4.5,-112,2026-05-06T23:33:46Z,CLE,59.0,22.3,5.8,4.2,1.5,0.7,0.4,0.439,0.362,0.711,2.6,1.2999999999999998,LOW
Cleveland Cavaliers at Detroit Pistons,FanDuel,player_points,dean wade,Under,4.5,-118,2026-05-06T23:33:46Z,CLE,59.0,22.3,5.8,4.2,1.5,0.7,0.4,0.439,0.362,0.711,2.6,1.2999999999999998,LOW
Cleveland Cavaliers at Detroit Pistons,FanDuel,player_points,james harden,Over,19.5,-102,2026-05-06T23:33:46Z,CLE,70.0,34.8,23.6,4.8,8.0,1.1,0.4,0.434,0.375,0.884,1.4,4.100000000000001,HIGH
Cleveland Cavaliers at Detroit Pistons,FanDuel,player_points,james harden,Under,19.5,-130,2026-05-06T23:33:46Z,CLE,70.0,34.8,23.6,4.8,8.0,1.1,0.4,0.434,0.375,0.884,1.4,4.100000000000001,HIGH
Cleveland Cavaliers at Detroit Pistons,FanDuel,player_points,jalen duren,Over,14.5,-106,2026-05-06T23:33:46Z,DET,70.0,28.2,19.5,10.5,2.0,0.8,0.8,0.65,0.0,0.747,6.9,5.0,HIGH
Cleveland Cavaliers at Detroit Pistons,FanDuel,player_points,jalen duren,Under,14.5,-125,2026-05-06T23:33:46Z,DET,70.0,28.2,19.5,10.5,2.0,0.8,0.8,0.65,0.0,0.747,6.9,5.0,HIGH
Cleveland Cavaliers at Detroit Pistons,FanDuel,player_points,donovan mitchell,Over,24.5,-106,2026-05-06T23:33:46Z,CLE,70.0,33.5,27.9,4.5,5.7,1.5,0.3,0.483,0.364,0.865,5.3,3.3999999999999986,MEDIUM
Cleveland Cavaliers at Detroit Pistons,FanDuel,player_points,donovan mitchell,Under,24.5,-125,2026-05-06T23:33:46Z,CLE,70.0,33.5,27.9,4.5,5.7,1.5,0.3,0.483,0.364,0.865,5.3,3.3999999999999986,MEDIUM
Cleveland Cavaliers at Detroit Pistons,FanDuel,player_points,evan mobley,Over,15.5,100,2026-05-06T23:33:46Z,CLE,65.0,31.9,18.2,9.0,3.6,0.7,1.7,0.546,0.297,0.606,3.4,2.6999999999999993,MEDIUM
Cleveland Cavaliers at Detroit Pistons,FanDuel,player_points,evan mobley,Under,15.5,-132,2026-05-06T23:33:46Z,CLE,65.0,31.9,18.2,9.0,3.6,0.7,1.7,0.546,0.297,0.606,3.4,2.6999999999999993,MEDIUM
Cleveland Cavaliers at Detroit Pistons,FanDuel,player_rebounds,isaiah stewart ii,Over,2.5,-136,2026-05-06T23:33:46Z,,,,,,,,,,,,,,LOW
Cleveland Cavaliers at Detroit Pistons,FanDuel,player_rebounds,isaiah stewart ii,Under,2.5,102,2026-05-06T23:33:46Z,,,,,,,,,,,,,,LOW
Cleveland Cavaliers at Detroit Pistons,FanDuel,player_rebounds,cade cunningham,Over,5.5,104,2026-05-06T23:33:46Z,DET,64.0,33.9,23.9,5.5,9.9,1.4,0.8,0.461,0.342,0.812,8.1,0.0,LOW
Cleveland Cavaliers at Detroit Pistons,FanDuel,player_rebounds,cade cunningham,Under,5.5,-138,2026-05-06T23:33:46Z,DET,64.0,33.9,23.9,5.5,9.9,1.4,0.8,0.461,0.342,0.812,8.1,0.0,LOW
Cleveland Cavaliers at Detroit Pistons,FanDuel,player_rebounds,evan mobley,Over,8.5,-104,2026-05-06T23:33:46Z,CLE,65.0,31.9,18.2,9.0,3.6,0.7,1.7,0.546,0.297,0.606,3.4,0.5,LOW
Cleveland Cavaliers at Detroit Pistons,FanDuel,player_rebounds,evan mobley,Under,8.5,-128,2026-05-06T23:33:46Z,CLE,65.0,31.9,18.2,9.0,3.6,0.7,1.7,0.546,0.297,0.606,3.4,0.5,LOW
Cleveland Cavaliers at Detroit Pistons,FanDuel,player_rebounds,jarrett allen,Over,7.5,114,2026-05-06T23:33:46Z,CLE,56.0,27.1,15.4,8.5,1.8,1.0,0.8,0.638,0.1,0.709,3.8,1.0,LOW
Cleveland Cavaliers at Detroit Pistons,FanDuel,player_rebounds,jarrett allen,Under,7.5,-152,2026-05-06T23:33:46Z,CLE,56.0,27.1,15.4,8.5,1.8,1.0,0.8,0.638,0.1,0.709,3.8,1.0,LOW
Cleveland Cavaliers at Detroit Pistons,FanDuel,player_rebounds,dean wade,Over,3.5,-104,2026-05-06T23:33:46Z,CLE,59.0,22.3,5.8,4.2,1.5,0.7,0.4,0.439,0.362,0.711,2.6,0.7000000000000002,LOW
Cleveland Cavaliers at Detroit Pistons,FanDuel,player_rebounds,dean wade,Under,3.5,-128,2026-05-06T23:33:46Z,CLE,59.0,22.3,5.8,4.2,1.5,0.7,0.4,0.439,0.362,0.711,2.6,0.7000000000000002,LOW
Cleveland Cavaliers at Detroit Pistons,FanDuel,player_rebounds,ausar thompson,Over,6.5,-154,2026-05-06T23:33:46Z,DET,73.0,26.0,9.9,5.7,3.1,2.0,0.9,0.525,0.25,0.571,5.4,-0.7999999999999998,LOW
Cleveland Cavaliers at Detroit Pistons,FanDuel,player_rebounds,ausar thompson,Under,6.5,116,2026-05-06T23:33:46Z,DET,73.0,26.0,9.9,5.7,3.1,2.0,0.9,0.525,0.25,0.571,5.4,-0.7999999999999998,LOW
Cleveland Cavaliers at Detroit Pistons,FanDuel,player_rebounds,tobias harris,Over,6.5,-102,2026-05-06T23:33:46Z,DET,63.0,27.7,13.3,5.1,2.5,0.9,0.4,0.469,0.368,0.866,5.8,-1.4000000000000004,LOW
Cleveland Cavaliers at Detroit Pistons,FanDuel,player_rebounds,tobias harris,Under,6.5,-130,2026-05-06T23:33:46Z,DET,63.0,27.7,13.3,5.1,2.5,0.9,0.4,0.469,0.368,0.866,5.8,-1.4000000000000004,LOW
Cleveland Cavaliers at Detroit Pistons,FanDuel,player_rebounds,james harden,Over,4.5,-152,2026-05-06T23:33:46Z,CLE,70.0,34.8,23.6,4.8,8.0,1.1,0.4,0.434,0.375,0.884,1.4,0.2999999999999998,LOW
Cleveland Cavaliers at Detroit Pistons,FanDuel,player_rebounds,james harden,Under,4.5,114,2026-05-06T23:33:46Z,CLE,70.0,34.8,23.6,4.8,8.0,1.1,0.4,0.434,0.375,0.884,1.4,0.2999999999999998,LOW
Cleveland Cavaliers at Detroit Pistons,FanDuel,player_rebounds,donovan mitchell,Over,3.5,-162,2026-05-06T23:33:46Z,CLE,70.0,33.5,27.9,4.5,5.7,1.5,0.3,0.483,0.364,0.865,5.3,1.0,LOW
Cleveland Cavaliers at Detroit Pistons,FanDuel,player_rebounds,donovan mitchell,Under,3.5,122,2026-05-06T23:33:46Z,CLE,70.0,33.5,27.9,4.5,5.7,1.5,0.3,0.483,0.364,0.865,5.3,1.0,LOW
Cleveland Cavaliers at Detroit Pistons,FanDuel,player_rebounds,jalen duren,Over,11.5,102,2026-05-06T23:33:46Z,DET,70.0,28.2,19.5,10.5,2.0,0.8,0.8,0.65,0.0,0.747,6.9,-1.0,LOW
Cleveland Cavaliers at Detroit Pistons,FanDuel,player_rebounds,jalen duren,Under,11.5,-136,2026-05-06T23:33:46Z,DET,70.0,28.2,19.5,10.5,2.0,0.8,0.8,0.65,0.0,0.747,6.9,-1.0,LOW
Cleveland Cavaliers at Detroit Pistons,FanDuel,player_steals,donovan mitchell,Over,1.5,148,2026-05-06T23:33:46Z,CLE,70.0,33.5,27.9,4.5,5.7,1.5,0.3,0.483,0.364,0.865,5.3,0.0,LOW
Cleveland Cavaliers at Detroit Pistons,FanDuel,player_steals,donovan mitchell,Under,1.5,-200,2026-05-06T23:33:46Z,CLE,70.0,33.5,27.9,4.5,5.7,1.5,0.3,0.483,0.364,0.865,5.3,0.0,LOW
Cleveland Cavaliers at Detroit Pistons,FanDuel,player_steals,tobias harris,Over,1.5,162,2026-05-06T23:33:46Z,DET,63.0,27.7,13.3,5.1,2.5,0.9,0.4,0.469,0.368,0.866,5.8,0.0,LOW
Cleveland Cavaliers at Detroit Pistons,FanDuel,player_steals,tobias harris,Under,1.5,-220,2026-05-06T23:33:46Z,DET,63.0,27.7,13.3,5.1,2.5,0.9,0.4,0.469,0.368,0.866,5.8,0.0,LOW
Cleveland Cavaliers at Detroit Pistons,FanDuel,player_steals,cade cunningham,Over,1.5,138,2026-05-06T23:33:46Z,DET,64.0,33.9,23.9,5.5,9.9,1.4,0.8,0.461,0.342,0.812,8.1,0.0,LOW
Cleveland Cavaliers at Detroit Pistons,FanDuel,player_steals,cade cunningham,Under,1.5,-186,2026-05-06T23:33:46Z,DET,64.0,33.9,23.9,5.5,9.9,1.4,0.8,0.461,0.342,0.812,8.1,0.0,LOW
Cleveland Cavaliers at Detroit Pistons,FanDuel,player_steals,james harden,Over,1.5,148,2026-05-06T23:33:46Z,CLE,70.0,34.8,23.6,4.8,8.0,1.1,0.4,0.434,0.375,0.884,1.4,0.0,LOW
Cleveland Cavaliers at Detroit Pistons,FanDuel,player_steals,james harden,Under,1.5,-200,2026-05-06T23:33:46Z,CLE,70.0,34.8,23.6,4.8,8.0,1.1,0.4,0.434,0.375,0.884,1.4,0.0,LOW
Cleveland Cavaliers at Detroit Pistons,FanDuel,player_threes,daniss jenkins,Over,1.5,178,2026-05-06T23:33:46Z,DET,72.0,20.2,9.3,2.3,3.9,0.9,0.2,0.408,0.374,0.832,2.9,0.0,LOW
Cleveland Cavaliers at Detroit Pistons,FanDuel,player_threes,daniss jenkins,Under,1.5,-245,2026-05-06T23:33:46Z,DET,72.0,20.2,9.3,2.3,3.9,0.9,0.2,0.408,0.374,0.832,2.9,0.0,LOW
Cleveland Cavaliers at Detroit Pistons,FanDuel,player_threes,dean wade,Over,0.5,-230,2026-05-06T23:33:46Z,CLE,59.0,22.3,5.8,4.2,1.5,0.7,0.4,0.439,0.362,0.711,2.6,0.0,LOW
Cleveland Cavaliers at Detroit Pistons,FanDuel,player_threes,dean wade,Under,0.5,168,2026-05-06T23:33:46Z,CLE,59.0,22.3,5.8,4.2,1.5,0.7,0.4,0.439,0.362,0.711,2.6,0.0,LOW
Cleveland Cavaliers at Detroit Pistons,FanDuel,player_threes,max strus,Over,2.5,130,2026-05-06T23:33:46Z,CLE,12.0,24.0,11.2,5.4,2.0,0.3,0.0,0.443,0.402,0.778,-0.3,0.0,LOW
Cleveland Cavaliers at Detroit Pistons,FanDuel,player_threes,max strus,Under,2.5,-174,2026-05-06T23:33:46Z,CLE,12.0,24.0,11.2,5.4,2.0,0.3,0.0,0.443,0.402,0.778,-0.3,0.0,LOW
Cleveland Cavaliers at Detroit Pistons,FanDuel,player_threes,duncan robinson,Over,2.5,-140,2026-05-06T23:33:46Z,DET,77.0,27.4,12.2,2.7,2.1,0.6,0.3,0.456,0.41,0.755,7.0,0.0,LOW
Cleveland Cavaliers at Detroit Pistons,FanDuel,player_threes,duncan robinson,Under,2.5,106,2026-05-06T23:33:46Z,DET,77.0,27.4,12.2,2.7,2.1,0.6,0.3,0.456,0.41,0.755,7.0,0.0,LOW
Cleveland Cavaliers at Detroit Pistons,FanDuel,player_threes,tobias harris,Over,1.5,116,2026-05-06T23:33:46Z,DET,63.0,27.7,13.3,5.1,2.5,0.9,0.4,0.469,0.368,0.866,5.8,0.0,LOW
Cleveland Cavaliers at Detroit Pistons,FanDuel,player_threes,tobias harris,Under,1.5,-154,2026-05-06T23:33:46Z,DET,63.0,27.7,13.3,5.1,2.5,0.9,0.4,0.469,0.368,0.866,5.8,0.0,LOW
Cleveland Cavaliers at Detroit Pistons,FanDuel,player_threes,cade cunningham,Over,2.5,122,2026-05-06T23:33:46Z,DET,64.0,33.9,23.9,5.5,9.9,1.4,0.8,0.461,0.342,0.812,8.1,0.0,LOW
Cleveland Cavaliers at Detroit Pistons,FanDuel,player_threes,cade cunningham,Under,2.5,-162,2026-05-06T23:33:46Z,DET,64.0,33.9,23.9,5.5,9.9,1.4,0.8,0.461,0.342,0.812,8.1,0.0,LOW
Cleveland Cavaliers at Detroit Pistons,FanDuel,player_threes,james harden,Over,2.5,108,2026-05-06T23:33:46Z,CLE,70.0,34.8,23.6,4.8,8.0,1.1,0.4,0.434,0.375,0.884,1.4,0.0,LOW
Cleveland Cavaliers at Detroit Pistons,FanDuel,player_threes,james harden,Under,2.5,-144,2026-05-06T23:33:46Z,CLE,70.0,34.8,23.6,4.8,8.0,1.1,0.4,0.434,0.375,0.884,1.4,0.0,LOW
Cleveland Cavaliers at Detroit Pistons,FanDuel,player_threes,donovan mitchell,Over,2.5,-122,2026-05-06T23:33:46Z,CLE,70.0,33.5,27.9,4.5,5.7,1.5,0.3,0.483,0.364,0.865,5.3,0.0,LOW
Cleveland Cavaliers at Detroit Pistons,FanDuel,player_threes,donovan mitchell,Under,2.5,-108,2026-05-06T23:33:46Z,CLE,70.0,33.5,27.9,4.5,5.7,1.5,0.3,0.483,0.364,0.865,5.3,0.0,LOW
Cleveland Cavaliers at Detroit Pistons,FanDuel,player_threes,evan mobley,Over,0.5,-225,2026-05-06T23:33:46Z,CLE,65.0,31.9,18.2,9.0,3.6,0.7,1.7,0.546,0.297,0.606,3.4,0.0,LOW
Cleveland Cavaliers at Detroit Pistons,FanDuel,player_threes,evan mobley,Under,0.5,164,2026-05-06T23:33:46Z,CLE,65.0,31.9,18.2,9.0,3.6,0.7,1.7,0.546,0.297,0.606,3.4,0.0,LOW
Cleveland Cavaliers at Detroit Pistons,DraftKings,player_assists,cade cunningham,Over,9.5,-143,2026-05-06T23:34:19Z,DET,64.0,33.9,23.9,5.5,9.9,1.4,0.8,0.461,0.342,0.812,8.1,0.40000000000000036,LOW
Cleveland Cavaliers at Detroit Pistons,DraftKings,player_assists,cade cunningham,Under,9.5,108,2026-05-06T23:34:19Z,DET,64.0,33.9,23.9,5.5,9.9,1.4,0.8,0.461,0.342,0.812,8.1,0.40000000000000036,LOW
Cleveland Cavaliers at Detroit Pistons,DraftKings,player_assists,james harden,Over,6.5,-115,2026-05-06T23:34:19Z,CLE,70.0,34.8,23.6,4.8,8.0,1.1,0.4,0.434,0.375,0.884,1.4,1.5,LOW
Cleveland Cavaliers at Detroit Pistons,DraftKings,player_assists,james harden,Under,6.5,-114,2026-05-06T23:34:19Z,CLE,70.0,34.8,23.6,4.8,8.0,1.1,0.4,0.434,0.375,0.884,1.4,1.5,LOW
Cleveland Cavaliers at Detroit Pistons,DraftKings,player_assists,donovan mitchell,Over,3.5,-143,2026-05-06T23:34:19Z,CLE,70.0,33.5,27.9,4.5,5.7,1.5,0.3,0.483,0.364,0.865,5.3,2.2,MEDIUM
Cleveland Cavaliers at Detroit Pistons,DraftKings,player_assists,donovan mitchell,Under,3.5,109,2026-05-06T23:34:19Z,CLE,70.0,33.5,27.9,4.5,5.7,1.5,0.3,0.483,0.364,0.865,5.3,2.2,MEDIUM
Cleveland Cavaliers at Detroit Pistons,DraftKings,player_assists,ausar thompson,Over,3.5,-106,2026-05-06T23:34:19Z,DET,73.0,26.0,9.9,5.7,3.1,2.0,0.9,0.525,0.25,0.571,5.4,-0.3999999999999999,LOW
Cleveland Cavaliers at Detroit Pistons,DraftKings,player_assists,ausar thompson,Under,3.5,-124,2026-05-06T23:34:19Z,DET,73.0,26.0,9.9,5.7,3.1,2.0,0.9,0.525,0.25,0.571,5.4,-0.3999999999999999,LOW
Cleveland Cavaliers at Detroit Pistons,DraftKings,player_assists,daniss jenkins,Over,3.5,120,2026-05-06T23:34:19Z,DET,72.0,20.2,9.3,2.3,3.9,0.9,0.2,0.408,0.374,0.832,2.9,0.3999999999999999,LOW
Cleveland Cavaliers at Detroit Pistons,DraftKings,player_assists,daniss jenkins,Under,3.5,-158,2026-05-06T23:34:19Z,DET,72.0,20.2,9.3,2.3,3.9,0.9,0.2,0.408,0.374,0.832,2.9,0.3999999999999999,LOW
Cleveland Cavaliers at Detroit Pistons,DraftKings,player_assists,evan mobley,Over,3.5,123,2026-05-06T23:34:19Z,CLE,65.0,31.9,18.2,9.0,3.6,0.7,1.7,0.546,0.297,0.606,3.4,0.10000000000000009,LOW
Cleveland Cavaliers at Detroit Pistons,DraftKings,player_assists,evan mobley,Under,3.5,-163,2026-05-06T23:34:19Z,CLE,65.0,31.9,18.2,9.0,3.6,0.7,1.7,0.546,0.297,0.606,3.4,0.10000000000000009,LOW
Cleveland Cavaliers at Detroit Pistons,DraftKings,player_assists,jalen duren,Over,2.5,131,2026-05-06T23:34:19Z,DET,70.0,28.2,19.5,10.5,2.0,0.8,0.8,0.65,0.0,0.747,6.9,-0.5,LOW
Cleveland Cavaliers at Detroit Pistons,DraftKings,player_assists,jalen duren,Under,2.5,-173,2026-05-06T23:34:19Z,DET,70.0,28.2,19.5,10.5,2.0,0.8,0.8,0.65,0.0,0.747,6.9,-0.5,LOW
Cleveland Cavaliers at Detroit Pistons,DraftKings,player_assists,tobias harris,Over,1.5,-172,2026-05-06T23:34:19Z,DET,63.0,27.7,13.3,5.1,2.5,0.9,0.4,0.469,0.368,0.866,5.8,1.0,LOW
Cleveland Cavaliers at Detroit Pistons,DraftKings,player_assists,tobias harris,Under,1.5,130,2026-05-06T23:34:19Z,DET,63.0,27.7,13.3,5.1,2.5,0.9,0.4,0.469,0.368,0.866,5.8,1.0,LOW
Cleveland Cavaliers at Detroit Pistons,DraftKings,player_assists,duncan robinson,Over,1.5,-171,2026-05-06T23:34:19Z,DET,77.0,27.4,12.2,2.7,2.1,0.6,0.3,0.456,0.41,0.755,7.0,0.6000000000000001,LOW
Cleveland Cavaliers at Detroit Pistons,DraftKings,player_assists,duncan robinson,Under,1.5,130,2026-05-06T23:34:19Z,DET,77.0,27.4,12.2,2.7,2.1,0.6,0.3,0.456,0.41,0.755,7.0,0.6000000000000001,LOW
Cleveland Cavaliers at Detroit Pistons,DraftKings,player_assists,jarrett allen,Over,1.5,174,2026-05-06T23:34:19Z,CLE,56.0,27.1,15.4,8.5,1.8,1.0,0.8,0.638,0.1,0.709,3.8,0.30000000000000004,LOW
Cleveland Cavaliers at Detroit Pistons,DraftKings,player_assists,jarrett allen,Under,1.5,-233,2026-05-06T23:34:19Z,CLE,56.0,27.1,15.4,8.5,1.8,1.0,0.8,0.638,0.1,0.709,3.8,0.30000000000000004,LOW
Cleveland Cavaliers at Detroit Pistons,DraftKings,player_blocks,evan mobley,Over,1.5,-126,2026-05-06T23:34:19Z,CLE,65.0,31.9,18.2,9.0,3.6,0.7,1.7,0.546,0.297,0.606,3.4,0.0,LOW
Cleveland Cavaliers at Detroit Pistons,DraftKings,player_blocks,evan mobley,Under,1.5,-105,2026-05-06T23:34:19Z,CLE,65.0,31.9,18.2,9.0,3.6,0.7,1.7,0.546,0.297,0.606,3.4,0.0,LOW
Cleveland Cavaliers at Detroit Pistons,DraftKings,player_points,cade cunningham,Over,27.5,-120,2026-05-06T23:34:19Z,DET,64.0,33.9,23.9,5.5,9.9,1.4,0.8,0.461,0.342,0.812,8.1,-3.6000000000000014,LOW
Cleveland Cavaliers at Detroit Pistons,DraftKings,player_points,cade cunningham,Under,27.5,-106,2026-05-06T23:34:19Z,DET,64.0,33.9,23.9,5.5,9.9,1.4,0.8,0.461,0.342,0.812,8.1,-3.6000000000000014,LOW
Cleveland Cavaliers at Detroit Pistons,DraftKings,player_points,donovan mitchell,Over,24.5,-111,2026-05-06T23:34:19Z,CLE,70.0,33.5,27.9,4.5,5.7,1.5,0.3,0.483,0.364,0.865,5.3,3.3999999999999986,MEDIUM
Cleveland Cavaliers at Detroit Pistons,DraftKings,player_points,donovan mitchell,Under,24.5,-115,2026-05-06T23:34:19Z,CLE,70.0,33.5,27.9,4.5,5.7,1.5,0.3,0.483,0.364,0.865,5.3,3.3999999999999986,MEDIUM
Cleveland Cavaliers at Detroit Pistons,DraftKings,player_points,james harden,Over,19.5,-108,2026-05-06T23:34:19Z,CLE,70.0,34.8,23.6,4.8,8.0,1.1,0.4,0.434,0.375,0.884,1.4,4.100000000000001,HIGH
Cleveland Cavaliers at Detroit Pistons,DraftKings,player_points,james harden,Under,19.5,-118,2026-05-06T23:34:19Z,CLE,70.0,34.8,23.6,4.8,8.0,1.1,0.4,0.434,0.375,0.884,1.4,4.100000000000001,HIGH
Cleveland Cavaliers at Detroit Pistons,DraftKings,player_points,tobias harris,Over,18.5,-104,2026-05-06T23:34:19Z,DET,63.0,27.7,13.3,5.1,2.5,0.9,0.4,0.469,0.368,0.866,5.8,-5.199999999999999,LOW
Cleveland Cavaliers at Detroit Pistons,DraftKings,player_points,tobias harris,Under,18.5,-123,2026-05-06T23:34:19Z,DET,63.0,27.7,13.3,5.1,2.5,0.9,0.4,0.469,0.368,0.866,5.8,-5.199999999999999,LOW
Cleveland Cavaliers at Detroit Pistons,DraftKings,player_points,evan mobley,Over,15.5,100,2026-05-06T23:34:19Z,CLE,65.0,31.9,18.2,9.0,3.6,0.7,1.7,0.546,0.297,0.606,3.4,2.6999999999999993,MEDIUM
Cleveland Cavaliers at Detroit Pistons,DraftKings,player_points,evan mobley,Under,15.5,-127,2026-05-06T23:34:19Z,CLE,65.0,31.9,18.2,9.0,3.6,0.7,1.7,0.546,0.297,0.606,3.4,2.6999999999999993,MEDIUM
Cleveland Cavaliers at Detroit Pistons,DraftKings,player_points,jalen duren,Over,14.5,-111,2026-05-06T23:34:19Z,DET,70.0,28.2,19.5,10.5,2.0,0.8,0.8,0.65,0.0,0.747,6.9,5.0,HIGH
Cleveland Cavaliers at Detroit Pistons,DraftKings,player_points,jalen duren,Under,14.5,-115,2026-05-06T23:34:19Z,DET,70.0,28.2,19.5,10.5,2.0,0.8,0.8,0.65,0.0,0.747,6.9,5.0,HIGH
Cleveland Cavaliers at Detroit Pistons,DraftKings,player_points,duncan robinson,Over,11.5,-102,2026-05-06T23:34:19Z,DET,77.0,27.4,12.2,2.7,2.1,0.6,0.3,0.456,0.41,0.755,7.0,0.6999999999999993,LOW
Cleveland Cavaliers at Detroit Pistons,DraftKings,player_points,duncan robinson,Under,11.5,-125,2026-05-06T23:34:19Z,DET,77.0,27.4,12.2,2.7,2.1,0.6,0.3,0.456,0.41,0.755,7.0,0.6999999999999993,LOW
Cleveland Cavaliers at Detroit Pistons,DraftKings,player_points,jarrett allen,Over,10.5,-121,2026-05-06T23:34:19Z,CLE,56.0,27.1,15.4,8.5,1.8,1.0,0.8,0.638,0.1,0.709,3.8,4.9,HIGH
Cleveland Cavaliers at Detroit Pistons,DraftKings,player_points,jarrett allen,Under,10.5,-105,2026-05-06T23:34:19Z,CLE,56.0,27.1,15.4,8.5,1.8,1.0,0.8,0.638,0.1,0.709,3.8,4.9,HIGH
Cleveland Cavaliers at Detroit Pistons,DraftKings,player_points,ausar thompson,Over,9.5,-136,2026-05-06T23:34:19Z,DET,73.0,26.0,9.9,5.7,3.1,2.0,0.9,0.525,0.25,0.571,5.4,0.40000000000000036,LOW
Cleveland Cavaliers at Detroit Pistons,DraftKings,player_points,ausar thompson,Under,9.5,107,2026-05-06T23:34:19Z,DET,73.0,26.0,9.9,5.7,3.1,2.0,0.9,0.525,0.25,0.571,5.4,0.40000000000000036,LOW
Cleveland Cavaliers at Detroit Pistons,DraftKings,player_points,max strus,Over,9.5,-124,2026-05-06T23:34:19Z,CLE,12.0,24.0,11.2,5.4,2.0,0.3,0.0,0.443,0.402,0.778,-0.3,1.6999999999999993,LOW
Cleveland Cavaliers at Detroit Pistons,DraftKings,player_points,max strus,Under,9.5,-103,2026-05-06T23:34:19Z,CLE,12.0,24.0,11.2,5.4,2.0,0.3,0.0,0.443,0.402,0.778,-0.3,1.6999999999999993,LOW
Cleveland Cavaliers at Detroit Pistons,DraftKings,player_points,daniss jenkins,Over,8.5,-110,2026-05-06T23:34:19Z,DET,72.0,20.2,9.3,2.3,3.9,0.9,0.2,0.408,0.374,0.832,2.9,0.8000000000000007,LOW
Cleveland Cavaliers at Detroit Pistons,DraftKings,player_points,daniss jenkins,Under,8.5,-116,2026-05-06T23:34:19Z,DET,72.0,20.2,9.3,2.3,3.9,0.9,0.2,0.408,0.374,0.832,2.9,0.8000000000000007,LOW
Cleveland Cavaliers at Detroit Pistons,DraftKings,player_points,dean wade,Over,4.5,-107,2026-05-06T23:34:19Z,CLE,59.0,22.3,5.8,4.2,1.5,0.7,0.4,0.439,0.362,0.711,2.6,1.2999999999999998,LOW
Cleveland Cavaliers at Detroit Pistons,DraftKings,player_points,dean wade,Under,4.5,-119,2026-05-06T23:34:19Z,CLE,59.0,22.3,5.8,4.2,1.5,0.7,0.4,0.439,0.362,0.711,2.6,1.2999999999999998,LOW
Cleveland Cavaliers at Detroit Pistons,DraftKings,player_points,isaiah stewart ii,Over,3.5,-136,2026-05-06T23:34:19Z,,,,,,,,,,,,,,LOW
Cleveland Cavaliers at Detroit Pistons,DraftKings,player_points,isaiah stewart ii,Under,3.5,107,2026-05-06T23:34:19Z,,,,,,,,,,,,,,LOW
Cleveland Cavaliers at Detroit Pistons,DraftKings,player_rebounds,jalen duren,Over,11.5,101,2026-05-06T23:34:19Z,DET,70.0,28.2,19.5,10.5,2.0,0.8,0.8,0.65,0.0,0.747,6.9,-1.0,LOW
Cleveland Cavaliers at Detroit Pistons,DraftKings,player_rebounds,jalen duren,Under,11.5,-133,2026-05-06T23:34:19Z,DET,70.0,28.2,19.5,10.5,2.0,0.8,0.8,0.65,0.0,0.747,6.9,-1.0,LOW
Cleveland Cavaliers at Detroit Pistons,DraftKings,player_rebounds,evan mobley,Over,8.5,-111,2026-05-06T23:34:19Z,CLE,65.0,31.9,18.2,9.0,3.6,0.7,1.7,0.546,0.297,0.606,3.4,0.5,LOW
Cleveland Cavaliers at Detroit Pistons,DraftKings,player_rebounds,evan mobley,Under,8.5,-119,2026-05-06T23:34:19Z,CLE,65.0,31.9,18.2,9.0,3.6,0.7,1.7,0.546,0.297,0.606,3.4,0.5,LOW
Cleveland Cavaliers at Detroit Pistons,DraftKings,player_rebounds,jarrett allen,Over,7.5,112,2026-05-06T23:34:19Z,CLE,56.0,27.1,15.4,8.5,1.8,1.0,0.8,0.638,0.1,0.709,3.8,1.0,LOW
Cleveland Cavaliers at Detroit Pistons,DraftKings,player_rebounds,jarrett allen,Under,7.5,-148,2026-05-06T23:34:19Z,CLE,56.0,27.1,15.4,8.5,1.8,1.0,0.8,0.638,0.1,0.709,3.8,1.0,LOW
Cleveland Cavaliers at Detroit Pistons,DraftKings,player_rebounds,ausar thompson,Over,6.5,-152,2026-05-06T23:34:19Z,DET,73.0,26.0,9.9,5.7,3.1,2.0,0.9,0.525,0.25,0.571,5.4,-0.7999999999999998,LOW
Cleveland Cavaliers at Detroit Pistons,DraftKings,player_rebounds,ausar thompson,Under,6.5,115,2026-05-06T23:34:19Z,DET,73.0,26.0,9.9,5.7,3.1,2.0,0.9,0.525,0.25,0.571,5.4,-0.7999999999999998,LOW
Cleveland Cavaliers at Detroit Pistons,DraftKings,player_rebounds,tobias harris,Over,6.5,-103,2026-05-06T23:34:19Z,DET,63.0,27.7,13.3,5.1,2.5,0.9,0.4,0.469,0.368,0.866,5.8,-1.4000000000000004,LOW
Cleveland Cavaliers at Detroit Pistons,DraftKings,player_rebounds,tobias harris,Under,6.5,-128,2026-05-06T23:34:19Z,DET,63.0,27.7,13.3,5.1,2.5,0.9,0.4,0.469,0.368,0.866,5.8,-1.4000000000000004,LOW
Cleveland Cavaliers at Detroit Pistons,DraftKings,player_rebounds,cade cunningham,Over,5.5,106,2026-05-06T23:34:19Z,DET,64.0,33.9,23.9,5.5,9.9,1.4,0.8,0.461,0.342,0.812,8.1,0.0,LOW
Cleveland Cavaliers at Detroit Pistons,DraftKings,player_rebounds,cade cunningham,Under,5.5,-140,2026-05-06T23:34:19Z,DET,64.0,33.9,23.9,5.5,9.9,1.4,0.8,0.461,0.342,0.812,8.1,0.0,LOW
Cleveland Cavaliers at Detroit Pistons,DraftKings,player_rebounds,james harden,Over,4.5,-149,2026-05-06T23:34:19Z,CLE,70.0,34.8,23.6,4.8,8.0,1.1,0.4,0.434,0.375,0.884,1.4,0.2999999999999998,LOW
Cleveland Cavaliers at Detroit Pistons,DraftKings,player_rebounds,james harden,Under,4.5,113,2026-05-06T23:34:19Z,CLE,70.0,34.8,23.6,4.8,8.0,1.1,0.4,0.434,0.375,0.884,1.4,0.2999999999999998,LOW
Cleveland Cavaliers at Detroit Pistons,DraftKings,player_rebounds,max strus,Over,3.5,-159,2026-05-06T23:34:19Z,CLE,12.0,24.0,11.2,5.4,2.0,0.3,0.0,0.443,0.402,0.778,-0.3,1.9000000000000004,LOW
Cleveland Cavaliers at Detroit Pistons,DraftKings,player_rebounds,max strus,Under,3.5,121,2026-05-06T23:34:19Z,CLE,12.0,24.0,11.2,5.4,2.0,0.3,0.0,0.443,0.402,0.778,-0.3,1.9000000000000004,LOW
Cleveland Cavaliers at Detroit Pistons,DraftKings,player_rebounds,donovan mitchell,Over,3.5,-139,2026-05-06T23:34:19Z,CLE,70.0,33.5,27.9,4.5,5.7,1.5,0.3,0.483,0.364,0.865,5.3,1.0,LOW
Cleveland Cavaliers at Detroit Pistons,DraftKings,player_rebounds,donovan mitchell,Under,3.5,106,2026-05-06T23:34:19Z,CLE,70.0,33.5,27.9,4.5,5.7,1.5,0.3,0.483,0.364,0.865,5.3,1.0,LOW
Cleveland Cavaliers at Detroit Pistons,DraftKings,player_rebounds,dean wade,Over,3.5,103,2026-05-06T23:34:19Z,CLE,59.0,22.3,5.8,4.2,1.5,0.7,0.4,0.439,0.362,0.711,2.6,0.7000000000000002,LOW
Cleveland Cavaliers at Detroit Pistons,DraftKings,player_rebounds,dean wade,Under,3.5,-136,2026-05-06T23:34:19Z,CLE,59.0,22.3,5.8,4.2,1.5,0.7,0.4,0.439,0.362,0.711,2.6,0.7000000000000002,LOW
Cleveland Cavaliers at Detroit Pistons,DraftKings,player_rebounds,isaiah stewart ii,Over,2.5,-135,2026-05-06T23:34:19Z,,,,,,,,,,,,,,LOW
Cleveland Cavaliers at Detroit Pistons,DraftKings,player_rebounds,isaiah stewart ii,Under,2.5,102,2026-05-06T23:34:19Z,,,,,,,,,,,,,,LOW
Cleveland Cavaliers at Detroit Pistons,DraftKings,player_rebounds,duncan robinson,Over,2.5,127,2026-05-06T23:34:19Z,DET,77.0,27.4,12.2,2.7,2.1,0.6,0.3,0.456,0.41,0.755,7.0,0.20000000000000018,LOW
Cleveland Cavaliers at Detroit Pistons,DraftKings,player_rebounds,duncan robinson,Under,2.5,-167,2026-05-06T23:34:19Z,DET,77.0,27.4,12.2,2.7,2.1,0.6,0.3,0.456,0.41,0.755,7.0,0.20000000000000018,LOW
Cleveland Cavaliers at Detroit Pistons,DraftKings,player_threes,duncan robinson,Over,2.5,-124,2026-05-06T23:34:19Z,DET,77.0,27.4,12.2,2.7,2.1,0.6,0.3,0.456,0.41,0.755,7.0,0.0,LOW
Cleveland Cavaliers at Detroit Pistons,DraftKings,player_threes,duncan robinson,Under,2.5,-106,2026-05-06T23:34:19Z,DET,77.0,27.4,12.2,2.7,2.1,0.6,0.3,0.456,0.41,0.755,7.0,0.0,LOW
Cleveland Cavaliers at Detroit Pistons,DraftKings,player_threes,donovan mitchell,Over,2.5,-113,2026-05-06T23:34:19Z,CLE,70.0,33.5,27.9,4.5,5.7,1.5,0.3,0.483,0.364,0.865,5.3,0.0,LOW
Cleveland Cavaliers at Detroit Pistons,DraftKings,player_threes,donovan mitchell,Under,2.5,-116,2026-05-06T23:34:19Z,CLE,70.0,33.5,27.9,4.5,5.7,1.5,0.3,0.483,0.364,0.865,5.3,0.0,LOW
Cleveland Cavaliers at Detroit Pistons,DraftKings,player_threes,james harden,Over,2.5,102,2026-05-06T23:34:19Z,CLE,70.0,34.8,23.6,4.8,8.0,1.1,0.4,0.434,0.375,0.884,1.4,0.0,LOW
Cleveland Cavaliers at Detroit Pistons,DraftKings,player_threes,james harden,Under,2.5,-135,2026-05-06T23:34:19Z,CLE,70.0,34.8,23.6,4.8,8.0,1.1,0.4,0.434,0.375,0.884,1.4,0.0,LOW
Cleveland Cavaliers at Detroit Pistons,DraftKings,player_threes,max strus,Over,2.5,127,2026-05-06T23:34:19Z,CLE,12.0,24.0,11.2,5.4,2.0,0.3,0.0,0.443,0.402,0.778,-0.3,0.0,LOW
Cleveland Cavaliers at Detroit Pistons,DraftKings,player_threes,max strus,Under,2.5,-167,2026-05-06T23:34:19Z,CLE,12.0,24.0,11.2,5.4,2.0,0.3,0.0,0.443,0.402,0.778,-0.3,0.0,LOW
Cleveland Cavaliers at Detroit Pistons,DraftKings,player_threes,cade cunningham,Over,2.5,130,2026-05-06T23:34:19Z,DET,64.0,33.9,23.9,5.5,9.9,1.4,0.8,0.461,0.342,0.812,8.1,0.0,LOW
Cleveland Cavaliers at Detroit Pistons,DraftKings,player_threes,cade cunningham,Under,2.5,-172,2026-05-06T23:34:19Z,DET,64.0,33.9,23.9,5.5,9.9,1.4,0.8,0.461,0.342,0.812,8.1,0.0,LOW
Cleveland Cavaliers at Detroit Pistons,DraftKings,player_threes,tobias harris,Over,1.5,123,2026-05-06T23:34:19Z,DET,63.0,27.7,13.3,5.1,2.5,0.9,0.4,0.469,0.368,0.866,5.8,0.0,LOW
Cleveland Cavaliers at Detroit Pistons,DraftKings,player_threes,tobias harris,Under,1.5,-163,2026-05-06T23:34:19Z,DET,63.0,27.7,13.3,5.1,2.5,0.9,0.4,0.469,0.368,0.866,5.8,0.0,LOW
Cleveland Cavaliers at Detroit Pistons,DraftKings,player_threes,daniss jenkins,Over,1.5,159,2026-05-06T23:34:19Z,DET,72.0,20.2,9.3,2.3,3.9,0.9,0.2,0.408,0.374,0.832,2.9,0.0,LOW
Cleveland Cavaliers at Detroit Pistons,DraftKings,player_threes,daniss jenkins,Under,1.5,-212,2026-05-06T23:34:19Z,DET,72.0,20.2,9.3,2.3,3.9,0.9,0.2,0.408,0.374,0.832,2.9,0.0,LOW
Cleveland Cavaliers at Detroit Pistons,DraftKings,player_threes,evan mobley,Over,0.5,-222,2026-05-06T23:34:19Z,CLE,65.0,31.9,18.2,9.0,3.6,0.7,1.7,0.546,0.297,0.606,3.4,0.0,LOW
Cleveland Cavaliers at Detroit Pistons,DraftKings,player_threes,evan mobley,Under,0.5,166,2026-05-06T23:34:19Z,CLE,65.0,31.9,18.2,9.0,3.6,0.7,1.7,0.546,0.297,0.606,3.4,0.0,LOW
Cleveland Cavaliers at Detroit Pistons,BetRivers,player_assists,james harden,Over,6.5,-134,2026-05-06T23:34:16Z,CLE,70.0,34.8,23.6,4.8,8.0,1.1,0.4,0.434,0.375,0.884,1.4,1.5,LOW
Cleveland Cavaliers at Detroit Pistons,BetRivers,player_assists,james harden,Under,6.5,-103,2026-05-06T23:34:16Z,CLE,70.0,34.8,23.6,4.8,8.0,1.1,0.4,0.434,0.375,0.884,1.4,1.5,LOW
Cleveland Cavaliers at Detroit Pistons,BetRivers,player_assists,ausar thompson,Over,3.5,-115,2026-05-06T23:34:16Z,DET,73.0,26.0,9.9,5.7,3.1,2.0,0.9,0.525,0.25,0.571,5.4,-0.3999999999999999,LOW
Cleveland Cavaliers at Detroit Pistons,BetRivers,player_assists,ausar thompson,Under,3.5,-118,2026-05-06T23:34:16Z,DET,73.0,26.0,9.9,5.7,3.1,2.0,0.9,0.525,0.25,0.571,5.4,-0.3999999999999999,LOW
Cleveland Cavaliers at Detroit Pistons,BetRivers,player_assists,jalen duren,Over,2.5,128,2026-05-06T23:34:16Z,DET,70.0,28.2,19.5,10.5,2.0,0.8,0.8,0.65,0.0,0.747,6.9,-0.5,LOW
Cleveland Cavaliers at Detroit Pistons,BetRivers,player_assists,jalen duren,Under,2.5,-177,2026-05-06T23:34:16Z,DET,70.0,28.2,19.5,10.5,2.0,0.8,0.8,0.65,0.0,0.747,6.9,-0.5,LOW
Cleveland Cavaliers at Detroit Pistons,BetRivers,player_assists,donovan mitchell,Over,3.5,-150,2026-05-06T23:34:16Z,CLE,70.0,33.5,27.9,4.5,5.7,1.5,0.3,0.483,0.364,0.865,5.3,2.2,MEDIUM
Cleveland Cavaliers at Detroit Pistons,BetRivers,player_assists,donovan mitchell,Under,3.5,110,2026-05-06T23:34:16Z,CLE,70.0,33.5,27.9,4.5,5.7,1.5,0.3,0.483,0.364,0.865,5.3,2.2,MEDIUM
Cleveland Cavaliers at Detroit Pistons,BetRivers,player_assists,evan mobley,Over,3.5,120,2026-05-06T23:34:16Z,CLE,65.0,31.9,18.2,9.0,3.6,0.7,1.7,0.546,0.297,0.606,3.4,0.10000000000000009,LOW
Cleveland Cavaliers at Detroit Pistons,BetRivers,player_assists,evan mobley,Under,3.5,-165,2026-05-06T23:34:16Z,CLE,65.0,31.9,18.2,9.0,3.6,0.7,1.7,0.546,0.297,0.606,3.4,0.10000000000000009,LOW
Cleveland Cavaliers at Detroit Pistons,BetRivers,player_assists,daniss jenkins,Over,2.5,-180,2026-05-06T23:34:16Z,DET,72.0,20.2,9.3,2.3,3.9,0.9,0.2,0.408,0.374,0.832,2.9,1.4,LOW
Cleveland Cavaliers at Detroit Pistons,BetRivers,player_assists,daniss jenkins,Under,2.5,130,2026-05-06T23:34:16Z,DET,72.0,20.2,9.3,2.3,3.9,0.9,0.2,0.408,0.374,0.832,2.9,1.4,LOW
Cleveland Cavaliers at Detroit Pistons,BetRivers,player_assists,cade cunningham,Over,9.5,-148,2026-05-06T23:34:16Z,DET,64.0,33.9,23.9,5.5,9.9,1.4,0.8,0.461,0.342,0.812,8.1,0.40000000000000036,LOW
Cleveland Cavaliers at Detroit Pistons,BetRivers,player_assists,cade cunningham,Under,9.5,107,2026-05-06T23:34:16Z,DET,64.0,33.9,23.9,5.5,9.9,1.4,0.8,0.461,0.342,0.812,8.1,0.40000000000000036,LOW
Cleveland Cavaliers at Detroit Pistons,BetRivers,player_points,evan mobley,Over,14.5,-139,2026-05-06T23:34:16Z,CLE,65.0,31.9,18.2,9.0,3.6,0.7,1.7,0.546,0.297,0.606,3.4,3.6999999999999993,MEDIUM
Cleveland Cavaliers at Detroit Pistons,BetRivers,player_points,evan mobley,Under,14.5,102,2026-05-06T23:34:16Z,CLE,65.0,31.9,18.2,9.0,3.6,0.7,1.7,0.546,0.297,0.606,3.4,3.6999999999999993,MEDIUM
Cleveland Cavaliers at Detroit Pistons,BetRivers,player_points,daniss jenkins,Over,9.5,120,2026-05-06T23:34:16Z,DET,72.0,20.2,9.3,2.3,3.9,0.9,0.2,0.408,0.374,0.832,2.9,-0.1999999999999993,LOW
Cleveland Cavaliers at Detroit Pistons,BetRivers,player_points,daniss jenkins,Under,9.5,-167,2026-05-06T23:34:16Z,DET,72.0,20.2,9.3,2.3,3.9,0.9,0.2,0.408,0.374,0.832,2.9,-0.1999999999999993,LOW
Cleveland Cavaliers at Detroit Pistons,BetRivers,player_points,donovan mitchell,Over,23.5,-136,2026-05-06T23:34:16Z,CLE,70.0,33.5,27.9,4.5,5.7,1.5,0.3,0.483,0.364,0.865,5.3,4.399999999999999,HIGH
Cleveland Cavaliers at Detroit Pistons,BetRivers,player_points,donovan mitchell,Under,23.5,100,2026-05-06T23:34:16Z,CLE,70.0,33.5,27.9,4.5,5.7,1.5,0.3,0.483,0.364,0.865,5.3,4.399999999999999,HIGH
Cleveland Cavaliers at Detroit Pistons,BetRivers,player_points,max strus,Over,9.5,-134,2026-05-06T23:34:16Z,CLE,12.0,24.0,11.2,5.4,2.0,0.3,0.0,0.443,0.402,0.778,-0.3,1.6999999999999993,LOW
Cleveland Cavaliers at Detroit Pistons,BetRivers,player_points,max strus,Under,9.5,100,2026-05-06T23:34:16Z,CLE,12.0,24.0,11.2,5.4,2.0,0.3,0.0,0.443,0.402,0.778,-0.3,1.6999999999999993,LOW
Cleveland Cavaliers at Detroit Pistons,BetRivers,player_points,james harden,Over,19.5,-104,2026-05-06T23:34:16Z,CLE,70.0,34.8,23.6,4.8,8.0,1.1,0.4,0.434,0.375,0.884,1.4,4.100000000000001,HIGH
Cleveland Cavaliers at Detroit Pistons,BetRivers,player_points,james harden,Under,19.5,-132,2026-05-06T23:34:16Z,CLE,70.0,34.8,23.6,4.8,8.0,1.1,0.4,0.434,0.375,0.884,1.4,4.100000000000001,HIGH
Cleveland Cavaliers at Detroit Pistons,BetRivers,player_points,jalen duren,Over,13.5,-152,2026-05-06T23:34:16Z,DET,70.0,28.2,19.5,10.5,2.0,0.8,0.8,0.65,0.0,0.747,6.9,6.0,HIGH
Cleveland Cavaliers at Detroit Pistons,BetRivers,player_points,jalen duren,Under,13.5,112,2026-05-06T23:34:16Z,DET,70.0,28.2,19.5,10.5,2.0,0.8,0.8,0.65,0.0,0.747,6.9,6.0,HIGH
Cleveland Cavaliers at Detroit Pistons,BetRivers,player_points,duncan robinson,Over,11.5,-109,2026-05-06T23:34:16Z,DET,77.0,27.4,12.2,2.7,2.1,0.6,0.3,0.456,0.41,0.755,7.0,0.6999999999999993,LOW
Cleveland Cavaliers at Detroit Pistons,BetRivers,player_points,duncan robinson,Under,11.5,-125,2026-05-06T23:34:16Z,DET,77.0,27.4,12.2,2.7,2.1,0.6,0.3,0.456,0.41,0.755,7.0,0.6999999999999993,LOW
Cleveland Cavaliers at Detroit Pistons,BetRivers,player_points,jalen duren,Over,15.5,120,2026-05-06T23:34:16Z,DET,70.0,28.2,19.5,10.5,2.0,0.8,0.8,0.65,0.0,0.747,6.9,4.0,HIGH
Cleveland Cavaliers at Detroit Pistons,BetRivers,player_points,jalen duren,Under,15.5,-167,2026-05-06T23:34:16Z,DET,70.0,28.2,19.5,10.5,2.0,0.8,0.8,0.65,0.0,0.747,6.9,4.0,HIGH
Cleveland Cavaliers at Detroit Pistons,BetRivers,player_points,max strus,Over,10.5,100,2026-05-06T23:34:16Z,CLE,12.0,24.0,11.2,5.4,2.0,0.3,0.0,0.443,0.402,0.778,-0.3,0.6999999999999993,LOW
Cleveland Cavaliers at Detroit Pistons,BetRivers,player_points,max strus,Under,10.5,-134,2026-05-06T23:34:16Z,CLE,12.0,24.0,11.2,5.4,2.0,0.3,0.0,0.443,0.402,0.778,-0.3,0.6999999999999993,LOW
Cleveland Cavaliers at Detroit Pistons,BetRivers,player_points,cade cunningham,Over,26.5,-148,2026-05-06T23:34:16Z,DET,64.0,33.9,23.9,5.5,9.9,1.4,0.8,0.461,0.342,0.812,8.1,-2.6000000000000014,LOW
Cleveland Cavaliers at Detroit Pistons,BetRivers,player_points,cade cunningham,Under,26.5,108,2026-05-06T23:34:16Z,DET,64.0,33.9,23.9,5.5,9.9,1.4,0.8,0.461,0.342,0.812,8.1,-2.6000000000000014,LOW
Cleveland Cavaliers at Detroit Pistons,BetRivers,player_points,cade cunningham,Over,27.5,-120,2026-05-06T23:34:16Z,DET,64.0,33.9,23.9,5.5,9.9,1.4,0.8,0.461,0.342,0.812,8.1,-3.6000000000000014,LOW
Cleveland Cavaliers at Detroit Pistons,BetRivers,player_points,cade cunningham,Under,27.5,-114,2026-05-06T23:34:16Z,DET,64.0,33.9,23.9,5.5,9.9,1.4,0.8,0.461,0.342,0.812,8.1,-3.6000000000000014,LOW
Cleveland Cavaliers at Detroit Pistons,BetRivers,player_points,evan mobley,Over,15.5,-106,2026-05-06T23:34:16Z,CLE,65.0,31.9,18.2,9.0,3.6,0.7,1.7,0.546,0.297,0.606,3.4,2.6999999999999993,MEDIUM
Cleveland Cavaliers at Detroit Pistons,BetRivers,player_points,evan mobley,Under,15.5,-127,2026-05-06T23:34:16Z,CLE,65.0,31.9,18.2,9.0,3.6,0.7,1.7,0.546,0.297,0.606,3.4,2.6999999999999993,MEDIUM
Cleveland Cavaliers at Detroit Pistons,BetRivers,player_points,ausar thompson,Over,10.5,108,2026-05-06T23:34:16Z,DET,73.0,26.0,9.9,5.7,3.1,2.0,0.9,0.525,0.25,0.571,5.4,-0.5999999999999996,LOW
Cleveland Cavaliers at Detroit Pistons,BetRivers,player_points,ausar thompson,Under,10.5,-148,2026-05-06T23:34:16Z,DET,73.0,26.0,9.9,5.7,3.1,2.0,0.9,0.525,0.25,0.571,5.4,-0.5999999999999996,LOW
Cleveland Cavaliers at Detroit Pistons,BetRivers,player_points,james harden,Over,18.5,-132,2026-05-06T23:34:16Z,CLE,70.0,34.8,23.6,4.8,8.0,1.1,0.4,0.434,0.375,0.884,1.4,5.100000000000001,HIGH
Cleveland Cavaliers at Detroit Pistons,BetRivers,player_points,james harden,Under,18.5,-104,2026-05-06T23:34:16Z,CLE,70.0,34.8,23.6,4.8,8.0,1.1,0.4,0.434,0.375,0.884,1.4,5.100000000000001,HIGH
Cleveland Cavaliers at Detroit Pistons,BetRivers,player_points,jarrett allen,Over,11.5,102,2026-05-06T23:34:16Z,CLE,56.0,27.1,15.4,8.5,1.8,1.0,0.8,0.638,0.1,0.709,3.8,3.9000000000000004,MEDIUM
Cleveland Cavaliers at Detroit Pistons,BetRivers,player_points,jarrett allen,Under,11.5,-139,2026-05-06T23:34:16Z,CLE,56.0,27.1,15.4,8.5,1.8,1.0,0.8,0.638,0.1,0.709,3.8,3.9000000000000004,MEDIUM
Cleveland Cavaliers at Detroit Pistons,BetRivers,player_points,donovan mitchell,Over,25.5,114,2026-05-06T23:34:16Z,CLE,70.0,33.5,27.9,4.5,5.7,1.5,0.3,0.483,0.364,0.865,5.3,2.3999999999999986,MEDIUM
Cleveland Cavaliers at Detroit Pistons,BetRivers,player_points,donovan mitchell,Under,25.5,-155,2026-05-06T23:34:16Z,CLE,70.0,33.5,27.9,4.5,5.7,1.5,0.3,0.483,0.364,0.865,5.3,2.3999999999999986,MEDIUM
Cleveland Cavaliers at Detroit Pistons,BetRivers,player_points,daniss jenkins,Over,8.5,-118,2026-05-06T23:34:16Z,DET,72.0,20.2,9.3,2.3,3.9,0.9,0.2,0.408,0.374,0.832,2.9,0.8000000000000007,LOW
Cleveland Cavaliers at Detroit Pistons,BetRivers,player_points,daniss jenkins,Under,8.5,-115,2026-05-06T23:34:16Z,DET,72.0,20.2,9.3,2.3,3.9,0.9,0.2,0.408,0.374,0.832,2.9,0.8000000000000007,LOW
Cleveland Cavaliers at Detroit Pistons,BetRivers,player_points,tobias harris,Over,18.5,100,2026-05-06T23:34:16Z,DET,63.0,27.7,13.3,5.1,2.5,0.9,0.4,0.469,0.368,0.866,5.8,-5.199999999999999,LOW
Cleveland Cavaliers at Detroit Pistons,BetRivers,player_points,tobias harris,Under,18.5,-136,2026-05-06T23:34:16Z,DET,63.0,27.7,13.3,5.1,2.5,0.9,0.4,0.469,0.368,0.866,5.8,-5.199999999999999,LOW
Cleveland Cavaliers at Detroit Pistons,BetRivers,player_points,isaiah stewart ii,Over,4.5,112,2026-05-06T23:34:16Z,,,,,,,,,,,,,,LOW
Cleveland Cavaliers at Detroit Pistons,BetRivers,player_points,isaiah stewart ii,Under,4.5,-152,2026-05-06T23:34:16Z,,,,,,,,,,,,,,LOW
Cleveland Cavaliers at Detroit Pistons,BetRivers,player_points,isaiah stewart ii,Over,3.5,-124,2026-05-06T23:34:16Z,,,,,,,,,,,,,,LOW
Cleveland Cavaliers at Detroit Pistons,BetRivers,player_points,isaiah stewart ii,Under,3.5,-110,2026-05-06T23:34:16Z,,,,,,,,,,,,,,LOW
Cleveland Cavaliers at Detroit Pistons,BetRivers,player_points,ausar thompson,Over,9.5,-130,2026-05-06T23:34:16Z,DET,73.0,26.0,9.9,5.7,3.1,2.0,0.9,0.525,0.25,0.571,5.4,0.40000000000000036,LOW
Cleveland Cavaliers at Detroit Pistons,BetRivers,player_points,ausar thompson,Under,9.5,-105,2026-05-06T23:34:16Z,DET,73.0,26.0,9.9,5.7,3.1,2.0,0.9,0.525,0.25,0.571,5.4,0.40000000000000036,LOW
Cleveland Cavaliers at Detroit Pistons,BetRivers,player_points,jarrett allen,Over,10.5,-127,2026-05-06T23:34:16Z,CLE,56.0,27.1,15.4,8.5,1.8,1.0,0.8,0.638,0.1,0.709,3.8,4.9,HIGH
Cleveland Cavaliers at Detroit Pistons,BetRivers,player_points,jarrett allen,Under,10.5,-108,2026-05-06T23:34:16Z,CLE,56.0,27.1,15.4,8.5,1.8,1.0,0.8,0.638,0.1,0.709,3.8,4.9,HIGH
Cleveland Cavaliers at Detroit Pistons,BetRivers,player_points,dean wade,Over,4.5,-115,2026-05-06T23:34:16Z,CLE,59.0,22.3,5.8,4.2,1.5,0.7,0.4,0.439,0.362,0.711,2.6,1.2999999999999998,LOW
Cleveland Cavaliers at Detroit Pistons,BetRivers,player_points,dean wade,Under,4.5,-118,2026-05-06T23:34:16Z,CLE,59.0,22.3,5.8,4.2,1.5,0.7,0.4,0.439,0.362,0.711,2.6,1.2999999999999998,LOW
Cleveland Cavaliers at Detroit Pistons,BetRivers,player_points,donovan mitchell,Over,24.5,-110,2026-05-06T23:34:16Z,CLE,70.0,33.5,27.9,4.5,5.7,1.5,0.3,0.483,0.364,0.865,5.3,3.3999999999999986,MEDIUM
Cleveland Cavaliers at Detroit Pistons,BetRivers,player_points,donovan mitchell,Under,24.5,-124,2026-05-06T23:34:16Z,CLE,70.0,33.5,27.9,4.5,5.7,1.5,0.3,0.483,0.364,0.865,5.3,3.3999999999999986,MEDIUM
Cleveland Cavaliers at Detroit Pistons,BetRivers,player_points,duncan robinson,Over,10.5,-157,2026-05-06T23:34:16Z,DET,77.0,27.4,12.2,2.7,2.1,0.6,0.3,0.456,0.41,0.755,7.0,1.6999999999999993,LOW
Cleveland Cavaliers at Detroit Pistons,BetRivers,player_points,duncan robinson,Under,10.5,114,2026-05-06T23:34:16Z,DET,77.0,27.4,12.2,2.7,2.1,0.6,0.3,0.456,0.41,0.755,7.0,1.6999999999999993,LOW
Cleveland Cavaliers at Detroit Pistons,BetRivers,player_points,cade cunningham,Over,28.5,104,2026-05-06T23:34:16Z,DET,64.0,33.9,23.9,5.5,9.9,1.4,0.8,0.461,0.342,0.812,8.1,-4.600000000000001,LOW
Cleveland Cavaliers at Detroit Pistons,BetRivers,player_points,cade cunningham,Under,28.5,-139,2026-05-06T23:34:16Z,DET,64.0,33.9,23.9,5.5,9.9,1.4,0.8,0.461,0.342,0.812,8.1,-4.600000000000001,LOW
Cleveland Cavaliers at Detroit Pistons,BetRivers,player_points,jalen duren,Over,14.5,-108,2026-05-06T23:34:16Z,DET,70.0,28.2,19.5,10.5,2.0,0.8,0.8,0.65,0.0,0.747,6.9,5.0,HIGH
Cleveland Cavaliers at Detroit Pistons,BetRivers,player_points,jalen duren,Under,14.5,-127,2026-05-06T23:34:16Z,DET,70.0,28.2,19.5,10.5,2.0,0.8,0.8,0.65,0.0,0.747,6.9,5.0,HIGH
Cleveland Cavaliers at Detroit Pistons,BetRivers,player_points,tobias harris,Over,17.5,-129,2026-05-06T23:34:16Z,DET,63.0,27.7,13.3,5.1,2.5,0.9,0.4,0.469,0.368,0.866,5.8,-4.199999999999999,LOW
Cleveland Cavaliers at Detroit Pistons,BetRivers,player_points,tobias harris,Under,17.5,-105,2026-05-06T23:34:16Z,DET,63.0,27.7,13.3,5.1,2.5,0.9,0.4,0.469,0.368,0.866,5.8,-4.199999999999999,LOW
Cleveland Cavaliers at Detroit Pistons,BetRivers,player_rebounds,evan mobley,Over,8.5,-113,2026-05-06T23:34:16Z,CLE,65.0,31.9,18.2,9.0,3.6,0.7,1.7,0.546,0.297,0.606,3.4,0.5,LOW
Cleveland Cavaliers at Detroit Pistons,BetRivers,player_rebounds,evan mobley,Under,8.5,-121,2026-05-06T23:34:16Z,CLE,65.0,31.9,18.2,9.0,3.6,0.7,1.7,0.546,0.297,0.606,3.4,0.5,LOW
Cleveland Cavaliers at Detroit Pistons,BetRivers,player_rebounds,max strus,Over,3.5,-167,2026-05-06T23:34:16Z,CLE,12.0,24.0,11.2,5.4,2.0,0.3,0.0,0.443,0.402,0.778,-0.3,1.9000000000000004,LOW
Cleveland Cavaliers at Detroit Pistons,BetRivers,player_rebounds,max strus,Under,3.5,123,2026-05-06T23:34:16Z,CLE,12.0,24.0,11.2,5.4,2.0,0.3,0.0,0.443,0.402,0.778,-0.3,1.9000000000000004,LOW
Cleveland Cavaliers at Detroit Pistons,BetRivers,player_rebounds,tobias harris,Over,6.5,-112,2026-05-06T23:34:16Z,DET,63.0,27.7,13.3,5.1,2.5,0.9,0.4,0.469,0.368,0.866,5.8,-1.4000000000000004,LOW
Cleveland Cavaliers at Detroit Pistons,BetRivers,player_rebounds,tobias harris,Under,6.5,-122,2026-05-06T23:34:16Z,DET,63.0,27.7,13.3,5.1,2.5,0.9,0.4,0.469,0.368,0.866,5.8,-1.4000000000000004,LOW
Cleveland Cavaliers at Detroit Pistons,BetRivers,player_rebounds,jalen duren,Over,11.5,100,2026-05-06T23:34:16Z,DET,70.0,28.2,19.5,10.5,2.0,0.8,0.8,0.65,0.0,0.747,6.9,-1.0,LOW
Cleveland Cavaliers at Detroit Pistons,BetRivers,player_rebounds,jalen duren,Under,11.5,-134,2026-05-06T23:34:16Z,DET,70.0,28.2,19.5,10.5,2.0,0.8,0.8,0.65,0.0,0.747,6.9,-1.0,LOW
Cleveland Cavaliers at Detroit Pistons,BetRivers,player_rebounds,ausar thompson,Over,7.5,114,2026-05-06T23:34:16Z,DET,73.0,26.0,9.9,5.7,3.1,2.0,0.9,0.525,0.25,0.571,5.4,-1.7999999999999998,LOW
Cleveland Cavaliers at Detroit Pistons,BetRivers,player_rebounds,ausar thompson,Under,7.5,-157,2026-05-06T23:34:16Z,DET,73.0,26.0,9.9,5.7,3.1,2.0,0.9,0.525,0.25,0.571,5.4,-1.7999999999999998,LOW
Cleveland Cavaliers at Detroit Pistons,BetRivers,player_rebounds,donovan mitchell,Over,3.5,-165,2026-05-06T23:34:16Z,CLE,70.0,33.5,27.9,4.5,5.7,1.5,0.3,0.483,0.364,0.865,5.3,1.0,LOW
Cleveland Cavaliers at Detroit Pistons,BetRivers,player_rebounds,donovan mitchell,Under,3.5,120,2026-05-06T23:34:16Z,CLE,70.0,33.5,27.9,4.5,5.7,1.5,0.3,0.483,0.364,0.865,5.3,1.0,LOW
Cleveland Cavaliers at Detroit Pistons,BetRivers,player_rebounds,isaiah stewart ii,Over,2.5,-132,2026-05-06T23:34:16Z,,,,,,,,,,,,,,LOW
Cleveland Cavaliers at Detroit Pistons,BetRivers,player_rebounds,isaiah stewart ii,Under,2.5,-104,2026-05-06T23:34:16Z,,,,,,,,,,,,,,LOW
Cleveland Cavaliers at Detroit Pistons,BetRivers,player_rebounds,dean wade,Over,3.5,108,2026-05-06T23:34:16Z,CLE,59.0,22.3,5.8,4.2,1.5,0.7,0.4,0.439,0.362,0.711,2.6,0.7000000000000002,LOW
Cleveland Cavaliers at Detroit Pistons,BetRivers,player_rebounds,dean wade,Under,3.5,-148,2026-05-06T23:34:16Z,CLE,59.0,22.3,5.8,4.2,1.5,0.7,0.4,0.439,0.362,0.711,2.6,0.7000000000000002,LOW
Cleveland Cavaliers at Detroit Pistons,BetRivers,player_rebounds,james harden,Over,4.5,-159,2026-05-06T23:34:16Z,CLE,70.0,34.8,23.6,4.8,8.0,1.1,0.4,0.434,0.375,0.884,1.4,0.2999999999999998,LOW
Cleveland Cavaliers at Detroit Pistons,BetRivers,player_rebounds,james harden,Under,4.5,116,2026-05-06T23:34:16Z,CLE,70.0,34.8,23.6,4.8,8.0,1.1,0.4,0.434,0.375,0.884,1.4,0.2999999999999998,LOW
Cleveland Cavaliers at Detroit Pistons,BetRivers,player_rebounds,jarrett allen,Over,7.5,110,2026-05-06T23:34:16Z,CLE,56.0,27.1,15.4,8.5,1.8,1.0,0.8,0.638,0.1,0.709,3.8,1.0,LOW
Cleveland Cavaliers at Detroit Pistons,BetRivers,player_rebounds,jarrett allen,Under,7.5,-150,2026-05-06T23:34:16Z,CLE,56.0,27.1,15.4,8.5,1.8,1.0,0.8,0.638,0.1,0.709,3.8,1.0,LOW
Cleveland Cavaliers at Detroit Pistons,BetRivers,player_rebounds,cade cunningham,Over,5.5,-112,2026-05-06T23:34:16Z,DET,64.0,33.9,23.9,5.5,9.9,1.4,0.8,0.461,0.342,0.812,8.1,0.0,LOW
Cleveland Cavaliers at Detroit Pistons,BetRivers,player_rebounds,cade cunningham,Under,5.5,-121,2026-05-06T23:34:16Z,DET,64.0,33.9,23.9,5.5,9.9,1.4,0.8,0.461,0.342,0.812,8.1,0.0,LOW
Cleveland Cavaliers at Detroit Pistons,BetRivers,player_threes,donovan mitchell,Over,2.5,-120,2026-05-06T23:34:16Z,CLE,70.0,33.5,27.9,4.5,5.7,1.5,0.3,0.483,0.364,0.865,5.3,0.0,LOW
Cleveland Cavaliers at Detroit Pistons,BetRivers,player_threes,donovan mitchell,Under,2.5,-114,2026-05-06T23:34:16Z,CLE,70.0,33.5,27.9,4.5,5.7,1.5,0.3,0.483,0.364,0.865,5.3,0.0,LOW
Cleveland Cavaliers at Detroit Pistons,BetRivers,player_threes,max strus,Over,2.5,128,2026-05-06T23:34:16Z,CLE,12.0,24.0,11.2,5.4,2.0,0.3,0.0,0.443,0.402,0.778,-0.3,0.0,LOW
Cleveland Cavaliers at Detroit Pistons,BetRivers,player_threes,max strus,Under,2.5,-177,2026-05-06T23:34:16Z,CLE,12.0,24.0,11.2,5.4,2.0,0.3,0.0,0.443,0.402,0.778,-0.3,0.0,LOW
Cleveland Cavaliers at Detroit Pistons,BetRivers,player_threes,daniss jenkins,Over,1.5,175,2026-05-06T23:34:16Z,DET,72.0,20.2,9.3,2.3,3.9,0.9,0.2,0.408,0.374,0.832,2.9,0.0,LOW
Cleveland Cavaliers at Detroit Pistons,BetRivers,player_threes,daniss jenkins,Under,1.5,-250,2026-05-06T23:34:16Z,DET,72.0,20.2,9.3,2.3,3.9,0.9,0.2,0.408,0.374,0.832,2.9,0.0,LOW
Cleveland Cavaliers at Detroit Pistons,BetRivers,player_threes,james harden,Over,2.5,102,2026-05-06T23:34:16Z,CLE,70.0,34.8,23.6,4.8,8.0,1.1,0.4,0.434,0.375,0.884,1.4,0.0,LOW
Cleveland Cavaliers at Detroit Pistons,BetRivers,player_threes,james harden,Under,2.5,-137,2026-05-06T23:34:16Z,CLE,70.0,34.8,23.6,4.8,8.0,1.1,0.4,0.434,0.375,0.884,1.4,0.0,LOW
Cleveland Cavaliers at Detroit Pistons,BetRivers,player_threes,duncan robinson,Over,2.5,-139,2026-05-06T23:34:16Z,DET,77.0,27.4,12.2,2.7,2.1,0.6,0.3,0.456,0.41,0.755,7.0,0.0,LOW
Cleveland Cavaliers at Detroit Pistons,BetRivers,player_threes,duncan robinson,Under,2.5,102,2026-05-06T23:34:16Z,DET,77.0,27.4,12.2,2.7,2.1,0.6,0.3,0.456,0.41,0.755,7.0,0.0,LOW
Cleveland Cavaliers at Detroit Pistons,BetRivers,player_threes,tobias harris,Over,1.5,112,2026-05-06T23:34:16Z,DET,63.0,27.7,13.3,5.1,2.5,0.9,0.4,0.469,0.368,0.866,5.8,0.0,LOW
Cleveland Cavaliers at Detroit Pistons,BetRivers,player_threes,tobias harris,Under,1.5,-155,2026-05-06T23:34:16Z,DET,63.0,27.7,13.3,5.1,2.5,0.9,0.4,0.469,0.368,0.866,5.8,0.0,LOW
Cleveland Cavaliers at Detroit Pistons,BetRivers,player_threes,cade cunningham,Over,2.5,120,2026-05-06T23:34:16Z,DET,64.0,33.9,23.9,5.5,9.9,1.4,0.8,0.461,0.342,0.812,8.1,0.0,LOW
Cleveland Cavaliers at Detroit Pistons,BetRivers,player_threes,cade cunningham,Under,2.5,-162,2026-05-06T23:34:16Z,DET,64.0,33.9,23.9,5.5,9.9,1.4,0.8,0.461,0.342,0.812,8.1,0.0,LOW
Cleveland Cavaliers at Detroit Pistons,BetRivers,player_threes,donovan mitchell,Over,2.5,-120,2026-05-06T23:34:16Z,CLE,70.0,33.5,27.9,4.5,5.7,1.5,0.3,0.483,0.364,0.865,5.3,0.0,LOW
Cleveland Cavaliers at Detroit Pistons,BetRivers,player_threes,donovan mitchell,Under,2.5,-114,2026-05-06T23:34:16Z,CLE,70.0,33.5,27.9,4.5,5.7,1.5,0.3,0.483,0.364,0.865,5.3,0.0,LOW
Cleveland Cavaliers at Detroit Pistons,BetRivers,player_threes,max strus,Over,2.5,128,2026-05-06T23:34:16Z,CLE,12.0,24.0,11.2,5.4,2.0,0.3,0.0,0.443,0.402,0.778,-0.3,0.0,LOW
Cleveland Cavaliers at Detroit Pistons,BetRivers,player_threes,max strus,Under,2.5,-177,2026-05-06T23:34:16Z,CLE,12.0,24.0,11.2,5.4,2.0,0.3,0.0,0.443,0.402,0.778,-0.3,0.0,LOW
Cleveland Cavaliers at Detroit Pistons,BetRivers,player_threes,daniss jenkins,Over,1.5,175,2026-05-06T23:34:16Z,DET,72.0,20.2,9.3,2.3,3.9,0.9,0.2,0.408,0.374,0.832,2.9,0.0,LOW
Cleveland Cavaliers at Detroit Pistons,BetRivers,player_threes,daniss jenkins,Under,1.5,-250,2026-05-06T23:34:16Z,DET,72.0,20.2,9.3,2.3,3.9,0.9,0.2,0.408,0.374,0.832,2.9,0.0,LOW
Cleveland Cavaliers at Detroit Pistons,BetRivers,player_threes,james harden,Over,2.5,102,2026-05-06T23:34:16Z,CLE,70.0,34.8,23.6,4.8,8.0,1.1,0.4,0.434,0.375,0.884,1.4,0.0,LOW
Cleveland Cavaliers at Detroit Pistons,BetRivers,player_threes,james harden,Under,2.5,-137,2026-05-06T23:34:16Z,CLE,70.0,34.8,23.6,4.8,8.0,1.1,0.4,0.434,0.375,0.884,1.4,0.0,LOW
Cleveland Cavaliers at Detroit Pistons,BetRivers,player_threes,duncan robinson,Over,2.5,-139,2026-05-06T23:34:16Z,DET,77.0,27.4,12.2,2.7,2.1,0.6,0.3,0.456,0.41,0.755,7.0,0.0,LOW
Cleveland Cavaliers at Detroit Pistons,BetRivers,player_threes,duncan robinson,Under,2.5,102,2026-05-06T23:34:16Z,DET,77.0,27.4,12.2,2.7,2.1,0.6,0.3,0.456,0.41,0.755,7.0,0.0,LOW
Cleveland Cavaliers at Detroit Pistons,BetRivers,player_threes,tobias harris,Over,1.5,112,2026-05-06T23:34:16Z,DET,63.0,27.7,13.3,5.1,2.5,0.9,0.4,0.469,0.368,0.866,5.8,0.0,LOW
Cleveland Cavaliers at Detroit Pistons,BetRivers,player_threes,tobias harris,Under,1.5,-155,2026-05-06T23:34:16Z,DET,63.0,27.7,13.3,5.1,2.5,0.9,0.4,0.469,0.368,0.866,5.8,0.0,LOW
Cleveland Cavaliers at Detroit Pistons,BetRivers,player_threes,cade cunningham,Over,2.5,120,2026-05-06T23:34:16Z,DET,64.0,33.9,23.9,5.5,9.9,1.4,0.8,0.461,0.342,0.812,8.1,0.0,LOW
Cleveland Cavaliers at Detroit Pistons,BetRivers,player_threes,cade cunningham,Under,2.5,-162,2026-05-06T23:34:16Z,DET,64.0,33.9,23.9,5.5,9.9,1.4,0.8,0.461,0.342,0.812,8.1,0.0,LOW
Cleveland Cavaliers at Detroit Pistons,BetOnline.ag,player_assists,evan mobley,Over,3.5,124,2026-05-06T23:34:07Z,CLE,65.0,31.9,18.2,9.0,3.6,0.7,1.7,0.546,0.297,0.606,3.4,0.10000000000000009,LOW
Cleveland Cavaliers at Detroit Pistons,BetOnline.ag,player_assists,evan mobley,Under,3.5,-161,2026-05-06T23:34:07Z,CLE,65.0,31.9,18.2,9.0,3.6,0.7,1.7,0.546,0.297,0.606,3.4,0.10000000000000009,LOW
Cleveland Cavaliers at Detroit Pistons,BetOnline.ag,player_assists,jalen duren,Over,2.5,136,2026-05-06T23:34:07Z,DET,70.0,28.2,19.5,10.5,2.0,0.8,0.8,0.65,0.0,0.747,6.9,-0.5,LOW
Cleveland Cavaliers at Detroit Pistons,BetOnline.ag,player_assists,jalen duren,Under,2.5,-179,2026-05-06T23:34:07Z,DET,70.0,28.2,19.5,10.5,2.0,0.8,0.8,0.65,0.0,0.747,6.9,-0.5,LOW
Cleveland Cavaliers at Detroit Pistons,BetOnline.ag,player_assists,cade cunningham,Over,9.5,-135,2026-05-06T23:34:07Z,DET,64.0,33.9,23.9,5.5,9.9,1.4,0.8,0.461,0.342,0.812,8.1,0.40000000000000036,LOW
Cleveland Cavaliers at Detroit Pistons,BetOnline.ag,player_assists,cade cunningham,Under,9.5,105,2026-05-06T23:34:07Z,DET,64.0,33.9,23.9,5.5,9.9,1.4,0.8,0.461,0.342,0.812,8.1,0.40000000000000036,LOW
Cleveland Cavaliers at Detroit Pistons,BetOnline.ag,player_assists,donovan mitchell,Over,3.5,-147,2026-05-06T23:34:07Z,CLE,70.0,33.5,27.9,4.5,5.7,1.5,0.3,0.483,0.364,0.865,5.3,2.2,MEDIUM
Cleveland Cavaliers at Detroit Pistons,BetOnline.ag,player_assists,donovan mitchell,Under,3.5,114,2026-05-06T23:34:07Z,CLE,70.0,33.5,27.9,4.5,5.7,1.5,0.3,0.483,0.364,0.865,5.3,2.2,MEDIUM
Cleveland Cavaliers at Detroit Pistons,BetOnline.ag,player_assists,ausar thompson,Over,3.5,-110,2026-05-06T23:34:07Z,DET,73.0,26.0,9.9,5.7,3.1,2.0,0.9,0.525,0.25,0.571,5.4,-0.3999999999999999,LOW
Cleveland Cavaliers at Detroit Pistons,BetOnline.ag,player_assists,ausar thompson,Under,3.5,-118,2026-05-06T23:34:07Z,DET,73.0,26.0,9.9,5.7,3.1,2.0,0.9,0.525,0.25,0.571,5.4,-0.3999999999999999,LOW
Cleveland Cavaliers at Detroit Pistons,BetOnline.ag,player_assists,daniss jenkins,Over,3.5,124,2026-05-06T23:34:07Z,DET,72.0,20.2,9.3,2.3,3.9,0.9,0.2,0.408,0.374,0.832,2.9,0.3999999999999999,LOW
Cleveland Cavaliers at Detroit Pistons,BetOnline.ag,player_assists,daniss jenkins,Under,3.5,-161,2026-05-06T23:34:07Z,DET,72.0,20.2,9.3,2.3,3.9,0.9,0.2,0.408,0.374,0.832,2.9,0.3999999999999999,LOW
Cleveland Cavaliers at Detroit Pistons,BetOnline.ag,player_assists,james harden,Over,6.5,-111,2026-05-06T23:34:07Z,CLE,70.0,34.8,23.6,4.8,8.0,1.1,0.4,0.434,0.375,0.884,1.4,1.5,LOW
Cleveland Cavaliers at Detroit Pistons,BetOnline.ag,player_assists,james harden,Under,6.5,-116,2026-05-06T23:34:07Z,CLE,70.0,34.8,23.6,4.8,8.0,1.1,0.4,0.434,0.375,0.884,1.4,1.5,LOW
Cleveland Cavaliers at Detroit Pistons,BetOnline.ag,player_points,jarrett allen,Over,10.5,-127,2026-05-06T23:34:07Z,CLE,56.0,27.1,15.4,8.5,1.8,1.0,0.8,0.638,0.1,0.709,3.8,4.9,HIGH
Cleveland Cavaliers at Detroit Pistons,BetOnline.ag,player_points,jarrett allen,Under,10.5,-102,2026-05-06T23:34:07Z,CLE,56.0,27.1,15.4,8.5,1.8,1.0,0.8,0.638,0.1,0.709,3.8,4.9,HIGH
Cleveland Cavaliers at Detroit Pistons,BetOnline.ag,player_points,tobias harris,Over,17.5,-115,2026-05-06T23:34:07Z,DET,63.0,27.7,13.3,5.1,2.5,0.9,0.4,0.469,0.368,0.866,5.8,-4.199999999999999,LOW
Cleveland Cavaliers at Detroit Pistons,BetOnline.ag,player_points,tobias harris,Under,17.5,-112,2026-05-06T23:34:07Z,DET,63.0,27.7,13.3,5.1,2.5,0.9,0.4,0.469,0.368,0.866,5.8,-4.199999999999999,LOW
Cleveland Cavaliers at Detroit Pistons,BetOnline.ag,player_points,evan mobley,Over,15.5,-105,2026-05-06T23:34:07Z,CLE,65.0,31.9,18.2,9.0,3.6,0.7,1.7,0.546,0.297,0.606,3.4,2.6999999999999993,MEDIUM
Cleveland Cavaliers at Detroit Pistons,BetOnline.ag,player_points,evan mobley,Under,15.5,-123,2026-05-06T23:34:07Z,CLE,65.0,31.9,18.2,9.0,3.6,0.7,1.7,0.546,0.297,0.606,3.4,2.6999999999999993,MEDIUM
Cleveland Cavaliers at Detroit Pistons,BetOnline.ag,player_points,cade cunningham,Over,27.5,-114,2026-05-06T23:34:07Z,DET,64.0,33.9,23.9,5.5,9.9,1.4,0.8,0.461,0.342,0.812,8.1,-3.6000000000000014,LOW
Cleveland Cavaliers at Detroit Pistons,BetOnline.ag,player_points,cade cunningham,Under,27.5,-114,2026-05-06T23:34:07Z,DET,64.0,33.9,23.9,5.5,9.9,1.4,0.8,0.461,0.342,0.812,8.1,-3.6000000000000014,LOW
Cleveland Cavaliers at Detroit Pistons,BetOnline.ag,player_points,max strus,Over,9.5,-119,2026-05-06T23:34:07Z,CLE,12.0,24.0,11.2,5.4,2.0,0.3,0.0,0.443,0.402,0.778,-0.3,1.6999999999999993,LOW
Cleveland Cavaliers at Detroit Pistons,BetOnline.ag,player_points,max strus,Under,9.5,-109,2026-05-06T23:34:07Z,CLE,12.0,24.0,11.2,5.4,2.0,0.3,0.0,0.443,0.402,0.778,-0.3,1.6999999999999993,LOW
Cleveland Cavaliers at Detroit Pistons,BetOnline.ag,player_points,donovan mitchell,Over,24.5,-109,2026-05-06T23:34:07Z,CLE,70.0,33.5,27.9,4.5,5.7,1.5,0.3,0.483,0.364,0.865,5.3,3.3999999999999986,MEDIUM
Cleveland Cavaliers at Detroit Pistons,BetOnline.ag,player_points,donovan mitchell,Under,24.5,-119,2026-05-06T23:34:07Z,CLE,70.0,33.5,27.9,4.5,5.7,1.5,0.3,0.483,0.364,0.865,5.3,3.3999999999999986,MEDIUM
Cleveland Cavaliers at Detroit Pistons,BetOnline.ag,player_points,jalen duren,Over,14.5,-111,2026-05-06T23:34:07Z,DET,70.0,28.2,19.5,10.5,2.0,0.8,0.8,0.65,0.0,0.747,6.9,5.0,HIGH
Cleveland Cavaliers at Detroit Pistons,BetOnline.ag,player_points,jalen duren,Under,14.5,-116,2026-05-06T23:34:07Z,DET,70.0,28.2,19.5,10.5,2.0,0.8,0.8,0.65,0.0,0.747,6.9,5.0,HIGH
Cleveland Cavaliers at Detroit Pistons,BetOnline.ag,player_points,ausar thompson,Over,9.5,-130,2026-05-06T23:34:07Z,DET,73.0,26.0,9.9,5.7,3.1,2.0,0.9,0.525,0.25,0.571,5.4,0.40000000000000036,LOW
Cleveland Cavaliers at Detroit Pistons,BetOnline.ag,player_points,ausar thompson,Under,9.5,100,2026-05-06T23:34:07Z,DET,73.0,26.0,9.9,5.7,3.1,2.0,0.9,0.525,0.25,0.571,5.4,0.40000000000000036,LOW
Cleveland Cavaliers at Detroit Pistons,BetOnline.ag,player_points,duncan robinson,Over,11.5,-106,2026-05-06T23:34:07Z,DET,77.0,27.4,12.2,2.7,2.1,0.6,0.3,0.456,0.41,0.755,7.0,0.6999999999999993,LOW
Cleveland Cavaliers at Detroit Pistons,BetOnline.ag,player_points,duncan robinson,Under,11.5,-122,2026-05-06T23:34:07Z,DET,77.0,27.4,12.2,2.7,2.1,0.6,0.3,0.456,0.41,0.755,7.0,0.6999999999999993,LOW
Cleveland Cavaliers at Detroit Pistons,BetOnline.ag,player_points,james harden,Over,19.5,-106,2026-05-06T23:34:07Z,CLE,70.0,34.8,23.6,4.8,8.0,1.1,0.4,0.434,0.375,0.884,1.4,4.100000000000001,HIGH
Cleveland Cavaliers at Detroit Pistons,BetOnline.ag,player_points,james harden,Under,19.5,-122,2026-05-06T23:34:07Z,CLE,70.0,34.8,23.6,4.8,8.0,1.1,0.4,0.434,0.375,0.884,1.4,4.100000000000001,HIGH
Cleveland Cavaliers at Detroit Pistons,BetOnline.ag,player_points,daniss jenkins,Over,8.5,-114,2026-05-06T23:34:07Z,DET,72.0,20.2,9.3,2.3,3.9,0.9,0.2,0.408,0.374,0.832,2.9,0.8000000000000007,LOW
Cleveland Cavaliers at Detroit Pistons,BetOnline.ag,player_points,daniss jenkins,Under,8.5,-114,2026-05-06T23:34:07Z,DET,72.0,20.2,9.3,2.3,3.9,0.9,0.2,0.408,0.374,0.832,2.9,0.8000000000000007,LOW
Cleveland Cavaliers at Detroit Pistons,BetOnline.ag,player_rebounds,tobias harris,Over,6.5,102,2026-05-06T23:34:07Z,DET,63.0,27.7,13.3,5.1,2.5,0.9,0.4,0.469,0.368,0.866,5.8,-1.4000000000000004,LOW
Cleveland Cavaliers at Detroit Pistons,BetOnline.ag,player_rebounds,tobias harris,Under,6.5,-132,2026-05-06T23:34:07Z,DET,63.0,27.7,13.3,5.1,2.5,0.9,0.4,0.469,0.368,0.866,5.8,-1.4000000000000004,LOW
Cleveland Cavaliers at Detroit Pistons,BetOnline.ag,player_rebounds,jarrett allen,Over,7.5,112,2026-05-06T23:34:07Z,CLE,56.0,27.1,15.4,8.5,1.8,1.0,0.8,0.638,0.1,0.709,3.8,1.0,LOW
Cleveland Cavaliers at Detroit Pistons,BetOnline.ag,player_rebounds,jarrett allen,Under,7.5,-145,2026-05-06T23:34:07Z,CLE,56.0,27.1,15.4,8.5,1.8,1.0,0.8,0.638,0.1,0.709,3.8,1.0,LOW
Cleveland Cavaliers at Detroit Pistons,BetOnline.ag,player_rebounds,isaiah stewart ii,Over,2.5,-128,2026-05-06T23:34:07Z,,,,,,,,,,,,,,LOW
Cleveland Cavaliers at Detroit Pistons,BetOnline.ag,player_rebounds,isaiah stewart ii,Under,2.5,-101,2026-05-06T23:34:07Z,,,,,,,,,,,,,,LOW
Cleveland Cavaliers at Detroit Pistons,BetOnline.ag,player_rebounds,evan mobley,Over,8.5,-103,2026-05-06T23:34:07Z,CLE,65.0,31.9,18.2,9.0,3.6,0.7,1.7,0.546,0.297,0.606,3.4,0.5,LOW
Cleveland Cavaliers at Detroit Pistons,BetOnline.ag,player_rebounds,evan mobley,Under,8.5,-125,2026-05-06T23:34:07Z,CLE,65.0,31.9,18.2,9.0,3.6,0.7,1.7,0.546,0.297,0.606,3.4,0.5,LOW
Cleveland Cavaliers at Detroit Pistons,BetOnline.ag,player_rebounds,dean wade,Over,3.5,109,2026-05-06T23:34:07Z,CLE,59.0,22.3,5.8,4.2,1.5,0.7,0.4,0.439,0.362,0.711,2.6,0.7000000000000002,LOW
Cleveland Cavaliers at Detroit Pistons,BetOnline.ag,player_rebounds,dean wade,Under,3.5,-141,2026-05-06T23:34:07Z,CLE,59.0,22.3,5.8,4.2,1.5,0.7,0.4,0.439,0.362,0.711,2.6,0.7000000000000002,LOW
Cleveland Cavaliers at Detroit Pistons,BetOnline.ag,player_rebounds,cade cunningham,Over,5.5,102,2026-05-06T23:34:07Z,DET,64.0,33.9,23.9,5.5,9.9,1.4,0.8,0.461,0.342,0.812,8.1,0.0,LOW
Cleveland Cavaliers at Detroit Pistons,BetOnline.ag,player_rebounds,cade cunningham,Under,5.5,-132,2026-05-06T23:34:07Z,DET,64.0,33.9,23.9,5.5,9.9,1.4,0.8,0.461,0.342,0.812,8.1,0.0,LOW
Cleveland Cavaliers at Detroit Pistons,BetOnline.ag,player_rebounds,donovan mitchell,Over,3.5,-149,2026-05-06T23:34:07Z,CLE,70.0,33.5,27.9,4.5,5.7,1.5,0.3,0.483,0.364,0.865,5.3,1.0,LOW
Cleveland Cavaliers at Detroit Pistons,BetOnline.ag,player_rebounds,donovan mitchell,Under,3.5,115,2026-05-06T23:34:07Z,CLE,70.0,33.5,27.9,4.5,5.7,1.5,0.3,0.483,0.364,0.865,5.3,1.0,LOW
Cleveland Cavaliers at Detroit Pistons,BetOnline.ag,player_rebounds,max strus,Over,3.5,-161,2026-05-06T23:34:07Z,CLE,12.0,24.0,11.2,5.4,2.0,0.3,0.0,0.443,0.402,0.778,-0.3,1.9000000000000004,LOW
Cleveland Cavaliers at Detroit Pistons,BetOnline.ag,player_rebounds,max strus,Under,3.5,123,2026-05-06T23:34:07Z,CLE,12.0,24.0,11.2,5.4,2.0,0.3,0.0,0.443,0.402,0.778,-0.3,1.9000000000000004,LOW
Cleveland Cavaliers at Detroit Pistons,BetOnline.ag,player_rebounds,duncan robinson,Over,2.5,136,2026-05-06T23:34:07Z,DET,77.0,27.4,12.2,2.7,2.1,0.6,0.3,0.456,0.41,0.755,7.0,0.20000000000000018,LOW
Cleveland Cavaliers at Detroit Pistons,BetOnline.ag,player_rebounds,duncan robinson,Under,2.5,-179,2026-05-06T23:34:07Z,DET,77.0,27.4,12.2,2.7,2.1,0.6,0.3,0.456,0.41,0.755,7.0,0.20000000000000018,LOW
Cleveland Cavaliers at Detroit Pistons,BetOnline.ag,player_rebounds,james harden,Over,4.5,-141,2026-05-06T23:34:07Z,CLE,70.0,34.8,23.6,4.8,8.0,1.1,0.4,0.434,0.375,0.884,1.4,0.2999999999999998,LOW
Cleveland Cavaliers at Detroit Pistons,BetOnline.ag,player_rebounds,james harden,Under,4.5,108,2026-05-06T23:34:07Z,CLE,70.0,34.8,23.6,4.8,8.0,1.1,0.4,0.434,0.375,0.884,1.4,0.2999999999999998,LOW
Cleveland Cavaliers at Detroit Pistons,BetOnline.ag,player_rebounds,jalen duren,Over,11.5,102,2026-05-06T23:34:07Z,DET,70.0,28.2,19.5,10.5,2.0,0.8,0.8,0.65,0.0,0.747,6.9,-1.0,LOW
Cleveland Cavaliers at Detroit Pistons,BetOnline.ag,player_rebounds,jalen duren,Under,11.5,-132,2026-05-06T23:34:07Z,DET,70.0,28.2,19.5,10.5,2.0,0.8,0.8,0.65,0.0,0.747,6.9,-1.0,LOW
Cleveland Cavaliers at Detroit Pistons,BetOnline.ag,player_rebounds,daniss jenkins,Over,2.5,100,2026-05-06T23:34:07Z,DET,72.0,20.2,9.3,2.3,3.9,0.9,0.2,0.408,0.374,0.832,2.9,-0.20000000000000018,LOW
Cleveland Cavaliers at Detroit Pistons,BetOnline.ag,player_rebounds,daniss jenkins,Under,2.5,-130,2026-05-06T23:34:07Z,DET,72.0,20.2,9.3,2.3,3.9,0.9,0.2,0.408,0.374,0.832,2.9,-0.20000000000000018,LOW
Cleveland Cavaliers at Detroit Pistons,BetOnline.ag,player_rebounds,ausar thompson,Over,7.5,112,2026-05-06T23:34:07Z,DET,73.0,26.0,9.9,5.7,3.1,2.0,0.9,0.525,0.25,0.571,5.4,-1.7999999999999998,LOW
Cleveland Cavaliers at Detroit Pistons,BetOnline.ag,player_rebounds,ausar thompson,Under,7.5,-145,2026-05-06T23:34:07Z,DET,73.0,26.0,9.9,5.7,3.1,2.0,0.9,0.525,0.25,0.571,5.4,-1.7999999999999998,LOW
Cleveland Cavaliers at Detroit Pistons,BetOnline.ag,player_threes,tobias harris,Over,1.5,118,2026-05-06T23:34:07Z,DET,63.0,27.7,13.3,5.1,2.5,0.9,0.4,0.469,0.368,0.866,5.8,0.0,LOW
Cleveland Cavaliers at Detroit Pistons,BetOnline.ag,player_threes,tobias harris,Under,1.5,-154,2026-05-06T23:34:07Z,DET,63.0,27.7,13.3,5.1,2.5,0.9,0.4,0.469,0.368,0.866,5.8,0.0,LOW
Cleveland Cavaliers at Detroit Pistons,BetOnline.ag,player_threes,evan mobley,Over,0.5,-204,2026-05-06T23:34:07Z,CLE,65.0,31.9,18.2,9.0,3.6,0.7,1.7,0.546,0.297,0.606,3.4,0.0,LOW
Cleveland Cavaliers at Detroit Pistons,BetOnline.ag,player_threes,evan mobley,Under,0.5,155,2026-05-06T23:34:07Z,CLE,65.0,31.9,18.2,9.0,3.6,0.7,1.7,0.546,0.297,0.606,3.4,0.0,LOW
Cleveland Cavaliers at Detroit Pistons,BetOnline.ag,player_threes,cade cunningham,Over,2.5,124,2026-05-06T23:34:07Z,DET,64.0,33.9,23.9,5.5,9.9,1.4,0.8,0.461,0.342,0.812,8.1,0.0,LOW
Cleveland Cavaliers at Detroit Pistons,BetOnline.ag,player_threes,cade cunningham,Under,2.5,-161,2026-05-06T23:34:07Z,DET,64.0,33.9,23.9,5.5,9.9,1.4,0.8,0.461,0.342,0.812,8.1,0.0,LOW
Cleveland Cavaliers at Detroit Pistons,BetOnline.ag,player_threes,donovan mitchell,Over,2.5,-115,2026-05-06T23:34:07Z,CLE,70.0,33.5,27.9,4.5,5.7,1.5,0.3,0.483,0.364,0.865,5.3,0.0,LOW
Cleveland Cavaliers at Detroit Pistons,BetOnline.ag,player_threes,donovan mitchell,Under,2.5,-112,2026-05-06T23:34:07Z,CLE,70.0,33.5,27.9,4.5,5.7,1.5,0.3,0.483,0.364,0.865,5.3,0.0,LOW
Cleveland Cavaliers at Detroit Pistons,BetOnline.ag,player_threes,max strus,Over,2.5,134,2026-05-06T23:34:07Z,CLE,12.0,24.0,11.2,5.4,2.0,0.3,0.0,0.443,0.402,0.778,-0.3,0.0,LOW
Cleveland Cavaliers at Detroit Pistons,BetOnline.ag,player_threes,max strus,Under,2.5,-175,2026-05-06T23:34:07Z,CLE,12.0,24.0,11.2,5.4,2.0,0.3,0.0,0.443,0.402,0.778,-0.3,0.0,LOW
Cleveland Cavaliers at Detroit Pistons,BetOnline.ag,player_threes,duncan robinson,Over,2.5,-132,2026-05-06T23:34:07Z,DET,77.0,27.4,12.2,2.7,2.1,0.6,0.3,0.456,0.41,0.755,7.0,0.0,LOW
Cleveland Cavaliers at Detroit Pistons,BetOnline.ag,player_threes,duncan robinson,Under,2.5,102,2026-05-06T23:34:07Z,DET,77.0,27.4,12.2,2.7,2.1,0.6,0.3,0.456,0.41,0.755,7.0,0.0,LOW
Cleveland Cavaliers at Detroit Pistons,BetOnline.ag,player_threes,daniss jenkins,Over,1.5,167,2026-05-06T23:34:07Z,DET,72.0,20.2,9.3,2.3,3.9,0.9,0.2,0.408,0.374,0.832,2.9,0.0,LOW
Cleveland Cavaliers at Detroit Pistons,BetOnline.ag,player_threes,daniss jenkins,Under,1.5,-222,2026-05-06T23:34:07Z,DET,72.0,20.2,9.3,2.3,3.9,0.9,0.2,0.408,0.374,0.832,2.9,0.0,LOW
Cleveland Cavaliers at Detroit Pistons,BetOnline.ag,player_threes,james harden,Over,2.5,107,2026-05-06T23:34:07Z,CLE,70.0,34.8,23.6,4.8,8.0,1.1,0.4,0.434,0.375,0.884,1.4,0.0,LOW
Cleveland Cavaliers at Detroit Pistons,BetOnline.ag,player_threes,james harden,Under,2.5,-139,2026-05-06T23:34:07Z,CLE,70.0,34.8,23.6,4.8,8.0,1.1,0.4,0.434,0.375,0.884,1.4,0.0,LOW
Cleveland Cavaliers at Detroit Pistons,BetOnline.ag,player_threes,dean wade,Over,0.5,-200,2026-05-06T23:34:07Z,CLE,59.0,22.3,5.8,4.2,1.5,0.7,0.4,0.439,0.362,0.711,2.6,0.0,LOW
Cleveland Cavaliers at Detroit Pistons,BetOnline.ag,player_threes,dean wade,Under,0.5,152,2026-05-06T23:34:07Z,CLE,59.0,22.3,5.8,4.2,1.5,0.7,0.4,0.439,0.362,0.711,2.6,0.0,LOW
Cleveland Cavaliers at Detroit Pistons,BetMGM,player_assists,cade cunningham,Over,9.5,-135,2026-05-06T23:33:52Z,DET,64.0,33.9,23.9,5.5,9.9,1.4,0.8,0.461,0.342,0.812,8.1,0.40000000000000036,LOW
Cleveland Cavaliers at Detroit Pistons,BetMGM,player_assists,cade cunningham,Under,9.5,100,2026-05-06T23:33:52Z,DET,64.0,33.9,23.9,5.5,9.9,1.4,0.8,0.461,0.342,0.812,8.1,0.40000000000000036,LOW
Cleveland Cavaliers at Detroit Pistons,BetMGM,player_assists,duncan robinson,Over,1.5,-135,2026-05-06T23:33:52Z,DET,77.0,27.4,12.2,2.7,2.1,0.6,0.3,0.456,0.41,0.755,7.0,0.6000000000000001,LOW
Cleveland Cavaliers at Detroit Pistons,BetMGM,player_assists,duncan robinson,Under,1.5,100,2026-05-06T23:33:52Z,DET,77.0,27.4,12.2,2.7,2.1,0.6,0.3,0.456,0.41,0.755,7.0,0.6000000000000001,LOW
Cleveland Cavaliers at Detroit Pistons,BetMGM,player_assists,ausar thompson,Over,3.5,-115,2026-05-06T23:33:52Z,DET,73.0,26.0,9.9,5.7,3.1,2.0,0.9,0.525,0.25,0.571,5.4,-0.3999999999999999,LOW
Cleveland Cavaliers at Detroit Pistons,BetMGM,player_assists,ausar thompson,Under,3.5,-115,2026-05-06T23:33:52Z,DET,73.0,26.0,9.9,5.7,3.1,2.0,0.9,0.525,0.25,0.571,5.4,-0.3999999999999999,LOW
Cleveland Cavaliers at Detroit Pistons,BetMGM,player_assists,james harden,Over,6.5,105,2026-05-06T23:33:52Z,CLE,70.0,34.8,23.6,4.8,8.0,1.1,0.4,0.434,0.375,0.884,1.4,1.5,LOW
Cleveland Cavaliers at Detroit Pistons,BetMGM,player_assists,james harden,Under,6.5,-140,2026-05-06T23:33:52Z,CLE,70.0,34.8,23.6,4.8,8.0,1.1,0.4,0.434,0.375,0.884,1.4,1.5,LOW
Cleveland Cavaliers at Detroit Pistons,BetMGM,player_assists,donovan mitchell,Over,3.5,-160,2026-05-06T23:33:52Z,CLE,70.0,33.5,27.9,4.5,5.7,1.5,0.3,0.483,0.364,0.865,5.3,2.2,MEDIUM
Cleveland Cavaliers at Detroit Pistons,BetMGM,player_assists,donovan mitchell,Under,3.5,120,2026-05-06T23:33:52Z,CLE,70.0,33.5,27.9,4.5,5.7,1.5,0.3,0.483,0.364,0.865,5.3,2.2,MEDIUM
Cleveland Cavaliers at Detroit Pistons,BetMGM,player_assists,jarrett allen,Over,1.5,165,2026-05-06T23:33:52Z,CLE,56.0,27.1,15.4,8.5,1.8,1.0,0.8,0.638,0.1,0.709,3.8,0.30000000000000004,LOW
Cleveland Cavaliers at Detroit Pistons,BetMGM,player_assists,jarrett allen,Under,1.5,-225,2026-05-06T23:33:52Z,CLE,56.0,27.1,15.4,8.5,1.8,1.0,0.8,0.638,0.1,0.709,3.8,0.30000000000000004,LOW
Cleveland Cavaliers at Detroit Pistons,BetMGM,player_assists,evan mobley,Over,2.5,-185,2026-05-06T23:33:52Z,CLE,65.0,31.9,18.2,9.0,3.6,0.7,1.7,0.546,0.297,0.606,3.4,1.1,LOW
Cleveland Cavaliers at Detroit Pistons,BetMGM,player_assists,evan mobley,Under,2.5,135,2026-05-06T23:33:52Z,CLE,65.0,31.9,18.2,9.0,3.6,0.7,1.7,0.546,0.297,0.606,3.4,1.1,LOW
Cleveland Cavaliers at Detroit Pistons,BetMGM,player_assists,tobias harris,Over,2.5,145,2026-05-06T23:33:52Z,DET,63.0,27.7,13.3,5.1,2.5,0.9,0.4,0.469,0.368,0.866,5.8,0.0,LOW
Cleveland Cavaliers at Detroit Pistons,BetMGM,player_assists,tobias harris,Under,2.5,-200,2026-05-06T23:33:52Z,DET,63.0,27.7,13.3,5.1,2.5,0.9,0.4,0.469,0.368,0.866,5.8,0.0,LOW
Cleveland Cavaliers at Detroit Pistons,BetMGM,player_assists,jalen duren,Over,2.5,145,2026-05-06T23:33:52Z,DET,70.0,28.2,19.5,10.5,2.0,0.8,0.8,0.65,0.0,0.747,6.9,-0.5,LOW
Cleveland Cavaliers at Detroit Pistons,BetMGM,player_assists,jalen duren,Under,2.5,-200,2026-05-06T23:33:52Z,DET,70.0,28.2,19.5,10.5,2.0,0.8,0.8,0.65,0.0,0.747,6.9,-0.5,LOW
Cleveland Cavaliers at Detroit Pistons,BetMGM,player_assists,daniss jenkins,Over,3.5,115,2026-05-06T23:33:52Z,DET,72.0,20.2,9.3,2.3,3.9,0.9,0.2,0.408,0.374,0.832,2.9,0.3999999999999999,LOW
Cleveland Cavaliers at Detroit Pistons,BetMGM,player_assists,daniss jenkins,Under,3.5,-155,2026-05-06T23:33:52Z,DET,72.0,20.2,9.3,2.3,3.9,0.9,0.2,0.408,0.374,0.832,2.9,0.3999999999999999,LOW
Cleveland Cavaliers at Detroit Pistons,BetMGM,player_blocks,jalen duren,Over,0.5,-250,2026-05-06T23:33:52Z,DET,70.0,28.2,19.5,10.5,2.0,0.8,0.8,0.65,0.0,0.747,6.9,0.0,LOW
Cleveland Cavaliers at Detroit Pistons,BetMGM,player_blocks,jalen duren,Under,0.5,170,2026-05-06T23:33:52Z,DET,70.0,28.2,19.5,10.5,2.0,0.8,0.8,0.65,0.0,0.747,6.9,0.0,LOW
Cleveland Cavaliers at Detroit Pistons,BetMGM,player_blocks,cade cunningham,Over,0.5,-150,2026-05-06T23:33:52Z,DET,64.0,33.9,23.9,5.5,9.9,1.4,0.8,0.461,0.342,0.812,8.1,0.0,LOW
Cleveland Cavaliers at Detroit Pistons,BetMGM,player_blocks,cade cunningham,Under,0.5,110,2026-05-06T23:33:52Z,DET,64.0,33.9,23.9,5.5,9.9,1.4,0.8,0.461,0.342,0.812,8.1,0.0,LOW
Cleveland Cavaliers at Detroit Pistons,BetMGM,player_blocks,dean wade,Over,0.5,200,2026-05-06T23:33:52Z,CLE,59.0,22.3,5.8,4.2,1.5,0.7,0.4,0.439,0.362,0.711,2.6,0.0,LOW
Cleveland Cavaliers at Detroit Pistons,BetMGM,player_blocks,dean wade,Under,0.5,-295,2026-05-06T23:33:52Z,CLE,59.0,22.3,5.8,4.2,1.5,0.7,0.4,0.439,0.362,0.711,2.6,0.0,LOW
Cleveland Cavaliers at Detroit Pistons,BetMGM,player_blocks,duncan robinson,Over,0.5,225,2026-05-06T23:33:52Z,DET,77.0,27.4,12.2,2.7,2.1,0.6,0.3,0.456,0.41,0.755,7.0,0.0,LOW
Cleveland Cavaliers at Detroit Pistons,BetMGM,player_blocks,duncan robinson,Under,0.5,-325,2026-05-06T23:33:52Z,DET,77.0,27.4,12.2,2.7,2.1,0.6,0.3,0.456,0.41,0.755,7.0,0.0,LOW
Cleveland Cavaliers at Detroit Pistons,BetMGM,player_blocks,jarrett allen,Over,1.5,130,2026-05-06T23:33:52Z,CLE,56.0,27.1,15.4,8.5,1.8,1.0,0.8,0.638,0.1,0.709,3.8,0.0,LOW
Cleveland Cavaliers at Detroit Pistons,BetMGM,player_blocks,jarrett allen,Under,1.5,-185,2026-05-06T23:33:52Z,CLE,56.0,27.1,15.4,8.5,1.8,1.0,0.8,0.638,0.1,0.709,3.8,0.0,LOW
Cleveland Cavaliers at Detroit Pistons,BetMGM,player_blocks,ausar thompson,Over,1.5,105,2026-05-06T23:33:52Z,DET,73.0,26.0,9.9,5.7,3.1,2.0,0.9,0.525,0.25,0.571,5.4,0.0,LOW
Cleveland Cavaliers at Detroit Pistons,BetMGM,player_blocks,ausar thompson,Under,1.5,-150,2026-05-06T23:33:52Z,DET,73.0,26.0,9.9,5.7,3.1,2.0,0.9,0.525,0.25,0.571,5.4,0.0,LOW
Cleveland Cavaliers at Detroit Pistons,BetMGM,player_blocks,tobias harris,Over,0.5,105,2026-05-06T23:33:52Z,DET,63.0,27.7,13.3,5.1,2.5,0.9,0.4,0.469,0.368,0.866,5.8,0.0,LOW
Cleveland Cavaliers at Detroit Pistons,BetMGM,player_blocks,tobias harris,Under,0.5,-145,2026-05-06T23:33:52Z,DET,63.0,27.7,13.3,5.1,2.5,0.9,0.4,0.469,0.368,0.866,5.8,0.0,LOW
Cleveland Cavaliers at Detroit Pistons,BetMGM,player_blocks,evan mobley,Over,1.5,-155,2026-05-06T23:33:52Z,CLE,65.0,31.9,18.2,9.0,3.6,0.7,1.7,0.546,0.297,0.606,3.4,0.0,LOW
Cleveland Cavaliers at Detroit Pistons,BetMGM,player_blocks,evan mobley,Under,1.5,110,2026-05-06T23:33:52Z,CLE,65.0,31.9,18.2,9.0,3.6,0.7,1.7,0.546,0.297,0.606,3.4,0.0,LOW
Cleveland Cavaliers at Detroit Pistons,BetMGM,player_blocks,james harden,Over,0.5,100,2026-05-06T23:33:52Z,CLE,70.0,34.8,23.6,4.8,8.0,1.1,0.4,0.434,0.375,0.884,1.4,0.0,LOW
Cleveland Cavaliers at Detroit Pistons,BetMGM,player_blocks,james harden,Under,0.5,-140,2026-05-06T23:33:52Z,CLE,70.0,34.8,23.6,4.8,8.0,1.1,0.4,0.434,0.375,0.884,1.4,0.0,LOW
Cleveland Cavaliers at Detroit Pistons,BetMGM,player_blocks,donovan mitchell,Over,0.5,170,2026-05-06T23:33:52Z,CLE,70.0,33.5,27.9,4.5,5.7,1.5,0.3,0.483,0.364,0.865,5.3,0.0,LOW
Cleveland Cavaliers at Detroit Pistons,BetMGM,player_blocks,donovan mitchell,Under,0.5,-235,2026-05-06T23:33:52Z,CLE,70.0,33.5,27.9,4.5,5.7,1.5,0.3,0.483,0.364,0.865,5.3,0.0,LOW
Cleveland Cavaliers at Detroit Pistons,BetMGM,player_points,duncan robinson,Over,11.5,-120,2026-05-06T23:33:52Z,DET,77.0,27.4,12.2,2.7,2.1,0.6,0.3,0.456,0.41,0.755,7.0,0.6999999999999993,LOW
Cleveland Cavaliers at Detroit Pistons,BetMGM,player_points,duncan robinson,Under,11.5,-111,2026-05-06T23:33:52Z,DET,77.0,27.4,12.2,2.7,2.1,0.6,0.3,0.456,0.41,0.755,7.0,0.6999999999999993,LOW
Cleveland Cavaliers at Detroit Pistons,BetMGM,player_points,tobias harris,Over,17.5,-125,2026-05-06T23:33:52Z,DET,63.0,27.7,13.3,5.1,2.5,0.9,0.4,0.469,0.368,0.866,5.8,-4.199999999999999,LOW
Cleveland Cavaliers at Detroit Pistons,BetMGM,player_points,tobias harris,Under,17.5,-105,2026-05-06T23:33:52Z,DET,63.0,27.7,13.3,5.1,2.5,0.9,0.4,0.469,0.368,0.866,5.8,-4.199999999999999,LOW
Cleveland Cavaliers at Detroit Pistons,BetMGM,player_points,ausar thompson,Over,9.5,-120,2026-05-06T23:33:52Z,DET,73.0,26.0,9.9,5.7,3.1,2.0,0.9,0.525,0.25,0.571,5.4,0.40000000000000036,LOW
Cleveland Cavaliers at Detroit Pistons,BetMGM,player_points,ausar thompson,Under,9.5,-110,2026-05-06T23:33:52Z,DET,73.0,26.0,9.9,5.7,3.1,2.0,0.9,0.525,0.25,0.571,5.4,0.40000000000000036,LOW
Cleveland Cavaliers at Detroit Pistons,BetMGM,player_points,evan mobley,Over,15.5,-125,2026-05-06T23:33:52Z,CLE,65.0,31.9,18.2,9.0,3.6,0.7,1.7,0.546,0.297,0.606,3.4,2.6999999999999993,MEDIUM
Cleveland Cavaliers at Detroit Pistons,BetMGM,player_points,evan mobley,Under,15.5,-105,2026-05-06T23:33:52Z,CLE,65.0,31.9,18.2,9.0,3.6,0.7,1.7,0.546,0.297,0.606,3.4,2.6999999999999993,MEDIUM
Cleveland Cavaliers at Detroit Pistons,BetMGM,player_points,jarrett allen,Over,11.5,-105,2026-05-06T23:33:52Z,CLE,56.0,27.1,15.4,8.5,1.8,1.0,0.8,0.638,0.1,0.709,3.8,3.9000000000000004,MEDIUM
Cleveland Cavaliers at Detroit Pistons,BetMGM,player_points,jarrett allen,Under,11.5,-125,2026-05-06T23:33:52Z,CLE,56.0,27.1,15.4,8.5,1.8,1.0,0.8,0.638,0.1,0.709,3.8,3.9000000000000004,MEDIUM
Cleveland Cavaliers at Detroit Pistons,BetMGM,player_points,dean wade,Over,4.5,-135,2026-05-06T23:33:52Z,CLE,59.0,22.3,5.8,4.2,1.5,0.7,0.4,0.439,0.362,0.711,2.6,1.2999999999999998,LOW
Cleveland Cavaliers at Detroit Pistons,BetMGM,player_points,dean wade,Under,4.5,100,2026-05-06T23:33:52Z,CLE,59.0,22.3,5.8,4.2,1.5,0.7,0.4,0.439,0.362,0.711,2.6,1.2999999999999998,LOW
Cleveland Cavaliers at Detroit Pistons,BetMGM,player_points,jalen duren,Over,15.5,-105,2026-05-06T23:33:52Z,DET,70.0,28.2,19.5,10.5,2.0,0.8,0.8,0.65,0.0,0.747,6.9,4.0,HIGH
Cleveland Cavaliers at Detroit Pistons,BetMGM,player_points,jalen duren,Under,15.5,-125,2026-05-06T23:33:52Z,DET,70.0,28.2,19.5,10.5,2.0,0.8,0.8,0.65,0.0,0.747,6.9,4.0,HIGH
Cleveland Cavaliers at Detroit Pistons,BetMGM,player_points,james harden,Over,19.5,-110,2026-05-06T23:33:52Z,CLE,70.0,34.8,23.6,4.8,8.0,1.1,0.4,0.434,0.375,0.884,1.4,4.100000000000001,HIGH
Cleveland Cavaliers at Detroit Pistons,BetMGM,player_points,james harden,Under,19.5,-120,2026-05-06T23:33:52Z,CLE,70.0,34.8,23.6,4.8,8.0,1.1,0.4,0.434,0.375,0.884,1.4,4.100000000000001,HIGH
Cleveland Cavaliers at Detroit Pistons,BetMGM,player_points,donovan mitchell,Over,25.5,-110,2026-05-06T23:33:52Z,CLE,70.0,33.5,27.9,4.5,5.7,1.5,0.3,0.483,0.364,0.865,5.3,2.3999999999999986,MEDIUM
Cleveland Cavaliers at Detroit Pistons,BetMGM,player_points,donovan mitchell,Under,25.5,-120,2026-05-06T23:33:52Z,CLE,70.0,33.5,27.9,4.5,5.7,1.5,0.3,0.483,0.364,0.865,5.3,2.3999999999999986,MEDIUM
Cleveland Cavaliers at Detroit Pistons,BetMGM,player_points,max strus,Over,9.5,-105,2026-05-06T23:33:52Z,CLE,12.0,24.0,11.2,5.4,2.0,0.3,0.0,0.443,0.402,0.778,-0.3,1.6999999999999993,LOW
Cleveland Cavaliers at Detroit Pistons,BetMGM,player_points,max strus,Under,9.5,-125,2026-05-06T23:33:52Z,CLE,12.0,24.0,11.2,5.4,2.0,0.3,0.0,0.443,0.402,0.778,-0.3,1.6999999999999993,LOW
Cleveland Cavaliers at Detroit Pistons,BetMGM,player_points,cade cunningham,Over,28.5,-105,2026-05-06T23:33:52Z,DET,64.0,33.9,23.9,5.5,9.9,1.4,0.8,0.461,0.342,0.812,8.1,-4.600000000000001,LOW
Cleveland Cavaliers at Detroit Pistons,BetMGM,player_points,cade cunningham,Under,28.5,-125,2026-05-06T23:33:52Z,DET,64.0,33.9,23.9,5.5,9.9,1.4,0.8,0.461,0.342,0.812,8.1,-4.600000000000001,LOW
Cleveland Cavaliers at Detroit Pistons,BetMGM,player_points,daniss jenkins,Over,9.5,105,2026-05-06T23:33:52Z,DET,72.0,20.2,9.3,2.3,3.9,0.9,0.2,0.408,0.374,0.832,2.9,-0.1999999999999993,LOW
Cleveland Cavaliers at Detroit Pistons,BetMGM,player_points,daniss jenkins,Under,9.5,-140,2026-05-06T23:33:52Z,DET,72.0,20.2,9.3,2.3,3.9,0.9,0.2,0.408,0.374,0.832,2.9,-0.1999999999999993,LOW
Cleveland Cavaliers at Detroit Pistons,BetMGM,player_points,isaiah stewart ii,Over,4.5,110,2026-05-06T23:33:52Z,,,,,,,,,,,,,,LOW
Cleveland Cavaliers at Detroit Pistons,BetMGM,player_points,isaiah stewart ii,Under,4.5,-150,2026-05-06T23:33:52Z,,,,,,,,,,,,,,LOW
Cleveland Cavaliers at Detroit Pistons,BetMGM,player_rebounds,duncan robinson,Over,2.5,140,2026-05-06T23:33:52Z,DET,77.0,27.4,12.2,2.7,2.1,0.6,0.3,0.456,0.41,0.755,7.0,0.20000000000000018,LOW
Cleveland Cavaliers at Detroit Pistons,BetMGM,player_rebounds,duncan robinson,Under,2.5,-190,2026-05-06T23:33:52Z,DET,77.0,27.4,12.2,2.7,2.1,0.6,0.3,0.456,0.41,0.755,7.0,0.20000000000000018,LOW
Cleveland Cavaliers at Detroit Pistons,BetMGM,player_rebounds,cade cunningham,Over,5.5,-105,2026-05-06T23:33:52Z,DET,64.0,33.9,23.9,5.5,9.9,1.4,0.8,0.461,0.342,0.812,8.1,0.0,LOW
Cleveland Cavaliers at Detroit Pistons,BetMGM,player_rebounds,cade cunningham,Under,5.5,-125,2026-05-06T23:33:52Z,DET,64.0,33.9,23.9,5.5,9.9,1.4,0.8,0.461,0.342,0.812,8.1,0.0,LOW
Cleveland Cavaliers at Detroit Pistons,BetMGM,player_rebounds,tobias harris,Over,6.5,-110,2026-05-06T23:33:52Z,DET,63.0,27.7,13.3,5.1,2.5,0.9,0.4,0.469,0.368,0.866,5.8,-1.4000000000000004,LOW
Cleveland Cavaliers at Detroit Pistons,BetMGM,player_rebounds,tobias harris,Under,6.5,-120,2026-05-06T23:33:52Z,DET,63.0,27.7,13.3,5.1,2.5,0.9,0.4,0.469,0.368,0.866,5.8,-1.4000000000000004,LOW
Cleveland Cavaliers at Detroit Pistons,BetMGM,player_rebounds,ausar thompson,Over,7.5,100,2026-05-06T23:33:52Z,DET,73.0,26.0,9.9,5.7,3.1,2.0,0.9,0.525,0.25,0.571,5.4,-1.7999999999999998,LOW
Cleveland Cavaliers at Detroit Pistons,BetMGM,player_rebounds,ausar thompson,Under,7.5,-135,2026-05-06T23:33:52Z,DET,73.0,26.0,9.9,5.7,3.1,2.0,0.9,0.525,0.25,0.571,5.4,-1.7999999999999998,LOW
Cleveland Cavaliers at Detroit Pistons,BetMGM,player_rebounds,jalen duren,Over,11.5,-110,2026-05-06T23:33:52Z,DET,70.0,28.2,19.5,10.5,2.0,0.8,0.8,0.65,0.0,0.747,6.9,-1.0,LOW
Cleveland Cavaliers at Detroit Pistons,BetMGM,player_rebounds,jalen duren,Under,11.5,-120,2026-05-06T23:33:52Z,DET,70.0,28.2,19.5,10.5,2.0,0.8,0.8,0.65,0.0,0.747,6.9,-1.0,LOW
Cleveland Cavaliers at Detroit Pistons,BetMGM,player_rebounds,dean wade,Over,3.5,115,2026-05-06T23:33:52Z,CLE,59.0,22.3,5.8,4.2,1.5,0.7,0.4,0.439,0.362,0.711,2.6,0.7000000000000002,LOW
Cleveland Cavaliers at Detroit Pistons,BetMGM,player_rebounds,dean wade,Under,3.5,-155,2026-05-06T23:33:52Z,CLE,59.0,22.3,5.8,4.2,1.5,0.7,0.4,0.439,0.362,0.711,2.6,0.7000000000000002,LOW
Cleveland Cavaliers at Detroit Pistons,BetMGM,player_rebounds,jarrett allen,Over,7.5,105,2026-05-06T23:33:52Z,CLE,56.0,27.1,15.4,8.5,1.8,1.0,0.8,0.638,0.1,0.709,3.8,1.0,LOW
Cleveland Cavaliers at Detroit Pistons,BetMGM,player_rebounds,jarrett allen,Under,7.5,-140,2026-05-06T23:33:52Z,CLE,56.0,27.1,15.4,8.5,1.8,1.0,0.8,0.638,0.1,0.709,3.8,1.0,LOW
Cleveland Cavaliers at Detroit Pistons,BetMGM,player_rebounds,donovan mitchell,Over,3.5,-160,2026-05-06T23:33:52Z,CLE,70.0,33.5,27.9,4.5,5.7,1.5,0.3,0.483,0.364,0.865,5.3,1.0,LOW
Cleveland Cavaliers at Detroit Pistons,BetMGM,player_rebounds,donovan mitchell,Under,3.5,120,2026-05-06T23:33:52Z,CLE,70.0,33.5,27.9,4.5,5.7,1.5,0.3,0.483,0.364,0.865,5.3,1.0,LOW
Cleveland Cavaliers at Detroit Pistons,BetMGM,player_rebounds,james harden,Over,4.5,-120,2026-05-06T23:33:52Z,CLE,70.0,34.8,23.6,4.8,8.0,1.1,0.4,0.434,0.375,0.884,1.4,0.2999999999999998,LOW
Cleveland Cavaliers at Detroit Pistons,BetMGM,player_rebounds,james harden,Under,4.5,-110,2026-05-06T23:33:52Z,CLE,70.0,34.8,23.6,4.8,8.0,1.1,0.4,0.434,0.375,0.884,1.4,0.2999999999999998,LOW
Cleveland Cavaliers at Detroit Pistons,BetMGM,player_rebounds,evan mobley,Over,8.5,-105,2026-05-06T23:33:52Z,CLE,65.0,31.9,18.2,9.0,3.6,0.7,1.7,0.546,0.297,0.606,3.4,0.5,LOW
Cleveland Cavaliers at Detroit Pistons,BetMGM,player_rebounds,evan mobley,Under,8.5,-125,2026-05-06T23:33:52Z,CLE,65.0,31.9,18.2,9.0,3.6,0.7,1.7,0.546,0.297,0.606,3.4,0.5,LOW
Cleveland Cavaliers at Detroit Pistons,BetMGM,player_rebounds,max strus,Over,4.5,105,2026-05-06T23:33:52Z,CLE,12.0,24.0,11.2,5.4,2.0,0.3,0.0,0.443,0.402,0.778,-0.3,0.9000000000000004,LOW
Cleveland Cavaliers at Detroit Pistons,BetMGM,player_rebounds,max strus,Under,4.5,-140,2026-05-06T23:33:52Z,CLE,12.0,24.0,11.2,5.4,2.0,0.3,0.0,0.443,0.402,0.778,-0.3,0.9000000000000004,LOW
Cleveland Cavaliers at Detroit Pistons,BetMGM,player_rebounds,isaiah stewart ii,Over,2.5,-125,2026-05-06T23:33:52Z,,,,,,,,,,,,,,LOW
Cleveland Cavaliers at Detroit Pistons,BetMGM,player_rebounds,isaiah stewart ii,Under,2.5,-105,2026-05-06T23:33:52Z,,,,,,,,,,,,,,LOW
Cleveland Cavaliers at Detroit Pistons,BetMGM,player_threes,duncan robinson,Over,2.5,-160,2026-05-06T23:33:52Z,DET,77.0,27.4,12.2,2.7,2.1,0.6,0.3,0.456,0.41,0.755,7.0,0.0,LOW
Cleveland Cavaliers at Detroit Pistons,BetMGM,player_threes,duncan robinson,Under,2.5,120,2026-05-06T23:33:52Z,DET,77.0,27.4,12.2,2.7,2.1,0.6,0.3,0.456,0.41,0.755,7.0,0.0,LOW
Cleveland Cavaliers at Detroit Pistons,BetMGM,player_threes,cade cunningham,Over,2.5,100,2026-05-06T23:33:52Z,DET,64.0,33.9,23.9,5.5,9.9,1.4,0.8,0.461,0.342,0.812,8.1,0.0,LOW
Cleveland Cavaliers at Detroit Pistons,BetMGM,player_threes,cade cunningham,Under,2.5,-135,2026-05-06T23:33:52Z,DET,64.0,33.9,23.9,5.5,9.9,1.4,0.8,0.461,0.342,0.812,8.1,0.0,LOW
Cleveland Cavaliers at Detroit Pistons,BetMGM,player_threes,tobias harris,Over,1.5,100,2026-05-06T23:33:52Z,DET,63.0,27.7,13.3,5.1,2.5,0.9,0.4,0.469,0.368,0.866,5.8,0.0,LOW
Cleveland Cavaliers at Detroit Pistons,BetMGM,player_threes,tobias harris,Under,1.5,-135,2026-05-06T23:33:52Z,DET,63.0,27.7,13.3,5.1,2.5,0.9,0.4,0.469,0.368,0.866,5.8,0.0,LOW
Cleveland Cavaliers at Detroit Pistons,BetMGM,player_threes,donovan mitchell,Over,2.5,-135,2026-05-06T23:33:52Z,CLE,70.0,33.5,27.9,4.5,5.7,1.5,0.3,0.483,0.364,0.865,5.3,0.0,LOW
Cleveland Cavaliers at Detroit Pistons,BetMGM,player_threes,donovan mitchell,Under,2.5,100,2026-05-06T23:33:52Z,CLE,70.0,33.5,27.9,4.5,5.7,1.5,0.3,0.483,0.364,0.865,5.3,0.0,LOW
Cleveland Cavaliers at Detroit Pistons,BetMGM,player_threes,james harden,Over,2.5,-105,2026-05-06T23:33:52Z,CLE,70.0,34.8,23.6,4.8,8.0,1.1,0.4,0.434,0.375,0.884,1.4,0.0,LOW
Cleveland Cavaliers at Detroit Pistons,BetMGM,player_threes,james harden,Under,2.5,-125,2026-05-06T23:33:52Z,CLE,70.0,34.8,23.6,4.8,8.0,1.1,0.4,0.434,0.375,0.884,1.4,0.0,LOW
Cleveland Cavaliers at Detroit Pistons,BetMGM,player_threes,evan mobley,Over,0.5,-185,2026-05-06T23:33:52Z,CLE,65.0,31.9,18.2,9.0,3.6,0.7,1.7,0.546,0.297,0.606,3.4,0.0,LOW
Cleveland Cavaliers at Detroit Pistons,BetMGM,player_threes,evan mobley,Under,0.5,135,2026-05-06T23:33:52Z,CLE,65.0,31.9,18.2,9.0,3.6,0.7,1.7,0.546,0.297,0.606,3.4,0.0,LOW
Cleveland Cavaliers at Detroit Pistons,BetMGM,player_threes,max strus,Over,2.5,115,2026-05-06T23:33:52Z,CLE,12.0,24.0,11.2,5.4,2.0,0.3,0.0,0.443,0.402,0.778,-0.3,0.0,LOW
Cleveland Cavaliers at Detroit Pistons,BetMGM,player_threes,max strus,Under,2.5,-155,2026-05-06T23:33:52Z,CLE,12.0,24.0,11.2,5.4,2.0,0.3,0.0,0.443,0.402,0.778,-0.3,0.0,LOW
Cleveland Cavaliers at Detroit Pistons,BetMGM,player_threes,daniss jenkins,Over,1.5,145,2026-05-06T23:33:52Z,DET,72.0,20.2,9.3,2.3,3.9,0.9,0.2,0.408,0.374,0.832,2.9,0.0,LOW
Cleveland Cavaliers at Detroit Pistons,BetMGM,player_threes,daniss jenkins,Under,1.5,-200,2026-05-06T23:33:52Z,DET,72.0,20.2,9.3,2.3,3.9,0.9,0.2,0.408,0.374,0.832,2.9,0.0,LOW
Cleveland Cavaliers at Detroit Pistons,Bovada,player_assists,ausar thompson,Over,2.5,-260,2026-05-06T23:31:08Z,DET,73.0,26.0,9.9,5.7,3.1,2.0,0.9,0.525,0.25,0.571,5.4,0.6000000000000001,LOW
Cleveland Cavaliers at Detroit Pistons,Bovada,player_assists,ausar thompson,Under,2.5,190,2026-05-06T23:31:08Z,DET,73.0,26.0,9.9,5.7,3.1,2.0,0.9,0.525,0.25,0.571,5.4,0.6000000000000001,LOW
Cleveland Cavaliers at Detroit Pistons,Bovada,player_assists,ausar thompson,Over,3.5,-105,2026-05-06T23:31:08Z,DET,73.0,26.0,9.9,5.7,3.1,2.0,0.9,0.525,0.25,0.571,5.4,-0.3999999999999999,LOW
Cleveland Cavaliers at Detroit Pistons,Bovada,player_assists,ausar thompson,Under,3.5,-125,2026-05-06T23:31:08Z,DET,73.0,26.0,9.9,5.7,3.1,2.0,0.9,0.525,0.25,0.571,5.4,-0.3999999999999999,LOW
Cleveland Cavaliers at Detroit Pistons,Bovada,player_assists,ausar thompson,Over,4.5,205,2026-05-06T23:31:08Z,DET,73.0,26.0,9.9,5.7,3.1,2.0,0.9,0.525,0.25,0.571,5.4,-1.4,LOW
Cleveland Cavaliers at Detroit Pistons,Bovada,player_assists,ausar thompson,Under,4.5,-280,2026-05-06T23:31:08Z,DET,73.0,26.0,9.9,5.7,3.1,2.0,0.9,0.525,0.25,0.571,5.4,-1.4,LOW
Cleveland Cavaliers at Detroit Pistons,Bovada,player_assists,cade cunningham,Over,8.5,-250,2026-05-06T23:31:08Z,DET,64.0,33.9,23.9,5.5,9.9,1.4,0.8,0.461,0.342,0.812,8.1,1.4000000000000004,LOW
Cleveland Cavaliers at Detroit Pistons,Bovada,player_assists,cade cunningham,Under,8.5,185,2026-05-06T23:31:08Z,DET,64.0,33.9,23.9,5.5,9.9,1.4,0.8,0.461,0.342,0.812,8.1,1.4000000000000004,LOW
Cleveland Cavaliers at Detroit Pistons,Bovada,player_assists,cade cunningham,Over,9.5,-145,2026-05-06T23:31:08Z,DET,64.0,33.9,23.9,5.5,9.9,1.4,0.8,0.461,0.342,0.812,8.1,0.40000000000000036,LOW
Cleveland Cavaliers at Detroit Pistons,Bovada,player_assists,cade cunningham,Under,9.5,110,2026-05-06T23:31:08Z,DET,64.0,33.9,23.9,5.5,9.9,1.4,0.8,0.461,0.342,0.812,8.1,0.40000000000000036,LOW
Cleveland Cavaliers at Detroit Pistons,Bovada,player_assists,cade cunningham,Over,10.5,110,2026-05-06T23:31:08Z,DET,64.0,33.9,23.9,5.5,9.9,1.4,0.8,0.461,0.342,0.812,8.1,-0.5999999999999996,LOW
Cleveland Cavaliers at Detroit Pistons,Bovada,player_assists,cade cunningham,Under,10.5,-145,2026-05-06T23:31:08Z,DET,64.0,33.9,23.9,5.5,9.9,1.4,0.8,0.461,0.342,0.812,8.1,-0.5999999999999996,LOW
Cleveland Cavaliers at Detroit Pistons,Bovada,player_assists,daniss jenkins,Over,2.5,-200,2026-05-06T23:31:08Z,DET,72.0,20.2,9.3,2.3,3.9,0.9,0.2,0.408,0.374,0.832,2.9,1.4,LOW
Cleveland Cavaliers at Detroit Pistons,Bovada,player_assists,daniss jenkins,Under,2.5,150,2026-05-06T23:31:08Z,DET,72.0,20.2,9.3,2.3,3.9,0.9,0.2,0.408,0.374,0.832,2.9,1.4,LOW
Cleveland Cavaliers at Detroit Pistons,Bovada,player_assists,daniss jenkins,Over,3.5,120,2026-05-06T23:31:08Z,DET,72.0,20.2,9.3,2.3,3.9,0.9,0.2,0.408,0.374,0.832,2.9,0.3999999999999999,LOW
Cleveland Cavaliers at Detroit Pistons,Bovada,player_assists,daniss jenkins,Under,3.5,-160,2026-05-06T23:31:08Z,DET,72.0,20.2,9.3,2.3,3.9,0.9,0.2,0.408,0.374,0.832,2.9,0.3999999999999999,LOW
Cleveland Cavaliers at Detroit Pistons,Bovada,player_assists,donovan mitchell,Over,3.5,-145,2026-05-06T23:31:08Z,CLE,70.0,33.5,27.9,4.5,5.7,1.5,0.3,0.483,0.364,0.865,5.3,2.2,MEDIUM
Cleveland Cavaliers at Detroit Pistons,Bovada,player_assists,donovan mitchell,Under,3.5,110,2026-05-06T23:31:08Z,CLE,70.0,33.5,27.9,4.5,5.7,1.5,0.3,0.483,0.364,0.865,5.3,2.2,MEDIUM
Cleveland Cavaliers at Detroit Pistons,Bovada,player_assists,donovan mitchell,Over,4.5,150,2026-05-06T23:31:08Z,CLE,70.0,33.5,27.9,4.5,5.7,1.5,0.3,0.483,0.364,0.865,5.3,1.2000000000000002,LOW
Cleveland Cavaliers at Detroit Pistons,Bovada,player_assists,donovan mitchell,Under,4.5,-200,2026-05-06T23:31:08Z,CLE,70.0,33.5,27.9,4.5,5.7,1.5,0.3,0.483,0.364,0.865,5.3,1.2000000000000002,LOW
Cleveland Cavaliers at Detroit Pistons,Bovada,player_assists,duncan robinson,Over,1.5,-170,2026-05-06T23:31:08Z,DET,77.0,27.4,12.2,2.7,2.1,0.6,0.3,0.456,0.41,0.755,7.0,0.6000000000000001,LOW
Cleveland Cavaliers at Detroit Pistons,Bovada,player_assists,duncan robinson,Under,1.5,130,2026-05-06T23:31:08Z,DET,77.0,27.4,12.2,2.7,2.1,0.6,0.3,0.456,0.41,0.755,7.0,0.6000000000000001,LOW
Cleveland Cavaliers at Detroit Pistons,Bovada,player_assists,duncan robinson,Over,2.5,170,2026-05-06T23:31:08Z,DET,77.0,27.4,12.2,2.7,2.1,0.6,0.3,0.456,0.41,0.755,7.0,-0.3999999999999999,LOW
Cleveland Cavaliers at Detroit Pistons,Bovada,player_assists,duncan robinson,Under,2.5,-230,2026-05-06T23:31:08Z,DET,77.0,27.4,12.2,2.7,2.1,0.6,0.3,0.456,0.41,0.755,7.0,-0.3999999999999999,LOW
Cleveland Cavaliers at Detroit Pistons,Bovada,player_assists,evan mobley,Over,2.5,-200,2026-05-06T23:31:08Z,CLE,65.0,31.9,18.2,9.0,3.6,0.7,1.7,0.546,0.297,0.606,3.4,1.1,LOW
Cleveland Cavaliers at Detroit Pistons,Bovada,player_assists,evan mobley,Under,2.5,150,2026-05-06T23:31:08Z,CLE,65.0,31.9,18.2,9.0,3.6,0.7,1.7,0.546,0.297,0.606,3.4,1.1,LOW
Cleveland Cavaliers at Detroit Pistons,Bovada,player_assists,evan mobley,Over,3.5,125,2026-05-06T23:31:08Z,CLE,65.0,31.9,18.2,9.0,3.6,0.7,1.7,0.546,0.297,0.606,3.4,0.10000000000000009,LOW
Cleveland Cavaliers at Detroit Pistons,Bovada,player_assists,evan mobley,Under,3.5,-165,2026-05-06T23:31:08Z,CLE,65.0,31.9,18.2,9.0,3.6,0.7,1.7,0.546,0.297,0.606,3.4,0.10000000000000009,LOW
Cleveland Cavaliers at Detroit Pistons,Bovada,player_assists,jalen duren,Over,1.5,-230,2026-05-06T23:31:08Z,DET,70.0,28.2,19.5,10.5,2.0,0.8,0.8,0.65,0.0,0.747,6.9,0.5,LOW
Cleveland Cavaliers at Detroit Pistons,Bovada,player_assists,jalen duren,Under,1.5,170,2026-05-06T23:31:08Z,DET,70.0,28.2,19.5,10.5,2.0,0.8,0.8,0.65,0.0,0.747,6.9,0.5,LOW
Cleveland Cavaliers at Detroit Pistons,Bovada,player_assists,jalen duren,Over,2.5,130,2026-05-06T23:31:08Z,DET,70.0,28.2,19.5,10.5,2.0,0.8,0.8,0.65,0.0,0.747,6.9,-0.5,LOW
Cleveland Cavaliers at Detroit Pistons,Bovada,player_assists,jalen duren,Under,2.5,-170,2026-05-06T23:31:08Z,DET,70.0,28.2,19.5,10.5,2.0,0.8,0.8,0.65,0.0,0.747,6.9,-0.5,LOW
Cleveland Cavaliers at Detroit Pistons,Bovada,player_assists,james harden,Over,5.5,-220,2026-05-06T23:31:08Z,CLE,70.0,34.8,23.6,4.8,8.0,1.1,0.4,0.434,0.375,0.884,1.4,2.5,MEDIUM
Cleveland Cavaliers at Detroit Pistons,Bovada,player_assists,james harden,Under,5.5,165,2026-05-06T23:31:08Z,CLE,70.0,34.8,23.6,4.8,8.0,1.1,0.4,0.434,0.375,0.884,1.4,2.5,MEDIUM
Cleveland Cavaliers at Detroit Pistons,Bovada,player_assists,james harden,Over,6.5,-115,2026-05-06T23:31:08Z,CLE,70.0,34.8,23.6,4.8,8.0,1.1,0.4,0.434,0.375,0.884,1.4,1.5,LOW
Cleveland Cavaliers at Detroit Pistons,Bovada,player_assists,james harden,Under,6.5,-115,2026-05-06T23:31:08Z,CLE,70.0,34.8,23.6,4.8,8.0,1.1,0.4,0.434,0.375,0.884,1.4,1.5,LOW
Cleveland Cavaliers at Detroit Pistons,Bovada,player_assists,james harden,Over,7.5,155,2026-05-06T23:31:08Z,CLE,70.0,34.8,23.6,4.8,8.0,1.1,0.4,0.434,0.375,0.884,1.4,0.5,LOW
Cleveland Cavaliers at Detroit Pistons,Bovada,player_assists,james harden,Under,7.5,-210,2026-05-06T23:31:08Z,CLE,70.0,34.8,23.6,4.8,8.0,1.1,0.4,0.434,0.375,0.884,1.4,0.5,LOW
Cleveland Cavaliers at Detroit Pistons,Bovada,player_assists,jarrett allen,Over,0.5,-250,2026-05-06T23:31:08Z,CLE,56.0,27.1,15.4,8.5,1.8,1.0,0.8,0.638,0.1,0.709,3.8,1.3,LOW
Cleveland Cavaliers at Detroit Pistons,Bovada,player_assists,jarrett allen,Under,0.5,185,2026-05-06T23:31:08Z,CLE,56.0,27.1,15.4,8.5,1.8,1.0,0.8,0.638,0.1,0.709,3.8,1.3,LOW
Cleveland Cavaliers at Detroit Pistons,Bovada,player_assists,jarrett allen,Over,1.5,175,2026-05-06T23:31:08Z,CLE,56.0,27.1,15.4,8.5,1.8,1.0,0.8,0.638,0.1,0.709,3.8,0.30000000000000004,LOW
Cleveland Cavaliers at Detroit Pistons,Bovada,player_assists,jarrett allen,Under,1.5,-240,2026-05-06T23:31:08Z,CLE,56.0,27.1,15.4,8.5,1.8,1.0,0.8,0.638,0.1,0.709,3.8,0.30000000000000004,LOW
Cleveland Cavaliers at Detroit Pistons,Bovada,player_assists,tobias harris,Over,1.5,-170,2026-05-06T23:31:08Z,DET,63.0,27.7,13.3,5.1,2.5,0.9,0.4,0.469,0.368,0.866,5.8,1.0,LOW
Cleveland Cavaliers at Detroit Pistons,Bovada,player_assists,tobias harris,Under,1.5,130,2026-05-06T23:31:08Z,DET,63.0,27.7,13.3,5.1,2.5,0.9,0.4,0.469,0.368,0.866,5.8,1.0,LOW
Cleveland Cavaliers at Detroit Pistons,Bovada,player_assists,tobias harris,Over,2.5,170,2026-05-06T23:31:08Z,DET,63.0,27.7,13.3,5.1,2.5,0.9,0.4,0.469,0.368,0.866,5.8,0.0,LOW
Cleveland Cavaliers at Detroit Pistons,Bovada,player_assists,tobias harris,Under,2.5,-230,2026-05-06T23:31:08Z,DET,63.0,27.7,13.3,5.1,2.5,0.9,0.4,0.469,0.368,0.866,5.8,0.0,LOW
Cleveland Cavaliers at Detroit Pistons,Bovada,player_points,ausar thompson,Over,7.5,-280,2026-05-06T23:31:08Z,DET,73.0,26.0,9.9,5.7,3.1,2.0,0.9,0.525,0.25,0.571,5.4,2.4000000000000004,MEDIUM
Cleveland Cavaliers at Detroit Pistons,Bovada,player_points,ausar thompson,Under,7.5,205,2026-05-06T23:31:08Z,DET,73.0,26.0,9.9,5.7,3.1,2.0,0.9,0.525,0.25,0.571,5.4,2.4000000000000004,MEDIUM
Cleveland Cavaliers at Detroit Pistons,Bovada,player_points,ausar thompson,Over,8.5,-190,2026-05-06T23:31:08Z,DET,73.0,26.0,9.9,5.7,3.1,2.0,0.9,0.525,0.25,0.571,5.4,1.4000000000000004,LOW
Cleveland Cavaliers at Detroit Pistons,Bovada,player_points,ausar thompson,Under,8.5,145,2026-05-06T23:31:08Z,DET,73.0,26.0,9.9,5.7,3.1,2.0,0.9,0.525,0.25,0.571,5.4,1.4000000000000004,LOW
Cleveland Cavaliers at Detroit Pistons,Bovada,player_points,ausar thompson,Over,9.5,-135,2026-05-06T23:31:08Z,DET,73.0,26.0,9.9,5.7,3.1,2.0,0.9,0.525,0.25,0.571,5.4,0.40000000000000036,LOW
Cleveland Cavaliers at Detroit Pistons,Bovada,player_points,ausar thompson,Under,9.5,105,2026-05-06T23:31:08Z,DET,73.0,26.0,9.9,5.7,3.1,2.0,0.9,0.525,0.25,0.571,5.4,0.40000000000000036,LOW
Cleveland Cavaliers at Detroit Pistons,Bovada,player_points,ausar thompson,Over,10.5,100,2026-05-06T23:31:08Z,DET,73.0,26.0,9.9,5.7,3.1,2.0,0.9,0.525,0.25,0.571,5.4,-0.5999999999999996,LOW
Cleveland Cavaliers at Detroit Pistons,Bovada,player_points,ausar thompson,Under,10.5,-130,2026-05-06T23:31:08Z,DET,73.0,26.0,9.9,5.7,3.1,2.0,0.9,0.525,0.25,0.571,5.4,-0.5999999999999996,LOW
Cleveland Cavaliers at Detroit Pistons,Bovada,player_points,ausar thompson,Over,11.5,135,2026-05-06T23:31:08Z,DET,73.0,26.0,9.9,5.7,3.1,2.0,0.9,0.525,0.25,0.571,5.4,-1.5999999999999996,LOW
Cleveland Cavaliers at Detroit Pistons,Bovada,player_points,ausar thompson,Under,11.5,-180,2026-05-06T23:31:08Z,DET,73.0,26.0,9.9,5.7,3.1,2.0,0.9,0.525,0.25,0.571,5.4,-1.5999999999999996,LOW
Cleveland Cavaliers at Detroit Pistons,Bovada,player_points,ausar thompson,Over,12.5,175,2026-05-06T23:31:08Z,DET,73.0,26.0,9.9,5.7,3.1,2.0,0.9,0.525,0.25,0.571,5.4,-2.5999999999999996,LOW
Cleveland Cavaliers at Detroit Pistons,Bovada,player_points,ausar thompson,Under,12.5,-240,2026-05-06T23:31:08Z,DET,73.0,26.0,9.9,5.7,3.1,2.0,0.9,0.525,0.25,0.571,5.4,-2.5999999999999996,LOW
Cleveland Cavaliers at Detroit Pistons,Bovada,player_points,cade cunningham,Over,23.5,-275,2026-05-06T23:31:08Z,DET,64.0,33.9,23.9,5.5,9.9,1.4,0.8,0.461,0.342,0.812,8.1,0.3999999999999986,LOW
Cleveland Cavaliers at Detroit Pistons,Bovada,player_points,cade cunningham,Under,23.5,200,2026-05-06T23:31:08Z,DET,64.0,33.9,23.9,5.5,9.9,1.4,0.8,0.461,0.342,0.812,8.1,0.3999999999999986,LOW
Cleveland Cavaliers at Detroit Pistons,Bovada,player_points,cade cunningham,Over,24.5,-220,2026-05-06T23:31:08Z,DET,64.0,33.9,23.9,5.5,9.9,1.4,0.8,0.461,0.342,0.812,8.1,-0.6000000000000014,LOW
Cleveland Cavaliers at Detroit Pistons,Bovada,player_points,cade cunningham,Under,24.5,165,2026-05-06T23:31:08Z,DET,64.0,33.9,23.9,5.5,9.9,1.4,0.8,0.461,0.342,0.812,8.1,-0.6000000000000014,LOW
Cleveland Cavaliers at Detroit Pistons,Bovada,player_points,cade cunningham,Over,25.5,-180,2026-05-06T23:31:08Z,DET,64.0,33.9,23.9,5.5,9.9,1.4,0.8,0.461,0.342,0.812,8.1,-1.6000000000000014,LOW
Cleveland Cavaliers at Detroit Pistons,Bovada,player_points,cade cunningham,Under,25.5,135,2026-05-06T23:31:08Z,DET,64.0,33.9,23.9,5.5,9.9,1.4,0.8,0.461,0.342,0.812,8.1,-1.6000000000000014,LOW
Cleveland Cavaliers at Detroit Pistons,Bovada,player_points,cade cunningham,Over,26.5,-145,2026-05-06T23:31:08Z,DET,64.0,33.9,23.9,5.5,9.9,1.4,0.8,0.461,0.342,0.812,8.1,-2.6000000000000014,LOW
Cleveland Cavaliers at Detroit Pistons,Bovada,player_points,cade cunningham,Under,26.5,110,2026-05-06T23:31:08Z,DET,64.0,33.9,23.9,5.5,9.9,1.4,0.8,0.461,0.342,0.812,8.1,-2.6000000000000014,LOW
Cleveland Cavaliers at Detroit Pistons,Bovada,player_points,cade cunningham,Over,27.5,-120,2026-05-06T23:31:08Z,DET,64.0,33.9,23.9,5.5,9.9,1.4,0.8,0.461,0.342,0.812,8.1,-3.6000000000000014,LOW
Cleveland Cavaliers at Detroit Pistons,Bovada,player_points,cade cunningham,Under,27.5,-110,2026-05-06T23:31:08Z,DET,64.0,33.9,23.9,5.5,9.9,1.4,0.8,0.461,0.342,0.812,8.1,-3.6000000000000014,LOW
Cleveland Cavaliers at Detroit Pistons,Bovada,player_points,cade cunningham,Over,28.5,100,2026-05-06T23:31:08Z,DET,64.0,33.9,23.9,5.5,9.9,1.4,0.8,0.461,0.342,0.812,8.1,-4.600000000000001,LOW
Cleveland Cavaliers at Detroit Pistons,Bovada,player_points,cade cunningham,Under,28.5,-130,2026-05-06T23:31:08Z,DET,64.0,33.9,23.9,5.5,9.9,1.4,0.8,0.461,0.342,0.812,8.1,-4.600000000000001,LOW
Cleveland Cavaliers at Detroit Pistons,Bovada,player_points,cade cunningham,Over,29.5,120,2026-05-06T23:31:08Z,DET,64.0,33.9,23.9,5.5,9.9,1.4,0.8,0.461,0.342,0.812,8.1,-5.600000000000001,LOW
Cleveland Cavaliers at Detroit Pistons,Bovada,player_points,cade cunningham,Under,29.5,-160,2026-05-06T23:31:08Z,DET,64.0,33.9,23.9,5.5,9.9,1.4,0.8,0.461,0.342,0.812,8.1,-5.600000000000001,LOW
Cleveland Cavaliers at Detroit Pistons,Bovada,player_points,cade cunningham,Over,30.5,145,2026-05-06T23:31:08Z,DET,64.0,33.9,23.9,5.5,9.9,1.4,0.8,0.461,0.342,0.812,8.1,-6.600000000000001,LOW
Cleveland Cavaliers at Detroit Pistons,Bovada,player_points,cade cunningham,Under,30.5,-190,2026-05-06T23:31:08Z,DET,64.0,33.9,23.9,5.5,9.9,1.4,0.8,0.461,0.342,0.812,8.1,-6.600000000000001,LOW
Cleveland Cavaliers at Detroit Pistons,Bovada,player_points,cade cunningham,Over,31.5,170,2026-05-06T23:31:08Z,DET,64.0,33.9,23.9,5.5,9.9,1.4,0.8,0.461,0.342,0.812,8.1,-7.600000000000001,LOW
Cleveland Cavaliers at Detroit Pistons,Bovada,player_points,cade cunningham,Under,31.5,-230,2026-05-06T23:31:08Z,DET,64.0,33.9,23.9,5.5,9.9,1.4,0.8,0.461,0.342,0.812,8.1,-7.600000000000001,LOW
Cleveland Cavaliers at Detroit Pistons,Bovada,player_points,cade cunningham,Over,32.5,205,2026-05-06T23:31:08Z,DET,64.0,33.9,23.9,5.5,9.9,1.4,0.8,0.461,0.342,0.812,8.1,-8.600000000000001,LOW
Cleveland Cavaliers at Detroit Pistons,Bovada,player_points,cade cunningham,Under,32.5,-280,2026-05-06T23:31:08Z,DET,64.0,33.9,23.9,5.5,9.9,1.4,0.8,0.461,0.342,0.812,8.1,-8.600000000000001,LOW
Cleveland Cavaliers at Detroit Pistons,Bovada,player_points,daniss jenkins,Over,6.5,-230,2026-05-06T23:31:08Z,DET,72.0,20.2,9.3,2.3,3.9,0.9,0.2,0.408,0.374,0.832,2.9,2.8000000000000007,MEDIUM
Cleveland Cavaliers at Detroit Pistons,Bovada,player_points,daniss jenkins,Under,6.5,170,2026-05-06T23:31:08Z,DET,72.0,20.2,9.3,2.3,3.9,0.9,0.2,0.408,0.374,0.832,2.9,2.8000000000000007,MEDIUM
Cleveland Cavaliers at Detroit Pistons,Bovada,player_points,daniss jenkins,Over,7.5,-150,2026-05-06T23:31:08Z,DET,72.0,20.2,9.3,2.3,3.9,0.9,0.2,0.408,0.374,0.832,2.9,1.8000000000000007,LOW
Cleveland Cavaliers at Detroit Pistons,Bovada,player_points,daniss jenkins,Under,7.5,115,2026-05-06T23:31:08Z,DET,72.0,20.2,9.3,2.3,3.9,0.9,0.2,0.408,0.374,0.832,2.9,1.8000000000000007,LOW
Cleveland Cavaliers at Detroit Pistons,Bovada,player_points,daniss jenkins,Over,8.5,-110,2026-05-06T23:31:08Z,DET,72.0,20.2,9.3,2.3,3.9,0.9,0.2,0.408,0.374,0.832,2.9,0.8000000000000007,LOW
Cleveland Cavaliers at Detroit Pistons,Bovada,player_points,daniss jenkins,Under,8.5,-120,2026-05-06T23:31:08Z,DET,72.0,20.2,9.3,2.3,3.9,0.9,0.2,0.408,0.374,0.832,2.9,0.8000000000000007,LOW
Cleveland Cavaliers at Detroit Pistons,Bovada,player_points,daniss jenkins,Over,9.5,125,2026-05-06T23:31:08Z,DET,72.0,20.2,9.3,2.3,3.9,0.9,0.2,0.408,0.374,0.832,2.9,-0.1999999999999993,LOW
Cleveland Cavaliers at Detroit Pistons,Bovada,player_points,daniss jenkins,Under,9.5,-165,2026-05-06T23:31:08Z,DET,72.0,20.2,9.3,2.3,3.9,0.9,0.2,0.408,0.374,0.832,2.9,-0.1999999999999993,LOW
Cleveland Cavaliers at Detroit Pistons,Bovada,player_points,daniss jenkins,Over,10.5,170,2026-05-06T23:31:08Z,DET,72.0,20.2,9.3,2.3,3.9,0.9,0.2,0.408,0.374,0.832,2.9,-1.1999999999999993,LOW
Cleveland Cavaliers at Detroit Pistons,Bovada,player_points,daniss jenkins,Under,10.5,-230,2026-05-06T23:31:08Z,DET,72.0,20.2,9.3,2.3,3.9,0.9,0.2,0.408,0.374,0.832,2.9,-1.1999999999999993,LOW
Cleveland Cavaliers at Detroit Pistons,Bovada,player_points,dean wade,Over,3.5,-180,2026-05-06T23:31:08Z,CLE,59.0,22.3,5.8,4.2,1.5,0.7,0.4,0.439,0.362,0.711,2.6,2.3,MEDIUM
Cleveland Cavaliers at Detroit Pistons,Bovada,player_points,dean wade,Under,3.5,135,2026-05-06T23:31:08Z,CLE,59.0,22.3,5.8,4.2,1.5,0.7,0.4,0.439,0.362,0.711,2.6,2.3,MEDIUM
Cleveland Cavaliers at Detroit Pistons,Bovada,player_points,dean wade,Over,4.5,-110,2026-05-06T23:31:08Z,CLE,59.0,22.3,5.8,4.2,1.5,0.7,0.4,0.439,0.362,0.711,2.6,1.2999999999999998,LOW
Cleveland Cavaliers at Detroit Pistons,Bovada,player_points,dean wade,Under,4.5,-120,2026-05-06T23:31:08Z,CLE,59.0,22.3,5.8,4.2,1.5,0.7,0.4,0.439,0.362,0.711,2.6,1.2999999999999998,LOW
Cleveland Cavaliers at Detroit Pistons,Bovada,player_points,dean wade,Over,5.5,135,2026-05-06T23:31:08Z,CLE,59.0,22.3,5.8,4.2,1.5,0.7,0.4,0.439,0.362,0.711,2.6,0.2999999999999998,LOW
Cleveland Cavaliers at Detroit Pistons,Bovada,player_points,dean wade,Under,5.5,-180,2026-05-06T23:31:08Z,CLE,59.0,22.3,5.8,4.2,1.5,0.7,0.4,0.439,0.362,0.711,2.6,0.2999999999999998,LOW
Cleveland Cavaliers at Detroit Pistons,Bovada,player_points,dean wade,Over,6.5,200,2026-05-06T23:31:08Z,CLE,59.0,22.3,5.8,4.2,1.5,0.7,0.4,0.439,0.362,0.711,2.6,-0.7000000000000002,LOW
Cleveland Cavaliers at Detroit Pistons,Bovada,player_points,dean wade,Under,6.5,-275,2026-05-06T23:31:08Z,CLE,59.0,22.3,5.8,4.2,1.5,0.7,0.4,0.439,0.362,0.711,2.6,-0.7000000000000002,LOW
Cleveland Cavaliers at Detroit Pistons,Bovada,player_points,donovan mitchell,Over,20.5,-260,2026-05-06T23:31:08Z,CLE,70.0,33.5,27.9,4.5,5.7,1.5,0.3,0.483,0.364,0.865,5.3,7.399999999999999,HIGH
Cleveland Cavaliers at Detroit Pistons,Bovada,player_points,donovan mitchell,Under,20.5,190,2026-05-06T23:31:08Z,CLE,70.0,33.5,27.9,4.5,5.7,1.5,0.3,0.483,0.364,0.865,5.3,7.399999999999999,HIGH
Cleveland Cavaliers at Detroit Pistons,Bovada,player_points,donovan mitchell,Over,21.5,-210,2026-05-06T23:31:08Z,CLE,70.0,33.5,27.9,4.5,5.7,1.5,0.3,0.483,0.364,0.865,5.3,6.399999999999999,HIGH
Cleveland Cavaliers at Detroit Pistons,Bovada,player_points,donovan mitchell,Under,21.5,155,2026-05-06T23:31:08Z,CLE,70.0,33.5,27.9,4.5,5.7,1.5,0.3,0.483,0.364,0.865,5.3,6.399999999999999,HIGH
Cleveland Cavaliers at Detroit Pistons,Bovada,player_points,donovan mitchell,Over,22.5,-165,2026-05-06T23:31:08Z,CLE,70.0,33.5,27.9,4.5,5.7,1.5,0.3,0.483,0.364,0.865,5.3,5.399999999999999,HIGH
Cleveland Cavaliers at Detroit Pistons,Bovada,player_points,donovan mitchell,Under,22.5,125,2026-05-06T23:31:08Z,CLE,70.0,33.5,27.9,4.5,5.7,1.5,0.3,0.483,0.364,0.865,5.3,5.399999999999999,HIGH
Cleveland Cavaliers at Detroit Pistons,Bovada,player_points,donovan mitchell,Over,23.5,-135,2026-05-06T23:31:08Z,CLE,70.0,33.5,27.9,4.5,5.7,1.5,0.3,0.483,0.364,0.865,5.3,4.399999999999999,HIGH
Cleveland Cavaliers at Detroit Pistons,Bovada,player_points,donovan mitchell,Under,23.5,105,2026-05-06T23:31:08Z,CLE,70.0,33.5,27.9,4.5,5.7,1.5,0.3,0.483,0.364,0.865,5.3,4.399999999999999,HIGH
Cleveland Cavaliers at Detroit Pistons,Bovada,player_points,donovan mitchell,Over,24.5,-110,2026-05-06T23:31:08Z,CLE,70.0,33.5,27.9,4.5,5.7,1.5,0.3,0.483,0.364,0.865,5.3,3.3999999999999986,MEDIUM
Cleveland Cavaliers at Detroit Pistons,Bovada,player_points,donovan mitchell,Under,24.5,-120,2026-05-06T23:31:08Z,CLE,70.0,33.5,27.9,4.5,5.7,1.5,0.3,0.483,0.364,0.865,5.3,3.3999999999999986,MEDIUM
Cleveland Cavaliers at Detroit Pistons,Bovada,player_points,donovan mitchell,Over,25.5,110,2026-05-06T23:31:08Z,CLE,70.0,33.5,27.9,4.5,5.7,1.5,0.3,0.483,0.364,0.865,5.3,2.3999999999999986,MEDIUM
Cleveland Cavaliers at Detroit Pistons,Bovada,player_points,donovan mitchell,Under,25.5,-145,2026-05-06T23:31:08Z,CLE,70.0,33.5,27.9,4.5,5.7,1.5,0.3,0.483,0.364,0.865,5.3,2.3999999999999986,MEDIUM
Cleveland Cavaliers at Detroit Pistons,Bovada,player_points,donovan mitchell,Over,26.5,135,2026-05-06T23:31:08Z,CLE,70.0,33.5,27.9,4.5,5.7,1.5,0.3,0.483,0.364,0.865,5.3,1.3999999999999986,LOW
Cleveland Cavaliers at Detroit Pistons,Bovada,player_points,donovan mitchell,Under,26.5,-180,2026-05-06T23:31:08Z,CLE,70.0,33.5,27.9,4.5,5.7,1.5,0.3,0.483,0.364,0.865,5.3,1.3999999999999986,LOW
Cleveland Cavaliers at Detroit Pistons,Bovada,player_points,donovan mitchell,Over,27.5,165,2026-05-06T23:31:08Z,CLE,70.0,33.5,27.9,4.5,5.7,1.5,0.3,0.483,0.364,0.865,5.3,0.3999999999999986,LOW
Cleveland Cavaliers at Detroit Pistons,Bovada,player_points,donovan mitchell,Under,27.5,-220,2026-05-06T23:31:08Z,CLE,70.0,33.5,27.9,4.5,5.7,1.5,0.3,0.483,0.364,0.865,5.3,0.3999999999999986,LOW
Cleveland Cavaliers at Detroit Pistons,Bovada,player_points,donovan mitchell,Over,28.5,200,2026-05-06T23:31:08Z,CLE,70.0,33.5,27.9,4.5,5.7,1.5,0.3,0.483,0.364,0.865,5.3,-0.6000000000000014,LOW
Cleveland Cavaliers at Detroit Pistons,Bovada,player_points,donovan mitchell,Under,28.5,-275,2026-05-06T23:31:08Z,CLE,70.0,33.5,27.9,4.5,5.7,1.5,0.3,0.483,0.364,0.865,5.3,-0.6000000000000014,LOW
Cleveland Cavaliers at Detroit Pistons,Bovada,player_points,duncan robinson,Over,8.5,-275,2026-05-06T23:31:08Z,DET,77.0,27.4,12.2,2.7,2.1,0.6,0.3,0.456,0.41,0.755,7.0,3.6999999999999993,MEDIUM
Cleveland Cavaliers at Detroit Pistons,Bovada,player_points,duncan robinson,Under,8.5,200,2026-05-06T23:31:08Z,DET,77.0,27.4,12.2,2.7,2.1,0.6,0.3,0.456,0.41,0.755,7.0,3.6999999999999993,MEDIUM
Cleveland Cavaliers at Detroit Pistons,Bovada,player_points,duncan robinson,Over,9.5,-190,2026-05-06T23:31:08Z,DET,77.0,27.4,12.2,2.7,2.1,0.6,0.3,0.456,0.41,0.755,7.0,2.6999999999999993,MEDIUM
Cleveland Cavaliers at Detroit Pistons,Bovada,player_points,duncan robinson,Under,9.5,145,2026-05-06T23:31:08Z,DET,77.0,27.4,12.2,2.7,2.1,0.6,0.3,0.456,0.41,0.755,7.0,2.6999999999999993,MEDIUM
Cleveland Cavaliers at Detroit Pistons,Bovada,player_points,duncan robinson,Over,10.5,-145,2026-05-06T23:31:08Z,DET,77.0,27.4,12.2,2.7,2.1,0.6,0.3,0.456,0.41,0.755,7.0,1.6999999999999993,LOW
Cleveland Cavaliers at Detroit Pistons,Bovada,player_points,duncan robinson,Under,10.5,110,2026-05-06T23:31:08Z,DET,77.0,27.4,12.2,2.7,2.1,0.6,0.3,0.456,0.41,0.755,7.0,1.6999999999999993,LOW
Cleveland Cavaliers at Detroit Pistons,Bovada,player_points,duncan robinson,Over,11.5,-105,2026-05-06T23:31:08Z,DET,77.0,27.4,12.2,2.7,2.1,0.6,0.3,0.456,0.41,0.755,7.0,0.6999999999999993,LOW
Cleveland Cavaliers at Detroit Pistons,Bovada,player_points,duncan robinson,Under,11.5,-125,2026-05-06T23:31:08Z,DET,77.0,27.4,12.2,2.7,2.1,0.6,0.3,0.456,0.41,0.755,7.0,0.6999999999999993,LOW
Cleveland Cavaliers at Detroit Pistons,Bovada,player_points,duncan robinson,Over,12.5,125,2026-05-06T23:31:08Z,DET,77.0,27.4,12.2,2.7,2.1,0.6,0.3,0.456,0.41,0.755,7.0,-0.3000000000000007,LOW
Cleveland Cavaliers at Detroit Pistons,Bovada,player_points,duncan robinson,Under,12.5,-165,2026-05-06T23:31:08Z,DET,77.0,27.4,12.2,2.7,2.1,0.6,0.3,0.456,0.41,0.755,7.0,-0.3000000000000007,LOW
Cleveland Cavaliers at Detroit Pistons,Bovada,player_points,duncan robinson,Over,13.5,165,2026-05-06T23:31:08Z,DET,77.0,27.4,12.2,2.7,2.1,0.6,0.3,0.456,0.41,0.755,7.0,-1.3000000000000007,LOW
Cleveland Cavaliers at Detroit Pistons,Bovada,player_points,duncan robinson,Under,13.5,-220,2026-05-06T23:31:08Z,DET,77.0,27.4,12.2,2.7,2.1,0.6,0.3,0.456,0.41,0.755,7.0,-1.3000000000000007,LOW
Cleveland Cavaliers at Detroit Pistons,Bovada,player_points,evan mobley,Over,12.5,-230,2026-05-06T23:31:08Z,CLE,65.0,31.9,18.2,9.0,3.6,0.7,1.7,0.546,0.297,0.606,3.4,5.699999999999999,HIGH
Cleveland Cavaliers at Detroit Pistons,Bovada,player_points,evan mobley,Under,12.5,170,2026-05-06T23:31:08Z,CLE,65.0,31.9,18.2,9.0,3.6,0.7,1.7,0.546,0.297,0.606,3.4,5.699999999999999,HIGH
Cleveland Cavaliers at Detroit Pistons,Bovada,player_points,evan mobley,Over,13.5,-170,2026-05-06T23:31:08Z,CLE,65.0,31.9,18.2,9.0,3.6,0.7,1.7,0.546,0.297,0.606,3.4,4.699999999999999,HIGH
Cleveland Cavaliers at Detroit Pistons,Bovada,player_points,evan mobley,Under,13.5,130,2026-05-06T23:31:08Z,CLE,65.0,31.9,18.2,9.0,3.6,0.7,1.7,0.546,0.297,0.606,3.4,4.699999999999999,HIGH
Cleveland Cavaliers at Detroit Pistons,Bovada,player_points,evan mobley,Over,14.5,-130,2026-05-06T23:31:08Z,CLE,65.0,31.9,18.2,9.0,3.6,0.7,1.7,0.546,0.297,0.606,3.4,3.6999999999999993,MEDIUM
Cleveland Cavaliers at Detroit Pistons,Bovada,player_points,evan mobley,Under,14.5,100,2026-05-06T23:31:08Z,CLE,65.0,31.9,18.2,9.0,3.6,0.7,1.7,0.546,0.297,0.606,3.4,3.6999999999999993,MEDIUM
Cleveland Cavaliers at Detroit Pistons,Bovada,player_points,evan mobley,Over,15.5,100,2026-05-06T23:31:08Z,CLE,65.0,31.9,18.2,9.0,3.6,0.7,1.7,0.546,0.297,0.606,3.4,2.6999999999999993,MEDIUM
Cleveland Cavaliers at Detroit Pistons,Bovada,player_points,evan mobley,Under,15.5,-130,2026-05-06T23:31:08Z,CLE,65.0,31.9,18.2,9.0,3.6,0.7,1.7,0.546,0.297,0.606,3.4,2.6999999999999993,MEDIUM
Cleveland Cavaliers at Detroit Pistons,Bovada,player_points,evan mobley,Over,16.5,125,2026-05-06T23:31:08Z,CLE,65.0,31.9,18.2,9.0,3.6,0.7,1.7,0.546,0.297,0.606,3.4,1.6999999999999993,LOW
Cleveland Cavaliers at Detroit Pistons,Bovada,player_points,evan mobley,Under,16.5,-165,2026-05-06T23:31:08Z,CLE,65.0,31.9,18.2,9.0,3.6,0.7,1.7,0.546,0.297,0.606,3.4,1.6999999999999993,LOW
Cleveland Cavaliers at Detroit Pistons,Bovada,player_points,evan mobley,Over,17.5,160,2026-05-06T23:31:08Z,CLE,65.0,31.9,18.2,9.0,3.6,0.7,1.7,0.546,0.297,0.606,3.4,0.6999999999999993,LOW
Cleveland Cavaliers at Detroit Pistons,Bovada,player_points,evan mobley,Under,17.5,-215,2026-05-06T23:31:08Z,CLE,65.0,31.9,18.2,9.0,3.6,0.7,1.7,0.546,0.297,0.606,3.4,0.6999999999999993,LOW
Cleveland Cavaliers at Detroit Pistons,Bovada,player_points,evan mobley,Over,18.5,200,2026-05-06T23:31:08Z,CLE,65.0,31.9,18.2,9.0,3.6,0.7,1.7,0.546,0.297,0.606,3.4,-0.3000000000000007,LOW
Cleveland Cavaliers at Detroit Pistons,Bovada,player_points,evan mobley,Under,18.5,-275,2026-05-06T23:31:08Z,CLE,65.0,31.9,18.2,9.0,3.6,0.7,1.7,0.546,0.297,0.606,3.4,-0.3000000000000007,LOW
Cleveland Cavaliers at Detroit Pistons,Bovada,player_points,isaiah stewart ii,Over,2.5,-240,2026-05-06T23:31:08Z,,,,,,,,,,,,,,LOW
Cleveland Cavaliers at Detroit Pistons,Bovada,player_points,isaiah stewart ii,Under,2.5,175,2026-05-06T23:31:08Z,,,,,,,,,,,,,,LOW
Cleveland Cavaliers at Detroit Pistons,Bovada,player_points,isaiah stewart ii,Over,3.5,-135,2026-05-06T23:31:08Z,,,,,,,,,,,,,,LOW
Cleveland Cavaliers at Detroit Pistons,Bovada,player_points,isaiah stewart ii,Under,3.5,105,2026-05-06T23:31:08Z,,,,,,,,,,,,,,LOW
Cleveland Cavaliers at Detroit Pistons,Bovada,player_points,isaiah stewart ii,Over,4.5,115,2026-05-06T23:31:08Z,,,,,,,,,,,,,,LOW
Cleveland Cavaliers at Detroit Pistons,Bovada,player_points,isaiah stewart ii,Under,4.5,-150,2026-05-06T23:31:08Z,,,,,,,,,,,,,,LOW
Cleveland Cavaliers at Detroit Pistons,Bovada,player_points,isaiah stewart ii,Over,5.5,170,2026-05-06T23:31:08Z,,,,,,,,,,,,,,LOW
Cleveland Cavaliers at Detroit Pistons,Bovada,player_points,isaiah stewart ii,Under,5.5,-230,2026-05-06T23:31:08Z,,,,,,,,,,,,,,LOW
Cleveland Cavaliers at Detroit Pistons,Bovada,player_points,jalen duren,Over,11.5,-260,2026-05-06T23:31:08Z,DET,70.0,28.2,19.5,10.5,2.0,0.8,0.8,0.65,0.0,0.747,6.9,8.0,HIGH
Cleveland Cavaliers at Detroit Pistons,Bovada,player_points,jalen duren,Under,11.5,190,2026-05-06T23:31:08Z,DET,70.0,28.2,19.5,10.5,2.0,0.8,0.8,0.65,0.0,0.747,6.9,8.0,HIGH
Cleveland Cavaliers at Detroit Pistons,Bovada,player_points,jalen duren,Over,12.5,-190,2026-05-06T23:31:08Z,DET,70.0,28.2,19.5,10.5,2.0,0.8,0.8,0.65,0.0,0.747,6.9,7.0,HIGH
Cleveland Cavaliers at Detroit Pistons,Bovada,player_points,jalen duren,Under,12.5,145,2026-05-06T23:31:08Z,DET,70.0,28.2,19.5,10.5,2.0,0.8,0.8,0.65,0.0,0.747,6.9,7.0,HIGH
Cleveland Cavaliers at Detroit Pistons,Bovada,player_points,jalen duren,Over,13.5,-145,2026-05-06T23:31:08Z,DET,70.0,28.2,19.5,10.5,2.0,0.8,0.8,0.65,0.0,0.747,6.9,6.0,HIGH
Cleveland Cavaliers at Detroit Pistons,Bovada,player_points,jalen duren,Under,13.5,110,2026-05-06T23:31:08Z,DET,70.0,28.2,19.5,10.5,2.0,0.8,0.8,0.65,0.0,0.747,6.9,6.0,HIGH
Cleveland Cavaliers at Detroit Pistons,Bovada,player_points,jalen duren,Over,14.5,-110,2026-05-06T23:31:08Z,DET,70.0,28.2,19.5,10.5,2.0,0.8,0.8,0.65,0.0,0.747,6.9,5.0,HIGH
Cleveland Cavaliers at Detroit Pistons,Bovada,player_points,jalen duren,Under,14.5,-120,2026-05-06T23:31:08Z,DET,70.0,28.2,19.5,10.5,2.0,0.8,0.8,0.65,0.0,0.747,6.9,5.0,HIGH
Cleveland Cavaliers at Detroit Pistons,Bovada,player_points,jalen duren,Over,15.5,115,2026-05-06T23:31:08Z,DET,70.0,28.2,19.5,10.5,2.0,0.8,0.8,0.65,0.0,0.747,6.9,4.0,HIGH
Cleveland Cavaliers at Detroit Pistons,Bovada,player_points,jalen duren,Under,15.5,-150,2026-05-06T23:31:08Z,DET,70.0,28.2,19.5,10.5,2.0,0.8,0.8,0.65,0.0,0.747,6.9,4.0,HIGH
Cleveland Cavaliers at Detroit Pistons,Bovada,player_points,jalen duren,Over,16.5,150,2026-05-06T23:31:08Z,DET,70.0,28.2,19.5,10.5,2.0,0.8,0.8,0.65,0.0,0.747,6.9,3.0,MEDIUM
Cleveland Cavaliers at Detroit Pistons,Bovada,player_points,jalen duren,Under,16.5,-200,2026-05-06T23:31:08Z,DET,70.0,28.2,19.5,10.5,2.0,0.8,0.8,0.65,0.0,0.747,6.9,3.0,MEDIUM
Cleveland Cavaliers at Detroit Pistons,Bovada,player_points,jalen duren,Over,17.5,185,2026-05-06T23:31:08Z,DET,70.0,28.2,19.5,10.5,2.0,0.8,0.8,0.65,0.0,0.747,6.9,2.0,MEDIUM
Cleveland Cavaliers at Detroit Pistons,Bovada,player_points,jalen duren,Under,17.5,-250,2026-05-06T23:31:08Z,DET,70.0,28.2,19.5,10.5,2.0,0.8,0.8,0.65,0.0,0.747,6.9,2.0,MEDIUM
Cleveland Cavaliers at Detroit Pistons,Bovada,player_points,james harden,Over,16.5,-230,2026-05-06T23:31:08Z,CLE,70.0,34.8,23.6,4.8,8.0,1.1,0.4,0.434,0.375,0.884,1.4,7.100000000000001,HIGH
Cleveland Cavaliers at Detroit Pistons,Bovada,player_points,james harden,Under,16.5,170,2026-05-06T23:31:08Z,CLE,70.0,34.8,23.6,4.8,8.0,1.1,0.4,0.434,0.375,0.884,1.4,7.100000000000001,HIGH
Cleveland Cavaliers at Detroit Pistons,Bovada,player_points,james harden,Over,17.5,-180,2026-05-06T23:31:08Z,CLE,70.0,34.8,23.6,4.8,8.0,1.1,0.4,0.434,0.375,0.884,1.4,6.100000000000001,HIGH
Cleveland Cavaliers at Detroit Pistons,Bovada,player_points,james harden,Under,17.5,135,2026-05-06T23:31:08Z,CLE,70.0,34.8,23.6,4.8,8.0,1.1,0.4,0.434,0.375,0.884,1.4,6.100000000000001,HIGH
Cleveland Cavaliers at Detroit Pistons,Bovada,player_points,james harden,Over,18.5,-135,2026-05-06T23:31:08Z,CLE,70.0,34.8,23.6,4.8,8.0,1.1,0.4,0.434,0.375,0.884,1.4,5.100000000000001,HIGH
Cleveland Cavaliers at Detroit Pistons,Bovada,player_points,james harden,Under,18.5,105,2026-05-06T23:31:08Z,CLE,70.0,34.8,23.6,4.8,8.0,1.1,0.4,0.434,0.375,0.884,1.4,5.100000000000001,HIGH
Cleveland Cavaliers at Detroit Pistons,Bovada,player_points,james harden,Over,19.5,-110,2026-05-06T23:31:08Z,CLE,70.0,34.8,23.6,4.8,8.0,1.1,0.4,0.434,0.375,0.884,1.4,4.100000000000001,HIGH
Cleveland Cavaliers at Detroit Pistons,Bovada,player_points,james harden,Under,19.5,-120,2026-05-06T23:31:08Z,CLE,70.0,34.8,23.6,4.8,8.0,1.1,0.4,0.434,0.375,0.884,1.4,4.100000000000001,HIGH
Cleveland Cavaliers at Detroit Pistons,Bovada,player_points,james harden,Over,20.5,115,2026-05-06T23:31:08Z,CLE,70.0,34.8,23.6,4.8,8.0,1.1,0.4,0.434,0.375,0.884,1.4,3.1000000000000014,MEDIUM
Cleveland Cavaliers at Detroit Pistons,Bovada,player_points,james harden,Under,20.5,-150,2026-05-06T23:31:08Z,CLE,70.0,34.8,23.6,4.8,8.0,1.1,0.4,0.434,0.375,0.884,1.4,3.1000000000000014,MEDIUM
Cleveland Cavaliers at Detroit Pistons,Bovada,player_points,james harden,Over,21.5,140,2026-05-06T23:31:08Z,CLE,70.0,34.8,23.6,4.8,8.0,1.1,0.4,0.434,0.375,0.884,1.4,2.1000000000000014,MEDIUM
Cleveland Cavaliers at Detroit Pistons,Bovada,player_points,james harden,Under,21.5,-185,2026-05-06T23:31:08Z,CLE,70.0,34.8,23.6,4.8,8.0,1.1,0.4,0.434,0.375,0.884,1.4,2.1000000000000014,MEDIUM
Cleveland Cavaliers at Detroit Pistons,Bovada,player_points,james harden,Over,22.5,170,2026-05-06T23:31:08Z,CLE,70.0,34.8,23.6,4.8,8.0,1.1,0.4,0.434,0.375,0.884,1.4,1.1000000000000014,LOW
Cleveland Cavaliers at Detroit Pistons,Bovada,player_points,james harden,Under,22.5,-230,2026-05-06T23:31:08Z,CLE,70.0,34.8,23.6,4.8,8.0,1.1,0.4,0.434,0.375,0.884,1.4,1.1000000000000014,LOW
Cleveland Cavaliers at Detroit Pistons,Bovada,player_points,james harden,Over,23.5,210,2026-05-06T23:31:08Z,CLE,70.0,34.8,23.6,4.8,8.0,1.1,0.4,0.434,0.375,0.884,1.4,0.10000000000000142,LOW
Cleveland Cavaliers at Detroit Pistons,Bovada,player_points,james harden,Under,23.5,-290,2026-05-06T23:31:08Z,CLE,70.0,34.8,23.6,4.8,8.0,1.1,0.4,0.434,0.375,0.884,1.4,0.10000000000000142,LOW
Cleveland Cavaliers at Detroit Pistons,Bovada,player_points,jarrett allen,Over,8.5,-230,2026-05-06T23:31:08Z,CLE,56.0,27.1,15.4,8.5,1.8,1.0,0.8,0.638,0.1,0.709,3.8,6.9,HIGH
Cleveland Cavaliers at Detroit Pistons,Bovada,player_points,jarrett allen,Under,8.5,170,2026-05-06T23:31:08Z,CLE,56.0,27.1,15.4,8.5,1.8,1.0,0.8,0.638,0.1,0.709,3.8,6.9,HIGH
Cleveland Cavaliers at Detroit Pistons,Bovada,player_points,jarrett allen,Over,9.5,-165,2026-05-06T23:31:08Z,CLE,56.0,27.1,15.4,8.5,1.8,1.0,0.8,0.638,0.1,0.709,3.8,5.9,HIGH
Cleveland Cavaliers at Detroit Pistons,Bovada,player_points,jarrett allen,Under,9.5,125,2026-05-06T23:31:08Z,CLE,56.0,27.1,15.4,8.5,1.8,1.0,0.8,0.638,0.1,0.709,3.8,5.9,HIGH
Cleveland Cavaliers at Detroit Pistons,Bovada,player_points,jarrett allen,Over,10.5,-120,2026-05-06T23:31:08Z,CLE,56.0,27.1,15.4,8.5,1.8,1.0,0.8,0.638,0.1,0.709,3.8,4.9,HIGH
Cleveland Cavaliers at Detroit Pistons,Bovada,player_points,jarrett allen,Under,10.5,-110,2026-05-06T23:31:08Z,CLE,56.0,27.1,15.4,8.5,1.8,1.0,0.8,0.638,0.1,0.709,3.8,4.9,HIGH
Cleveland Cavaliers at Detroit Pistons,Bovada,player_points,jarrett allen,Over,11.5,110,2026-05-06T23:31:08Z,CLE,56.0,27.1,15.4,8.5,1.8,1.0,0.8,0.638,0.1,0.709,3.8,3.9000000000000004,MEDIUM
Cleveland Cavaliers at Detroit Pistons,Bovada,player_points,jarrett allen,Under,11.5,-145,2026-05-06T23:31:08Z,CLE,56.0,27.1,15.4,8.5,1.8,1.0,0.8,0.638,0.1,0.709,3.8,3.9000000000000004,MEDIUM
Cleveland Cavaliers at Detroit Pistons,Bovada,player_points,jarrett allen,Over,12.5,145,2026-05-06T23:31:08Z,CLE,56.0,27.1,15.4,8.5,1.8,1.0,0.8,0.638,0.1,0.709,3.8,2.9000000000000004,MEDIUM
Cleveland Cavaliers at Detroit Pistons,Bovada,player_points,jarrett allen,Under,12.5,-190,2026-05-06T23:31:08Z,CLE,56.0,27.1,15.4,8.5,1.8,1.0,0.8,0.638,0.1,0.709,3.8,2.9000000000000004,MEDIUM
Cleveland Cavaliers at Detroit Pistons,Bovada,player_points,jarrett allen,Over,13.5,190,2026-05-06T23:31:08Z,CLE,56.0,27.1,15.4,8.5,1.8,1.0,0.8,0.638,0.1,0.709,3.8,1.9000000000000004,LOW
Cleveland Cavaliers at Detroit Pistons,Bovada,player_points,jarrett allen,Under,13.5,-260,2026-05-06T23:31:08Z,CLE,56.0,27.1,15.4,8.5,1.8,1.0,0.8,0.638,0.1,0.709,3.8,1.9000000000000004,LOW
Cleveland Cavaliers at Detroit Pistons,Bovada,player_points,max strus,Over,7.5,-250,2026-05-06T23:31:08Z,CLE,12.0,24.0,11.2,5.4,2.0,0.3,0.0,0.443,0.402,0.778,-0.3,3.6999999999999993,MEDIUM
Cleveland Cavaliers at Detroit Pistons,Bovada,player_points,max strus,Under,7.5,185,2026-05-06T23:31:08Z,CLE,12.0,24.0,11.2,5.4,2.0,0.3,0.0,0.443,0.402,0.778,-0.3,3.6999999999999993,MEDIUM
Cleveland Cavaliers at Detroit Pistons,Bovada,player_points,max strus,Over,8.5,-170,2026-05-06T23:31:08Z,CLE,12.0,24.0,11.2,5.4,2.0,0.3,0.0,0.443,0.402,0.778,-0.3,2.6999999999999993,MEDIUM
Cleveland Cavaliers at Detroit Pistons,Bovada,player_points,max strus,Under,8.5,130,2026-05-06T23:31:08Z,CLE,12.0,24.0,11.2,5.4,2.0,0.3,0.0,0.443,0.402,0.778,-0.3,2.6999999999999993,MEDIUM
Cleveland Cavaliers at Detroit Pistons,Bovada,player_points,max strus,Over,9.5,-125,2026-05-06T23:31:08Z,CLE,12.0,24.0,11.2,5.4,2.0,0.3,0.0,0.443,0.402,0.778,-0.3,1.6999999999999993,LOW
Cleveland Cavaliers at Detroit Pistons,Bovada,player_points,max strus,Under,9.5,-105,2026-05-06T23:31:08Z,CLE,12.0,24.0,11.2,5.4,2.0,0.3,0.0,0.443,0.402,0.778,-0.3,1.6999999999999993,LOW
Cleveland Cavaliers at Detroit Pistons,Bovada,player_points,max strus,Over,10.5,110,2026-05-06T23:31:08Z,CLE,12.0,24.0,11.2,5.4,2.0,0.3,0.0,0.443,0.402,0.778,-0.3,0.6999999999999993,LOW
Cleveland Cavaliers at Detroit Pistons,Bovada,player_points,max strus,Under,10.5,-145,2026-05-06T23:31:08Z,CLE,12.0,24.0,11.2,5.4,2.0,0.3,0.0,0.443,0.402,0.778,-0.3,0.6999999999999993,LOW
Cleveland Cavaliers at Detroit Pistons,Bovada,player_points,max strus,Over,11.5,145,2026-05-06T23:31:08Z,CLE,12.0,24.0,11.2,5.4,2.0,0.3,0.0,0.443,0.402,0.778,-0.3,-0.3000000000000007,LOW
Cleveland Cavaliers at Detroit Pistons,Bovada,player_points,max strus,Under,11.5,-190,2026-05-06T23:31:08Z,CLE,12.0,24.0,11.2,5.4,2.0,0.3,0.0,0.443,0.402,0.778,-0.3,-0.3000000000000007,LOW
Cleveland Cavaliers at Detroit Pistons,Bovada,player_points,max strus,Over,12.5,190,2026-05-06T23:31:08Z,CLE,12.0,24.0,11.2,5.4,2.0,0.3,0.0,0.443,0.402,0.778,-0.3,-1.3000000000000007,LOW
Cleveland Cavaliers at Detroit Pistons,Bovada,player_points,max strus,Under,12.5,-260,2026-05-06T23:31:08Z,CLE,12.0,24.0,11.2,5.4,2.0,0.3,0.0,0.443,0.402,0.778,-0.3,-1.3000000000000007,LOW
Cleveland Cavaliers at Detroit Pistons,Bovada,player_points,tobias harris,Over,14.5,-290,2026-05-06T23:31:08Z,DET,63.0,27.7,13.3,5.1,2.5,0.9,0.4,0.469,0.368,0.866,5.8,-1.1999999999999993,LOW
Cleveland Cavaliers at Detroit Pistons,Bovada,player_points,tobias harris,Under,14.5,210,2026-05-06T23:31:08Z,DET,63.0,27.7,13.3,5.1,2.5,0.9,0.4,0.469,0.368,0.866,5.8,-1.1999999999999993,LOW
Cleveland Cavaliers at Detroit Pistons,Bovada,player_points,tobias harris,Over,15.5,-220,2026-05-06T23:31:08Z,DET,63.0,27.7,13.3,5.1,2.5,0.9,0.4,0.469,0.368,0.866,5.8,-2.1999999999999993,LOW
Cleveland Cavaliers at Detroit Pistons,Bovada,player_points,tobias harris,Under,15.5,165,2026-05-06T23:31:08Z,DET,63.0,27.7,13.3,5.1,2.5,0.9,0.4,0.469,0.368,0.866,5.8,-2.1999999999999993,LOW
Cleveland Cavaliers at Detroit Pistons,Bovada,player_points,tobias harris,Over,16.5,-170,2026-05-06T23:31:08Z,DET,63.0,27.7,13.3,5.1,2.5,0.9,0.4,0.469,0.368,0.866,5.8,-3.1999999999999993,LOW
Cleveland Cavaliers at Detroit Pistons,Bovada,player_points,tobias harris,Under,16.5,130,2026-05-06T23:31:08Z,DET,63.0,27.7,13.3,5.1,2.5,0.9,0.4,0.469,0.368,0.866,5.8,-3.1999999999999993,LOW
Cleveland Cavaliers at Detroit Pistons,Bovada,player_points,tobias harris,Over,17.5,-130,2026-05-06T23:31:08Z,DET,63.0,27.7,13.3,5.1,2.5,0.9,0.4,0.469,0.368,0.866,5.8,-4.199999999999999,LOW
Cleveland Cavaliers at Detroit Pistons,Bovada,player_points,tobias harris,Under,17.5,100,2026-05-06T23:31:08Z,DET,63.0,27.7,13.3,5.1,2.5,0.9,0.4,0.469,0.368,0.866,5.8,-4.199999999999999,LOW
Cleveland Cavaliers at Detroit Pistons,Bovada,player_points,tobias harris,Over,18.5,-105,2026-05-06T23:31:08Z,DET,63.0,27.7,13.3,5.1,2.5,0.9,0.4,0.469,0.368,0.866,5.8,-5.199999999999999,LOW
Cleveland Cavaliers at Detroit Pistons,Bovada,player_points,tobias harris,Under,18.5,-125,2026-05-06T23:31:08Z,DET,63.0,27.7,13.3,5.1,2.5,0.9,0.4,0.469,0.368,0.866,5.8,-5.199999999999999,LOW
Cleveland Cavaliers at Detroit Pistons,Bovada,player_points,tobias harris,Over,19.5,120,2026-05-06T23:31:08Z,DET,63.0,27.7,13.3,5.1,2.5,0.9,0.4,0.469,0.368,0.866,5.8,-6.199999999999999,LOW
Cleveland Cavaliers at Detroit Pistons,Bovada,player_points,tobias harris,Under,19.5,-160,2026-05-06T23:31:08Z,DET,63.0,27.7,13.3,5.1,2.5,0.9,0.4,0.469,0.368,0.866,5.8,-6.199999999999999,LOW
Cleveland Cavaliers at Detroit Pistons,Bovada,player_points,tobias harris,Over,20.5,150,2026-05-06T23:31:08Z,DET,63.0,27.7,13.3,5.1,2.5,0.9,0.4,0.469,0.368,0.866,5.8,-7.199999999999999,LOW
Cleveland Cavaliers at Detroit Pistons,Bovada,player_points,tobias harris,Under,20.5,-200,2026-05-06T23:31:08Z,DET,63.0,27.7,13.3,5.1,2.5,0.9,0.4,0.469,0.368,0.866,5.8,-7.199999999999999,LOW
Cleveland Cavaliers at Detroit Pistons,Bovada,player_points,tobias harris,Over,21.5,185,2026-05-06T23:31:08Z,DET,63.0,27.7,13.3,5.1,2.5,0.9,0.4,0.469,0.368,0.866,5.8,-8.2,LOW
Cleveland Cavaliers at Detroit Pistons,Bovada,player_points,tobias harris,Under,21.5,-250,2026-05-06T23:31:08Z,DET,63.0,27.7,13.3,5.1,2.5,0.9,0.4,0.469,0.368,0.866,5.8,-8.2,LOW
Cleveland Cavaliers at Detroit Pistons,Bovada,player_rebounds,ausar thompson,Over,5.5,-280,2026-05-06T23:31:08Z,DET,73.0,26.0,9.9,5.7,3.1,2.0,0.9,0.525,0.25,0.571,5.4,0.20000000000000018,LOW
Cleveland Cavaliers at Detroit Pistons,Bovada,player_rebounds,ausar thompson,Under,5.5,205,2026-05-06T23:31:08Z,DET,73.0,26.0,9.9,5.7,3.1,2.0,0.9,0.525,0.25,0.571,5.4,0.20000000000000018,LOW
Cleveland Cavaliers at Detroit Pistons,Bovada,player_rebounds,ausar thompson,Over,6.5,-150,2026-05-06T23:31:08Z,DET,73.0,26.0,9.9,5.7,3.1,2.0,0.9,0.525,0.25,0.571,5.4,-0.7999999999999998,LOW
Cleveland Cavaliers at Detroit Pistons,Bovada,player_rebounds,ausar thompson,Under,6.5,115,2026-05-06T23:31:08Z,DET,73.0,26.0,9.9,5.7,3.1,2.0,0.9,0.525,0.25,0.571,5.4,-0.7999999999999998,LOW
Cleveland Cavaliers at Detroit Pistons,Bovada,player_rebounds,ausar thompson,Over,7.5,115,2026-05-06T23:31:08Z,DET,73.0,26.0,9.9,5.7,3.1,2.0,0.9,0.525,0.25,0.571,5.4,-1.7999999999999998,LOW
Cleveland Cavaliers at Detroit Pistons,Bovada,player_rebounds,ausar thompson,Under,7.5,-150,2026-05-06T23:31:08Z,DET,73.0,26.0,9.9,5.7,3.1,2.0,0.9,0.525,0.25,0.571,5.4,-1.7999999999999998,LOW
Cleveland Cavaliers at Detroit Pistons,Bovada,player_rebounds,ausar thompson,Over,8.5,190,2026-05-06T23:31:08Z,DET,73.0,26.0,9.9,5.7,3.1,2.0,0.9,0.525,0.25,0.571,5.4,-2.8,LOW
Cleveland Cavaliers at Detroit Pistons,Bovada,player_rebounds,ausar thompson,Under,8.5,-260,2026-05-06T23:31:08Z,DET,73.0,26.0,9.9,5.7,3.1,2.0,0.9,0.525,0.25,0.571,5.4,-2.8,LOW
Cleveland Cavaliers at Detroit Pistons,Bovada,player_rebounds,cade cunningham,Over,4.5,-185,2026-05-06T23:31:08Z,DET,64.0,33.9,23.9,5.5,9.9,1.4,0.8,0.461,0.342,0.812,8.1,1.0,LOW
Cleveland Cavaliers at Detroit Pistons,Bovada,player_rebounds,cade cunningham,Under,4.5,140,2026-05-06T23:31:08Z,DET,64.0,33.9,23.9,5.5,9.9,1.4,0.8,0.461,0.342,0.812,8.1,1.0,LOW
Cleveland Cavaliers at Detroit Pistons,Bovada,player_rebounds,cade cunningham,Over,5.5,105,2026-05-06T23:31:08Z,DET,64.0,33.9,23.9,5.5,9.9,1.4,0.8,0.461,0.342,0.812,8.1,0.0,LOW
Cleveland Cavaliers at Detroit Pistons,Bovada,player_rebounds,cade cunningham,Under,5.5,-135,2026-05-06T23:31:08Z,DET,64.0,33.9,23.9,5.5,9.9,1.4,0.8,0.461,0.342,0.812,8.1,0.0,LOW
Cleveland Cavaliers at Detroit Pistons,Bovada,player_rebounds,cade cunningham,Over,6.5,190,2026-05-06T23:31:08Z,DET,64.0,33.9,23.9,5.5,9.9,1.4,0.8,0.461,0.342,0.812,8.1,-1.0,LOW
Cleveland Cavaliers at Detroit Pistons,Bovada,player_rebounds,cade cunningham,Under,6.5,-260,2026-05-06T23:31:08Z,DET,64.0,33.9,23.9,5.5,9.9,1.4,0.8,0.461,0.342,0.812,8.1,-1.0,LOW
Cleveland Cavaliers at Detroit Pistons,Bovada,player_rebounds,dean wade,Over,2.5,-220,2026-05-06T23:31:08Z,CLE,59.0,22.3,5.8,4.2,1.5,0.7,0.4,0.439,0.362,0.711,2.6,1.7000000000000002,LOW
Cleveland Cavaliers at Detroit Pistons,Bovada,player_rebounds,dean wade,Under,2.5,165,2026-05-06T23:31:08Z,CLE,59.0,22.3,5.8,4.2,1.5,0.7,0.4,0.439,0.362,0.711,2.6,1.7000000000000002,LOW
Cleveland Cavaliers at Detroit Pistons,Bovada,player_rebounds,dean wade,Over,3.5,105,2026-05-06T23:31:08Z,CLE,59.0,22.3,5.8,4.2,1.5,0.7,0.4,0.439,0.362,0.711,2.6,0.7000000000000002,LOW
Cleveland Cavaliers at Detroit Pistons,Bovada,player_rebounds,dean wade,Under,3.5,-135,2026-05-06T23:31:08Z,CLE,59.0,22.3,5.8,4.2,1.5,0.7,0.4,0.439,0.362,0.711,2.6,0.7000000000000002,LOW
Cleveland Cavaliers at Detroit Pistons,Bovada,player_rebounds,donovan mitchell,Over,3.5,-135,2026-05-06T23:31:08Z,CLE,70.0,33.5,27.9,4.5,5.7,1.5,0.3,0.483,0.364,0.865,5.3,1.0,LOW
Cleveland Cavaliers at Detroit Pistons,Bovada,player_rebounds,donovan mitchell,Under,3.5,105,2026-05-06T23:31:08Z,CLE,70.0,33.5,27.9,4.5,5.7,1.5,0.3,0.483,0.364,0.865,5.3,1.0,LOW
Cleveland Cavaliers at Detroit Pistons,Bovada,player_rebounds,donovan mitchell,Over,4.5,150,2026-05-06T23:31:08Z,CLE,70.0,33.5,27.9,4.5,5.7,1.5,0.3,0.483,0.364,0.865,5.3,0.0,LOW
Cleveland Cavaliers at Detroit Pistons,Bovada,player_rebounds,donovan mitchell,Under,4.5,-200,2026-05-06T23:31:08Z,CLE,70.0,33.5,27.9,4.5,5.7,1.5,0.3,0.483,0.364,0.865,5.3,0.0,LOW
Cleveland Cavaliers at Detroit Pistons,Bovada,player_rebounds,duncan robinson,Over,1.5,-215,2026-05-06T23:31:08Z,DET,77.0,27.4,12.2,2.7,2.1,0.6,0.3,0.456,0.41,0.755,7.0,1.2000000000000002,LOW
Cleveland Cavaliers at Detroit Pistons,Bovada,player_rebounds,duncan robinson,Under,1.5,160,2026-05-06T23:31:08Z,DET,77.0,27.4,12.2,2.7,2.1,0.6,0.3,0.456,0.41,0.755,7.0,1.2000000000000002,LOW
Cleveland Cavaliers at Detroit Pistons,Bovada,player_rebounds,duncan robinson,Over,2.5,130,2026-05-06T23:31:08Z,DET,77.0,27.4,12.2,2.7,2.1,0.6,0.3,0.456,0.41,0.755,7.0,0.20000000000000018,LOW
Cleveland Cavaliers at Detroit Pistons,Bovada,player_rebounds,duncan robinson,Under,2.5,-170,2026-05-06T23:31:08Z,DET,77.0,27.4,12.2,2.7,2.1,0.6,0.3,0.456,0.41,0.755,7.0,0.20000000000000018,LOW
Cleveland Cavaliers at Detroit Pistons,Bovada,player_rebounds,evan mobley,Over,7.5,-185,2026-05-06T23:31:08Z,CLE,65.0,31.9,18.2,9.0,3.6,0.7,1.7,0.546,0.297,0.606,3.4,1.5,LOW
Cleveland Cavaliers at Detroit Pistons,Bovada,player_rebounds,evan mobley,Under,7.5,140,2026-05-06T23:31:08Z,CLE,65.0,31.9,18.2,9.0,3.6,0.7,1.7,0.546,0.297,0.606,3.4,1.5,LOW
Cleveland Cavaliers at Detroit Pistons,Bovada,player_rebounds,evan mobley,Over,8.5,-110,2026-05-06T23:31:08Z,CLE,65.0,31.9,18.2,9.0,3.6,0.7,1.7,0.546,0.297,0.606,3.4,0.5,LOW
Cleveland Cavaliers at Detroit Pistons,Bovada,player_rebounds,evan mobley,Under,8.5,-120,2026-05-06T23:31:08Z,CLE,65.0,31.9,18.2,9.0,3.6,0.7,1.7,0.546,0.297,0.606,3.4,0.5,LOW
Cleveland Cavaliers at Detroit Pistons,Bovada,player_rebounds,evan mobley,Over,9.5,150,2026-05-06T23:31:08Z,CLE,65.0,31.9,18.2,9.0,3.6,0.7,1.7,0.546,0.297,0.606,3.4,-0.5,LOW
Cleveland Cavaliers at Detroit Pistons,Bovada,player_rebounds,evan mobley,Under,9.5,-200,2026-05-06T23:31:08Z,CLE,65.0,31.9,18.2,9.0,3.6,0.7,1.7,0.546,0.297,0.606,3.4,-0.5,LOW
Cleveland Cavaliers at Detroit Pistons,Bovada,player_rebounds,isaiah stewart ii,Over,2.5,-135,2026-05-06T23:31:08Z,,,,,,,,,,,,,,LOW
Cleveland Cavaliers at Detroit Pistons,Bovada,player_rebounds,isaiah stewart ii,Under,2.5,105,2026-05-06T23:31:08Z,,,,,,,,,,,,,,LOW
Cleveland Cavaliers at Detroit Pistons,Bovada,player_rebounds,isaiah stewart ii,Over,3.5,165,2026-05-06T23:31:08Z,,,,,,,,,,,,,,LOW
Cleveland Cavaliers at Detroit Pistons,Bovada,player_rebounds,isaiah stewart ii,Under,3.5,-220,2026-05-06T23:31:08Z,,,,,,,,,,,,,,LOW
Cleveland Cavaliers at Detroit Pistons,Bovada,player_rebounds,jalen duren,Over,9.5,-250,2026-05-06T23:31:08Z,DET,70.0,28.2,19.5,10.5,2.0,0.8,0.8,0.65,0.0,0.747,6.9,1.0,LOW
Cleveland Cavaliers at Detroit Pistons,Bovada,player_rebounds,jalen duren,Under,9.5,185,2026-05-06T23:31:08Z,DET,70.0,28.2,19.5,10.5,2.0,0.8,0.8,0.65,0.0,0.747,6.9,1.0,LOW
Cleveland Cavaliers at Detroit Pistons,Bovada,player_rebounds,jalen duren,Over,10.5,-160,2026-05-06T23:31:08Z,DET,70.0,28.2,19.5,10.5,2.0,0.8,0.8,0.65,0.0,0.747,6.9,0.0,LOW
Cleveland Cavaliers at Detroit Pistons,Bovada,player_rebounds,jalen duren,Under,10.5,120,2026-05-06T23:31:08Z,DET,70.0,28.2,19.5,10.5,2.0,0.8,0.8,0.65,0.0,0.747,6.9,0.0,LOW
Cleveland Cavaliers at Detroit Pistons,Bovada,player_rebounds,jalen duren,Over,11.5,100,2026-05-06T23:31:08Z,DET,70.0,28.2,19.5,10.5,2.0,0.8,0.8,0.65,0.0,0.747,6.9,-1.0,LOW
Cleveland Cavaliers at Detroit Pistons,Bovada,player_rebounds,jalen duren,Under,11.5,-130,2026-05-06T23:31:08Z,DET,70.0,28.2,19.5,10.5,2.0,0.8,0.8,0.65,0.0,0.747,6.9,-1.0,LOW
Cleveland Cavaliers at Detroit Pistons,Bovada,player_rebounds,jalen duren,Over,12.5,150,2026-05-06T23:31:08Z,DET,70.0,28.2,19.5,10.5,2.0,0.8,0.8,0.65,0.0,0.747,6.9,-2.0,LOW
Cleveland Cavaliers at Detroit Pistons,Bovada,player_rebounds,jalen duren,Under,12.5,-200,2026-05-06T23:31:08Z,DET,70.0,28.2,19.5,10.5,2.0,0.8,0.8,0.65,0.0,0.747,6.9,-2.0,LOW
Cleveland Cavaliers at Detroit Pistons,Bovada,player_rebounds,james harden,Over,4.5,-150,2026-05-06T23:31:08Z,CLE,70.0,34.8,23.6,4.8,8.0,1.1,0.4,0.434,0.375,0.884,1.4,0.2999999999999998,LOW
Cleveland Cavaliers at Detroit Pistons,Bovada,player_rebounds,james harden,Under,4.5,115,2026-05-06T23:31:08Z,CLE,70.0,34.8,23.6,4.8,8.0,1.1,0.4,0.434,0.375,0.884,1.4,0.2999999999999998,LOW
Cleveland Cavaliers at Detroit Pistons,Bovada,player_rebounds,james harden,Over,5.5,125,2026-05-06T23:31:08Z,CLE,70.0,34.8,23.6,4.8,8.0,1.1,0.4,0.434,0.375,0.884,1.4,-0.7000000000000002,LOW
Cleveland Cavaliers at Detroit Pistons,Bovada,player_rebounds,james harden,Under,5.5,-165,2026-05-06T23:31:08Z,CLE,70.0,34.8,23.6,4.8,8.0,1.1,0.4,0.434,0.375,0.884,1.4,-0.7000000000000002,LOW
Cleveland Cavaliers at Detroit Pistons,Bovada,player_rebounds,jarrett allen,Over,5.5,-280,2026-05-06T23:31:08Z,CLE,56.0,27.1,15.4,8.5,1.8,1.0,0.8,0.638,0.1,0.709,3.8,3.0,MEDIUM
Cleveland Cavaliers at Detroit Pistons,Bovada,player_rebounds,jarrett allen,Under,5.5,205,2026-05-06T23:31:08Z,CLE,56.0,27.1,15.4,8.5,1.8,1.0,0.8,0.638,0.1,0.709,3.8,3.0,MEDIUM
Cleveland Cavaliers at Detroit Pistons,Bovada,player_rebounds,jarrett allen,Over,6.5,-150,2026-05-06T23:31:08Z,CLE,56.0,27.1,15.4,8.5,1.8,1.0,0.8,0.638,0.1,0.709,3.8,2.0,MEDIUM
Cleveland Cavaliers at Detroit Pistons,Bovada,player_rebounds,jarrett allen,Under,6.5,115,2026-05-06T23:31:08Z,CLE,56.0,27.1,15.4,8.5,1.8,1.0,0.8,0.638,0.1,0.709,3.8,2.0,MEDIUM
Cleveland Cavaliers at Detroit Pistons,Bovada,player_rebounds,jarrett allen,Over,7.5,115,2026-05-06T23:31:08Z,CLE,56.0,27.1,15.4,8.5,1.8,1.0,0.8,0.638,0.1,0.709,3.8,1.0,LOW
Cleveland Cavaliers at Detroit Pistons,Bovada,player_rebounds,jarrett allen,Under,7.5,-150,2026-05-06T23:31:08Z,CLE,56.0,27.1,15.4,8.5,1.8,1.0,0.8,0.638,0.1,0.709,3.8,1.0,LOW
Cleveland Cavaliers at Detroit Pistons,Bovada,player_rebounds,jarrett allen,Over,8.5,190,2026-05-06T23:31:08Z,CLE,56.0,27.1,15.4,8.5,1.8,1.0,0.8,0.638,0.1,0.709,3.8,0.0,LOW
Cleveland Cavaliers at Detroit Pistons,Bovada,player_rebounds,jarrett allen,Under,8.5,-260,2026-05-06T23:31:08Z,CLE,56.0,27.1,15.4,8.5,1.8,1.0,0.8,0.638,0.1,0.709,3.8,0.0,LOW
Cleveland Cavaliers at Detroit Pistons,Bovada,player_rebounds,max strus,Over,3.5,-160,2026-05-06T23:31:08Z,CLE,12.0,24.0,11.2,5.4,2.0,0.3,0.0,0.443,0.402,0.778,-0.3,1.9000000000000004,LOW
Cleveland Cavaliers at Detroit Pistons,Bovada,player_rebounds,max strus,Under,3.5,120,2026-05-06T23:31:08Z,CLE,12.0,24.0,11.2,5.4,2.0,0.3,0.0,0.443,0.402,0.778,-0.3,1.9000000000000004,LOW
Cleveland Cavaliers at Detroit Pistons,Bovada,player_rebounds,max strus,Over,4.5,130,2026-05-06T23:31:08Z,CLE,12.0,24.0,11.2,5.4,2.0,0.3,0.0,0.443,0.402,0.778,-0.3,0.9000000000000004,LOW
Cleveland Cavaliers at Detroit Pistons,Bovada,player_rebounds,max strus,Under,4.5,-170,2026-05-06T23:31:08Z,CLE,12.0,24.0,11.2,5.4,2.0,0.3,0.0,0.443,0.402,0.778,-0.3,0.9000000000000004,LOW
Cleveland Cavaliers at Detroit Pistons,Bovada,player_rebounds,tobias harris,Over,5.5,-190,2026-05-06T23:31:08Z,DET,63.0,27.7,13.3,5.1,2.5,0.9,0.4,0.469,0.368,0.866,5.8,-0.40000000000000036,LOW
Cleveland Cavaliers at Detroit Pistons,Bovada,player_rebounds,tobias harris,Under,5.5,145,2026-05-06T23:31:08Z,DET,63.0,27.7,13.3,5.1,2.5,0.9,0.4,0.469,0.368,0.866,5.8,-0.40000000000000036,LOW
Cleveland Cavaliers at Detroit Pistons,Bovada,player_rebounds,tobias harris,Over,6.5,-105,2026-05-06T23:31:08Z,DET,63.0,27.7,13.3,5.1,2.5,0.9,0.4,0.469,0.368,0.866,5.8,-1.4000000000000004,LOW
Cleveland Cavaliers at Detroit Pistons,Bovada,player_rebounds,tobias harris,Under,6.5,-125,2026-05-06T23:31:08Z,DET,63.0,27.7,13.3,5.1,2.5,0.9,0.4,0.469,0.368,0.866,5.8,-1.4000000000000004,LOW
Cleveland Cavaliers at Detroit Pistons,Bovada,player_rebounds,tobias harris,Over,7.5,165,2026-05-06T23:31:08Z,DET,63.0,27.7,13.3,5.1,2.5,0.9,0.4,0.469,0.368,0.866,5.8,-2.4000000000000004,LOW
Cleveland Cavaliers at Detroit Pistons,Bovada,player_rebounds,tobias harris,Under,7.5,-220,2026-05-06T23:31:08Z,DET,63.0,27.7,13.3,5.1,2.5,0.9,0.4,0.469,0.368,0.866,5.8,-2.4000000000000004,LOW
Cleveland Cavaliers at Detroit Pistons,Bovada,player_threes,cade cunningham,Over,1.5,-240,2026-05-06T23:31:08Z,DET,64.0,33.9,23.9,5.5,9.9,1.4,0.8,0.461,0.342,0.812,8.1,0.0,LOW
Cleveland Cavaliers at Detroit Pistons,Bovada,player_threes,cade cunningham,Under,1.5,175,2026-05-06T23:31:08Z,DET,64.0,33.9,23.9,5.5,9.9,1.4,0.8,0.461,0.342,0.812,8.1,0.0,LOW
Cleveland Cavaliers at Detroit Pistons,Bovada,player_threes,cade cunningham,Over,2.5,130,2026-05-06T23:31:08Z,DET,64.0,33.9,23.9,5.5,9.9,1.4,0.8,0.461,0.342,0.812,8.1,0.0,LOW
Cleveland Cavaliers at Detroit Pistons,Bovada,player_threes,cade cunningham,Under,2.5,-170,2026-05-06T23:31:08Z,DET,64.0,33.9,23.9,5.5,9.9,1.4,0.8,0.461,0.342,0.812,8.1,0.0,LOW
Cleveland Cavaliers at Detroit Pistons,Bovada,player_threes,daniss jenkins,Over,0.5,-300,2026-05-06T23:31:08Z,DET,72.0,20.2,9.3,2.3,3.9,0.9,0.2,0.408,0.374,0.832,2.9,0.0,LOW
Cleveland Cavaliers at Detroit Pistons,Bovada,player_threes,daniss jenkins,Under,0.5,215,2026-05-06T23:31:08Z,DET,72.0,20.2,9.3,2.3,3.9,0.9,0.2,0.408,0.374,0.832,2.9,0.0,LOW
Cleveland Cavaliers at Detroit Pistons,Bovada,player_threes,daniss jenkins,Over,1.5,160,2026-05-06T23:31:08Z,DET,72.0,20.2,9.3,2.3,3.9,0.9,0.2,0.408,0.374,0.832,2.9,0.0,LOW
Cleveland Cavaliers at Detroit Pistons,Bovada,player_threes,daniss jenkins,Under,1.5,-215,2026-05-06T23:31:08Z,DET,72.0,20.2,9.3,2.3,3.9,0.9,0.2,0.408,0.374,0.832,2.9,0.0,LOW
Cleveland Cavaliers at Detroit Pistons,Bovada,player_threes,donovan mitchell,Over,2.5,-115,2026-05-06T23:31:08Z,CLE,70.0,33.5,27.9,4.5,5.7,1.5,0.3,0.483,0.364,0.865,5.3,0.0,LOW
Cleveland Cavaliers at Detroit Pistons,Bovada,player_threes,donovan mitchell,Under,2.5,-115,2026-05-06T23:31:08Z,CLE,70.0,33.5,27.9,4.5,5.7,1.5,0.3,0.483,0.364,0.865,5.3,0.0,LOW
Cleveland Cavaliers at Detroit Pistons,Bovada,player_threes,duncan robinson,Over,2.5,-125,2026-05-06T23:31:08Z,DET,77.0,27.4,12.2,2.7,2.1,0.6,0.3,0.456,0.41,0.755,7.0,0.0,LOW
Cleveland Cavaliers at Detroit Pistons,Bovada,player_threes,duncan robinson,Under,2.5,-105,2026-05-06T23:31:08Z,DET,77.0,27.4,12.2,2.7,2.1,0.6,0.3,0.456,0.41,0.755,7.0,0.0,LOW
Cleveland Cavaliers at Detroit Pistons,Bovada,player_threes,duncan robinson,Over,3.5,200,2026-05-06T23:31:08Z,DET,77.0,27.4,12.2,2.7,2.1,0.6,0.3,0.456,0.41,0.755,7.0,0.0,LOW
Cleveland Cavaliers at Detroit Pistons,Bovada,player_threes,duncan robinson,Under,3.5,-275,2026-05-06T23:31:08Z,DET,77.0,27.4,12.2,2.7,2.1,0.6,0.3,0.456,0.41,0.755,7.0,0.0,LOW
Cleveland Cavaliers at Detroit Pistons,Bovada,player_threes,evan mobley,Over,0.5,-220,2026-05-06T23:31:08Z,CLE,65.0,31.9,18.2,9.0,3.6,0.7,1.7,0.546,0.297,0.606,3.4,0.0,LOW
Cleveland Cavaliers at Detroit Pistons,Bovada,player_threes,evan mobley,Under,0.5,165,2026-05-06T23:31:08Z,CLE,65.0,31.9,18.2,9.0,3.6,0.7,1.7,0.546,0.297,0.606,3.4,0.0,LOW
Cleveland Cavaliers at Detroit Pistons,Bovada,player_threes,evan mobley,Over,1.5,210,2026-05-06T23:31:08Z,CLE,65.0,31.9,18.2,9.0,3.6,0.7,1.7,0.546,0.297,0.606,3.4,0.0,LOW
Cleveland Cavaliers at Detroit Pistons,Bovada,player_threes,evan mobley,Under,1.5,-290,2026-05-06T23:31:08Z,CLE,65.0,31.9,18.2,9.0,3.6,0.7,1.7,0.546,0.297,0.606,3.4,0.0,LOW
Cleveland Cavaliers at Detroit Pistons,Bovada,player_threes,james harden,Over,2.5,105,2026-05-06T23:31:08Z,CLE,70.0,34.8,23.6,4.8,8.0,1.1,0.4,0.434,0.375,0.884,1.4,0.0,LOW
Cleveland Cavaliers at Detroit Pistons,Bovada,player_threes,james harden,Under,2.5,-135,2026-05-06T23:31:08Z,CLE,70.0,34.8,23.6,4.8,8.0,1.1,0.4,0.434,0.375,0.884,1.4,0.0,LOW
Cleveland Cavaliers at Detroit Pistons,Bovada,player_threes,max strus,Over,1.5,-240,2026-05-06T23:31:08Z,CLE,12.0,24.0,11.2,5.4,2.0,0.3,0.0,0.443,0.402,0.778,-0.3,0.0,LOW
Cleveland Cavaliers at Detroit Pistons,Bovada,player_threes,max strus,Under,1.5,175,2026-05-06T23:31:08Z,CLE,12.0,24.0,11.2,5.4,2.0,0.3,0.0,0.443,0.402,0.778,-0.3,0.0,LOW
Cleveland Cavaliers at Detroit Pistons,Bovada,player_threes,max strus,Over,2.5,130,2026-05-06T23:31:08Z,CLE,12.0,24.0,11.2,5.4,2.0,0.3,0.0,0.443,0.402,0.778,-0.3,0.0,LOW
Cleveland Cavaliers at Detroit Pistons,Bovada,player_threes,max strus,Under,2.5,-170,2026-05-06T23:31:08Z,CLE,12.0,24.0,11.2,5.4,2.0,0.3,0.0,0.443,0.402,0.778,-0.3,0.0,LOW
Cleveland Cavaliers at Detroit Pistons,Bovada,player_threes,tobias harris,Over,1.5,125,2026-05-06T23:31:08Z,DET,63.0,27.7,13.3,5.1,2.5,0.9,0.4,0.469,0.368,0.866,5.8,0.0,LOW
Cleveland Cavaliers at Detroit Pistons,Bovada,player_threes,tobias harris,Under,1.5,-165,2026-05-06T23:31:08Z,DET,63.0,27.7,13.3,5.1,2.5,0.9,0.4,0.469,0.368,0.866,5.8,0.0,LOW
Los Angeles Lakers at Oklahoma City Thunder,DraftKings,player_assists,lebron james,Over,7.5,-120,2026-05-06T23:34:27Z,LAL,60.0,33.2,20.9,6.1,7.2,1.2,0.6,0.515,0.317,0.737,2.0,-0.2999999999999998,LOW
Los Angeles Lakers at Oklahoma City Thunder,DraftKings,player_assists,lebron james,Under,7.5,-110,2026-05-06T23:34:27Z,LAL,60.0,33.2,20.9,6.1,7.2,1.2,0.6,0.515,0.317,0.737,2.0,-0.2999999999999998,LOW
Los Angeles Lakers at Oklahoma City Thunder,DraftKings,player_assists,shai gilgeous-alexander,Over,7.5,112,2026-05-06T23:34:27Z,OKC,68.0,33.2,31.1,4.3,6.6,1.4,0.8,0.553,0.386,0.879,11.6,-0.9000000000000004,LOW
Los Angeles Lakers at Oklahoma City Thunder,DraftKings,player_assists,shai gilgeous-alexander,Under,7.5,-148,2026-05-06T23:34:27Z,OKC,68.0,33.2,31.1,4.3,6.6,1.4,0.8,0.553,0.386,0.879,11.6,-0.9000000000000004,LOW
Los Angeles Lakers at Oklahoma City Thunder,DraftKings,player_assists,austin reaves,Over,5.5,114,2026-05-06T23:34:27Z,LAL,51.0,34.5,23.3,4.7,5.5,1.1,0.4,0.49,0.36,0.871,3.6,0.0,LOW
Los Angeles Lakers at Oklahoma City Thunder,DraftKings,player_assists,austin reaves,Under,5.5,-151,2026-05-06T23:34:27Z,LAL,51.0,34.5,23.3,4.7,5.5,1.1,0.4,0.49,0.36,0.871,3.6,0.0,LOW
Los Angeles Lakers at Oklahoma City Thunder,DraftKings,player_assists,ajay mitchell,Over,3.5,-139,2026-05-06T23:34:27Z,OKC,57.0,25.8,13.6,3.3,3.6,1.2,0.3,0.485,0.347,0.87,8.8,0.10000000000000009,LOW
Los Angeles Lakers at Oklahoma City Thunder,DraftKings,player_assists,ajay mitchell,Under,3.5,106,2026-05-06T23:34:27Z,OKC,57.0,25.8,13.6,3.3,3.6,1.2,0.3,0.485,0.347,0.87,8.8,0.10000000000000009,LOW
Los Angeles Lakers at Oklahoma City Thunder,DraftKings,player_assists,marcus smart,Over,3.5,-125,2026-05-06T23:34:27Z,LAL,62.0,28.5,9.3,2.8,3.0,1.4,0.4,0.395,0.331,0.822,4.1,-0.5,LOW
Los Angeles Lakers at Oklahoma City Thunder,DraftKings,player_assists,marcus smart,Under,3.5,-105,2026-05-06T23:34:27Z,LAL,62.0,28.5,9.3,2.8,3.0,1.4,0.4,0.395,0.331,0.822,4.1,-0.5,LOW
Los Angeles Lakers at Oklahoma City Thunder,DraftKings,player_assists,isaiah hartenstein,Over,2.5,-164,2026-05-06T23:34:27Z,OKC,47.0,24.2,9.2,9.4,3.5,1.0,0.8,0.622,0.0,0.61,7.8,1.0,LOW
Los Angeles Lakers at Oklahoma City Thunder,DraftKings,player_assists,isaiah hartenstein,Under,2.5,124,2026-05-06T23:34:27Z,OKC,47.0,24.2,9.2,9.4,3.5,1.0,0.8,0.622,0.0,0.61,7.8,1.0,LOW
Los Angeles Lakers at Oklahoma City Thunder,DraftKings,player_assists,chet holmgren,Over,1.5,121,2026-05-06T23:34:27Z,OKC,69.0,28.9,17.1,8.9,1.7,0.6,1.9,0.557,0.362,0.792,9.8,0.19999999999999996,LOW
Los Angeles Lakers at Oklahoma City Thunder,DraftKings,player_assists,chet holmgren,Under,1.5,-160,2026-05-06T23:34:27Z,OKC,69.0,28.9,17.1,8.9,1.7,0.6,1.9,0.557,0.362,0.792,9.8,0.19999999999999996,LOW
Los Angeles Lakers at Oklahoma City Thunder,DraftKings,player_assists,luguentz dort,Over,1.5,178,2026-05-06T23:34:27Z,OKC,69.0,26.8,8.3,3.6,1.2,0.9,0.4,0.385,0.344,0.759,4.3,-0.30000000000000004,LOW
Los Angeles Lakers at Oklahoma City Thunder,DraftKings,player_assists,luguentz dort,Under,1.5,-238,2026-05-06T23:34:27Z,OKC,69.0,26.8,8.3,3.6,1.2,0.9,0.4,0.385,0.344,0.759,4.3,-0.30000000000000004,LOW
Los Angeles Lakers at Oklahoma City Thunder,DraftKings,player_assists,rui hachimura,Over,0.5,-180,2026-05-06T23:34:27Z,LAL,68.0,28.3,11.5,3.3,0.8,0.6,0.3,0.514,0.443,0.694,1.2,0.30000000000000004,LOW
Los Angeles Lakers at Oklahoma City Thunder,DraftKings,player_assists,rui hachimura,Under,0.5,136,2026-05-06T23:34:27Z,LAL,68.0,28.3,11.5,3.3,0.8,0.6,0.3,0.514,0.443,0.694,1.2,0.30000000000000004,LOW
Los Angeles Lakers at Oklahoma City Thunder,DraftKings,player_assists,deandre ayton,Over,0.5,-139,2026-05-06T23:34:27Z,LAL,72.0,27.2,12.5,8.0,0.8,0.6,1.0,0.671,0.0,0.645,-0.1,0.30000000000000004,LOW
Los Angeles Lakers at Oklahoma City Thunder,DraftKings,player_assists,deandre ayton,Under,0.5,106,2026-05-06T23:34:27Z,LAL,72.0,27.2,12.5,8.0,0.8,0.6,1.0,0.671,0.0,0.645,-0.1,0.30000000000000004,LOW
Los Angeles Lakers at Oklahoma City Thunder,DraftKings,player_points,shai gilgeous-alexander,Over,29.5,-102,2026-05-06T23:34:27Z,OKC,68.0,33.2,31.1,4.3,6.6,1.4,0.8,0.553,0.386,0.879,11.6,1.6000000000000014,LOW
Los Angeles Lakers at Oklahoma City Thunder,DraftKings,player_points,shai gilgeous-alexander,Under,29.5,-124,2026-05-06T23:34:27Z,OKC,68.0,33.2,31.1,4.3,6.6,1.4,0.8,0.553,0.386,0.879,11.6,1.6000000000000014,LOW
Los Angeles Lakers at Oklahoma City Thunder,DraftKings,player_points,lebron james,Over,20.5,-121,2026-05-06T23:34:27Z,LAL,60.0,33.2,20.9,6.1,7.2,1.2,0.6,0.515,0.317,0.737,2.0,0.3999999999999986,LOW
Los Angeles Lakers at Oklahoma City Thunder,DraftKings,player_points,lebron james,Under,20.5,-106,2026-05-06T23:34:27Z,LAL,60.0,33.2,20.9,6.1,7.2,1.2,0.6,0.515,0.317,0.737,2.0,0.3999999999999986,LOW
Los Angeles Lakers at Oklahoma City Thunder,DraftKings,player_points,austin reaves,Over,18.5,-117,2026-05-06T23:34:27Z,LAL,51.0,34.5,23.3,4.7,5.5,1.1,0.4,0.49,0.36,0.871,3.6,4.800000000000001,HIGH
Los Angeles Lakers at Oklahoma City Thunder,DraftKings,player_points,austin reaves,Under,18.5,-109,2026-05-06T23:34:27Z,LAL,51.0,34.5,23.3,4.7,5.5,1.1,0.4,0.49,0.36,0.871,3.6,4.800000000000001,HIGH
Los Angeles Lakers at Oklahoma City Thunder,DraftKings,player_points,ajay mitchell,Over,16.5,-107,2026-05-06T23:34:27Z,OKC,57.0,25.8,13.6,3.3,3.6,1.2,0.3,0.485,0.347,0.87,8.8,-2.9000000000000004,LOW
Los Angeles Lakers at Oklahoma City Thunder,DraftKings,player_points,ajay mitchell,Under,16.5,-119,2026-05-06T23:34:27Z,OKC,57.0,25.8,13.6,3.3,3.6,1.2,0.3,0.485,0.347,0.87,8.8,-2.9000000000000004,LOW
Los Angeles Lakers at Oklahoma City Thunder,DraftKings,player_points,chet holmgren,Over,16.5,100,2026-05-06T23:34:27Z,OKC,69.0,28.9,17.1,8.9,1.7,0.6,1.9,0.557,0.362,0.792,9.8,0.6000000000000014,LOW
Los Angeles Lakers at Oklahoma City Thunder,DraftKings,player_points,chet holmgren,Under,16.5,-127,2026-05-06T23:34:27Z,OKC,69.0,28.9,17.1,8.9,1.7,0.6,1.9,0.557,0.362,0.792,9.8,0.6000000000000014,LOW
Los Angeles Lakers at Oklahoma City Thunder,DraftKings,player_points,rui hachimura,Over,12.5,-111,2026-05-06T23:34:27Z,LAL,68.0,28.3,11.5,3.3,0.8,0.6,0.3,0.514,0.443,0.694,1.2,-1.0,LOW
Los Angeles Lakers at Oklahoma City Thunder,DraftKings,player_points,rui hachimura,Under,12.5,-115,2026-05-06T23:34:27Z,LAL,68.0,28.3,11.5,3.3,0.8,0.6,0.3,0.514,0.443,0.694,1.2,-1.0,LOW
Los Angeles Lakers at Oklahoma City Thunder,DraftKings,player_points,marcus smart,Over,10.5,-111,2026-05-06T23:34:27Z,LAL,62.0,28.5,9.3,2.8,3.0,1.4,0.4,0.395,0.331,0.822,4.1,-1.1999999999999993,LOW
Los Angeles Lakers at Oklahoma City Thunder,DraftKings,player_points,marcus smart,Under,10.5,-115,2026-05-06T23:34:27Z,LAL,62.0,28.5,9.3,2.8,3.0,1.4,0.4,0.395,0.331,0.822,4.1,-1.1999999999999993,LOW
Los Angeles Lakers at Oklahoma City Thunder,DraftKings,player_points,deandre ayton,Over,9.5,-133,2026-05-06T23:34:27Z,LAL,72.0,27.2,12.5,8.0,0.8,0.6,1.0,0.671,0.0,0.645,-0.1,3.0,MEDIUM
Los Angeles Lakers at Oklahoma City Thunder,DraftKings,player_points,deandre ayton,Under,9.5,105,2026-05-06T23:34:27Z,LAL,72.0,27.2,12.5,8.0,0.8,0.6,1.0,0.671,0.0,0.645,-0.1,3.0,MEDIUM
Los Angeles Lakers at Oklahoma City Thunder,DraftKings,player_points,luke kennard,Over,7.5,-119,2026-05-06T23:34:27Z,LAL,78.0,21.5,8.4,2.3,2.2,0.7,0.1,0.533,0.478,0.913,0.5,0.9000000000000004,LOW
Los Angeles Lakers at Oklahoma City Thunder,DraftKings,player_points,luke kennard,Under,7.5,-107,2026-05-06T23:34:27Z,LAL,78.0,21.5,8.4,2.3,2.2,0.7,0.1,0.533,0.478,0.913,0.5,0.9000000000000004,LOW
Los Angeles Lakers at Oklahoma City Thunder,DraftKings,player_points,isaiah hartenstein,Over,7.5,-115,2026-05-06T23:34:27Z,OKC,47.0,24.2,9.2,9.4,3.5,1.0,0.8,0.622,0.0,0.61,7.8,1.6999999999999993,LOW
Los Angeles Lakers at Oklahoma City Thunder,DraftKings,player_points,isaiah hartenstein,Under,7.5,-111,2026-05-06T23:34:27Z,OKC,47.0,24.2,9.2,9.4,3.5,1.0,0.8,0.622,0.0,0.61,7.8,1.6999999999999993,LOW
Los Angeles Lakers at Oklahoma City Thunder,DraftKings,player_points,isaiah joe,Over,6.5,-120,2026-05-06T23:34:27Z,OKC,71.0,21.2,11.1,2.5,1.3,0.7,0.2,0.455,0.423,0.894,5.0,4.6,HIGH
Los Angeles Lakers at Oklahoma City Thunder,DraftKings,player_points,isaiah joe,Under,6.5,-106,2026-05-06T23:34:27Z,OKC,71.0,21.2,11.1,2.5,1.3,0.7,0.2,0.455,0.423,0.894,5.0,4.6,HIGH
Los Angeles Lakers at Oklahoma City Thunder,DraftKings,player_points,cason wallace,Over,6.5,-118,2026-05-06T23:34:27Z,OKC,77.0,26.6,8.6,3.1,2.6,1.9,0.4,0.432,0.351,0.809,6.9,2.0999999999999996,MEDIUM
Los Angeles Lakers at Oklahoma City Thunder,DraftKings,player_points,cason wallace,Under,6.5,-108,2026-05-06T23:34:27Z,OKC,77.0,26.6,8.6,3.1,2.6,1.9,0.4,0.432,0.351,0.809,6.9,2.0999999999999996,MEDIUM
Los Angeles Lakers at Oklahoma City Thunder,DraftKings,player_points,luguentz dort,Over,6.5,-116,2026-05-06T23:34:27Z,OKC,69.0,26.8,8.3,3.6,1.2,0.9,0.4,0.385,0.344,0.759,4.3,1.8000000000000007,LOW
Los Angeles Lakers at Oklahoma City Thunder,DraftKings,player_points,luguentz dort,Under,6.5,-110,2026-05-06T23:34:27Z,OKC,69.0,26.8,8.3,3.6,1.2,0.9,0.4,0.385,0.344,0.759,4.3,1.8000000000000007,LOW
Los Angeles Lakers at Oklahoma City Thunder,DraftKings,player_points,alex caruso,Over,6.5,-114,2026-05-06T23:34:27Z,OKC,56.0,18.2,6.2,2.8,2.0,1.3,0.3,0.423,0.293,0.804,6.8,-0.2999999999999998,LOW
Los Angeles Lakers at Oklahoma City Thunder,DraftKings,player_points,alex caruso,Under,6.5,-112,2026-05-06T23:34:27Z,OKC,56.0,18.2,6.2,2.8,2.0,1.3,0.3,0.423,0.293,0.804,6.8,-0.2999999999999998,LOW
Los Angeles Lakers at Oklahoma City Thunder,DraftKings,player_points,jaxson hayes,Over,4.5,103,2026-05-06T23:34:27Z,LAL,66.0,18.3,7.5,4.1,0.9,0.4,0.8,0.756,1.0,0.653,1.1,3.0,MEDIUM
Los Angeles Lakers at Oklahoma City Thunder,DraftKings,player_points,jaxson hayes,Under,4.5,-132,2026-05-06T23:34:27Z,LAL,66.0,18.3,7.5,4.1,0.9,0.4,0.8,0.756,1.0,0.653,1.1,3.0,MEDIUM
Los Angeles Lakers at Oklahoma City Thunder,DraftKings,player_points,jaylin williams,Over,3.5,-114,2026-05-06T23:34:27Z,OKC,65.0,19.7,7.2,5.5,2.4,0.5,0.6,0.423,0.383,0.793,4.7,3.7,MEDIUM
Los Angeles Lakers at Oklahoma City Thunder,DraftKings,player_points,jaylin williams,Under,3.5,-111,2026-05-06T23:34:27Z,OKC,65.0,19.7,7.2,5.5,2.4,0.5,0.6,0.423,0.383,0.793,4.7,3.7,MEDIUM
Los Angeles Lakers at Oklahoma City Thunder,DraftKings,player_points,jake laravia,Over,3.5,-105,2026-05-06T23:34:27Z,LAL,82.0,25.1,8.2,4.0,1.8,1.3,0.5,0.459,0.321,0.763,-0.1,4.699999999999999,HIGH
Los Angeles Lakers at Oklahoma City Thunder,DraftKings,player_points,jake laravia,Under,3.5,-121,2026-05-06T23:34:27Z,LAL,82.0,25.1,8.2,4.0,1.8,1.3,0.5,0.459,0.321,0.763,-0.1,4.699999999999999,HIGH
Los Angeles Lakers at Oklahoma City Thunder,DraftKings,player_points,jared mccain,Over,3.5,113,2026-05-06T23:34:27Z,OKC,67.0,17.3,8.3,2.0,1.3,0.5,0.1,0.425,0.385,0.864,1.9,4.800000000000001,HIGH
Los Angeles Lakers at Oklahoma City Thunder,DraftKings,player_points,jared mccain,Under,3.5,-144,2026-05-06T23:34:27Z,OKC,67.0,17.3,8.3,2.0,1.3,0.5,0.1,0.425,0.385,0.864,1.9,4.800000000000001,HIGH
Los Angeles Lakers at Oklahoma City Thunder,DraftKings,player_rebounds,chet holmgren,Over,8.5,-133,2026-05-06T23:34:27Z,OKC,69.0,28.9,17.1,8.9,1.7,0.6,1.9,0.557,0.362,0.792,9.8,0.40000000000000036,LOW
Los Angeles Lakers at Oklahoma City Thunder,DraftKings,player_rebounds,chet holmgren,Under,8.5,101,2026-05-06T23:34:27Z,OKC,69.0,28.9,17.1,8.9,1.7,0.6,1.9,0.557,0.362,0.792,9.8,0.40000000000000036,LOW
Los Angeles Lakers at Oklahoma City Thunder,DraftKings,player_rebounds,deandre ayton,Over,8.5,-129,2026-05-06T23:34:27Z,LAL,72.0,27.2,12.5,8.0,0.8,0.6,1.0,0.671,0.0,0.645,-0.1,-0.5,LOW
Los Angeles Lakers at Oklahoma City Thunder,DraftKings,player_rebounds,deandre ayton,Under,8.5,-102,2026-05-06T23:34:27Z,LAL,72.0,27.2,12.5,8.0,0.8,0.6,1.0,0.671,0.0,0.645,-0.1,-0.5,LOW
Los Angeles Lakers at Oklahoma City Thunder,DraftKings,player_rebounds,isaiah hartenstein,Over,8.5,107,2026-05-06T23:34:27Z,OKC,47.0,24.2,9.2,9.4,3.5,1.0,0.8,0.622,0.0,0.61,7.8,0.9000000000000004,LOW
Los Angeles Lakers at Oklahoma City Thunder,DraftKings,player_rebounds,isaiah hartenstein,Under,8.5,-140,2026-05-06T23:34:27Z,OKC,47.0,24.2,9.2,9.4,3.5,1.0,0.8,0.622,0.0,0.61,7.8,0.9000000000000004,LOW
Los Angeles Lakers at Oklahoma City Thunder,DraftKings,player_rebounds,lebron james,Over,6.5,-120,2026-05-06T23:34:27Z,LAL,60.0,33.2,20.9,6.1,7.2,1.2,0.6,0.515,0.317,0.737,2.0,-0.40000000000000036,LOW
Los Angeles Lakers at Oklahoma City Thunder,DraftKings,player_rebounds,lebron james,Under,6.5,-110,2026-05-06T23:34:27Z,LAL,60.0,33.2,20.9,6.1,7.2,1.2,0.6,0.515,0.317,0.737,2.0,-0.40000000000000036,LOW
Los Angeles Lakers at Oklahoma City Thunder,DraftKings,player_rebounds,austin reaves,Over,4.5,-112,2026-05-06T23:34:27Z,LAL,51.0,34.5,23.3,4.7,5.5,1.1,0.4,0.49,0.36,0.871,3.6,0.20000000000000018,LOW
Los Angeles Lakers at Oklahoma City Thunder,DraftKings,player_rebounds,austin reaves,Under,4.5,-118,2026-05-06T23:34:27Z,LAL,51.0,34.5,23.3,4.7,5.5,1.1,0.4,0.49,0.36,0.871,3.6,0.20000000000000018,LOW
Los Angeles Lakers at Oklahoma City Thunder,DraftKings,player_rebounds,shai gilgeous-alexander,Over,4.5,123,2026-05-06T23:34:27Z,OKC,68.0,33.2,31.1,4.3,6.6,1.4,0.8,0.553,0.386,0.879,11.6,-0.20000000000000018,LOW
Los Angeles Lakers at Oklahoma City Thunder,DraftKings,player_rebounds,shai gilgeous-alexander,Under,4.5,-163,2026-05-06T23:34:27Z,OKC,68.0,33.2,31.1,4.3,6.6,1.4,0.8,0.553,0.386,0.879,11.6,-0.20000000000000018,LOW
Los Angeles Lakers at Oklahoma City Thunder,DraftKings,player_rebounds,jaxson hayes,Over,3.5,-161,2026-05-06T23:34:27Z,LAL,66.0,18.3,7.5,4.1,0.9,0.4,0.8,0.756,1.0,0.653,1.1,0.5999999999999996,LOW
Los Angeles Lakers at Oklahoma City Thunder,DraftKings,player_rebounds,jaxson hayes,Under,3.5,122,2026-05-06T23:34:27Z,LAL,66.0,18.3,7.5,4.1,0.9,0.4,0.8,0.756,1.0,0.653,1.1,0.5999999999999996,LOW
Los Angeles Lakers at Oklahoma City Thunder,DraftKings,player_rebounds,rui hachimura,Over,3.5,-141,2026-05-06T23:34:27Z,LAL,68.0,28.3,11.5,3.3,0.8,0.6,0.3,0.514,0.443,0.694,1.2,-0.20000000000000018,LOW
Los Angeles Lakers at Oklahoma City Thunder,DraftKings,player_rebounds,rui hachimura,Under,3.5,107,2026-05-06T23:34:27Z,LAL,68.0,28.3,11.5,3.3,0.8,0.6,0.3,0.514,0.443,0.694,1.2,-0.20000000000000018,LOW
Los Angeles Lakers at Oklahoma City Thunder,DraftKings,player_rebounds,ajay mitchell,Over,3.5,-112,2026-05-06T23:34:27Z,OKC,57.0,25.8,13.6,3.3,3.6,1.2,0.3,0.485,0.347,0.87,8.8,-0.20000000000000018,LOW
Los Angeles Lakers at Oklahoma City Thunder,DraftKings,player_rebounds,ajay mitchell,Under,3.5,-118,2026-05-06T23:34:27Z,OKC,57.0,25.8,13.6,3.3,3.6,1.2,0.3,0.485,0.347,0.87,8.8,-0.20000000000000018,LOW
Los Angeles Lakers at Oklahoma City Thunder,DraftKings,player_rebounds,jaylin williams,Over,3.5,103,2026-05-06T23:34:27Z,OKC,65.0,19.7,7.2,5.5,2.4,0.5,0.6,0.423,0.383,0.793,4.7,2.0,MEDIUM
Los Angeles Lakers at Oklahoma City Thunder,DraftKings,player_rebounds,jaylin williams,Under,3.5,-136,2026-05-06T23:34:27Z,OKC,65.0,19.7,7.2,5.5,2.4,0.5,0.6,0.423,0.383,0.793,4.7,2.0,MEDIUM
Los Angeles Lakers at Oklahoma City Thunder,DraftKings,player_rebounds,marcus smart,Over,3.5,128,2026-05-06T23:34:27Z,LAL,62.0,28.5,9.3,2.8,3.0,1.4,0.4,0.395,0.331,0.822,4.1,-0.7000000000000002,LOW
Los Angeles Lakers at Oklahoma City Thunder,DraftKings,player_rebounds,marcus smart,Under,3.5,-170,2026-05-06T23:34:27Z,LAL,62.0,28.5,9.3,2.8,3.0,1.4,0.4,0.395,0.331,0.822,4.1,-0.7000000000000002,LOW
Los Angeles Lakers at Oklahoma City Thunder,DraftKings,player_rebounds,luke kennard,Over,2.5,-166,2026-05-06T23:34:27Z,LAL,78.0,21.5,8.4,2.3,2.2,0.7,0.1,0.533,0.478,0.913,0.5,-0.20000000000000018,LOW
Los Angeles Lakers at Oklahoma City Thunder,DraftKings,player_rebounds,luke kennard,Under,2.5,125,2026-05-06T23:34:27Z,LAL,78.0,21.5,8.4,2.3,2.2,0.7,0.1,0.533,0.478,0.913,0.5,-0.20000000000000018,LOW
Los Angeles Lakers at Oklahoma City Thunder,DraftKings,player_rebounds,luguentz dort,Over,2.5,-150,2026-05-06T23:34:27Z,OKC,69.0,26.8,8.3,3.6,1.2,0.9,0.4,0.385,0.344,0.759,4.3,1.1,LOW
Los Angeles Lakers at Oklahoma City Thunder,DraftKings,player_rebounds,luguentz dort,Under,2.5,114,2026-05-06T23:34:27Z,OKC,69.0,26.8,8.3,3.6,1.2,0.9,0.4,0.385,0.344,0.759,4.3,1.1,LOW
Los Angeles Lakers at Oklahoma City Thunder,DraftKings,player_rebounds,alex caruso,Over,2.5,-130,2026-05-06T23:34:27Z,OKC,56.0,18.2,6.2,2.8,2.0,1.3,0.3,0.423,0.293,0.804,6.8,0.2999999999999998,LOW
Los Angeles Lakers at Oklahoma City Thunder,DraftKings,player_rebounds,alex caruso,Under,2.5,-102,2026-05-06T23:34:27Z,OKC,56.0,18.2,6.2,2.8,2.0,1.3,0.3,0.423,0.293,0.804,6.8,0.2999999999999998,LOW
Los Angeles Lakers at Oklahoma City Thunder,DraftKings,player_threes,rui hachimura,Over,1.5,-186,2026-05-06T23:34:27Z,LAL,68.0,28.3,11.5,3.3,0.8,0.6,0.3,0.514,0.443,0.694,1.2,0.0,LOW
Los Angeles Lakers at Oklahoma City Thunder,DraftKings,player_threes,rui hachimura,Under,1.5,140,2026-05-06T23:34:27Z,LAL,68.0,28.3,11.5,3.3,0.8,0.6,0.3,0.514,0.443,0.694,1.2,0.0,LOW
Los Angeles Lakers at Oklahoma City Thunder,DraftKings,player_threes,austin reaves,Over,1.5,-174,2026-05-06T23:34:27Z,LAL,51.0,34.5,23.3,4.7,5.5,1.1,0.4,0.49,0.36,0.871,3.6,0.0,LOW
Los Angeles Lakers at Oklahoma City Thunder,DraftKings,player_threes,austin reaves,Under,1.5,131,2026-05-06T23:34:27Z,LAL,51.0,34.5,23.3,4.7,5.5,1.1,0.4,0.49,0.36,0.871,3.6,0.0,LOW
Los Angeles Lakers at Oklahoma City Thunder,DraftKings,player_threes,luguentz dort,Over,1.5,-152,2026-05-06T23:34:27Z,OKC,69.0,26.8,8.3,3.6,1.2,0.9,0.4,0.385,0.344,0.759,4.3,0.0,LOW
Los Angeles Lakers at Oklahoma City Thunder,DraftKings,player_threes,luguentz dort,Under,1.5,115,2026-05-06T23:34:27Z,OKC,69.0,26.8,8.3,3.6,1.2,0.9,0.4,0.385,0.344,0.759,4.3,0.0,LOW
Los Angeles Lakers at Oklahoma City Thunder,DraftKings,player_threes,marcus smart,Over,1.5,-152,2026-05-06T23:34:27Z,LAL,62.0,28.5,9.3,2.8,3.0,1.4,0.4,0.395,0.331,0.822,4.1,0.0,LOW
Los Angeles Lakers at Oklahoma City Thunder,DraftKings,player_threes,marcus smart,Under,1.5,115,2026-05-06T23:34:27Z,LAL,62.0,28.5,9.3,2.8,3.0,1.4,0.4,0.395,0.331,0.822,4.1,0.0,LOW
Los Angeles Lakers at Oklahoma City Thunder,DraftKings,player_threes,shai gilgeous-alexander,Over,1.5,-125,2026-05-06T23:34:27Z,OKC,68.0,33.2,31.1,4.3,6.6,1.4,0.8,0.553,0.386,0.879,11.6,0.0,LOW
Los Angeles Lakers at Oklahoma City Thunder,DraftKings,player_threes,shai gilgeous-alexander,Under,1.5,-105,2026-05-06T23:34:27Z,OKC,68.0,33.2,31.1,4.3,6.6,1.4,0.8,0.553,0.386,0.879,11.6,0.0,LOW
Los Angeles Lakers at Oklahoma City Thunder,DraftKings,player_threes,ajay mitchell,Over,1.5,-104,2026-05-06T23:34:27Z,OKC,57.0,25.8,13.6,3.3,3.6,1.2,0.3,0.485,0.347,0.87,8.8,0.0,LOW
Los Angeles Lakers at Oklahoma City Thunder,DraftKings,player_threes,ajay mitchell,Under,1.5,-127,2026-05-06T23:34:27Z,OKC,57.0,25.8,13.6,3.3,3.6,1.2,0.3,0.485,0.347,0.87,8.8,0.0,LOW
Los Angeles Lakers at Oklahoma City Thunder,DraftKings,player_threes,lebron james,Over,1.5,120,2026-05-06T23:34:27Z,LAL,60.0,33.2,20.9,6.1,7.2,1.2,0.6,0.515,0.317,0.737,2.0,0.0,LOW
Los Angeles Lakers at Oklahoma City Thunder,DraftKings,player_threes,lebron james,Under,1.5,-158,2026-05-06T23:34:27Z,LAL,60.0,33.2,20.9,6.1,7.2,1.2,0.6,0.515,0.317,0.737,2.0,0.0,LOW
Los Angeles Lakers at Oklahoma City Thunder,DraftKings,player_threes,chet holmgren,Over,1.5,124,2026-05-06T23:34:27Z,OKC,69.0,28.9,17.1,8.9,1.7,0.6,1.9,0.557,0.362,0.792,9.8,0.0,LOW
Los Angeles Lakers at Oklahoma City Thunder,DraftKings,player_threes,chet holmgren,Under,1.5,-164,2026-05-06T23:34:27Z,OKC,69.0,28.9,17.1,8.9,1.7,0.6,1.9,0.557,0.362,0.792,9.8,0.0,LOW
Los Angeles Lakers at Oklahoma City Thunder,BetMGM,player_assists,ajay mitchell,Over,3.5,-135,2026-05-06T23:33:35Z,OKC,57.0,25.8,13.6,3.3,3.6,1.2,0.3,0.485,0.347,0.87,8.8,0.10000000000000009,LOW
Los Angeles Lakers at Oklahoma City Thunder,BetMGM,player_assists,ajay mitchell,Under,3.5,100,2026-05-06T23:33:35Z,OKC,57.0,25.8,13.6,3.3,3.6,1.2,0.3,0.485,0.347,0.87,8.8,0.10000000000000009,LOW
Los Angeles Lakers at Oklahoma City Thunder,BetMGM,player_assists,shai gilgeous-alexander,Over,6.5,-150,2026-05-06T23:33:35Z,OKC,68.0,33.2,31.1,4.3,6.6,1.4,0.8,0.553,0.386,0.879,11.6,0.09999999999999964,LOW
Los Angeles Lakers at Oklahoma City Thunder,BetMGM,player_assists,shai gilgeous-alexander,Under,6.5,110,2026-05-06T23:33:35Z,OKC,68.0,33.2,31.1,4.3,6.6,1.4,0.8,0.553,0.386,0.879,11.6,0.09999999999999964,LOW
Los Angeles Lakers at Oklahoma City Thunder,BetMGM,player_assists,isaiah hartenstein,Over,2.5,-175,2026-05-06T23:33:35Z,OKC,47.0,24.2,9.2,9.4,3.5,1.0,0.8,0.622,0.0,0.61,7.8,1.0,LOW
Los Angeles Lakers at Oklahoma City Thunder,BetMGM,player_assists,isaiah hartenstein,Under,2.5,130,2026-05-06T23:33:35Z,OKC,47.0,24.2,9.2,9.4,3.5,1.0,0.8,0.622,0.0,0.61,7.8,1.0,LOW
Los Angeles Lakers at Oklahoma City Thunder,BetMGM,player_assists,chet holmgren,Over,1.5,-105,2026-05-06T23:33:35Z,OKC,69.0,28.9,17.1,8.9,1.7,0.6,1.9,0.557,0.362,0.792,9.8,0.19999999999999996,LOW
Los Angeles Lakers at Oklahoma City Thunder,BetMGM,player_assists,chet holmgren,Under,1.5,-125,2026-05-06T23:33:35Z,OKC,69.0,28.9,17.1,8.9,1.7,0.6,1.9,0.557,0.362,0.792,9.8,0.19999999999999996,LOW
Los Angeles Lakers at Oklahoma City Thunder,BetMGM,player_assists,marcus smart,Over,3.5,-111,2026-05-06T23:33:35Z,LAL,62.0,28.5,9.3,2.8,3.0,1.4,0.4,0.395,0.331,0.822,4.1,-0.5,LOW
Los Angeles Lakers at Oklahoma City Thunder,BetMGM,player_assists,marcus smart,Under,3.5,-120,2026-05-06T23:33:35Z,LAL,62.0,28.5,9.3,2.8,3.0,1.4,0.4,0.395,0.331,0.822,4.1,-0.5,LOW
Los Angeles Lakers at Oklahoma City Thunder,BetMGM,player_assists,lebron james,Over,7.5,-110,2026-05-06T23:33:35Z,LAL,60.0,33.2,20.9,6.1,7.2,1.2,0.6,0.515,0.317,0.737,2.0,-0.2999999999999998,LOW
Los Angeles Lakers at Oklahoma City Thunder,BetMGM,player_assists,lebron james,Under,7.5,-120,2026-05-06T23:33:35Z,LAL,60.0,33.2,20.9,6.1,7.2,1.2,0.6,0.515,0.317,0.737,2.0,-0.2999999999999998,LOW
Los Angeles Lakers at Oklahoma City Thunder,BetMGM,player_assists,deandre ayton,Over,0.5,-155,2026-05-06T23:33:35Z,LAL,72.0,27.2,12.5,8.0,0.8,0.6,1.0,0.671,0.0,0.645,-0.1,0.30000000000000004,LOW
Los Angeles Lakers at Oklahoma City Thunder,BetMGM,player_assists,deandre ayton,Under,0.5,115,2026-05-06T23:33:35Z,LAL,72.0,27.2,12.5,8.0,0.8,0.6,1.0,0.671,0.0,0.645,-0.1,0.30000000000000004,LOW
Los Angeles Lakers at Oklahoma City Thunder,BetMGM,player_assists,rui hachimura,Over,0.5,-155,2026-05-06T23:33:35Z,LAL,68.0,28.3,11.5,3.3,0.8,0.6,0.3,0.514,0.443,0.694,1.2,0.30000000000000004,LOW
Los Angeles Lakers at Oklahoma City Thunder,BetMGM,player_assists,rui hachimura,Under,0.5,115,2026-05-06T23:33:35Z,LAL,68.0,28.3,11.5,3.3,0.8,0.6,0.3,0.514,0.443,0.694,1.2,0.30000000000000004,LOW
Los Angeles Lakers at Oklahoma City Thunder,BetMGM,player_assists,luguentz dort,Over,1.5,165,2026-05-06T23:33:35Z,OKC,69.0,26.8,8.3,3.6,1.2,0.9,0.4,0.385,0.344,0.759,4.3,-0.30000000000000004,LOW
Los Angeles Lakers at Oklahoma City Thunder,BetMGM,player_assists,luguentz dort,Under,1.5,-220,2026-05-06T23:33:35Z,OKC,69.0,26.8,8.3,3.6,1.2,0.9,0.4,0.385,0.344,0.759,4.3,-0.30000000000000004,LOW
Los Angeles Lakers at Oklahoma City Thunder,BetMGM,player_assists,austin reaves,Over,5.5,115,2026-05-06T23:33:35Z,LAL,51.0,34.5,23.3,4.7,5.5,1.1,0.4,0.49,0.36,0.871,3.6,0.0,LOW
Los Angeles Lakers at Oklahoma City Thunder,BetMGM,player_assists,austin reaves,Under,5.5,-155,2026-05-06T23:33:35Z,LAL,51.0,34.5,23.3,4.7,5.5,1.1,0.4,0.49,0.36,0.871,3.6,0.0,LOW
Los Angeles Lakers at Oklahoma City Thunder,BetMGM,player_assists,luke kennard,Over,1.5,-160,2026-05-06T23:33:35Z,LAL,78.0,21.5,8.4,2.3,2.2,0.7,0.1,0.533,0.478,0.913,0.5,0.7000000000000002,LOW
Los Angeles Lakers at Oklahoma City Thunder,BetMGM,player_assists,luke kennard,Under,1.5,120,2026-05-06T23:33:35Z,LAL,78.0,21.5,8.4,2.3,2.2,0.7,0.1,0.533,0.478,0.913,0.5,0.7000000000000002,LOW
Los Angeles Lakers at Oklahoma City Thunder,BetMGM,player_assists,alex caruso,Over,1.5,-140,2026-05-06T23:33:35Z,OKC,56.0,18.2,6.2,2.8,2.0,1.3,0.3,0.423,0.293,0.804,6.8,0.5,LOW
Los Angeles Lakers at Oklahoma City Thunder,BetMGM,player_assists,alex caruso,Under,1.5,105,2026-05-06T23:33:35Z,OKC,56.0,18.2,6.2,2.8,2.0,1.3,0.3,0.423,0.293,0.804,6.8,0.5,LOW
Los Angeles Lakers at Oklahoma City Thunder,BetMGM,player_blocks,austin reaves,Over,0.5,-118,2026-05-06T23:33:35Z,LAL,51.0,34.5,23.3,4.7,5.5,1.1,0.4,0.49,0.36,0.871,3.6,0.0,LOW
Los Angeles Lakers at Oklahoma City Thunder,BetMGM,player_blocks,austin reaves,Under,0.5,-115,2026-05-06T23:33:35Z,LAL,51.0,34.5,23.3,4.7,5.5,1.1,0.4,0.49,0.36,0.871,3.6,0.0,LOW
Los Angeles Lakers at Oklahoma City Thunder,BetMGM,player_blocks,lebron james,Over,0.5,125,2026-05-06T23:33:35Z,LAL,60.0,33.2,20.9,6.1,7.2,1.2,0.6,0.515,0.317,0.737,2.0,0.0,LOW
Los Angeles Lakers at Oklahoma City Thunder,BetMGM,player_blocks,lebron james,Under,0.5,-175,2026-05-06T23:33:35Z,LAL,60.0,33.2,20.9,6.1,7.2,1.2,0.6,0.515,0.317,0.737,2.0,0.0,LOW
Los Angeles Lakers at Oklahoma City Thunder,BetMGM,player_blocks,shai gilgeous-alexander,Over,0.5,-135,2026-05-06T23:33:35Z,OKC,68.0,33.2,31.1,4.3,6.6,1.4,0.8,0.553,0.386,0.879,11.6,0.0,LOW
Los Angeles Lakers at Oklahoma City Thunder,BetMGM,player_blocks,shai gilgeous-alexander,Under,0.5,100,2026-05-06T23:33:35Z,OKC,68.0,33.2,31.1,4.3,6.6,1.4,0.8,0.553,0.386,0.879,11.6,0.0,LOW
Los Angeles Lakers at Oklahoma City Thunder,BetMGM,player_blocks,luguentz dort,Over,0.5,185,2026-05-06T23:33:35Z,OKC,69.0,26.8,8.3,3.6,1.2,0.9,0.4,0.385,0.344,0.759,4.3,0.0,LOW
Los Angeles Lakers at Oklahoma City Thunder,BetMGM,player_blocks,luguentz dort,Under,0.5,-275,2026-05-06T23:33:35Z,OKC,69.0,26.8,8.3,3.6,1.2,0.9,0.4,0.385,0.344,0.759,4.3,0.0,LOW
Los Angeles Lakers at Oklahoma City Thunder,BetMGM,player_blocks,isaiah hartenstein,Over,0.5,-190,2026-05-06T23:33:35Z,OKC,47.0,24.2,9.2,9.4,3.5,1.0,0.8,0.622,0.0,0.61,7.8,0.0,LOW
Los Angeles Lakers at Oklahoma City Thunder,BetMGM,player_blocks,isaiah hartenstein,Under,0.5,140,2026-05-06T23:33:35Z,OKC,47.0,24.2,9.2,9.4,3.5,1.0,0.8,0.622,0.0,0.61,7.8,0.0,LOW
Los Angeles Lakers at Oklahoma City Thunder,BetMGM,player_blocks,rui hachimura,Over,0.5,150,2026-05-06T23:33:35Z,LAL,68.0,28.3,11.5,3.3,0.8,0.6,0.3,0.514,0.443,0.694,1.2,0.0,LOW
Los Angeles Lakers at Oklahoma City Thunder,BetMGM,player_blocks,rui hachimura,Under,0.5,-210,2026-05-06T23:33:35Z,LAL,68.0,28.3,11.5,3.3,0.8,0.6,0.3,0.514,0.443,0.694,1.2,0.0,LOW
Los Angeles Lakers at Oklahoma City Thunder,BetMGM,player_blocks,deandre ayton,Over,0.5,-235,2026-05-06T23:33:35Z,LAL,72.0,27.2,12.5,8.0,0.8,0.6,1.0,0.671,0.0,0.645,-0.1,0.0,LOW
Los Angeles Lakers at Oklahoma City Thunder,BetMGM,player_blocks,deandre ayton,Under,0.5,170,2026-05-06T23:33:35Z,LAL,72.0,27.2,12.5,8.0,0.8,0.6,1.0,0.671,0.0,0.645,-0.1,0.0,LOW
Los Angeles Lakers at Oklahoma City Thunder,BetMGM,player_blocks,chet holmgren,Over,1.5,-175,2026-05-06T23:33:35Z,OKC,69.0,28.9,17.1,8.9,1.7,0.6,1.9,0.557,0.362,0.792,9.8,0.0,LOW
Los Angeles Lakers at Oklahoma City Thunder,BetMGM,player_blocks,chet holmgren,Under,1.5,125,2026-05-06T23:33:35Z,OKC,69.0,28.9,17.1,8.9,1.7,0.6,1.9,0.557,0.362,0.792,9.8,0.0,LOW
Los Angeles Lakers at Oklahoma City Thunder,BetMGM,player_blocks,ajay mitchell,Over,0.5,310,2026-05-06T23:33:35Z,OKC,57.0,25.8,13.6,3.3,3.6,1.2,0.3,0.485,0.347,0.87,8.8,0.0,LOW
Los Angeles Lakers at Oklahoma City Thunder,BetMGM,player_blocks,ajay mitchell,Under,0.5,-525,2026-05-06T23:33:35Z,OKC,57.0,25.8,13.6,3.3,3.6,1.2,0.3,0.485,0.347,0.87,8.8,0.0,LOW
Los Angeles Lakers at Oklahoma City Thunder,BetMGM,player_blocks,marcus smart,Over,0.5,-135,2026-05-06T23:33:35Z,LAL,62.0,28.5,9.3,2.8,3.0,1.4,0.4,0.395,0.331,0.822,4.1,0.0,LOW
Los Angeles Lakers at Oklahoma City Thunder,BetMGM,player_blocks,marcus smart,Under,0.5,-105,2026-05-06T23:33:35Z,LAL,62.0,28.5,9.3,2.8,3.0,1.4,0.4,0.395,0.331,0.822,4.1,0.0,LOW
Los Angeles Lakers at Oklahoma City Thunder,BetMGM,player_points,shai gilgeous-alexander,Over,28.5,-125,2026-05-06T23:33:35Z,OKC,68.0,33.2,31.1,4.3,6.6,1.4,0.8,0.553,0.386,0.879,11.6,2.6000000000000014,MEDIUM
Los Angeles Lakers at Oklahoma City Thunder,BetMGM,player_points,shai gilgeous-alexander,Under,28.5,-105,2026-05-06T23:33:35Z,OKC,68.0,33.2,31.1,4.3,6.6,1.4,0.8,0.553,0.386,0.879,11.6,2.6000000000000014,MEDIUM
Los Angeles Lakers at Oklahoma City Thunder,BetMGM,player_points,luguentz dort,Over,7.5,-105,2026-05-06T23:33:35Z,OKC,69.0,26.8,8.3,3.6,1.2,0.9,0.4,0.385,0.344,0.759,4.3,0.8000000000000007,LOW
Los Angeles Lakers at Oklahoma City Thunder,BetMGM,player_points,luguentz dort,Under,7.5,-125,2026-05-06T23:33:35Z,OKC,69.0,26.8,8.3,3.6,1.2,0.9,0.4,0.385,0.344,0.759,4.3,0.8000000000000007,LOW
Los Angeles Lakers at Oklahoma City Thunder,BetMGM,player_points,rui hachimura,Over,12.5,-120,2026-05-06T23:33:35Z,LAL,68.0,28.3,11.5,3.3,0.8,0.6,0.3,0.514,0.443,0.694,1.2,-1.0,LOW
Los Angeles Lakers at Oklahoma City Thunder,BetMGM,player_points,rui hachimura,Under,12.5,-110,2026-05-06T23:33:35Z,LAL,68.0,28.3,11.5,3.3,0.8,0.6,0.3,0.514,0.443,0.694,1.2,-1.0,LOW
Los Angeles Lakers at Oklahoma City Thunder,BetMGM,player_points,isaiah hartenstein,Over,7.5,-125,2026-05-06T23:33:35Z,OKC,47.0,24.2,9.2,9.4,3.5,1.0,0.8,0.622,0.0,0.61,7.8,1.6999999999999993,LOW
Los Angeles Lakers at Oklahoma City Thunder,BetMGM,player_points,isaiah hartenstein,Under,7.5,-105,2026-05-06T23:33:35Z,OKC,47.0,24.2,9.2,9.4,3.5,1.0,0.8,0.622,0.0,0.61,7.8,1.6999999999999993,LOW
Los Angeles Lakers at Oklahoma City Thunder,BetMGM,player_points,marcus smart,Over,10.5,-105,2026-05-06T23:33:35Z,LAL,62.0,28.5,9.3,2.8,3.0,1.4,0.4,0.395,0.331,0.822,4.1,-1.1999999999999993,LOW
Los Angeles Lakers at Oklahoma City Thunder,BetMGM,player_points,marcus smart,Under,10.5,-125,2026-05-06T23:33:35Z,LAL,62.0,28.5,9.3,2.8,3.0,1.4,0.4,0.395,0.331,0.822,4.1,-1.1999999999999993,LOW
Los Angeles Lakers at Oklahoma City Thunder,BetMGM,player_points,chet holmgren,Over,16.5,-120,2026-05-06T23:33:35Z,OKC,69.0,28.9,17.1,8.9,1.7,0.6,1.9,0.557,0.362,0.792,9.8,0.6000000000000014,LOW
Los Angeles Lakers at Oklahoma City Thunder,BetMGM,player_points,chet holmgren,Under,16.5,-111,2026-05-06T23:33:35Z,OKC,69.0,28.9,17.1,8.9,1.7,0.6,1.9,0.557,0.362,0.792,9.8,0.6000000000000014,LOW
Los Angeles Lakers at Oklahoma City Thunder,BetMGM,player_points,ajay mitchell,Over,16.5,-115,2026-05-06T23:33:35Z,OKC,57.0,25.8,13.6,3.3,3.6,1.2,0.3,0.485,0.347,0.87,8.8,-2.9000000000000004,LOW
Los Angeles Lakers at Oklahoma City Thunder,BetMGM,player_points,ajay mitchell,Under,16.5,-115,2026-05-06T23:33:35Z,OKC,57.0,25.8,13.6,3.3,3.6,1.2,0.3,0.485,0.347,0.87,8.8,-2.9000000000000004,LOW
Los Angeles Lakers at Oklahoma City Thunder,BetMGM,player_points,cason wallace,Over,6.5,-135,2026-05-06T23:33:35Z,OKC,77.0,26.6,8.6,3.1,2.6,1.9,0.4,0.432,0.351,0.809,6.9,2.0999999999999996,MEDIUM
Los Angeles Lakers at Oklahoma City Thunder,BetMGM,player_points,cason wallace,Under,6.5,100,2026-05-06T23:33:35Z,OKC,77.0,26.6,8.6,3.1,2.6,1.9,0.4,0.432,0.351,0.809,6.9,2.0999999999999996,MEDIUM
Los Angeles Lakers at Oklahoma City Thunder,BetMGM,player_points,alex caruso,Over,6.5,-120,2026-05-06T23:33:35Z,OKC,56.0,18.2,6.2,2.8,2.0,1.3,0.3,0.423,0.293,0.804,6.8,-0.2999999999999998,LOW
Los Angeles Lakers at Oklahoma City Thunder,BetMGM,player_points,alex caruso,Under,6.5,-111,2026-05-06T23:33:35Z,OKC,56.0,18.2,6.2,2.8,2.0,1.3,0.3,0.423,0.293,0.804,6.8,-0.2999999999999998,LOW
Los Angeles Lakers at Oklahoma City Thunder,BetMGM,player_points,jared mccain,Over,3.5,-115,2026-05-06T23:33:35Z,OKC,67.0,17.3,8.3,2.0,1.3,0.5,0.1,0.425,0.385,0.864,1.9,4.800000000000001,HIGH
Los Angeles Lakers at Oklahoma City Thunder,BetMGM,player_points,jared mccain,Under,3.5,-115,2026-05-06T23:33:35Z,OKC,67.0,17.3,8.3,2.0,1.3,0.5,0.1,0.425,0.385,0.864,1.9,4.800000000000001,HIGH
Los Angeles Lakers at Oklahoma City Thunder,BetMGM,player_points,isaiah joe,Over,6.5,100,2026-05-06T23:33:35Z,OKC,71.0,21.2,11.1,2.5,1.3,0.7,0.2,0.455,0.423,0.894,5.0,4.6,HIGH
Los Angeles Lakers at Oklahoma City Thunder,BetMGM,player_points,isaiah joe,Under,6.5,-135,2026-05-06T23:33:35Z,OKC,71.0,21.2,11.1,2.5,1.3,0.7,0.2,0.455,0.423,0.894,5.0,4.6,HIGH
Los Angeles Lakers at Oklahoma City Thunder,BetMGM,player_points,lebron james,Over,21.5,-115,2026-05-06T23:33:35Z,LAL,60.0,33.2,20.9,6.1,7.2,1.2,0.6,0.515,0.317,0.737,2.0,-0.6000000000000014,LOW
Los Angeles Lakers at Oklahoma City Thunder,BetMGM,player_points,lebron james,Under,21.5,-115,2026-05-06T23:33:35Z,LAL,60.0,33.2,20.9,6.1,7.2,1.2,0.6,0.515,0.317,0.737,2.0,-0.6000000000000014,LOW
Los Angeles Lakers at Oklahoma City Thunder,BetMGM,player_points,jaylin williams,Over,4.5,105,2026-05-06T23:33:35Z,OKC,65.0,19.7,7.2,5.5,2.4,0.5,0.6,0.423,0.383,0.793,4.7,2.7,MEDIUM
Los Angeles Lakers at Oklahoma City Thunder,BetMGM,player_points,jaylin williams,Under,4.5,-140,2026-05-06T23:33:35Z,OKC,65.0,19.7,7.2,5.5,2.4,0.5,0.6,0.423,0.383,0.793,4.7,2.7,MEDIUM
Los Angeles Lakers at Oklahoma City Thunder,BetMGM,player_points,austin reaves,Over,18.5,-120,2026-05-06T23:33:35Z,LAL,51.0,34.5,23.3,4.7,5.5,1.1,0.4,0.49,0.36,0.871,3.6,4.800000000000001,HIGH
Los Angeles Lakers at Oklahoma City Thunder,BetMGM,player_points,austin reaves,Under,18.5,-111,2026-05-06T23:33:35Z,LAL,51.0,34.5,23.3,4.7,5.5,1.1,0.4,0.49,0.36,0.871,3.6,4.800000000000001,HIGH
Los Angeles Lakers at Oklahoma City Thunder,BetMGM,player_points,deandre ayton,Over,10.5,105,2026-05-06T23:33:35Z,LAL,72.0,27.2,12.5,8.0,0.8,0.6,1.0,0.671,0.0,0.645,-0.1,2.0,MEDIUM
Los Angeles Lakers at Oklahoma City Thunder,BetMGM,player_points,deandre ayton,Under,10.5,-140,2026-05-06T23:33:35Z,LAL,72.0,27.2,12.5,8.0,0.8,0.6,1.0,0.671,0.0,0.645,-0.1,2.0,MEDIUM
Los Angeles Lakers at Oklahoma City Thunder,BetMGM,player_points,jaxson hayes,Over,4.5,-105,2026-05-06T23:33:35Z,LAL,66.0,18.3,7.5,4.1,0.9,0.4,0.8,0.756,1.0,0.653,1.1,3.0,MEDIUM
Los Angeles Lakers at Oklahoma City Thunder,BetMGM,player_points,jaxson hayes,Under,4.5,-125,2026-05-06T23:33:35Z,LAL,66.0,18.3,7.5,4.1,0.9,0.4,0.8,0.756,1.0,0.653,1.1,3.0,MEDIUM
Los Angeles Lakers at Oklahoma City Thunder,BetMGM,player_points,jake laravia,Over,3.5,-135,2026-05-06T23:33:35Z,LAL,82.0,25.1,8.2,4.0,1.8,1.3,0.5,0.459,0.321,0.763,-0.1,4.699999999999999,HIGH
Los Angeles Lakers at Oklahoma City Thunder,BetMGM,player_points,jake laravia,Under,3.5,100,2026-05-06T23:33:35Z,LAL,82.0,25.1,8.2,4.0,1.8,1.3,0.5,0.459,0.321,0.763,-0.1,4.699999999999999,HIGH
Los Angeles Lakers at Oklahoma City Thunder,BetMGM,player_points,luke kennard,Over,7.5,-120,2026-05-06T23:33:35Z,LAL,78.0,21.5,8.4,2.3,2.2,0.7,0.1,0.533,0.478,0.913,0.5,0.9000000000000004,LOW
Los Angeles Lakers at Oklahoma City Thunder,BetMGM,player_points,luke kennard,Under,7.5,-110,2026-05-06T23:33:35Z,LAL,78.0,21.5,8.4,2.3,2.2,0.7,0.1,0.533,0.478,0.913,0.5,0.9000000000000004,LOW
Los Angeles Lakers at Oklahoma City Thunder,BetMGM,player_rebounds,ajay mitchell,Over,3.5,-105,2026-05-06T23:33:35Z,OKC,57.0,25.8,13.6,3.3,3.6,1.2,0.3,0.485,0.347,0.87,8.8,-0.20000000000000018,LOW
Los Angeles Lakers at Oklahoma City Thunder,BetMGM,player_rebounds,ajay mitchell,Under,3.5,-125,2026-05-06T23:33:35Z,OKC,57.0,25.8,13.6,3.3,3.6,1.2,0.3,0.485,0.347,0.87,8.8,-0.20000000000000018,LOW
Los Angeles Lakers at Oklahoma City Thunder,BetMGM,player_rebounds,shai gilgeous-alexander,Over,3.5,-160,2026-05-06T23:33:35Z,OKC,68.0,33.2,31.1,4.3,6.6,1.4,0.8,0.553,0.386,0.879,11.6,0.7999999999999998,LOW
Los Angeles Lakers at Oklahoma City Thunder,BetMGM,player_rebounds,shai gilgeous-alexander,Under,3.5,120,2026-05-06T23:33:35Z,OKC,68.0,33.2,31.1,4.3,6.6,1.4,0.8,0.553,0.386,0.879,11.6,0.7999999999999998,LOW
Los Angeles Lakers at Oklahoma City Thunder,BetMGM,player_rebounds,luguentz dort,Over,2.5,-155,2026-05-06T23:33:35Z,OKC,69.0,26.8,8.3,3.6,1.2,0.9,0.4,0.385,0.344,0.759,4.3,1.1,LOW
Los Angeles Lakers at Oklahoma City Thunder,BetMGM,player_rebounds,luguentz dort,Under,2.5,115,2026-05-06T23:33:35Z,OKC,69.0,26.8,8.3,3.6,1.2,0.9,0.4,0.385,0.344,0.759,4.3,1.1,LOW
Los Angeles Lakers at Oklahoma City Thunder,BetMGM,player_rebounds,chet holmgren,Over,8.5,-135,2026-05-06T23:33:35Z,OKC,69.0,28.9,17.1,8.9,1.7,0.6,1.9,0.557,0.362,0.792,9.8,0.40000000000000036,LOW
Los Angeles Lakers at Oklahoma City Thunder,BetMGM,player_rebounds,chet holmgren,Under,8.5,100,2026-05-06T23:33:35Z,OKC,69.0,28.9,17.1,8.9,1.7,0.6,1.9,0.557,0.362,0.792,9.8,0.40000000000000036,LOW
Los Angeles Lakers at Oklahoma City Thunder,BetMGM,player_rebounds,marcus smart,Over,3.5,120,2026-05-06T23:33:35Z,LAL,62.0,28.5,9.3,2.8,3.0,1.4,0.4,0.395,0.331,0.822,4.1,-0.7000000000000002,LOW
Los Angeles Lakers at Oklahoma City Thunder,BetMGM,player_rebounds,marcus smart,Under,3.5,-160,2026-05-06T23:33:35Z,LAL,62.0,28.5,9.3,2.8,3.0,1.4,0.4,0.395,0.331,0.822,4.1,-0.7000000000000002,LOW
Los Angeles Lakers at Oklahoma City Thunder,BetMGM,player_rebounds,rui hachimura,Over,3.5,-145,2026-05-06T23:33:35Z,LAL,68.0,28.3,11.5,3.3,0.8,0.6,0.3,0.514,0.443,0.694,1.2,-0.20000000000000018,LOW
Los Angeles Lakers at Oklahoma City Thunder,BetMGM,player_rebounds,rui hachimura,Under,3.5,105,2026-05-06T23:33:35Z,LAL,68.0,28.3,11.5,3.3,0.8,0.6,0.3,0.514,0.443,0.694,1.2,-0.20000000000000018,LOW
Los Angeles Lakers at Oklahoma City Thunder,BetMGM,player_rebounds,austin reaves,Over,4.5,-105,2026-05-06T23:33:35Z,LAL,51.0,34.5,23.3,4.7,5.5,1.1,0.4,0.49,0.36,0.871,3.6,0.20000000000000018,LOW
Los Angeles Lakers at Oklahoma City Thunder,BetMGM,player_rebounds,austin reaves,Under,4.5,-125,2026-05-06T23:33:35Z,LAL,51.0,34.5,23.3,4.7,5.5,1.1,0.4,0.49,0.36,0.871,3.6,0.20000000000000018,LOW
Los Angeles Lakers at Oklahoma City Thunder,BetMGM,player_rebounds,lebron james,Over,6.5,-140,2026-05-06T23:33:35Z,LAL,60.0,33.2,20.9,6.1,7.2,1.2,0.6,0.515,0.317,0.737,2.0,-0.40000000000000036,LOW
Los Angeles Lakers at Oklahoma City Thunder,BetMGM,player_rebounds,lebron james,Under,6.5,105,2026-05-06T23:33:35Z,LAL,60.0,33.2,20.9,6.1,7.2,1.2,0.6,0.515,0.317,0.737,2.0,-0.40000000000000036,LOW
Los Angeles Lakers at Oklahoma City Thunder,BetMGM,player_rebounds,deandre ayton,Over,8.5,-130,2026-05-06T23:33:35Z,LAL,72.0,27.2,12.5,8.0,0.8,0.6,1.0,0.671,0.0,0.645,-0.1,-0.5,LOW
Los Angeles Lakers at Oklahoma City Thunder,BetMGM,player_rebounds,deandre ayton,Under,8.5,-105,2026-05-06T23:33:35Z,LAL,72.0,27.2,12.5,8.0,0.8,0.6,1.0,0.671,0.0,0.645,-0.1,-0.5,LOW
Los Angeles Lakers at Oklahoma City Thunder,BetMGM,player_rebounds,isaiah hartenstein,Over,8.5,110,2026-05-06T23:33:35Z,OKC,47.0,24.2,9.2,9.4,3.5,1.0,0.8,0.622,0.0,0.61,7.8,0.9000000000000004,LOW
Los Angeles Lakers at Oklahoma City Thunder,BetMGM,player_rebounds,isaiah hartenstein,Under,8.5,-150,2026-05-06T23:33:35Z,OKC,47.0,24.2,9.2,9.4,3.5,1.0,0.8,0.622,0.0,0.61,7.8,0.9000000000000004,LOW
Los Angeles Lakers at Oklahoma City Thunder,BetMGM,player_rebounds,alex caruso,Over,2.5,-165,2026-05-06T23:33:35Z,OKC,56.0,18.2,6.2,2.8,2.0,1.3,0.3,0.423,0.293,0.804,6.8,0.2999999999999998,LOW
Los Angeles Lakers at Oklahoma City Thunder,BetMGM,player_rebounds,alex caruso,Under,2.5,125,2026-05-06T23:33:35Z,OKC,56.0,18.2,6.2,2.8,2.0,1.3,0.3,0.423,0.293,0.804,6.8,0.2999999999999998,LOW
Los Angeles Lakers at Oklahoma City Thunder,BetMGM,player_rebounds,jaylin williams,Over,3.5,-111,2026-05-06T23:33:35Z,OKC,65.0,19.7,7.2,5.5,2.4,0.5,0.6,0.423,0.383,0.793,4.7,2.0,MEDIUM
Los Angeles Lakers at Oklahoma City Thunder,BetMGM,player_rebounds,jaylin williams,Under,3.5,-120,2026-05-06T23:33:35Z,OKC,65.0,19.7,7.2,5.5,2.4,0.5,0.6,0.423,0.383,0.793,4.7,2.0,MEDIUM
Los Angeles Lakers at Oklahoma City Thunder,BetMGM,player_rebounds,luke kennard,Over,3.5,135,2026-05-06T23:33:35Z,LAL,78.0,21.5,8.4,2.3,2.2,0.7,0.1,0.533,0.478,0.913,0.5,-1.2000000000000002,LOW
Los Angeles Lakers at Oklahoma City Thunder,BetMGM,player_rebounds,luke kennard,Under,3.5,-185,2026-05-06T23:33:35Z,LAL,78.0,21.5,8.4,2.3,2.2,0.7,0.1,0.533,0.478,0.913,0.5,-1.2000000000000002,LOW
Los Angeles Lakers at Oklahoma City Thunder,BetMGM,player_rebounds,jaxson hayes,Over,3.5,-150,2026-05-06T23:33:35Z,LAL,66.0,18.3,7.5,4.1,0.9,0.4,0.8,0.756,1.0,0.653,1.1,0.5999999999999996,LOW
Los Angeles Lakers at Oklahoma City Thunder,BetMGM,player_rebounds,jaxson hayes,Under,3.5,110,2026-05-06T23:33:35Z,LAL,66.0,18.3,7.5,4.1,0.9,0.4,0.8,0.756,1.0,0.653,1.1,0.5999999999999996,LOW
Los Angeles Lakers at Oklahoma City Thunder,BetMGM,player_threes,ajay mitchell,Over,1.5,-105,2026-05-06T23:33:35Z,OKC,57.0,25.8,13.6,3.3,3.6,1.2,0.3,0.485,0.347,0.87,8.8,0.0,LOW
Los Angeles Lakers at Oklahoma City Thunder,BetMGM,player_threes,ajay mitchell,Under,1.5,-125,2026-05-06T23:33:35Z,OKC,57.0,25.8,13.6,3.3,3.6,1.2,0.3,0.485,0.347,0.87,8.8,0.0,LOW
Los Angeles Lakers at Oklahoma City Thunder,BetMGM,player_threes,shai gilgeous-alexander,Over,1.5,105,2026-05-06T23:33:35Z,OKC,68.0,33.2,31.1,4.3,6.6,1.4,0.8,0.553,0.386,0.879,11.6,0.0,LOW
Los Angeles Lakers at Oklahoma City Thunder,BetMGM,player_threes,shai gilgeous-alexander,Under,1.5,-140,2026-05-06T23:33:35Z,OKC,68.0,33.2,31.1,4.3,6.6,1.4,0.8,0.553,0.386,0.879,11.6,0.0,LOW
Los Angeles Lakers at Oklahoma City Thunder,BetMGM,player_threes,luguentz dort,Over,1.5,-135,2026-05-06T23:33:35Z,OKC,69.0,26.8,8.3,3.6,1.2,0.9,0.4,0.385,0.344,0.759,4.3,0.0,LOW
Los Angeles Lakers at Oklahoma City Thunder,BetMGM,player_threes,luguentz dort,Under,1.5,100,2026-05-06T23:33:35Z,OKC,69.0,26.8,8.3,3.6,1.2,0.9,0.4,0.385,0.344,0.759,4.3,0.0,LOW
Los Angeles Lakers at Oklahoma City Thunder,BetMGM,player_threes,chet holmgren,Over,1.5,115,2026-05-06T23:33:35Z,OKC,69.0,28.9,17.1,8.9,1.7,0.6,1.9,0.557,0.362,0.792,9.8,0.0,LOW
Los Angeles Lakers at Oklahoma City Thunder,BetMGM,player_threes,chet holmgren,Under,1.5,-155,2026-05-06T23:33:35Z,OKC,69.0,28.9,17.1,8.9,1.7,0.6,1.9,0.557,0.362,0.792,9.8,0.0,LOW
Los Angeles Lakers at Oklahoma City Thunder,BetMGM,player_threes,marcus smart,Over,1.5,-135,2026-05-06T23:33:35Z,LAL,62.0,28.5,9.3,2.8,3.0,1.4,0.4,0.395,0.331,0.822,4.1,0.0,LOW
Los Angeles Lakers at Oklahoma City Thunder,BetMGM,player_threes,marcus smart,Under,1.5,100,2026-05-06T23:33:35Z,LAL,62.0,28.5,9.3,2.8,3.0,1.4,0.4,0.395,0.331,0.822,4.1,0.0,LOW
Los Angeles Lakers at Oklahoma City Thunder,BetMGM,player_threes,rui hachimura,Over,1.5,-150,2026-05-06T23:33:35Z,LAL,68.0,28.3,11.5,3.3,0.8,0.6,0.3,0.514,0.443,0.694,1.2,0.0,LOW
Los Angeles Lakers at Oklahoma City Thunder,BetMGM,player_threes,rui hachimura,Under,1.5,110,2026-05-06T23:33:35Z,LAL,68.0,28.3,11.5,3.3,0.8,0.6,0.3,0.514,0.443,0.694,1.2,0.0,LOW
Los Angeles Lakers at Oklahoma City Thunder,BetMGM,player_threes,lebron james,Over,1.5,140,2026-05-06T23:33:35Z,LAL,60.0,33.2,20.9,6.1,7.2,1.2,0.6,0.515,0.317,0.737,2.0,0.0,LOW
Los Angeles Lakers at Oklahoma City Thunder,BetMGM,player_threes,lebron james,Under,1.5,-190,2026-05-06T23:33:35Z,LAL,60.0,33.2,20.9,6.1,7.2,1.2,0.6,0.515,0.317,0.737,2.0,0.0,LOW
Los Angeles Lakers at Oklahoma City Thunder,BetMGM,player_threes,austin reaves,Over,1.5,-200,2026-05-06T23:33:35Z,LAL,51.0,34.5,23.3,4.7,5.5,1.1,0.4,0.49,0.36,0.871,3.6,0.0,LOW
Los Angeles Lakers at Oklahoma City Thunder,BetMGM,player_threes,austin reaves,Under,1.5,145,2026-05-06T23:33:35Z,LAL,51.0,34.5,23.3,4.7,5.5,1.1,0.4,0.49,0.36,0.871,3.6,0.0,LOW
Los Angeles Lakers at Oklahoma City Thunder,BetMGM,player_threes,cason wallace,Over,1.5,155,2026-05-06T23:33:35Z,OKC,77.0,26.6,8.6,3.1,2.6,1.9,0.4,0.432,0.351,0.809,6.9,0.0,LOW
Los Angeles Lakers at Oklahoma City Thunder,BetMGM,player_threes,cason wallace,Under,1.5,-210,2026-05-06T23:33:35Z,OKC,77.0,26.6,8.6,3.1,2.6,1.9,0.4,0.432,0.351,0.809,6.9,0.0,LOW
Los Angeles Lakers at Oklahoma City Thunder,BetMGM,player_threes,isaiah joe,Over,1.5,-140,2026-05-06T23:33:35Z,OKC,71.0,21.2,11.1,2.5,1.3,0.7,0.2,0.455,0.423,0.894,5.0,0.0,LOW
Los Angeles Lakers at Oklahoma City Thunder,BetMGM,player_threes,isaiah joe,Under,1.5,105,2026-05-06T23:33:35Z,OKC,71.0,21.2,11.1,2.5,1.3,0.7,0.2,0.455,0.423,0.894,5.0,0.0,LOW
Los Angeles Lakers at Oklahoma City Thunder,BetMGM,player_threes,alex caruso,Over,1.5,120,2026-05-06T23:33:35Z,OKC,56.0,18.2,6.2,2.8,2.0,1.3,0.3,0.423,0.293,0.804,6.8,0.0,LOW
Los Angeles Lakers at Oklahoma City Thunder,BetMGM,player_threes,alex caruso,Under,1.5,-160,2026-05-06T23:33:35Z,OKC,56.0,18.2,6.2,2.8,2.0,1.3,0.3,0.423,0.293,0.804,6.8,0.0,LOW
Los Angeles Lakers at Oklahoma City Thunder,BetMGM,player_threes,luke kennard,Over,1.5,120,2026-05-06T23:33:35Z,LAL,78.0,21.5,8.4,2.3,2.2,0.7,0.1,0.533,0.478,0.913,0.5,0.0,LOW
Los Angeles Lakers at Oklahoma City Thunder,BetMGM,player_threes,luke kennard,Under,1.5,-160,2026-05-06T23:33:35Z,LAL,78.0,21.5,8.4,2.3,2.2,0.7,0.1,0.533,0.478,0.913,0.5,0.0,LOW
Los Angeles Lakers at Oklahoma City Thunder,FanDuel,player_assists,lebron james,Over,7.5,-118,2026-05-06T23:33:41Z,LAL,60.0,33.2,20.9,6.1,7.2,1.2,0.6,0.515,0.317,0.737,2.0,-0.2999999999999998,LOW
Los Angeles Lakers at Oklahoma City Thunder,FanDuel,player_assists,lebron james,Under,7.5,-112,2026-05-06T23:33:41Z,LAL,60.0,33.2,20.9,6.1,7.2,1.2,0.6,0.515,0.317,0.737,2.0,-0.2999999999999998,LOW
Los Angeles Lakers at Oklahoma City Thunder,FanDuel,player_assists,marcus smart,Over,3.5,-114,2026-05-06T23:33:41Z,LAL,62.0,28.5,9.3,2.8,3.0,1.4,0.4,0.395,0.331,0.822,4.1,-0.5,LOW
Los Angeles Lakers at Oklahoma City Thunder,FanDuel,player_assists,marcus smart,Under,3.5,-114,2026-05-06T23:33:41Z,LAL,62.0,28.5,9.3,2.8,3.0,1.4,0.4,0.395,0.331,0.822,4.1,-0.5,LOW
Los Angeles Lakers at Oklahoma City Thunder,FanDuel,player_assists,shai gilgeous-alexander,Over,7.5,102,2026-05-06T23:33:41Z,OKC,68.0,33.2,31.1,4.3,6.6,1.4,0.8,0.553,0.386,0.879,11.6,-0.9000000000000004,LOW
Los Angeles Lakers at Oklahoma City Thunder,FanDuel,player_assists,shai gilgeous-alexander,Under,7.5,-136,2026-05-06T23:33:41Z,OKC,68.0,33.2,31.1,4.3,6.6,1.4,0.8,0.553,0.386,0.879,11.6,-0.9000000000000004,LOW
Los Angeles Lakers at Oklahoma City Thunder,FanDuel,player_assists,austin reaves,Over,5.5,116,2026-05-06T23:33:41Z,LAL,51.0,34.5,23.3,4.7,5.5,1.1,0.4,0.49,0.36,0.871,3.6,0.0,LOW
Los Angeles Lakers at Oklahoma City Thunder,FanDuel,player_assists,austin reaves,Under,5.5,-154,2026-05-06T23:33:41Z,LAL,51.0,34.5,23.3,4.7,5.5,1.1,0.4,0.49,0.36,0.871,3.6,0.0,LOW
Los Angeles Lakers at Oklahoma City Thunder,FanDuel,player_assists,luke kennard,Over,1.5,-178,2026-05-06T23:33:41Z,LAL,78.0,21.5,8.4,2.3,2.2,0.7,0.1,0.533,0.478,0.913,0.5,0.7000000000000002,LOW
Los Angeles Lakers at Oklahoma City Thunder,FanDuel,player_assists,luke kennard,Under,1.5,132,2026-05-06T23:33:41Z,LAL,78.0,21.5,8.4,2.3,2.2,0.7,0.1,0.533,0.478,0.913,0.5,0.7000000000000002,LOW
Los Angeles Lakers at Oklahoma City Thunder,FanDuel,player_assists,ajay mitchell,Over,3.5,-158,2026-05-06T23:33:41Z,OKC,57.0,25.8,13.6,3.3,3.6,1.2,0.3,0.485,0.347,0.87,8.8,0.10000000000000009,LOW
Los Angeles Lakers at Oklahoma City Thunder,FanDuel,player_assists,ajay mitchell,Under,3.5,118,2026-05-06T23:33:41Z,OKC,57.0,25.8,13.6,3.3,3.6,1.2,0.3,0.485,0.347,0.87,8.8,0.10000000000000009,LOW
Los Angeles Lakers at Oklahoma City Thunder,FanDuel,player_assists,chet holmgren,Over,1.5,102,2026-05-06T23:33:41Z,OKC,69.0,28.9,17.1,8.9,1.7,0.6,1.9,0.557,0.362,0.792,9.8,0.19999999999999996,LOW
Los Angeles Lakers at Oklahoma City Thunder,FanDuel,player_assists,chet holmgren,Under,1.5,-136,2026-05-06T23:33:41Z,OKC,69.0,28.9,17.1,8.9,1.7,0.6,1.9,0.557,0.362,0.792,9.8,0.19999999999999996,LOW
Los Angeles Lakers at Oklahoma City Thunder,FanDuel,player_assists,isaiah hartenstein,Over,3.5,140,2026-05-06T23:33:41Z,OKC,47.0,24.2,9.2,9.4,3.5,1.0,0.8,0.622,0.0,0.61,7.8,0.0,LOW
Los Angeles Lakers at Oklahoma City Thunder,FanDuel,player_assists,isaiah hartenstein,Under,3.5,-188,2026-05-06T23:33:41Z,OKC,47.0,24.2,9.2,9.4,3.5,1.0,0.8,0.622,0.0,0.61,7.8,0.0,LOW
Los Angeles Lakers at Oklahoma City Thunder,FanDuel,player_blocks,chet holmgren,Over,1.5,-146,2026-05-06T23:33:41Z,OKC,69.0,28.9,17.1,8.9,1.7,0.6,1.9,0.557,0.362,0.792,9.8,0.0,LOW
Los Angeles Lakers at Oklahoma City Thunder,FanDuel,player_blocks,chet holmgren,Under,1.5,110,2026-05-06T23:33:41Z,OKC,69.0,28.9,17.1,8.9,1.7,0.6,1.9,0.557,0.362,0.792,9.8,0.0,LOW
Los Angeles Lakers at Oklahoma City Thunder,FanDuel,player_points,austin reaves,Over,18.5,-112,2026-05-06T23:33:41Z,LAL,51.0,34.5,23.3,4.7,5.5,1.1,0.4,0.49,0.36,0.871,3.6,4.800000000000001,HIGH
Los Angeles Lakers at Oklahoma City Thunder,FanDuel,player_points,austin reaves,Under,18.5,-118,2026-05-06T23:33:41Z,LAL,51.0,34.5,23.3,4.7,5.5,1.1,0.4,0.49,0.36,0.871,3.6,4.800000000000001,HIGH
Los Angeles Lakers at Oklahoma City Thunder,FanDuel,player_points,jake laravia,Over,3.5,-108,2026-05-06T23:33:41Z,LAL,82.0,25.1,8.2,4.0,1.8,1.3,0.5,0.459,0.321,0.763,-0.1,4.699999999999999,HIGH
Los Angeles Lakers at Oklahoma City Thunder,FanDuel,player_points,jake laravia,Under,3.5,-122,2026-05-06T23:33:41Z,LAL,82.0,25.1,8.2,4.0,1.8,1.3,0.5,0.459,0.321,0.763,-0.1,4.699999999999999,HIGH
Los Angeles Lakers at Oklahoma City Thunder,FanDuel,player_points,cason wallace,Over,6.5,-132,2026-05-06T23:33:41Z,OKC,77.0,26.6,8.6,3.1,2.6,1.9,0.4,0.432,0.351,0.809,6.9,2.0999999999999996,MEDIUM
Los Angeles Lakers at Oklahoma City Thunder,FanDuel,player_points,cason wallace,Under,6.5,100,2026-05-06T23:33:41Z,OKC,77.0,26.6,8.6,3.1,2.6,1.9,0.4,0.432,0.351,0.809,6.9,2.0999999999999996,MEDIUM
Los Angeles Lakers at Oklahoma City Thunder,FanDuel,player_points,chet holmgren,Over,16.5,-102,2026-05-06T23:33:41Z,OKC,69.0,28.9,17.1,8.9,1.7,0.6,1.9,0.557,0.362,0.792,9.8,0.6000000000000014,LOW
Los Angeles Lakers at Oklahoma City Thunder,FanDuel,player_points,chet holmgren,Under,16.5,-128,2026-05-06T23:33:41Z,OKC,69.0,28.9,17.1,8.9,1.7,0.6,1.9,0.557,0.362,0.792,9.8,0.6000000000000014,LOW
Los Angeles Lakers at Oklahoma City Thunder,FanDuel,player_points,luke kennard,Over,7.5,-122,2026-05-06T23:33:41Z,LAL,78.0,21.5,8.4,2.3,2.2,0.7,0.1,0.533,0.478,0.913,0.5,0.9000000000000004,LOW
Los Angeles Lakers at Oklahoma City Thunder,FanDuel,player_points,luke kennard,Under,7.5,-108,2026-05-06T23:33:41Z,LAL,78.0,21.5,8.4,2.3,2.2,0.7,0.1,0.533,0.478,0.913,0.5,0.9000000000000004,LOW
Los Angeles Lakers at Oklahoma City Thunder,FanDuel,player_points,shai gilgeous-alexander,Over,28.5,-125,2026-05-06T23:33:41Z,OKC,68.0,33.2,31.1,4.3,6.6,1.4,0.8,0.553,0.386,0.879,11.6,2.6000000000000014,MEDIUM
Los Angeles Lakers at Oklahoma City Thunder,FanDuel,player_points,shai gilgeous-alexander,Under,28.5,-106,2026-05-06T23:33:41Z,OKC,68.0,33.2,31.1,4.3,6.6,1.4,0.8,0.553,0.386,0.879,11.6,2.6000000000000014,MEDIUM
Los Angeles Lakers at Oklahoma City Thunder,FanDuel,player_points,jaylin williams,Over,3.5,-108,2026-05-06T23:33:41Z,OKC,65.0,19.7,7.2,5.5,2.4,0.5,0.6,0.423,0.383,0.793,4.7,3.7,MEDIUM
Los Angeles Lakers at Oklahoma City Thunder,FanDuel,player_points,jaylin williams,Under,3.5,-122,2026-05-06T23:33:41Z,OKC,65.0,19.7,7.2,5.5,2.4,0.5,0.6,0.423,0.383,0.793,4.7,3.7,MEDIUM
Los Angeles Lakers at Oklahoma City Thunder,FanDuel,player_points,lebron james,Over,20.5,-125,2026-05-06T23:33:41Z,LAL,60.0,33.2,20.9,6.1,7.2,1.2,0.6,0.515,0.317,0.737,2.0,0.3999999999999986,LOW
Los Angeles Lakers at Oklahoma City Thunder,FanDuel,player_points,lebron james,Under,20.5,-106,2026-05-06T23:33:41Z,LAL,60.0,33.2,20.9,6.1,7.2,1.2,0.6,0.515,0.317,0.737,2.0,0.3999999999999986,LOW
Los Angeles Lakers at Oklahoma City Thunder,FanDuel,player_points,jaxson hayes,Over,4.5,100,2026-05-06T23:33:41Z,LAL,66.0,18.3,7.5,4.1,0.9,0.4,0.8,0.756,1.0,0.653,1.1,3.0,MEDIUM
Los Angeles Lakers at Oklahoma City Thunder,FanDuel,player_points,jaxson hayes,Under,4.5,-132,2026-05-06T23:33:41Z,LAL,66.0,18.3,7.5,4.1,0.9,0.4,0.8,0.756,1.0,0.653,1.1,3.0,MEDIUM
Los Angeles Lakers at Oklahoma City Thunder,FanDuel,player_points,isaiah joe,Over,6.5,-114,2026-05-06T23:33:41Z,OKC,71.0,21.2,11.1,2.5,1.3,0.7,0.2,0.455,0.423,0.894,5.0,4.6,HIGH
Los Angeles Lakers at Oklahoma City Thunder,FanDuel,player_points,isaiah joe,Under,6.5,-114,2026-05-06T23:33:41Z,OKC,71.0,21.2,11.1,2.5,1.3,0.7,0.2,0.455,0.423,0.894,5.0,4.6,HIGH
Los Angeles Lakers at Oklahoma City Thunder,FanDuel,player_points,luguentz dort,Over,6.5,-125,2026-05-06T23:33:41Z,OKC,69.0,26.8,8.3,3.6,1.2,0.9,0.4,0.385,0.344,0.759,4.3,1.8000000000000007,LOW
Los Angeles Lakers at Oklahoma City Thunder,FanDuel,player_points,luguentz dort,Under,6.5,-106,2026-05-06T23:33:41Z,OKC,69.0,26.8,8.3,3.6,1.2,0.9,0.4,0.385,0.344,0.759,4.3,1.8000000000000007,LOW
Los Angeles Lakers at Oklahoma City Thunder,FanDuel,player_points,deandre ayton,Over,9.5,-118,2026-05-06T23:33:41Z,LAL,72.0,27.2,12.5,8.0,0.8,0.6,1.0,0.671,0.0,0.645,-0.1,3.0,MEDIUM
Los Angeles Lakers at Oklahoma City Thunder,FanDuel,player_points,deandre ayton,Under,9.5,-112,2026-05-06T23:33:41Z,LAL,72.0,27.2,12.5,8.0,0.8,0.6,1.0,0.671,0.0,0.645,-0.1,3.0,MEDIUM
Los Angeles Lakers at Oklahoma City Thunder,FanDuel,player_points,rui hachimura,Over,12.5,-122,2026-05-06T23:33:41Z,LAL,68.0,28.3,11.5,3.3,0.8,0.6,0.3,0.514,0.443,0.694,1.2,-1.0,LOW
Los Angeles Lakers at Oklahoma City Thunder,FanDuel,player_points,rui hachimura,Under,12.5,-108,2026-05-06T23:33:41Z,LAL,68.0,28.3,11.5,3.3,0.8,0.6,0.3,0.514,0.443,0.694,1.2,-1.0,LOW
Los Angeles Lakers at Oklahoma City Thunder,FanDuel,player_points,ajay mitchell,Over,16.5,-112,2026-05-06T23:33:41Z,OKC,57.0,25.8,13.6,3.3,3.6,1.2,0.3,0.485,0.347,0.87,8.8,-2.9000000000000004,LOW
Los Angeles Lakers at Oklahoma City Thunder,FanDuel,player_points,ajay mitchell,Under,16.5,-118,2026-05-06T23:33:41Z,OKC,57.0,25.8,13.6,3.3,3.6,1.2,0.3,0.485,0.347,0.87,8.8,-2.9000000000000004,LOW
Los Angeles Lakers at Oklahoma City Thunder,FanDuel,player_points,marcus smart,Over,10.5,-104,2026-05-06T23:33:41Z,LAL,62.0,28.5,9.3,2.8,3.0,1.4,0.4,0.395,0.331,0.822,4.1,-1.1999999999999993,LOW
Los Angeles Lakers at Oklahoma City Thunder,FanDuel,player_points,marcus smart,Under,10.5,-128,2026-05-06T23:33:41Z,LAL,62.0,28.5,9.3,2.8,3.0,1.4,0.4,0.395,0.331,0.822,4.1,-1.1999999999999993,LOW
Los Angeles Lakers at Oklahoma City Thunder,FanDuel,player_points,isaiah hartenstein,Over,7.5,-130,2026-05-06T23:33:41Z,OKC,47.0,24.2,9.2,9.4,3.5,1.0,0.8,0.622,0.0,0.61,7.8,1.6999999999999993,LOW
Los Angeles Lakers at Oklahoma City Thunder,FanDuel,player_points,isaiah hartenstein,Under,7.5,-102,2026-05-06T23:33:41Z,OKC,47.0,24.2,9.2,9.4,3.5,1.0,0.8,0.622,0.0,0.61,7.8,1.6999999999999993,LOW
Los Angeles Lakers at Oklahoma City Thunder,FanDuel,player_points,jared mccain,Over,3.5,102,2026-05-06T23:33:41Z,OKC,67.0,17.3,8.3,2.0,1.3,0.5,0.1,0.425,0.385,0.864,1.9,4.800000000000001,HIGH
Los Angeles Lakers at Oklahoma City Thunder,FanDuel,player_points,jared mccain,Under,3.5,-136,2026-05-06T23:33:41Z,OKC,67.0,17.3,8.3,2.0,1.3,0.5,0.1,0.425,0.385,0.864,1.9,4.800000000000001,HIGH
Los Angeles Lakers at Oklahoma City Thunder,FanDuel,player_points,alex caruso,Over,6.5,-104,2026-05-06T23:33:41Z,OKC,56.0,18.2,6.2,2.8,2.0,1.3,0.3,0.423,0.293,0.804,6.8,-0.2999999999999998,LOW
Los Angeles Lakers at Oklahoma City Thunder,FanDuel,player_points,alex caruso,Under,6.5,-128,2026-05-06T23:33:41Z,OKC,56.0,18.2,6.2,2.8,2.0,1.3,0.3,0.423,0.293,0.804,6.8,-0.2999999999999998,LOW
Los Angeles Lakers at Oklahoma City Thunder,FanDuel,player_rebounds,rui hachimura,Over,3.5,-114,2026-05-06T23:33:41Z,LAL,68.0,28.3,11.5,3.3,0.8,0.6,0.3,0.514,0.443,0.694,1.2,-0.20000000000000018,LOW
Los Angeles Lakers at Oklahoma City Thunder,FanDuel,player_rebounds,rui hachimura,Under,3.5,-114,2026-05-06T23:33:41Z,LAL,68.0,28.3,11.5,3.3,0.8,0.6,0.3,0.514,0.443,0.694,1.2,-0.20000000000000018,LOW
Los Angeles Lakers at Oklahoma City Thunder,FanDuel,player_rebounds,marcus smart,Over,2.5,-182,2026-05-06T23:33:41Z,LAL,62.0,28.5,9.3,2.8,3.0,1.4,0.4,0.395,0.331,0.822,4.1,0.2999999999999998,LOW
Los Angeles Lakers at Oklahoma City Thunder,FanDuel,player_rebounds,marcus smart,Under,2.5,136,2026-05-06T23:33:41Z,LAL,62.0,28.5,9.3,2.8,3.0,1.4,0.4,0.395,0.331,0.822,4.1,0.2999999999999998,LOW
Los Angeles Lakers at Oklahoma City Thunder,FanDuel,player_rebounds,lebron james,Over,6.5,-112,2026-05-06T23:33:41Z,LAL,60.0,33.2,20.9,6.1,7.2,1.2,0.6,0.515,0.317,0.737,2.0,-0.40000000000000036,LOW
Los Angeles Lakers at Oklahoma City Thunder,FanDuel,player_rebounds,lebron james,Under,6.5,-118,2026-05-06T23:33:41Z,LAL,60.0,33.2,20.9,6.1,7.2,1.2,0.6,0.515,0.317,0.737,2.0,-0.40000000000000036,LOW
Los Angeles Lakers at Oklahoma City Thunder,FanDuel,player_rebounds,jaxson hayes,Over,3.5,-152,2026-05-06T23:33:41Z,LAL,66.0,18.3,7.5,4.1,0.9,0.4,0.8,0.756,1.0,0.653,1.1,0.5999999999999996,LOW
Los Angeles Lakers at Oklahoma City Thunder,FanDuel,player_rebounds,jaxson hayes,Under,3.5,114,2026-05-06T23:33:41Z,LAL,66.0,18.3,7.5,4.1,0.9,0.4,0.8,0.756,1.0,0.653,1.1,0.5999999999999996,LOW
Los Angeles Lakers at Oklahoma City Thunder,FanDuel,player_rebounds,shai gilgeous-alexander,Over,4.5,122,2026-05-06T23:33:41Z,OKC,68.0,33.2,31.1,4.3,6.6,1.4,0.8,0.553,0.386,0.879,11.6,-0.20000000000000018,LOW
Los Angeles Lakers at Oklahoma City Thunder,FanDuel,player_rebounds,shai gilgeous-alexander,Under,4.5,-162,2026-05-06T23:33:41Z,OKC,68.0,33.2,31.1,4.3,6.6,1.4,0.8,0.553,0.386,0.879,11.6,-0.20000000000000018,LOW
Los Angeles Lakers at Oklahoma City Thunder,FanDuel,player_rebounds,austin reaves,Over,4.5,102,2026-05-06T23:33:41Z,LAL,51.0,34.5,23.3,4.7,5.5,1.1,0.4,0.49,0.36,0.871,3.6,0.20000000000000018,LOW
Los Angeles Lakers at Oklahoma City Thunder,FanDuel,player_rebounds,austin reaves,Under,4.5,-136,2026-05-06T23:33:41Z,LAL,51.0,34.5,23.3,4.7,5.5,1.1,0.4,0.49,0.36,0.871,3.6,0.20000000000000018,LOW
Los Angeles Lakers at Oklahoma City Thunder,FanDuel,player_rebounds,deandre ayton,Over,8.5,-130,2026-05-06T23:33:41Z,LAL,72.0,27.2,12.5,8.0,0.8,0.6,1.0,0.671,0.0,0.645,-0.1,-0.5,LOW
Los Angeles Lakers at Oklahoma City Thunder,FanDuel,player_rebounds,deandre ayton,Under,8.5,-102,2026-05-06T23:33:41Z,LAL,72.0,27.2,12.5,8.0,0.8,0.6,1.0,0.671,0.0,0.645,-0.1,-0.5,LOW
Los Angeles Lakers at Oklahoma City Thunder,FanDuel,player_rebounds,ajay mitchell,Over,3.5,-104,2026-05-06T23:33:41Z,OKC,57.0,25.8,13.6,3.3,3.6,1.2,0.3,0.485,0.347,0.87,8.8,-0.20000000000000018,LOW
Los Angeles Lakers at Oklahoma City Thunder,FanDuel,player_rebounds,ajay mitchell,Under,3.5,-128,2026-05-06T23:33:41Z,OKC,57.0,25.8,13.6,3.3,3.6,1.2,0.3,0.485,0.347,0.87,8.8,-0.20000000000000018,LOW
Los Angeles Lakers at Oklahoma City Thunder,FanDuel,player_rebounds,isaiah hartenstein,Over,8.5,108,2026-05-06T23:33:41Z,OKC,47.0,24.2,9.2,9.4,3.5,1.0,0.8,0.622,0.0,0.61,7.8,0.9000000000000004,LOW
Los Angeles Lakers at Oklahoma City Thunder,FanDuel,player_rebounds,isaiah hartenstein,Under,8.5,-144,2026-05-06T23:33:41Z,OKC,47.0,24.2,9.2,9.4,3.5,1.0,0.8,0.622,0.0,0.61,7.8,0.9000000000000004,LOW
Los Angeles Lakers at Oklahoma City Thunder,FanDuel,player_rebounds,chet holmgren,Over,8.5,-122,2026-05-06T23:33:41Z,OKC,69.0,28.9,17.1,8.9,1.7,0.6,1.9,0.557,0.362,0.792,9.8,0.40000000000000036,LOW
Los Angeles Lakers at Oklahoma City Thunder,FanDuel,player_rebounds,chet holmgren,Under,8.5,-108,2026-05-06T23:33:41Z,OKC,69.0,28.9,17.1,8.9,1.7,0.6,1.9,0.557,0.362,0.792,9.8,0.40000000000000036,LOW
Los Angeles Lakers at Oklahoma City Thunder,FanDuel,player_rebounds,luguentz dort,Over,2.5,-182,2026-05-06T23:33:41Z,OKC,69.0,26.8,8.3,3.6,1.2,0.9,0.4,0.385,0.344,0.759,4.3,1.1,LOW
Los Angeles Lakers at Oklahoma City Thunder,FanDuel,player_rebounds,luguentz dort,Under,2.5,136,2026-05-06T23:33:41Z,OKC,69.0,26.8,8.3,3.6,1.2,0.9,0.4,0.385,0.344,0.759,4.3,1.1,LOW
Los Angeles Lakers at Oklahoma City Thunder,FanDuel,player_rebounds,alex caruso,Over,2.5,-128,2026-05-06T23:33:41Z,OKC,56.0,18.2,6.2,2.8,2.0,1.3,0.3,0.423,0.293,0.804,6.8,0.2999999999999998,LOW
Los Angeles Lakers at Oklahoma City Thunder,FanDuel,player_rebounds,alex caruso,Under,2.5,-104,2026-05-06T23:33:41Z,OKC,56.0,18.2,6.2,2.8,2.0,1.3,0.3,0.423,0.293,0.804,6.8,0.2999999999999998,LOW
Los Angeles Lakers at Oklahoma City Thunder,FanDuel,player_threes,lebron james,Over,1.5,118,2026-05-06T23:33:41Z,LAL,60.0,33.2,20.9,6.1,7.2,1.2,0.6,0.515,0.317,0.737,2.0,0.0,LOW
Los Angeles Lakers at Oklahoma City Thunder,FanDuel,player_threes,lebron james,Under,1.5,-158,2026-05-06T23:33:41Z,LAL,60.0,33.2,20.9,6.1,7.2,1.2,0.6,0.515,0.317,0.737,2.0,0.0,LOW
Los Angeles Lakers at Oklahoma City Thunder,FanDuel,player_threes,marcus smart,Over,1.5,-160,2026-05-06T23:33:41Z,LAL,62.0,28.5,9.3,2.8,3.0,1.4,0.4,0.395,0.331,0.822,4.1,0.0,LOW
Los Angeles Lakers at Oklahoma City Thunder,FanDuel,player_threes,marcus smart,Under,1.5,120,2026-05-06T23:33:41Z,LAL,62.0,28.5,9.3,2.8,3.0,1.4,0.4,0.395,0.331,0.822,4.1,0.0,LOW
Los Angeles Lakers at Oklahoma City Thunder,FanDuel,player_threes,austin reaves,Over,1.5,-160,2026-05-06T23:33:41Z,LAL,51.0,34.5,23.3,4.7,5.5,1.1,0.4,0.49,0.36,0.871,3.6,0.0,LOW
Los Angeles Lakers at Oklahoma City Thunder,FanDuel,player_threes,austin reaves,Under,1.5,120,2026-05-06T23:33:41Z,LAL,51.0,34.5,23.3,4.7,5.5,1.1,0.4,0.49,0.36,0.871,3.6,0.0,LOW
Los Angeles Lakers at Oklahoma City Thunder,FanDuel,player_threes,ajay mitchell,Over,1.5,118,2026-05-06T23:33:41Z,OKC,57.0,25.8,13.6,3.3,3.6,1.2,0.3,0.485,0.347,0.87,8.8,0.0,LOW
Los Angeles Lakers at Oklahoma City Thunder,FanDuel,player_threes,ajay mitchell,Under,1.5,-158,2026-05-06T23:33:41Z,OKC,57.0,25.8,13.6,3.3,3.6,1.2,0.3,0.485,0.347,0.87,8.8,0.0,LOW
Los Angeles Lakers at Oklahoma City Thunder,FanDuel,player_threes,cason wallace,Over,1.5,152,2026-05-06T23:33:41Z,OKC,77.0,26.6,8.6,3.1,2.6,1.9,0.4,0.432,0.351,0.809,6.9,0.0,LOW
Los Angeles Lakers at Oklahoma City Thunder,FanDuel,player_threes,cason wallace,Under,1.5,-200,2026-05-06T23:33:41Z,OKC,77.0,26.6,8.6,3.1,2.6,1.9,0.4,0.432,0.351,0.809,6.9,0.0,LOW
Los Angeles Lakers at Oklahoma City Thunder,FanDuel,player_threes,shai gilgeous-alexander,Over,1.5,-106,2026-05-06T23:33:41Z,OKC,68.0,33.2,31.1,4.3,6.6,1.4,0.8,0.553,0.386,0.879,11.6,0.0,LOW
Los Angeles Lakers at Oklahoma City Thunder,FanDuel,player_threes,shai gilgeous-alexander,Under,1.5,-125,2026-05-06T23:33:41Z,OKC,68.0,33.2,31.1,4.3,6.6,1.4,0.8,0.553,0.386,0.879,11.6,0.0,LOW
Los Angeles Lakers at Oklahoma City Thunder,FanDuel,player_threes,chet holmgren,Over,1.5,126,2026-05-06T23:33:41Z,OKC,69.0,28.9,17.1,8.9,1.7,0.6,1.9,0.557,0.362,0.792,9.8,0.0,LOW
Los Angeles Lakers at Oklahoma City Thunder,FanDuel,player_threes,chet holmgren,Under,1.5,-168,2026-05-06T23:33:41Z,OKC,69.0,28.9,17.1,8.9,1.7,0.6,1.9,0.557,0.362,0.792,9.8,0.0,LOW
Los Angeles Lakers at Oklahoma City Thunder,FanDuel,player_threes,rui hachimura,Over,1.5,-172,2026-05-06T23:33:41Z,LAL,68.0,28.3,11.5,3.3,0.8,0.6,0.3,0.514,0.443,0.694,1.2,0.0,LOW
Los Angeles Lakers at Oklahoma City Thunder,FanDuel,player_threes,rui hachimura,Under,1.5,128,2026-05-06T23:33:41Z,LAL,68.0,28.3,11.5,3.3,0.8,0.6,0.3,0.514,0.443,0.694,1.2,0.0,LOW
Los Angeles Lakers at Oklahoma City Thunder,FanDuel,player_threes,luguentz dort,Over,1.5,-138,2026-05-06T23:33:41Z,OKC,69.0,26.8,8.3,3.6,1.2,0.9,0.4,0.385,0.344,0.759,4.3,0.0,LOW
Los Angeles Lakers at Oklahoma City Thunder,FanDuel,player_threes,luguentz dort,Under,1.5,104,2026-05-06T23:33:41Z,OKC,69.0,26.8,8.3,3.6,1.2,0.9,0.4,0.385,0.344,0.759,4.3,0.0,LOW
Los Angeles Lakers at Oklahoma City Thunder,FanDuel,player_threes,alex caruso,Over,1.5,158,2026-05-06T23:33:41Z,OKC,56.0,18.2,6.2,2.8,2.0,1.3,0.3,0.423,0.293,0.804,6.8,0.0,LOW
Los Angeles Lakers at Oklahoma City Thunder,FanDuel,player_threes,alex caruso,Under,1.5,-215,2026-05-06T23:33:41Z,OKC,56.0,18.2,6.2,2.8,2.0,1.3,0.3,0.423,0.293,0.804,6.8,0.0,LOW
Los Angeles Lakers at Oklahoma City Thunder,BetRivers,player_assists,lebron james,Over,7.5,-121,2026-05-06T23:34:34Z,LAL,60.0,33.2,20.9,6.1,7.2,1.2,0.6,0.515,0.317,0.737,2.0,-0.2999999999999998,LOW
Los Angeles Lakers at Oklahoma City Thunder,BetRivers,player_assists,lebron james,Under,7.5,-113,2026-05-06T23:34:34Z,LAL,60.0,33.2,20.9,6.1,7.2,1.2,0.6,0.515,0.317,0.737,2.0,-0.2999999999999998,LOW
Los Angeles Lakers at Oklahoma City Thunder,BetRivers,player_assists,ajay mitchell,Over,3.5,-136,2026-05-06T23:34:34Z,OKC,57.0,25.8,13.6,3.3,3.6,1.2,0.3,0.485,0.347,0.87,8.8,0.10000000000000009,LOW
Los Angeles Lakers at Oklahoma City Thunder,BetRivers,player_assists,ajay mitchell,Under,3.5,100,2026-05-06T23:34:34Z,OKC,57.0,25.8,13.6,3.3,3.6,1.2,0.3,0.485,0.347,0.87,8.8,0.10000000000000009,LOW
Los Angeles Lakers at Oklahoma City Thunder,BetRivers,player_assists,shai gilgeous-alexander,Over,7.5,108,2026-05-06T23:34:34Z,OKC,68.0,33.2,31.1,4.3,6.6,1.4,0.8,0.553,0.386,0.879,11.6,-0.9000000000000004,LOW
Los Angeles Lakers at Oklahoma City Thunder,BetRivers,player_assists,shai gilgeous-alexander,Under,7.5,-148,2026-05-06T23:34:34Z,OKC,68.0,33.2,31.1,4.3,6.6,1.4,0.8,0.553,0.386,0.879,11.6,-0.9000000000000004,LOW
Los Angeles Lakers at Oklahoma City Thunder,BetRivers,player_assists,isaiah hartenstein,Over,3.5,132,2026-05-06T23:34:34Z,OKC,47.0,24.2,9.2,9.4,3.5,1.0,0.8,0.622,0.0,0.61,7.8,0.0,LOW
Los Angeles Lakers at Oklahoma City Thunder,BetRivers,player_assists,isaiah hartenstein,Under,3.5,-182,2026-05-06T23:34:34Z,OKC,47.0,24.2,9.2,9.4,3.5,1.0,0.8,0.622,0.0,0.61,7.8,0.0,LOW
Los Angeles Lakers at Oklahoma City Thunder,BetRivers,player_assists,austin reaves,Over,5.5,108,2026-05-06T23:34:34Z,LAL,51.0,34.5,23.3,4.7,5.5,1.1,0.4,0.49,0.36,0.871,3.6,0.0,LOW
Los Angeles Lakers at Oklahoma City Thunder,BetRivers,player_assists,austin reaves,Under,5.5,-148,2026-05-06T23:34:34Z,LAL,51.0,34.5,23.3,4.7,5.5,1.1,0.4,0.49,0.36,0.871,3.6,0.0,LOW
Los Angeles Lakers at Oklahoma City Thunder,BetRivers,player_assists,luke kennard,Over,1.5,-186,2026-05-06T23:34:34Z,LAL,78.0,21.5,8.4,2.3,2.2,0.7,0.1,0.533,0.478,0.913,0.5,0.7000000000000002,LOW
Los Angeles Lakers at Oklahoma City Thunder,BetRivers,player_assists,luke kennard,Under,1.5,133,2026-05-06T23:34:34Z,LAL,78.0,21.5,8.4,2.3,2.2,0.7,0.1,0.533,0.478,0.913,0.5,0.7000000000000002,LOW
Los Angeles Lakers at Oklahoma City Thunder,BetRivers,player_assists,marcus smart,Over,3.5,-114,2026-05-06T23:34:34Z,LAL,62.0,28.5,9.3,2.8,3.0,1.4,0.4,0.395,0.331,0.822,4.1,-0.5,LOW
Los Angeles Lakers at Oklahoma City Thunder,BetRivers,player_assists,marcus smart,Under,3.5,-120,2026-05-06T23:34:34Z,LAL,62.0,28.5,9.3,2.8,3.0,1.4,0.4,0.395,0.331,0.822,4.1,-0.5,LOW
Los Angeles Lakers at Oklahoma City Thunder,BetRivers,player_assists,chet holmgren,Over,1.5,-107,2026-05-06T23:34:34Z,OKC,69.0,28.9,17.1,8.9,1.7,0.6,1.9,0.557,0.362,0.792,9.8,0.19999999999999996,LOW
Los Angeles Lakers at Oklahoma City Thunder,BetRivers,player_assists,chet holmgren,Under,1.5,-127,2026-05-06T23:34:34Z,OKC,69.0,28.9,17.1,8.9,1.7,0.6,1.9,0.557,0.362,0.792,9.8,0.19999999999999996,LOW
Los Angeles Lakers at Oklahoma City Thunder,BetRivers,player_points,deandre ayton,Over,8.5,-150,2026-05-06T23:34:34Z,LAL,72.0,27.2,12.5,8.0,0.8,0.6,1.0,0.671,0.0,0.645,-0.1,4.0,HIGH
Los Angeles Lakers at Oklahoma City Thunder,BetRivers,player_points,deandre ayton,Under,8.5,110,2026-05-06T23:34:34Z,LAL,72.0,27.2,12.5,8.0,0.8,0.6,1.0,0.671,0.0,0.645,-0.1,4.0,HIGH
Los Angeles Lakers at Oklahoma City Thunder,BetRivers,player_points,cason wallace,Over,6.5,-129,2026-05-06T23:34:34Z,OKC,77.0,26.6,8.6,3.1,2.6,1.9,0.4,0.432,0.351,0.809,6.9,2.0999999999999996,MEDIUM
Los Angeles Lakers at Oklahoma City Thunder,BetRivers,player_points,cason wallace,Under,6.5,-106,2026-05-06T23:34:34Z,OKC,77.0,26.6,8.6,3.1,2.6,1.9,0.4,0.432,0.351,0.809,6.9,2.0999999999999996,MEDIUM
Los Angeles Lakers at Oklahoma City Thunder,BetRivers,player_points,ajay mitchell,Over,15.5,-134,2026-05-06T23:34:34Z,OKC,57.0,25.8,13.6,3.3,3.6,1.2,0.3,0.485,0.347,0.87,8.8,-1.9000000000000004,LOW
Los Angeles Lakers at Oklahoma City Thunder,BetRivers,player_points,ajay mitchell,Under,15.5,-104,2026-05-06T23:34:34Z,OKC,57.0,25.8,13.6,3.3,3.6,1.2,0.3,0.485,0.347,0.87,8.8,-1.9000000000000004,LOW
Los Angeles Lakers at Oklahoma City Thunder,BetRivers,player_points,austin reaves,Over,17.5,-150,2026-05-06T23:34:34Z,LAL,51.0,34.5,23.3,4.7,5.5,1.1,0.4,0.49,0.36,0.871,3.6,5.800000000000001,HIGH
Los Angeles Lakers at Oklahoma City Thunder,BetRivers,player_points,austin reaves,Under,17.5,110,2026-05-06T23:34:34Z,LAL,51.0,34.5,23.3,4.7,5.5,1.1,0.4,0.49,0.36,0.871,3.6,5.800000000000001,HIGH
Los Angeles Lakers at Oklahoma City Thunder,BetRivers,player_points,alex caruso,Over,5.5,-162,2026-05-06T23:34:34Z,OKC,56.0,18.2,6.2,2.8,2.0,1.3,0.3,0.423,0.293,0.804,6.8,0.7000000000000002,LOW
Los Angeles Lakers at Oklahoma City Thunder,BetRivers,player_points,alex caruso,Under,5.5,118,2026-05-06T23:34:34Z,OKC,56.0,18.2,6.2,2.8,2.0,1.3,0.3,0.423,0.293,0.804,6.8,0.7000000000000002,LOW
Los Angeles Lakers at Oklahoma City Thunder,BetRivers,player_points,rui hachimura,Over,13.5,106,2026-05-06T23:34:34Z,LAL,68.0,28.3,11.5,3.3,0.8,0.6,0.3,0.514,0.443,0.694,1.2,-2.0,LOW
Los Angeles Lakers at Oklahoma City Thunder,BetRivers,player_points,rui hachimura,Under,13.5,-143,2026-05-06T23:34:34Z,LAL,68.0,28.3,11.5,3.3,0.8,0.6,0.3,0.514,0.443,0.694,1.2,-2.0,LOW
Los Angeles Lakers at Oklahoma City Thunder,BetRivers,player_points,marcus smart,Over,10.5,-103,2026-05-06T23:34:34Z,LAL,62.0,28.5,9.3,2.8,3.0,1.4,0.4,0.395,0.331,0.822,4.1,-1.1999999999999993,LOW
Los Angeles Lakers at Oklahoma City Thunder,BetRivers,player_points,marcus smart,Under,10.5,-134,2026-05-06T23:34:34Z,LAL,62.0,28.5,9.3,2.8,3.0,1.4,0.4,0.395,0.331,0.822,4.1,-1.1999999999999993,LOW
Los Angeles Lakers at Oklahoma City Thunder,BetRivers,player_points,austin reaves,Over,18.5,-115,2026-05-06T23:34:34Z,LAL,51.0,34.5,23.3,4.7,5.5,1.1,0.4,0.49,0.36,0.871,3.6,4.800000000000001,HIGH
Los Angeles Lakers at Oklahoma City Thunder,BetRivers,player_points,austin reaves,Under,18.5,-117,2026-05-06T23:34:34Z,LAL,51.0,34.5,23.3,4.7,5.5,1.1,0.4,0.49,0.36,0.871,3.6,4.800000000000001,HIGH
Los Angeles Lakers at Oklahoma City Thunder,BetRivers,player_points,shai gilgeous-alexander,Over,27.5,-157,2026-05-06T23:34:34Z,OKC,68.0,33.2,31.1,4.3,6.6,1.4,0.8,0.553,0.386,0.879,11.6,3.6000000000000014,MEDIUM
Los Angeles Lakers at Oklahoma City Thunder,BetRivers,player_points,shai gilgeous-alexander,Under,27.5,115,2026-05-06T23:34:34Z,OKC,68.0,33.2,31.1,4.3,6.6,1.4,0.8,0.553,0.386,0.879,11.6,3.6000000000000014,MEDIUM
Los Angeles Lakers at Oklahoma City Thunder,BetRivers,player_points,ajay mitchell,Over,16.5,100,2026-05-06T23:34:34Z,OKC,57.0,25.8,13.6,3.3,3.6,1.2,0.3,0.485,0.347,0.87,8.8,-2.9000000000000004,LOW
Los Angeles Lakers at Oklahoma City Thunder,BetRivers,player_points,ajay mitchell,Under,16.5,-136,2026-05-06T23:34:34Z,OKC,57.0,25.8,13.6,3.3,3.6,1.2,0.3,0.485,0.347,0.87,8.8,-2.9000000000000004,LOW
Los Angeles Lakers at Oklahoma City Thunder,BetRivers,player_points,deandre ayton,Over,9.5,-113,2026-05-06T23:34:34Z,LAL,72.0,27.2,12.5,8.0,0.8,0.6,1.0,0.671,0.0,0.645,-0.1,3.0,MEDIUM
Los Angeles Lakers at Oklahoma City Thunder,BetRivers,player_points,deandre ayton,Under,9.5,-121,2026-05-06T23:34:34Z,LAL,72.0,27.2,12.5,8.0,0.8,0.6,1.0,0.671,0.0,0.645,-0.1,3.0,MEDIUM
Los Angeles Lakers at Oklahoma City Thunder,BetRivers,player_points,jaxson hayes,Over,4.5,-105,2026-05-06T23:34:34Z,LAL,66.0,18.3,7.5,4.1,0.9,0.4,0.8,0.756,1.0,0.653,1.1,3.0,MEDIUM
Los Angeles Lakers at Oklahoma City Thunder,BetRivers,player_points,jaxson hayes,Under,4.5,-130,2026-05-06T23:34:34Z,LAL,66.0,18.3,7.5,4.1,0.9,0.4,0.8,0.756,1.0,0.653,1.1,3.0,MEDIUM
Los Angeles Lakers at Oklahoma City Thunder,BetRivers,player_points,lebron james,Over,20.5,-125,2026-05-06T23:34:34Z,LAL,60.0,33.2,20.9,6.1,7.2,1.2,0.6,0.515,0.317,0.737,2.0,0.3999999999999986,LOW
Los Angeles Lakers at Oklahoma City Thunder,BetRivers,player_points,lebron james,Under,20.5,-108,2026-05-06T23:34:34Z,LAL,60.0,33.2,20.9,6.1,7.2,1.2,0.6,0.515,0.317,0.737,2.0,0.3999999999999986,LOW
Los Angeles Lakers at Oklahoma City Thunder,BetRivers,player_points,lebron james,Over,19.5,-162,2026-05-06T23:34:34Z,LAL,60.0,33.2,20.9,6.1,7.2,1.2,0.6,0.515,0.317,0.737,2.0,1.3999999999999986,LOW
Los Angeles Lakers at Oklahoma City Thunder,BetRivers,player_points,lebron james,Under,19.5,118,2026-05-06T23:34:34Z,LAL,60.0,33.2,20.9,6.1,7.2,1.2,0.6,0.515,0.317,0.737,2.0,1.3999999999999986,LOW
Los Angeles Lakers at Oklahoma City Thunder,BetRivers,player_points,chet holmgren,Over,16.5,-107,2026-05-06T23:34:34Z,OKC,69.0,28.9,17.1,8.9,1.7,0.6,1.9,0.557,0.362,0.792,9.8,0.6000000000000014,LOW
Los Angeles Lakers at Oklahoma City Thunder,BetRivers,player_points,chet holmgren,Under,16.5,-127,2026-05-06T23:34:34Z,OKC,69.0,28.9,17.1,8.9,1.7,0.6,1.9,0.557,0.362,0.792,9.8,0.6000000000000014,LOW
Los Angeles Lakers at Oklahoma City Thunder,BetRivers,player_points,marcus smart,Over,9.5,-139,2026-05-06T23:34:34Z,LAL,62.0,28.5,9.3,2.8,3.0,1.4,0.4,0.395,0.331,0.822,4.1,-0.1999999999999993,LOW
Los Angeles Lakers at Oklahoma City Thunder,BetRivers,player_points,marcus smart,Under,9.5,102,2026-05-06T23:34:34Z,LAL,62.0,28.5,9.3,2.8,3.0,1.4,0.4,0.395,0.331,0.822,4.1,-0.1999999999999993,LOW
Los Angeles Lakers at Oklahoma City Thunder,BetRivers,player_points,luguentz dort,Over,7.5,-105,2026-05-06T23:34:34Z,OKC,69.0,26.8,8.3,3.6,1.2,0.9,0.4,0.385,0.344,0.759,4.3,0.8000000000000007,LOW
Los Angeles Lakers at Oklahoma City Thunder,BetRivers,player_points,luguentz dort,Under,7.5,-130,2026-05-06T23:34:34Z,OKC,69.0,26.8,8.3,3.6,1.2,0.9,0.4,0.385,0.344,0.759,4.3,0.8000000000000007,LOW
Los Angeles Lakers at Oklahoma City Thunder,BetRivers,player_points,luke kennard,Over,7.5,-121,2026-05-06T23:34:34Z,LAL,78.0,21.5,8.4,2.3,2.2,0.7,0.1,0.533,0.478,0.913,0.5,0.9000000000000004,LOW
Los Angeles Lakers at Oklahoma City Thunder,BetRivers,player_points,luke kennard,Under,7.5,-113,2026-05-06T23:34:34Z,LAL,78.0,21.5,8.4,2.3,2.2,0.7,0.1,0.533,0.478,0.913,0.5,0.9000000000000004,LOW
Los Angeles Lakers at Oklahoma City Thunder,BetRivers,player_points,austin reaves,Over,19.5,110,2026-05-06T23:34:34Z,LAL,51.0,34.5,23.3,4.7,5.5,1.1,0.4,0.49,0.36,0.871,3.6,3.8000000000000007,MEDIUM
Los Angeles Lakers at Oklahoma City Thunder,BetRivers,player_points,austin reaves,Under,19.5,-150,2026-05-06T23:34:34Z,LAL,51.0,34.5,23.3,4.7,5.5,1.1,0.4,0.49,0.36,0.871,3.6,3.8000000000000007,MEDIUM
Los Angeles Lakers at Oklahoma City Thunder,BetRivers,player_points,rui hachimura,Over,12.5,-127,2026-05-06T23:34:34Z,LAL,68.0,28.3,11.5,3.3,0.8,0.6,0.3,0.514,0.443,0.694,1.2,-1.0,LOW
Los Angeles Lakers at Oklahoma City Thunder,BetRivers,player_points,rui hachimura,Under,12.5,-108,2026-05-06T23:34:34Z,LAL,68.0,28.3,11.5,3.3,0.8,0.6,0.3,0.514,0.443,0.694,1.2,-1.0,LOW
Los Angeles Lakers at Oklahoma City Thunder,BetRivers,player_points,shai gilgeous-alexander,Over,29.5,-103,2026-05-06T23:34:34Z,OKC,68.0,33.2,31.1,4.3,6.6,1.4,0.8,0.553,0.386,0.879,11.6,1.6000000000000014,LOW
Los Angeles Lakers at Oklahoma City Thunder,BetRivers,player_points,shai gilgeous-alexander,Under,29.5,-134,2026-05-06T23:34:34Z,OKC,68.0,33.2,31.1,4.3,6.6,1.4,0.8,0.553,0.386,0.879,11.6,1.6000000000000014,LOW
Los Angeles Lakers at Oklahoma City Thunder,BetRivers,player_points,chet holmgren,Over,15.5,-139,2026-05-06T23:34:34Z,OKC,69.0,28.9,17.1,8.9,1.7,0.6,1.9,0.557,0.362,0.792,9.8,1.6000000000000014,LOW
Los Angeles Lakers at Oklahoma City Thunder,BetRivers,player_points,chet holmgren,Under,15.5,102,2026-05-06T23:34:34Z,OKC,69.0,28.9,17.1,8.9,1.7,0.6,1.9,0.557,0.362,0.792,9.8,1.6000000000000014,LOW
Los Angeles Lakers at Oklahoma City Thunder,BetRivers,player_points,luguentz dort,Over,6.5,-127,2026-05-06T23:34:34Z,OKC,69.0,26.8,8.3,3.6,1.2,0.9,0.4,0.385,0.344,0.759,4.3,1.8000000000000007,LOW
Los Angeles Lakers at Oklahoma City Thunder,BetRivers,player_points,luguentz dort,Under,6.5,-107,2026-05-06T23:34:34Z,OKC,69.0,26.8,8.3,3.6,1.2,0.9,0.4,0.385,0.344,0.759,4.3,1.8000000000000007,LOW
Los Angeles Lakers at Oklahoma City Thunder,BetRivers,player_points,isaiah joe,Over,6.5,-105,2026-05-06T23:34:34Z,OKC,71.0,21.2,11.1,2.5,1.3,0.7,0.2,0.455,0.423,0.894,5.0,4.6,HIGH
Los Angeles Lakers at Oklahoma City Thunder,BetRivers,player_points,isaiah joe,Under,6.5,-130,2026-05-06T23:34:34Z,OKC,71.0,21.2,11.1,2.5,1.3,0.7,0.2,0.455,0.423,0.894,5.0,4.6,HIGH
Los Angeles Lakers at Oklahoma City Thunder,BetRivers,player_points,shai gilgeous-alexander,Over,28.5,-125,2026-05-06T23:34:34Z,OKC,68.0,33.2,31.1,4.3,6.6,1.4,0.8,0.553,0.386,0.879,11.6,2.6000000000000014,MEDIUM
Los Angeles Lakers at Oklahoma City Thunder,BetRivers,player_points,shai gilgeous-alexander,Under,28.5,-109,2026-05-06T23:34:34Z,OKC,68.0,33.2,31.1,4.3,6.6,1.4,0.8,0.553,0.386,0.879,11.6,2.6000000000000014,MEDIUM
Los Angeles Lakers at Oklahoma City Thunder,BetRivers,player_points,cason wallace,Over,7.5,112,2026-05-06T23:34:34Z,OKC,77.0,26.6,8.6,3.1,2.6,1.9,0.4,0.432,0.351,0.809,6.9,1.0999999999999996,LOW
Los Angeles Lakers at Oklahoma City Thunder,BetRivers,player_points,cason wallace,Under,7.5,-155,2026-05-06T23:34:34Z,OKC,77.0,26.6,8.6,3.1,2.6,1.9,0.4,0.432,0.351,0.809,6.9,1.0999999999999996,LOW
Los Angeles Lakers at Oklahoma City Thunder,BetRivers,player_points,isaiah joe,Over,7.5,115,2026-05-06T23:34:34Z,OKC,71.0,21.2,11.1,2.5,1.3,0.7,0.2,0.455,0.423,0.894,5.0,3.5999999999999996,MEDIUM
Los Angeles Lakers at Oklahoma City Thunder,BetRivers,player_points,isaiah joe,Under,7.5,-157,2026-05-06T23:34:34Z,OKC,71.0,21.2,11.1,2.5,1.3,0.7,0.2,0.455,0.423,0.894,5.0,3.5999999999999996,MEDIUM
Los Angeles Lakers at Oklahoma City Thunder,BetRivers,player_points,alex caruso,Over,6.5,-109,2026-05-06T23:34:34Z,OKC,56.0,18.2,6.2,2.8,2.0,1.3,0.3,0.423,0.293,0.804,6.8,-0.2999999999999998,LOW
Los Angeles Lakers at Oklahoma City Thunder,BetRivers,player_points,alex caruso,Under,6.5,-125,2026-05-06T23:34:34Z,OKC,56.0,18.2,6.2,2.8,2.0,1.3,0.3,0.423,0.293,0.804,6.8,-0.2999999999999998,LOW
Los Angeles Lakers at Oklahoma City Thunder,BetRivers,player_points,isaiah hartenstein,Over,8.5,120,2026-05-06T23:34:34Z,OKC,47.0,24.2,9.2,9.4,3.5,1.0,0.8,0.622,0.0,0.61,7.8,0.6999999999999993,LOW
Los Angeles Lakers at Oklahoma City Thunder,BetRivers,player_points,isaiah hartenstein,Under,8.5,-167,2026-05-06T23:34:34Z,OKC,47.0,24.2,9.2,9.4,3.5,1.0,0.8,0.622,0.0,0.61,7.8,0.6999999999999993,LOW
Los Angeles Lakers at Oklahoma City Thunder,BetRivers,player_points,lebron james,Over,21.5,100,2026-05-06T23:34:34Z,LAL,60.0,33.2,20.9,6.1,7.2,1.2,0.6,0.515,0.317,0.737,2.0,-0.6000000000000014,LOW
Los Angeles Lakers at Oklahoma City Thunder,BetRivers,player_points,lebron james,Under,21.5,-136,2026-05-06T23:34:34Z,LAL,60.0,33.2,20.9,6.1,7.2,1.2,0.6,0.515,0.317,0.737,2.0,-0.6000000000000014,LOW
Los Angeles Lakers at Oklahoma City Thunder,BetRivers,player_points,isaiah hartenstein,Over,7.5,-136,2026-05-06T23:34:34Z,OKC,47.0,24.2,9.2,9.4,3.5,1.0,0.8,0.622,0.0,0.61,7.8,1.6999999999999993,LOW
Los Angeles Lakers at Oklahoma City Thunder,BetRivers,player_points,isaiah hartenstein,Under,7.5,100,2026-05-06T23:34:34Z,OKC,47.0,24.2,9.2,9.4,3.5,1.0,0.8,0.622,0.0,0.61,7.8,1.6999999999999993,LOW
Los Angeles Lakers at Oklahoma City Thunder,BetRivers,player_rebounds,deandre ayton,Over,8.5,-134,2026-05-06T23:34:34Z,LAL,72.0,27.2,12.5,8.0,0.8,0.6,1.0,0.671,0.0,0.645,-0.1,-0.5,LOW
Los Angeles Lakers at Oklahoma City Thunder,BetRivers,player_rebounds,deandre ayton,Under,8.5,-103,2026-05-06T23:34:34Z,LAL,72.0,27.2,12.5,8.0,0.8,0.6,1.0,0.671,0.0,0.645,-0.1,-0.5,LOW
Los Angeles Lakers at Oklahoma City Thunder,BetRivers,player_rebounds,lebron james,Over,6.5,-120,2026-05-06T23:34:34Z,LAL,60.0,33.2,20.9,6.1,7.2,1.2,0.6,0.515,0.317,0.737,2.0,-0.40000000000000036,LOW
Los Angeles Lakers at Oklahoma City Thunder,BetRivers,player_rebounds,lebron james,Under,6.5,-114,2026-05-06T23:34:34Z,LAL,60.0,33.2,20.9,6.1,7.2,1.2,0.6,0.515,0.317,0.737,2.0,-0.40000000000000036,LOW
Los Angeles Lakers at Oklahoma City Thunder,BetRivers,player_rebounds,luke kennard,Over,2.5,-148,2026-05-06T23:34:34Z,LAL,78.0,21.5,8.4,2.3,2.2,0.7,0.1,0.533,0.478,0.913,0.5,-0.20000000000000018,LOW
Los Angeles Lakers at Oklahoma City Thunder,BetRivers,player_rebounds,luke kennard,Under,2.5,108,2026-05-06T23:34:34Z,LAL,78.0,21.5,8.4,2.3,2.2,0.7,0.1,0.533,0.478,0.913,0.5,-0.20000000000000018,LOW
Los Angeles Lakers at Oklahoma City Thunder,BetRivers,player_rebounds,rui hachimura,Over,3.5,-117,2026-05-06T23:34:34Z,LAL,68.0,28.3,11.5,3.3,0.8,0.6,0.3,0.514,0.443,0.694,1.2,-0.20000000000000018,LOW
Los Angeles Lakers at Oklahoma City Thunder,BetRivers,player_rebounds,rui hachimura,Under,3.5,-115,2026-05-06T23:34:34Z,LAL,68.0,28.3,11.5,3.3,0.8,0.6,0.3,0.514,0.443,0.694,1.2,-0.20000000000000018,LOW
Los Angeles Lakers at Oklahoma City Thunder,BetRivers,player_rebounds,jaxson hayes,Over,3.5,-148,2026-05-06T23:34:34Z,LAL,66.0,18.3,7.5,4.1,0.9,0.4,0.8,0.756,1.0,0.653,1.1,0.5999999999999996,LOW
Los Angeles Lakers at Oklahoma City Thunder,BetRivers,player_rebounds,jaxson hayes,Under,3.5,108,2026-05-06T23:34:34Z,LAL,66.0,18.3,7.5,4.1,0.9,0.4,0.8,0.756,1.0,0.653,1.1,0.5999999999999996,LOW
Los Angeles Lakers at Oklahoma City Thunder,BetRivers,player_rebounds,austin reaves,Over,4.5,107,2026-05-06T23:34:34Z,LAL,51.0,34.5,23.3,4.7,5.5,1.1,0.4,0.49,0.36,0.871,3.6,0.20000000000000018,LOW
Los Angeles Lakers at Oklahoma City Thunder,BetRivers,player_rebounds,austin reaves,Under,4.5,-143,2026-05-06T23:34:34Z,LAL,51.0,34.5,23.3,4.7,5.5,1.1,0.4,0.49,0.36,0.871,3.6,0.20000000000000018,LOW
Los Angeles Lakers at Oklahoma City Thunder,BetRivers,player_rebounds,alex caruso,Over,2.5,-132,2026-05-06T23:34:34Z,OKC,56.0,18.2,6.2,2.8,2.0,1.3,0.3,0.423,0.293,0.804,6.8,0.2999999999999998,LOW
Los Angeles Lakers at Oklahoma City Thunder,BetRivers,player_rebounds,alex caruso,Under,2.5,-104,2026-05-06T23:34:34Z,OKC,56.0,18.2,6.2,2.8,2.0,1.3,0.3,0.423,0.293,0.804,6.8,0.2999999999999998,LOW
Los Angeles Lakers at Oklahoma City Thunder,BetRivers,player_rebounds,chet holmgren,Over,8.5,-130,2026-05-06T23:34:34Z,OKC,69.0,28.9,17.1,8.9,1.7,0.6,1.9,0.557,0.362,0.792,9.8,0.40000000000000036,LOW
Los Angeles Lakers at Oklahoma City Thunder,BetRivers,player_rebounds,chet holmgren,Under,8.5,-105,2026-05-06T23:34:34Z,OKC,69.0,28.9,17.1,8.9,1.7,0.6,1.9,0.557,0.362,0.792,9.8,0.40000000000000036,LOW
Los Angeles Lakers at Oklahoma City Thunder,BetRivers,player_rebounds,ajay mitchell,Over,3.5,-117,2026-05-06T23:34:34Z,OKC,57.0,25.8,13.6,3.3,3.6,1.2,0.3,0.485,0.347,0.87,8.8,-0.20000000000000018,LOW
Los Angeles Lakers at Oklahoma City Thunder,BetRivers,player_rebounds,ajay mitchell,Under,3.5,-117,2026-05-06T23:34:34Z,OKC,57.0,25.8,13.6,3.3,3.6,1.2,0.3,0.485,0.347,0.87,8.8,-0.20000000000000018,LOW
Los Angeles Lakers at Oklahoma City Thunder,BetRivers,player_rebounds,luguentz dort,Over,2.5,-182,2026-05-06T23:34:34Z,OKC,69.0,26.8,8.3,3.6,1.2,0.9,0.4,0.385,0.344,0.759,4.3,1.1,LOW
Los Angeles Lakers at Oklahoma City Thunder,BetRivers,player_rebounds,luguentz dort,Under,2.5,132,2026-05-06T23:34:34Z,OKC,69.0,26.8,8.3,3.6,1.2,0.9,0.4,0.385,0.344,0.759,4.3,1.1,LOW
Los Angeles Lakers at Oklahoma City Thunder,BetRivers,player_rebounds,marcus smart,Over,2.5,-180,2026-05-06T23:34:34Z,LAL,62.0,28.5,9.3,2.8,3.0,1.4,0.4,0.395,0.331,0.822,4.1,0.2999999999999998,LOW
Los Angeles Lakers at Oklahoma City Thunder,BetRivers,player_rebounds,marcus smart,Under,2.5,132,2026-05-06T23:34:34Z,LAL,62.0,28.5,9.3,2.8,3.0,1.4,0.4,0.395,0.331,0.822,4.1,0.2999999999999998,LOW
Los Angeles Lakers at Oklahoma City Thunder,BetRivers,player_rebounds,shai gilgeous-alexander,Over,4.5,112,2026-05-06T23:34:34Z,OKC,68.0,33.2,31.1,4.3,6.6,1.4,0.8,0.553,0.386,0.879,11.6,-0.20000000000000018,LOW
Los Angeles Lakers at Oklahoma City Thunder,BetRivers,player_rebounds,shai gilgeous-alexander,Under,4.5,-155,2026-05-06T23:34:34Z,OKC,68.0,33.2,31.1,4.3,6.6,1.4,0.8,0.553,0.386,0.879,11.6,-0.20000000000000018,LOW
Los Angeles Lakers at Oklahoma City Thunder,BetRivers,player_rebounds,isaiah hartenstein,Over,8.5,102,2026-05-06T23:34:34Z,OKC,47.0,24.2,9.2,9.4,3.5,1.0,0.8,0.622,0.0,0.61,7.8,0.9000000000000004,LOW
Los Angeles Lakers at Oklahoma City Thunder,BetRivers,player_rebounds,isaiah hartenstein,Under,8.5,-139,2026-05-06T23:34:34Z,OKC,47.0,24.2,9.2,9.4,3.5,1.0,0.8,0.622,0.0,0.61,7.8,0.9000000000000004,LOW
Los Angeles Lakers at Oklahoma City Thunder,BetRivers,player_threes,lebron james,Over,1.5,118,2026-05-06T23:34:34Z,LAL,60.0,33.2,20.9,6.1,7.2,1.2,0.6,0.515,0.317,0.737,2.0,0.0,LOW
Los Angeles Lakers at Oklahoma City Thunder,BetRivers,player_threes,lebron james,Under,1.5,-159,2026-05-06T23:34:34Z,LAL,60.0,33.2,20.9,6.1,7.2,1.2,0.6,0.515,0.317,0.737,2.0,0.0,LOW
Los Angeles Lakers at Oklahoma City Thunder,BetRivers,player_threes,alex caruso,Over,1.5,155,2026-05-06T23:34:34Z,OKC,56.0,18.2,6.2,2.8,2.0,1.3,0.3,0.423,0.293,0.804,6.8,0.0,LOW
Los Angeles Lakers at Oklahoma City Thunder,BetRivers,player_threes,alex caruso,Under,1.5,-215,2026-05-06T23:34:34Z,OKC,56.0,18.2,6.2,2.8,2.0,1.3,0.3,0.423,0.293,0.804,6.8,0.0,LOW
Los Angeles Lakers at Oklahoma City Thunder,BetRivers,player_threes,luguentz dort,Over,1.5,-143,2026-05-06T23:34:34Z,OKC,69.0,26.8,8.3,3.6,1.2,0.9,0.4,0.385,0.344,0.759,4.3,0.0,LOW
Los Angeles Lakers at Oklahoma City Thunder,BetRivers,player_threes,luguentz dort,Under,1.5,105,2026-05-06T23:34:34Z,OKC,69.0,26.8,8.3,3.6,1.2,0.9,0.4,0.385,0.344,0.759,4.3,0.0,LOW
Los Angeles Lakers at Oklahoma City Thunder,BetRivers,player_threes,shai gilgeous-alexander,Over,1.5,-109,2026-05-06T23:34:34Z,OKC,68.0,33.2,31.1,4.3,6.6,1.4,0.8,0.553,0.386,0.879,11.6,0.0,LOW
Los Angeles Lakers at Oklahoma City Thunder,BetRivers,player_threes,shai gilgeous-alexander,Under,1.5,-124,2026-05-06T23:34:34Z,OKC,68.0,33.2,31.1,4.3,6.6,1.4,0.8,0.553,0.386,0.879,11.6,0.0,LOW
Los Angeles Lakers at Oklahoma City Thunder,BetRivers,player_threes,cason wallace,Over,1.5,148,2026-05-06T23:34:34Z,OKC,77.0,26.6,8.6,3.1,2.6,1.9,0.4,0.432,0.351,0.809,6.9,0.0,LOW
Los Angeles Lakers at Oklahoma City Thunder,BetRivers,player_threes,cason wallace,Under,1.5,-210,2026-05-06T23:34:34Z,OKC,77.0,26.6,8.6,3.1,2.6,1.9,0.4,0.432,0.351,0.809,6.9,0.0,LOW
Los Angeles Lakers at Oklahoma City Thunder,BetRivers,player_threes,austin reaves,Over,1.5,-165,2026-05-06T23:34:34Z,LAL,51.0,34.5,23.3,4.7,5.5,1.1,0.4,0.49,0.36,0.871,3.6,0.0,LOW
Los Angeles Lakers at Oklahoma City Thunder,BetRivers,player_threes,austin reaves,Under,1.5,120,2026-05-06T23:34:34Z,LAL,51.0,34.5,23.3,4.7,5.5,1.1,0.4,0.49,0.36,0.871,3.6,0.0,LOW
Los Angeles Lakers at Oklahoma City Thunder,BetRivers,player_threes,marcus smart,Over,1.5,-162,2026-05-06T23:34:34Z,LAL,62.0,28.5,9.3,2.8,3.0,1.4,0.4,0.395,0.331,0.822,4.1,0.0,LOW
Los Angeles Lakers at Oklahoma City Thunder,BetRivers,player_threes,marcus smart,Under,1.5,118,2026-05-06T23:34:34Z,LAL,62.0,28.5,9.3,2.8,3.0,1.4,0.4,0.395,0.331,0.822,4.1,0.0,LOW
Los Angeles Lakers at Oklahoma City Thunder,BetRivers,player_threes,ajay mitchell,Over,1.5,112,2026-05-06T23:34:34Z,OKC,57.0,25.8,13.6,3.3,3.6,1.2,0.3,0.485,0.347,0.87,8.8,0.0,LOW
Los Angeles Lakers at Oklahoma City Thunder,BetRivers,player_threes,ajay mitchell,Under,1.5,-155,2026-05-06T23:34:34Z,OKC,57.0,25.8,13.6,3.3,3.6,1.2,0.3,0.485,0.347,0.87,8.8,0.0,LOW
Los Angeles Lakers at Oklahoma City Thunder,BetRivers,player_threes,chet holmgren,Over,1.5,120,2026-05-06T23:34:34Z,OKC,69.0,28.9,17.1,8.9,1.7,0.6,1.9,0.557,0.362,0.792,9.8,0.0,LOW
Los Angeles Lakers at Oklahoma City Thunder,BetRivers,player_threes,chet holmgren,Under,1.5,-165,2026-05-06T23:34:34Z,OKC,69.0,28.9,17.1,8.9,1.7,0.6,1.9,0.557,0.362,0.792,9.8,0.0,LOW
Los Angeles Lakers at Oklahoma City Thunder,BetRivers,player_threes,isaiah joe,Over,1.5,-124,2026-05-06T23:34:34Z,OKC,71.0,21.2,11.1,2.5,1.3,0.7,0.2,0.455,0.423,0.894,5.0,0.0,LOW
Los Angeles Lakers at Oklahoma City Thunder,BetRivers,player_threes,isaiah joe,Under,1.5,-110,2026-05-06T23:34:34Z,OKC,71.0,21.2,11.1,2.5,1.3,0.7,0.2,0.455,0.423,0.894,5.0,0.0,LOW
Los Angeles Lakers at Oklahoma City Thunder,BetRivers,player_threes,rui hachimura,Over,1.5,-177,2026-05-06T23:34:34Z,LAL,68.0,28.3,11.5,3.3,0.8,0.6,0.3,0.514,0.443,0.694,1.2,0.0,LOW
Los Angeles Lakers at Oklahoma City Thunder,BetRivers,player_threes,rui hachimura,Under,1.5,128,2026-05-06T23:34:34Z,LAL,68.0,28.3,11.5,3.3,0.8,0.6,0.3,0.514,0.443,0.694,1.2,0.0,LOW
Los Angeles Lakers at Oklahoma City Thunder,BetRivers,player_threes,lebron james,Over,1.5,118,2026-05-06T23:34:34Z,LAL,60.0,33.2,20.9,6.1,7.2,1.2,0.6,0.515,0.317,0.737,2.0,0.0,LOW
Los Angeles Lakers at Oklahoma City Thunder,BetRivers,player_threes,lebron james,Under,1.5,-159,2026-05-06T23:34:34Z,LAL,60.0,33.2,20.9,6.1,7.2,1.2,0.6,0.515,0.317,0.737,2.0,0.0,LOW
Los Angeles Lakers at Oklahoma City Thunder,BetRivers,player_threes,alex caruso,Over,1.5,155,2026-05-06T23:34:34Z,OKC,56.0,18.2,6.2,2.8,2.0,1.3,0.3,0.423,0.293,0.804,6.8,0.0,LOW
Los Angeles Lakers at Oklahoma City Thunder,BetRivers,player_threes,alex caruso,Under,1.5,-215,2026-05-06T23:34:34Z,OKC,56.0,18.2,6.2,2.8,2.0,1.3,0.3,0.423,0.293,0.804,6.8,0.0,LOW
Los Angeles Lakers at Oklahoma City Thunder,BetRivers,player_threes,luguentz dort,Over,1.5,-143,2026-05-06T23:34:34Z,OKC,69.0,26.8,8.3,3.6,1.2,0.9,0.4,0.385,0.344,0.759,4.3,0.0,LOW
Los Angeles Lakers at Oklahoma City Thunder,BetRivers,player_threes,luguentz dort,Under,1.5,105,2026-05-06T23:34:34Z,OKC,69.0,26.8,8.3,3.6,1.2,0.9,0.4,0.385,0.344,0.759,4.3,0.0,LOW
Los Angeles Lakers at Oklahoma City Thunder,BetRivers,player_threes,shai gilgeous-alexander,Over,1.5,-109,2026-05-06T23:34:34Z,OKC,68.0,33.2,31.1,4.3,6.6,1.4,0.8,0.553,0.386,0.879,11.6,0.0,LOW
Los Angeles Lakers at Oklahoma City Thunder,BetRivers,player_threes,shai gilgeous-alexander,Under,1.5,-124,2026-05-06T23:34:34Z,OKC,68.0,33.2,31.1,4.3,6.6,1.4,0.8,0.553,0.386,0.879,11.6,0.0,LOW
Los Angeles Lakers at Oklahoma City Thunder,BetRivers,player_threes,cason wallace,Over,1.5,148,2026-05-06T23:34:34Z,OKC,77.0,26.6,8.6,3.1,2.6,1.9,0.4,0.432,0.351,0.809,6.9,0.0,LOW
Los Angeles Lakers at Oklahoma City Thunder,BetRivers,player_threes,cason wallace,Under,1.5,-210,2026-05-06T23:34:34Z,OKC,77.0,26.6,8.6,3.1,2.6,1.9,0.4,0.432,0.351,0.809,6.9,0.0,LOW
Los Angeles Lakers at Oklahoma City Thunder,BetRivers,player_threes,austin reaves,Over,1.5,-165,2026-05-06T23:34:34Z,LAL,51.0,34.5,23.3,4.7,5.5,1.1,0.4,0.49,0.36,0.871,3.6,0.0,LOW
Los Angeles Lakers at Oklahoma City Thunder,BetRivers,player_threes,austin reaves,Under,1.5,120,2026-05-06T23:34:34Z,LAL,51.0,34.5,23.3,4.7,5.5,1.1,0.4,0.49,0.36,0.871,3.6,0.0,LOW
Los Angeles Lakers at Oklahoma City Thunder,BetRivers,player_threes,marcus smart,Over,1.5,-162,2026-05-06T23:34:34Z,LAL,62.0,28.5,9.3,2.8,3.0,1.4,0.4,0.395,0.331,0.822,4.1,0.0,LOW
Los Angeles Lakers at Oklahoma City Thunder,BetRivers,player_threes,marcus smart,Under,1.5,118,2026-05-06T23:34:34Z,LAL,62.0,28.5,9.3,2.8,3.0,1.4,0.4,0.395,0.331,0.822,4.1,0.0,LOW
Los Angeles Lakers at Oklahoma City Thunder,BetRivers,player_threes,ajay mitchell,Over,1.5,112,2026-05-06T23:34:34Z,OKC,57.0,25.8,13.6,3.3,3.6,1.2,0.3,0.485,0.347,0.87,8.8,0.0,LOW
Los Angeles Lakers at Oklahoma City Thunder,BetRivers,player_threes,ajay mitchell,Under,1.5,-155,2026-05-06T23:34:34Z,OKC,57.0,25.8,13.6,3.3,3.6,1.2,0.3,0.485,0.347,0.87,8.8,0.0,LOW
Los Angeles Lakers at Oklahoma City Thunder,BetRivers,player_threes,chet holmgren,Over,1.5,120,2026-05-06T23:34:34Z,OKC,69.0,28.9,17.1,8.9,1.7,0.6,1.9,0.557,0.362,0.792,9.8,0.0,LOW
Los Angeles Lakers at Oklahoma City Thunder,BetRivers,player_threes,chet holmgren,Under,1.5,-165,2026-05-06T23:34:34Z,OKC,69.0,28.9,17.1,8.9,1.7,0.6,1.9,0.557,0.362,0.792,9.8,0.0,LOW
Los Angeles Lakers at Oklahoma City Thunder,BetRivers,player_threes,isaiah joe,Over,1.5,-124,2026-05-06T23:34:34Z,OKC,71.0,21.2,11.1,2.5,1.3,0.7,0.2,0.455,0.423,0.894,5.0,0.0,LOW
Los Angeles Lakers at Oklahoma City Thunder,BetRivers,player_threes,isaiah joe,Under,1.5,-110,2026-05-06T23:34:34Z,OKC,71.0,21.2,11.1,2.5,1.3,0.7,0.2,0.455,0.423,0.894,5.0,0.0,LOW
Los Angeles Lakers at Oklahoma City Thunder,BetRivers,player_threes,rui hachimura,Over,1.5,-177,2026-05-06T23:34:34Z,LAL,68.0,28.3,11.5,3.3,0.8,0.6,0.3,0.514,0.443,0.694,1.2,0.0,LOW
Los Angeles Lakers at Oklahoma City Thunder,BetRivers,player_threes,rui hachimura,Under,1.5,128,2026-05-06T23:34:34Z,LAL,68.0,28.3,11.5,3.3,0.8,0.6,0.3,0.514,0.443,0.694,1.2,0.0,LOW
Los Angeles Lakers at Oklahoma City Thunder,BetOnline.ag,player_assists,lebron james,Over,7.5,-112,2026-05-06T23:33:54Z,LAL,60.0,33.2,20.9,6.1,7.2,1.2,0.6,0.515,0.317,0.737,2.0,-0.2999999999999998,LOW
Los Angeles Lakers at Oklahoma City Thunder,BetOnline.ag,player_assists,lebron james,Under,7.5,-115,2026-05-06T23:33:54Z,LAL,60.0,33.2,20.9,6.1,7.2,1.2,0.6,0.515,0.317,0.737,2.0,-0.2999999999999998,LOW
Los Angeles Lakers at Oklahoma City Thunder,BetOnline.ag,player_assists,austin reaves,Over,5.5,117,2026-05-06T23:33:54Z,LAL,51.0,34.5,23.3,4.7,5.5,1.1,0.4,0.49,0.36,0.871,3.6,0.0,LOW
Los Angeles Lakers at Oklahoma City Thunder,BetOnline.ag,player_assists,austin reaves,Under,5.5,-152,2026-05-06T23:33:54Z,LAL,51.0,34.5,23.3,4.7,5.5,1.1,0.4,0.49,0.36,0.871,3.6,0.0,LOW
Los Angeles Lakers at Oklahoma City Thunder,BetOnline.ag,player_assists,isaiah hartenstein,Over,2.5,-167,2026-05-06T23:33:54Z,OKC,47.0,24.2,9.2,9.4,3.5,1.0,0.8,0.622,0.0,0.61,7.8,1.0,LOW
Los Angeles Lakers at Oklahoma City Thunder,BetOnline.ag,player_assists,isaiah hartenstein,Under,2.5,128,2026-05-06T23:33:54Z,OKC,47.0,24.2,9.2,9.4,3.5,1.0,0.8,0.622,0.0,0.61,7.8,1.0,LOW
Los Angeles Lakers at Oklahoma City Thunder,BetOnline.ag,player_assists,ajay mitchell,Over,3.5,-139,2026-05-06T23:33:54Z,OKC,57.0,25.8,13.6,3.3,3.6,1.2,0.3,0.485,0.347,0.87,8.8,0.10000000000000009,LOW
Los Angeles Lakers at Oklahoma City Thunder,BetOnline.ag,player_assists,ajay mitchell,Under,3.5,107,2026-05-06T23:33:54Z,OKC,57.0,25.8,13.6,3.3,3.6,1.2,0.3,0.485,0.347,0.87,8.8,0.10000000000000009,LOW
Los Angeles Lakers at Oklahoma City Thunder,BetOnline.ag,player_assists,marcus smart,Over,3.5,-116,2026-05-06T23:33:54Z,LAL,62.0,28.5,9.3,2.8,3.0,1.4,0.4,0.395,0.331,0.822,4.1,-0.5,LOW
Los Angeles Lakers at Oklahoma City Thunder,BetOnline.ag,player_assists,marcus smart,Under,3.5,-111,2026-05-06T23:33:54Z,LAL,62.0,28.5,9.3,2.8,3.0,1.4,0.4,0.395,0.331,0.822,4.1,-0.5,LOW
Los Angeles Lakers at Oklahoma City Thunder,BetOnline.ag,player_assists,shai gilgeous-alexander,Over,7.5,112,2026-05-06T23:33:54Z,OKC,68.0,33.2,31.1,4.3,6.6,1.4,0.8,0.553,0.386,0.879,11.6,-0.9000000000000004,LOW
Los Angeles Lakers at Oklahoma City Thunder,BetOnline.ag,player_assists,shai gilgeous-alexander,Under,7.5,-145,2026-05-06T23:33:54Z,OKC,68.0,33.2,31.1,4.3,6.6,1.4,0.8,0.553,0.386,0.879,11.6,-0.9000000000000004,LOW
Los Angeles Lakers at Oklahoma City Thunder,BetOnline.ag,player_assists,cason wallace,Over,2.5,136,2026-05-06T23:33:54Z,OKC,77.0,26.6,8.6,3.1,2.6,1.9,0.4,0.432,0.351,0.809,6.9,0.10000000000000009,LOW
Los Angeles Lakers at Oklahoma City Thunder,BetOnline.ag,player_assists,cason wallace,Under,2.5,-179,2026-05-06T23:33:54Z,OKC,77.0,26.6,8.6,3.1,2.6,1.9,0.4,0.432,0.351,0.809,6.9,0.10000000000000009,LOW
Los Angeles Lakers at Oklahoma City Thunder,BetOnline.ag,player_assists,luke kennard,Over,2.5,139,2026-05-06T23:33:54Z,LAL,78.0,21.5,8.4,2.3,2.2,0.7,0.1,0.533,0.478,0.913,0.5,-0.2999999999999998,LOW
Los Angeles Lakers at Oklahoma City Thunder,BetOnline.ag,player_assists,luke kennard,Under,2.5,-182,2026-05-06T23:33:54Z,LAL,78.0,21.5,8.4,2.3,2.2,0.7,0.1,0.533,0.478,0.913,0.5,-0.2999999999999998,LOW
Los Angeles Lakers at Oklahoma City Thunder,BetOnline.ag,player_points,alex caruso,Over,6.5,-111,2026-05-06T23:33:54Z,OKC,56.0,18.2,6.2,2.8,2.0,1.3,0.3,0.423,0.293,0.804,6.8,-0.2999999999999998,LOW
Los Angeles Lakers at Oklahoma City Thunder,BetOnline.ag,player_points,alex caruso,Under,6.5,-116,2026-05-06T23:33:54Z,OKC,56.0,18.2,6.2,2.8,2.0,1.3,0.3,0.423,0.293,0.804,6.8,-0.2999999999999998,LOW
Los Angeles Lakers at Oklahoma City Thunder,BetOnline.ag,player_points,lebron james,Over,20.5,-123,2026-05-06T23:33:54Z,LAL,60.0,33.2,20.9,6.1,7.2,1.2,0.6,0.515,0.317,0.737,2.0,0.3999999999999986,LOW
Los Angeles Lakers at Oklahoma City Thunder,BetOnline.ag,player_points,lebron james,Under,20.5,-105,2026-05-06T23:33:54Z,LAL,60.0,33.2,20.9,6.1,7.2,1.2,0.6,0.515,0.317,0.737,2.0,0.3999999999999986,LOW
Los Angeles Lakers at Oklahoma City Thunder,BetOnline.ag,player_points,luguentz dort,Over,6.5,-120,2026-05-06T23:33:54Z,OKC,69.0,26.8,8.3,3.6,1.2,0.9,0.4,0.385,0.344,0.759,4.3,1.8000000000000007,LOW
Los Angeles Lakers at Oklahoma City Thunder,BetOnline.ag,player_points,luguentz dort,Under,6.5,-108,2026-05-06T23:33:54Z,OKC,69.0,26.8,8.3,3.6,1.2,0.9,0.4,0.385,0.344,0.759,4.3,1.8000000000000007,LOW
Los Angeles Lakers at Oklahoma City Thunder,BetOnline.ag,player_points,shai gilgeous-alexander,Over,28.5,-120,2026-05-06T23:33:54Z,OKC,68.0,33.2,31.1,4.3,6.6,1.4,0.8,0.553,0.386,0.879,11.6,2.6000000000000014,MEDIUM
Los Angeles Lakers at Oklahoma City Thunder,BetOnline.ag,player_points,shai gilgeous-alexander,Under,28.5,-108,2026-05-06T23:33:54Z,OKC,68.0,33.2,31.1,4.3,6.6,1.4,0.8,0.553,0.386,0.879,11.6,2.6000000000000014,MEDIUM
Los Angeles Lakers at Oklahoma City Thunder,BetOnline.ag,player_points,austin reaves,Over,18.5,-114,2026-05-06T23:33:54Z,LAL,51.0,34.5,23.3,4.7,5.5,1.1,0.4,0.49,0.36,0.871,3.6,4.800000000000001,HIGH
Los Angeles Lakers at Oklahoma City Thunder,BetOnline.ag,player_points,austin reaves,Under,18.5,-114,2026-05-06T23:33:54Z,LAL,51.0,34.5,23.3,4.7,5.5,1.1,0.4,0.49,0.36,0.871,3.6,4.800000000000001,HIGH
Los Angeles Lakers at Oklahoma City Thunder,BetOnline.ag,player_points,chet holmgren,Over,16.5,-105,2026-05-06T23:33:54Z,OKC,69.0,28.9,17.1,8.9,1.7,0.6,1.9,0.557,0.362,0.792,9.8,0.6000000000000014,LOW
Los Angeles Lakers at Oklahoma City Thunder,BetOnline.ag,player_points,chet holmgren,Under,16.5,-123,2026-05-06T23:33:54Z,OKC,69.0,28.9,17.1,8.9,1.7,0.6,1.9,0.557,0.362,0.792,9.8,0.6000000000000014,LOW
Los Angeles Lakers at Oklahoma City Thunder,BetOnline.ag,player_points,isaiah joe,Over,6.5,-109,2026-05-06T23:33:54Z,OKC,71.0,21.2,11.1,2.5,1.3,0.7,0.2,0.455,0.423,0.894,5.0,4.6,HIGH
Los Angeles Lakers at Oklahoma City Thunder,BetOnline.ag,player_points,isaiah joe,Under,6.5,-119,2026-05-06T23:33:54Z,OKC,71.0,21.2,11.1,2.5,1.3,0.7,0.2,0.455,0.423,0.894,5.0,4.6,HIGH
Los Angeles Lakers at Oklahoma City Thunder,BetOnline.ag,player_points,cason wallace,Over,6.5,-123,2026-05-06T23:33:54Z,OKC,77.0,26.6,8.6,3.1,2.6,1.9,0.4,0.432,0.351,0.809,6.9,2.0999999999999996,MEDIUM
Los Angeles Lakers at Oklahoma City Thunder,BetOnline.ag,player_points,cason wallace,Under,6.5,-104,2026-05-06T23:33:54Z,OKC,77.0,26.6,8.6,3.1,2.6,1.9,0.4,0.432,0.351,0.809,6.9,2.0999999999999996,MEDIUM
Los Angeles Lakers at Oklahoma City Thunder,BetOnline.ag,player_points,luke kennard,Over,7.5,-119,2026-05-06T23:33:54Z,LAL,78.0,21.5,8.4,2.3,2.2,0.7,0.1,0.533,0.478,0.913,0.5,0.9000000000000004,LOW
Los Angeles Lakers at Oklahoma City Thunder,BetOnline.ag,player_points,luke kennard,Under,7.5,-109,2026-05-06T23:33:54Z,LAL,78.0,21.5,8.4,2.3,2.2,0.7,0.1,0.533,0.478,0.913,0.5,0.9000000000000004,LOW
Los Angeles Lakers at Oklahoma City Thunder,BetOnline.ag,player_points,deandre ayton,Over,9.5,-123,2026-05-06T23:33:54Z,LAL,72.0,27.2,12.5,8.0,0.8,0.6,1.0,0.671,0.0,0.645,-0.1,3.0,MEDIUM
Los Angeles Lakers at Oklahoma City Thunder,BetOnline.ag,player_points,deandre ayton,Under,9.5,-104,2026-05-06T23:33:54Z,LAL,72.0,27.2,12.5,8.0,0.8,0.6,1.0,0.671,0.0,0.645,-0.1,3.0,MEDIUM
Los Angeles Lakers at Oklahoma City Thunder,BetOnline.ag,player_points,isaiah hartenstein,Over,7.5,-119,2026-05-06T23:33:54Z,OKC,47.0,24.2,9.2,9.4,3.5,1.0,0.8,0.622,0.0,0.61,7.8,1.6999999999999993,LOW
Los Angeles Lakers at Oklahoma City Thunder,BetOnline.ag,player_points,isaiah hartenstein,Under,7.5,-109,2026-05-06T23:33:54Z,OKC,47.0,24.2,9.2,9.4,3.5,1.0,0.8,0.622,0.0,0.61,7.8,1.6999999999999993,LOW
Los Angeles Lakers at Oklahoma City Thunder,BetOnline.ag,player_points,rui hachimura,Over,12.5,-116,2026-05-06T23:33:54Z,LAL,68.0,28.3,11.5,3.3,0.8,0.6,0.3,0.514,0.443,0.694,1.2,-1.0,LOW
Los Angeles Lakers at Oklahoma City Thunder,BetOnline.ag,player_points,rui hachimura,Under,12.5,-111,2026-05-06T23:33:54Z,LAL,68.0,28.3,11.5,3.3,0.8,0.6,0.3,0.514,0.443,0.694,1.2,-1.0,LOW
Los Angeles Lakers at Oklahoma City Thunder,BetOnline.ag,player_points,marcus smart,Over,10.5,-106,2026-05-06T23:33:54Z,LAL,62.0,28.5,9.3,2.8,3.0,1.4,0.4,0.395,0.331,0.822,4.1,-1.1999999999999993,LOW
Los Angeles Lakers at Oklahoma City Thunder,BetOnline.ag,player_points,marcus smart,Under,10.5,-122,2026-05-06T23:33:54Z,LAL,62.0,28.5,9.3,2.8,3.0,1.4,0.4,0.395,0.331,0.822,4.1,-1.1999999999999993,LOW
Los Angeles Lakers at Oklahoma City Thunder,BetOnline.ag,player_points,ajay mitchell,Over,16.5,-109,2026-05-06T23:33:54Z,OKC,57.0,25.8,13.6,3.3,3.6,1.2,0.3,0.485,0.347,0.87,8.8,-2.9000000000000004,LOW
Los Angeles Lakers at Oklahoma City Thunder,BetOnline.ag,player_points,ajay mitchell,Under,16.5,-119,2026-05-06T23:33:54Z,OKC,57.0,25.8,13.6,3.3,3.6,1.2,0.3,0.485,0.347,0.87,8.8,-2.9000000000000004,LOW
Los Angeles Lakers at Oklahoma City Thunder,BetOnline.ag,player_rebounds,lebron james,Over,6.5,-118,2026-05-06T23:34:01Z,LAL,60.0,33.2,20.9,6.1,7.2,1.2,0.6,0.515,0.317,0.737,2.0,-0.40000000000000036,LOW
Los Angeles Lakers at Oklahoma City Thunder,BetOnline.ag,player_rebounds,lebron james,Under,6.5,-110,2026-05-06T23:34:01Z,LAL,60.0,33.2,20.9,6.1,7.2,1.2,0.6,0.515,0.317,0.737,2.0,-0.40000000000000036,LOW
Los Angeles Lakers at Oklahoma City Thunder,BetOnline.ag,player_rebounds,alex caruso,Over,2.5,-135,2026-05-06T23:34:01Z,OKC,56.0,18.2,6.2,2.8,2.0,1.3,0.3,0.423,0.293,0.804,6.8,0.2999999999999998,LOW
Los Angeles Lakers at Oklahoma City Thunder,BetOnline.ag,player_rebounds,alex caruso,Under,2.5,104,2026-05-06T23:34:01Z,OKC,56.0,18.2,6.2,2.8,2.0,1.3,0.3,0.423,0.293,0.804,6.8,0.2999999999999998,LOW
Los Angeles Lakers at Oklahoma City Thunder,BetOnline.ag,player_rebounds,austin reaves,Over,4.5,-101,2026-05-06T23:34:01Z,LAL,51.0,34.5,23.3,4.7,5.5,1.1,0.4,0.49,0.36,0.871,3.6,0.20000000000000018,LOW
Los Angeles Lakers at Oklahoma City Thunder,BetOnline.ag,player_rebounds,austin reaves,Under,4.5,-128,2026-05-06T23:34:01Z,LAL,51.0,34.5,23.3,4.7,5.5,1.1,0.4,0.49,0.36,0.871,3.6,0.20000000000000018,LOW
Los Angeles Lakers at Oklahoma City Thunder,BetOnline.ag,player_rebounds,shai gilgeous-alexander,Over,4.5,128,2026-05-06T23:34:01Z,OKC,68.0,33.2,31.1,4.3,6.6,1.4,0.8,0.553,0.386,0.879,11.6,-0.20000000000000018,LOW
Los Angeles Lakers at Oklahoma City Thunder,BetOnline.ag,player_rebounds,shai gilgeous-alexander,Under,4.5,-167,2026-05-06T23:34:01Z,OKC,68.0,33.2,31.1,4.3,6.6,1.4,0.8,0.553,0.386,0.879,11.6,-0.20000000000000018,LOW
Los Angeles Lakers at Oklahoma City Thunder,BetOnline.ag,player_rebounds,luguentz dort,Over,2.5,-156,2026-05-06T23:34:01Z,OKC,69.0,26.8,8.3,3.6,1.2,0.9,0.4,0.385,0.344,0.759,4.3,1.1,LOW
Los Angeles Lakers at Oklahoma City Thunder,BetOnline.ag,player_rebounds,luguentz dort,Under,2.5,121,2026-05-06T23:34:01Z,OKC,69.0,26.8,8.3,3.6,1.2,0.9,0.4,0.385,0.344,0.759,4.3,1.1,LOW
Los Angeles Lakers at Oklahoma City Thunder,BetOnline.ag,player_rebounds,chet holmgren,Over,8.5,-125,2026-05-06T23:34:01Z,OKC,69.0,28.9,17.1,8.9,1.7,0.6,1.9,0.557,0.362,0.792,9.8,0.40000000000000036,LOW
Los Angeles Lakers at Oklahoma City Thunder,BetOnline.ag,player_rebounds,chet holmgren,Under,8.5,-103,2026-05-06T23:34:01Z,OKC,69.0,28.9,17.1,8.9,1.7,0.6,1.9,0.557,0.362,0.792,9.8,0.40000000000000036,LOW
Los Angeles Lakers at Oklahoma City Thunder,BetOnline.ag,player_rebounds,rui hachimura,Over,3.5,-125,2026-05-06T23:34:01Z,LAL,68.0,28.3,11.5,3.3,0.8,0.6,0.3,0.514,0.443,0.694,1.2,-0.20000000000000018,LOW
Los Angeles Lakers at Oklahoma City Thunder,BetOnline.ag,player_rebounds,rui hachimura,Under,3.5,-103,2026-05-06T23:34:01Z,LAL,68.0,28.3,11.5,3.3,0.8,0.6,0.3,0.514,0.443,0.694,1.2,-0.20000000000000018,LOW
Los Angeles Lakers at Oklahoma City Thunder,BetOnline.ag,player_rebounds,luke kennard,Over,2.5,-154,2026-05-06T23:34:01Z,LAL,78.0,21.5,8.4,2.3,2.2,0.7,0.1,0.533,0.478,0.913,0.5,-0.20000000000000018,LOW
Los Angeles Lakers at Oklahoma City Thunder,BetOnline.ag,player_rebounds,luke kennard,Under,2.5,119,2026-05-06T23:34:01Z,LAL,78.0,21.5,8.4,2.3,2.2,0.7,0.1,0.533,0.478,0.913,0.5,-0.20000000000000018,LOW
Los Angeles Lakers at Oklahoma City Thunder,BetOnline.ag,player_rebounds,ajay mitchell,Over,3.5,-102,2026-05-06T23:34:01Z,OKC,57.0,25.8,13.6,3.3,3.6,1.2,0.3,0.485,0.347,0.87,8.8,-0.20000000000000018,LOW
Los Angeles Lakers at Oklahoma City Thunder,BetOnline.ag,player_rebounds,ajay mitchell,Under,3.5,-127,2026-05-06T23:34:01Z,OKC,57.0,25.8,13.6,3.3,3.6,1.2,0.3,0.485,0.347,0.87,8.8,-0.20000000000000018,LOW
Los Angeles Lakers at Oklahoma City Thunder,BetOnline.ag,player_rebounds,isaiah hartenstein,Over,8.5,112,2026-05-06T23:34:01Z,OKC,47.0,24.2,9.2,9.4,3.5,1.0,0.8,0.622,0.0,0.61,7.8,0.9000000000000004,LOW
Los Angeles Lakers at Oklahoma City Thunder,BetOnline.ag,player_rebounds,isaiah hartenstein,Under,8.5,-145,2026-05-06T23:34:01Z,OKC,47.0,24.2,9.2,9.4,3.5,1.0,0.8,0.622,0.0,0.61,7.8,0.9000000000000004,LOW
Los Angeles Lakers at Oklahoma City Thunder,BetOnline.ag,player_rebounds,deandre ayton,Over,8.5,-122,2026-05-06T23:34:01Z,LAL,72.0,27.2,12.5,8.0,0.8,0.6,1.0,0.671,0.0,0.645,-0.1,-0.5,LOW
Los Angeles Lakers at Oklahoma City Thunder,BetOnline.ag,player_rebounds,deandre ayton,Under,8.5,-106,2026-05-06T23:34:01Z,LAL,72.0,27.2,12.5,8.0,0.8,0.6,1.0,0.671,0.0,0.645,-0.1,-0.5,LOW
Los Angeles Lakers at Oklahoma City Thunder,BetOnline.ag,player_rebounds,isaiah joe,Over,1.5,-133,2026-05-06T23:34:01Z,OKC,71.0,21.2,11.1,2.5,1.3,0.7,0.2,0.455,0.423,0.894,5.0,1.0,LOW
Los Angeles Lakers at Oklahoma City Thunder,BetOnline.ag,player_rebounds,isaiah joe,Under,1.5,103,2026-05-06T23:34:01Z,OKC,71.0,21.2,11.1,2.5,1.3,0.7,0.2,0.455,0.423,0.894,5.0,1.0,LOW
Los Angeles Lakers at Oklahoma City Thunder,BetOnline.ag,player_rebounds,cason wallace,Over,2.5,-119,2026-05-06T23:34:01Z,OKC,77.0,26.6,8.6,3.1,2.6,1.9,0.4,0.432,0.351,0.809,6.9,0.6000000000000001,LOW
Los Angeles Lakers at Oklahoma City Thunder,BetOnline.ag,player_rebounds,cason wallace,Under,2.5,-109,2026-05-06T23:34:01Z,OKC,77.0,26.6,8.6,3.1,2.6,1.9,0.4,0.432,0.351,0.809,6.9,0.6000000000000001,LOW
Los Angeles Lakers at Oklahoma City Thunder,BetOnline.ag,player_rebounds,marcus smart,Over,3.5,130,2026-05-06T23:34:01Z,LAL,62.0,28.5,9.3,2.8,3.0,1.4,0.4,0.395,0.331,0.822,4.1,-0.7000000000000002,LOW
Los Angeles Lakers at Oklahoma City Thunder,BetOnline.ag,player_rebounds,marcus smart,Under,3.5,-169,2026-05-06T23:34:01Z,LAL,62.0,28.5,9.3,2.8,3.0,1.4,0.4,0.395,0.331,0.822,4.1,-0.7000000000000002,LOW
Los Angeles Lakers at Oklahoma City Thunder,BetOnline.ag,player_threes,alex caruso,Over,1.5,152,2026-05-06T23:34:01Z,OKC,56.0,18.2,6.2,2.8,2.0,1.3,0.3,0.423,0.293,0.804,6.8,0.0,LOW
Los Angeles Lakers at Oklahoma City Thunder,BetOnline.ag,player_threes,alex caruso,Under,1.5,-200,2026-05-06T23:34:01Z,OKC,56.0,18.2,6.2,2.8,2.0,1.3,0.3,0.423,0.293,0.804,6.8,0.0,LOW
Los Angeles Lakers at Oklahoma City Thunder,BetOnline.ag,player_threes,lebron james,Over,1.5,128,2026-05-06T23:34:01Z,LAL,60.0,33.2,20.9,6.1,7.2,1.2,0.6,0.515,0.317,0.737,2.0,0.0,LOW
Los Angeles Lakers at Oklahoma City Thunder,BetOnline.ag,player_threes,lebron james,Under,1.5,-167,2026-05-06T23:34:01Z,LAL,60.0,33.2,20.9,6.1,7.2,1.2,0.6,0.515,0.317,0.737,2.0,0.0,LOW
Los Angeles Lakers at Oklahoma City Thunder,BetOnline.ag,player_threes,luguentz dort,Over,1.5,-139,2026-05-06T23:34:01Z,OKC,69.0,26.8,8.3,3.6,1.2,0.9,0.4,0.385,0.344,0.759,4.3,0.0,LOW
Los Angeles Lakers at Oklahoma City Thunder,BetOnline.ag,player_threes,luguentz dort,Under,1.5,107,2026-05-06T23:34:01Z,OKC,69.0,26.8,8.3,3.6,1.2,0.9,0.4,0.385,0.344,0.759,4.3,0.0,LOW
Los Angeles Lakers at Oklahoma City Thunder,BetOnline.ag,player_threes,shai gilgeous-alexander,Over,1.5,-108,2026-05-06T23:34:01Z,OKC,68.0,33.2,31.1,4.3,6.6,1.4,0.8,0.553,0.386,0.879,11.6,0.0,LOW
Los Angeles Lakers at Oklahoma City Thunder,BetOnline.ag,player_threes,shai gilgeous-alexander,Under,1.5,-120,2026-05-06T23:34:01Z,OKC,68.0,33.2,31.1,4.3,6.6,1.4,0.8,0.553,0.386,0.879,11.6,0.0,LOW
Los Angeles Lakers at Oklahoma City Thunder,BetOnline.ag,player_threes,austin reaves,Over,1.5,-167,2026-05-06T23:34:01Z,LAL,51.0,34.5,23.3,4.7,5.5,1.1,0.4,0.49,0.36,0.871,3.6,0.0,LOW
Los Angeles Lakers at Oklahoma City Thunder,BetOnline.ag,player_threes,austin reaves,Under,1.5,128,2026-05-06T23:34:01Z,LAL,51.0,34.5,23.3,4.7,5.5,1.1,0.4,0.49,0.36,0.871,3.6,0.0,LOW
Los Angeles Lakers at Oklahoma City Thunder,BetOnline.ag,player_threes,isaiah joe,Over,1.5,-120,2026-05-06T23:34:01Z,OKC,71.0,21.2,11.1,2.5,1.3,0.7,0.2,0.455,0.423,0.894,5.0,0.0,LOW
Los Angeles Lakers at Oklahoma City Thunder,BetOnline.ag,player_threes,isaiah joe,Under,1.5,-108,2026-05-06T23:34:01Z,OKC,71.0,21.2,11.1,2.5,1.3,0.7,0.2,0.455,0.423,0.894,5.0,0.0,LOW
Los Angeles Lakers at Oklahoma City Thunder,BetOnline.ag,player_threes,chet holmgren,Over,1.5,126,2026-05-06T23:34:01Z,OKC,69.0,28.9,17.1,8.9,1.7,0.6,1.9,0.557,0.362,0.792,9.8,0.0,LOW
Los Angeles Lakers at Oklahoma City Thunder,BetOnline.ag,player_threes,chet holmgren,Under,1.5,-164,2026-05-06T23:34:01Z,OKC,69.0,28.9,17.1,8.9,1.7,0.6,1.9,0.557,0.362,0.792,9.8,0.0,LOW
Los Angeles Lakers at Oklahoma City Thunder,BetOnline.ag,player_threes,cason wallace,Over,1.5,158,2026-05-06T23:34:01Z,OKC,77.0,26.6,8.6,3.1,2.6,1.9,0.4,0.432,0.351,0.809,6.9,0.0,LOW
Los Angeles Lakers at Oklahoma City Thunder,BetOnline.ag,player_threes,cason wallace,Under,1.5,-208,2026-05-06T23:34:01Z,OKC,77.0,26.6,8.6,3.1,2.6,1.9,0.4,0.432,0.351,0.809,6.9,0.0,LOW
Los Angeles Lakers at Oklahoma City Thunder,BetOnline.ag,player_threes,rui hachimura,Over,1.5,-167,2026-05-06T23:34:01Z,LAL,68.0,28.3,11.5,3.3,0.8,0.6,0.3,0.514,0.443,0.694,1.2,0.0,LOW
Los Angeles Lakers at Oklahoma City Thunder,BetOnline.ag,player_threes,rui hachimura,Under,1.5,128,2026-05-06T23:34:01Z,LAL,68.0,28.3,11.5,3.3,0.8,0.6,0.3,0.514,0.443,0.694,1.2,0.0,LOW
Los Angeles Lakers at Oklahoma City Thunder,BetOnline.ag,player_threes,ajay mitchell,Over,1.5,107,2026-05-06T23:34:01Z,OKC,57.0,25.8,13.6,3.3,3.6,1.2,0.3,0.485,0.347,0.87,8.8,0.0,LOW
Los Angeles Lakers at Oklahoma City Thunder,BetOnline.ag,player_threes,ajay mitchell,Under,1.5,-139,2026-05-06T23:34:01Z,OKC,57.0,25.8,13.6,3.3,3.6,1.2,0.3,0.485,0.347,0.87,8.8,0.0,LOW
Los Angeles Lakers at Oklahoma City Thunder,BetOnline.ag,player_threes,marcus smart,Over,1.5,-145,2026-05-06T23:34:01Z,LAL,62.0,28.5,9.3,2.8,3.0,1.4,0.4,0.395,0.331,0.822,4.1,0.0,LOW
Los Angeles Lakers at Oklahoma City Thunder,BetOnline.ag,player_threes,marcus smart,Under,1.5,112,2026-05-06T23:34:01Z,LAL,62.0,28.5,9.3,2.8,3.0,1.4,0.4,0.395,0.331,0.822,4.1,0.0,LOW
Los Angeles Lakers at Oklahoma City Thunder,BetOnline.ag,player_threes,luke kennard,Over,1.5,139,2026-05-06T23:34:01Z,LAL,78.0,21.5,8.4,2.3,2.2,0.7,0.1,0.533,0.478,0.913,0.5,0.0,LOW
Los Angeles Lakers at Oklahoma City Thunder,BetOnline.ag,player_threes,luke kennard,Under,1.5,-182,2026-05-06T23:34:01Z,LAL,78.0,21.5,8.4,2.3,2.2,0.7,0.1,0.533,0.478,0.913,0.5,0.0,LOW
Los Angeles Lakers at Oklahoma City Thunder,Bovada,player_assists,ajay mitchell,Over,3.5,-135,2026-05-06T23:33:08Z,OKC,57.0,25.8,13.6,3.3,3.6,1.2,0.3,0.485,0.347,0.87,8.8,0.10000000000000009,LOW
Los Angeles Lakers at Oklahoma City Thunder,Bovada,player_assists,ajay mitchell,Under,3.5,105,2026-05-06T23:33:08Z,OKC,57.0,25.8,13.6,3.3,3.6,1.2,0.3,0.485,0.347,0.87,8.8,0.10000000000000009,LOW
Los Angeles Lakers at Oklahoma City Thunder,Bovada,player_assists,ajay mitchell,Over,4.5,155,2026-05-06T23:33:08Z,OKC,57.0,25.8,13.6,3.3,3.6,1.2,0.3,0.485,0.347,0.87,8.8,-0.8999999999999999,LOW
Los Angeles Lakers at Oklahoma City Thunder,Bovada,player_assists,ajay mitchell,Under,4.5,-210,2026-05-06T23:33:08Z,OKC,57.0,25.8,13.6,3.3,3.6,1.2,0.3,0.485,0.347,0.87,8.8,-0.8999999999999999,LOW
Los Angeles Lakers at Oklahoma City Thunder,Bovada,player_assists,austin reaves,Over,4.5,-170,2026-05-06T23:33:08Z,LAL,51.0,34.5,23.3,4.7,5.5,1.1,0.4,0.49,0.36,0.871,3.6,1.0,LOW
Los Angeles Lakers at Oklahoma City Thunder,Bovada,player_assists,austin reaves,Under,4.5,130,2026-05-06T23:33:08Z,LAL,51.0,34.5,23.3,4.7,5.5,1.1,0.4,0.49,0.36,0.871,3.6,1.0,LOW
Los Angeles Lakers at Oklahoma City Thunder,Bovada,player_assists,austin reaves,Over,5.5,115,2026-05-06T23:33:08Z,LAL,51.0,34.5,23.3,4.7,5.5,1.1,0.4,0.49,0.36,0.871,3.6,0.0,LOW
Los Angeles Lakers at Oklahoma City Thunder,Bovada,player_assists,austin reaves,Under,5.5,-150,2026-05-06T23:33:08Z,LAL,51.0,34.5,23.3,4.7,5.5,1.1,0.4,0.49,0.36,0.871,3.6,0.0,LOW
Los Angeles Lakers at Oklahoma City Thunder,Bovada,player_assists,chet holmgren,Over,1.5,120,2026-05-06T23:33:08Z,OKC,69.0,28.9,17.1,8.9,1.7,0.6,1.9,0.557,0.362,0.792,9.8,0.19999999999999996,LOW
Los Angeles Lakers at Oklahoma City Thunder,Bovada,player_assists,chet holmgren,Under,1.5,-160,2026-05-06T23:33:08Z,OKC,69.0,28.9,17.1,8.9,1.7,0.6,1.9,0.557,0.362,0.792,9.8,0.19999999999999996,LOW
Los Angeles Lakers at Oklahoma City Thunder,Bovada,player_assists,deandre ayton,Over,0.5,-135,2026-05-06T23:33:08Z,LAL,72.0,27.2,12.5,8.0,0.8,0.6,1.0,0.671,0.0,0.645,-0.1,0.30000000000000004,LOW
Los Angeles Lakers at Oklahoma City Thunder,Bovada,player_assists,deandre ayton,Under,0.5,105,2026-05-06T23:33:08Z,LAL,72.0,27.2,12.5,8.0,0.8,0.6,1.0,0.671,0.0,0.645,-0.1,0.30000000000000004,LOW
Los Angeles Lakers at Oklahoma City Thunder,Bovada,player_assists,isaiah hartenstein,Over,2.5,-165,2026-05-06T23:33:08Z,OKC,47.0,24.2,9.2,9.4,3.5,1.0,0.8,0.622,0.0,0.61,7.8,1.0,LOW
Los Angeles Lakers at Oklahoma City Thunder,Bovada,player_assists,isaiah hartenstein,Under,2.5,125,2026-05-06T23:33:08Z,OKC,47.0,24.2,9.2,9.4,3.5,1.0,0.8,0.622,0.0,0.61,7.8,1.0,LOW
Los Angeles Lakers at Oklahoma City Thunder,Bovada,player_assists,isaiah hartenstein,Over,3.5,145,2026-05-06T23:33:08Z,OKC,47.0,24.2,9.2,9.4,3.5,1.0,0.8,0.622,0.0,0.61,7.8,0.0,LOW
Los Angeles Lakers at Oklahoma City Thunder,Bovada,player_assists,isaiah hartenstein,Under,3.5,-190,2026-05-06T23:33:08Z,OKC,47.0,24.2,9.2,9.4,3.5,1.0,0.8,0.622,0.0,0.61,7.8,0.0,LOW
Los Angeles Lakers at Oklahoma City Thunder,Bovada,player_assists,lebron james,Over,6.5,-215,2026-05-06T23:33:08Z,LAL,60.0,33.2,20.9,6.1,7.2,1.2,0.6,0.515,0.317,0.737,2.0,0.7000000000000002,LOW
Los Angeles Lakers at Oklahoma City Thunder,Bovada,player_assists,lebron james,Under,6.5,160,2026-05-06T23:33:08Z,LAL,60.0,33.2,20.9,6.1,7.2,1.2,0.6,0.515,0.317,0.737,2.0,0.7000000000000002,LOW
Los Angeles Lakers at Oklahoma City Thunder,Bovada,player_assists,lebron james,Over,7.5,-120,2026-05-06T23:33:08Z,LAL,60.0,33.2,20.9,6.1,7.2,1.2,0.6,0.515,0.317,0.737,2.0,-0.2999999999999998,LOW
Los Angeles Lakers at Oklahoma City Thunder,Bovada,player_assists,lebron james,Under,7.5,-110,2026-05-06T23:33:08Z,LAL,60.0,33.2,20.9,6.1,7.2,1.2,0.6,0.515,0.317,0.737,2.0,-0.2999999999999998,LOW
Los Angeles Lakers at Oklahoma City Thunder,Bovada,player_assists,lebron james,Over,8.5,145,2026-05-06T23:33:08Z,LAL,60.0,33.2,20.9,6.1,7.2,1.2,0.6,0.515,0.317,0.737,2.0,-1.2999999999999998,LOW
Los Angeles Lakers at Oklahoma City Thunder,Bovada,player_assists,lebron james,Under,8.5,-190,2026-05-06T23:33:08Z,LAL,60.0,33.2,20.9,6.1,7.2,1.2,0.6,0.515,0.317,0.737,2.0,-1.2999999999999998,LOW
Los Angeles Lakers at Oklahoma City Thunder,Bovada,player_assists,luguentz dort,Over,0.5,-250,2026-05-06T23:33:08Z,OKC,69.0,26.8,8.3,3.6,1.2,0.9,0.4,0.385,0.344,0.759,4.3,0.7,LOW
Los Angeles Lakers at Oklahoma City Thunder,Bovada,player_assists,luguentz dort,Under,0.5,185,2026-05-06T23:33:08Z,OKC,69.0,26.8,8.3,3.6,1.2,0.9,0.4,0.385,0.344,0.759,4.3,0.7,LOW
Los Angeles Lakers at Oklahoma City Thunder,Bovada,player_assists,luguentz dort,Over,1.5,180,2026-05-06T23:33:08Z,OKC,69.0,26.8,8.3,3.6,1.2,0.9,0.4,0.385,0.344,0.759,4.3,-0.30000000000000004,LOW
Los Angeles Lakers at Oklahoma City Thunder,Bovada,player_assists,luguentz dort,Under,1.5,-245,2026-05-06T23:33:08Z,OKC,69.0,26.8,8.3,3.6,1.2,0.9,0.4,0.385,0.344,0.759,4.3,-0.30000000000000004,LOW
Los Angeles Lakers at Oklahoma City Thunder,Bovada,player_assists,marcus smart,Over,3.5,-125,2026-05-06T23:33:08Z,LAL,62.0,28.5,9.3,2.8,3.0,1.4,0.4,0.395,0.331,0.822,4.1,-0.5,LOW
Los Angeles Lakers at Oklahoma City Thunder,Bovada,player_assists,marcus smart,Under,3.5,-105,2026-05-06T23:33:08Z,LAL,62.0,28.5,9.3,2.8,3.0,1.4,0.4,0.395,0.331,0.822,4.1,-0.5,LOW
Los Angeles Lakers at Oklahoma City Thunder,Bovada,player_assists,marcus smart,Over,4.5,170,2026-05-06T23:33:08Z,LAL,62.0,28.5,9.3,2.8,3.0,1.4,0.4,0.395,0.331,0.822,4.1,-1.5,LOW
Los Angeles Lakers at Oklahoma City Thunder,Bovada,player_assists,marcus smart,Under,4.5,-230,2026-05-06T23:33:08Z,LAL,62.0,28.5,9.3,2.8,3.0,1.4,0.4,0.395,0.331,0.822,4.1,-1.5,LOW
Los Angeles Lakers at Oklahoma City Thunder,Bovada,player_assists,rui hachimura,Over,0.5,-180,2026-05-06T23:33:08Z,LAL,68.0,28.3,11.5,3.3,0.8,0.6,0.3,0.514,0.443,0.694,1.2,0.30000000000000004,LOW
Los Angeles Lakers at Oklahoma City Thunder,Bovada,player_assists,rui hachimura,Under,0.5,135,2026-05-06T23:33:08Z,LAL,68.0,28.3,11.5,3.3,0.8,0.6,0.3,0.514,0.443,0.694,1.2,0.30000000000000004,LOW
Los Angeles Lakers at Oklahoma City Thunder,Bovada,player_assists,shai gilgeous-alexander,Over,6.5,-160,2026-05-06T23:33:08Z,OKC,68.0,33.2,31.1,4.3,6.6,1.4,0.8,0.553,0.386,0.879,11.6,0.09999999999999964,LOW
Los Angeles Lakers at Oklahoma City Thunder,Bovada,player_assists,shai gilgeous-alexander,Under,6.5,120,2026-05-06T23:33:08Z,OKC,68.0,33.2,31.1,4.3,6.6,1.4,0.8,0.553,0.386,0.879,11.6,0.09999999999999964,LOW
Los Angeles Lakers at Oklahoma City Thunder,Bovada,player_assists,shai gilgeous-alexander,Over,7.5,115,2026-05-06T23:33:08Z,OKC,68.0,33.2,31.1,4.3,6.6,1.4,0.8,0.553,0.386,0.879,11.6,-0.9000000000000004,LOW
Los Angeles Lakers at Oklahoma City Thunder,Bovada,player_assists,shai gilgeous-alexander,Under,7.5,-150,2026-05-06T23:33:08Z,OKC,68.0,33.2,31.1,4.3,6.6,1.4,0.8,0.553,0.386,0.879,11.6,-0.9000000000000004,LOW
Los Angeles Lakers at Oklahoma City Thunder,Bovada,player_assists,shai gilgeous-alexander,Over,8.5,200,2026-05-06T23:33:08Z,OKC,68.0,33.2,31.1,4.3,6.6,1.4,0.8,0.553,0.386,0.879,11.6,-1.9000000000000004,LOW
Los Angeles Lakers at Oklahoma City Thunder,Bovada,player_assists,shai gilgeous-alexander,Under,8.5,-275,2026-05-06T23:33:08Z,OKC,68.0,33.2,31.1,4.3,6.6,1.4,0.8,0.553,0.386,0.879,11.6,-1.9000000000000004,LOW
Los Angeles Lakers at Oklahoma City Thunder,Bovada,player_points,ajay mitchell,Over,13.5,-245,2026-05-06T23:33:08Z,OKC,57.0,25.8,13.6,3.3,3.6,1.2,0.3,0.485,0.347,0.87,8.8,0.09999999999999964,LOW
Los Angeles Lakers at Oklahoma City Thunder,Bovada,player_points,ajay mitchell,Under,13.5,180,2026-05-06T23:33:08Z,OKC,57.0,25.8,13.6,3.3,3.6,1.2,0.3,0.485,0.347,0.87,8.8,0.09999999999999964,LOW
Los Angeles Lakers at Oklahoma City Thunder,Bovada,player_points,ajay mitchell,Over,14.5,-185,2026-05-06T23:33:08Z,OKC,57.0,25.8,13.6,3.3,3.6,1.2,0.3,0.485,0.347,0.87,8.8,-0.9000000000000004,LOW
Los Angeles Lakers at Oklahoma City Thunder,Bovada,player_points,ajay mitchell,Under,14.5,140,2026-05-06T23:33:08Z,OKC,57.0,25.8,13.6,3.3,3.6,1.2,0.3,0.485,0.347,0.87,8.8,-0.9000000000000004,LOW
Los Angeles Lakers at Oklahoma City Thunder,Bovada,player_points,ajay mitchell,Over,15.5,-145,2026-05-06T23:33:08Z,OKC,57.0,25.8,13.6,3.3,3.6,1.2,0.3,0.485,0.347,0.87,8.8,-1.9000000000000004,LOW
Los Angeles Lakers at Oklahoma City Thunder,Bovada,player_points,ajay mitchell,Under,15.5,110,2026-05-06T23:33:08Z,OKC,57.0,25.8,13.6,3.3,3.6,1.2,0.3,0.485,0.347,0.87,8.8,-1.9000000000000004,LOW
Los Angeles Lakers at Oklahoma City Thunder,Bovada,player_points,ajay mitchell,Over,16.5,-110,2026-05-06T23:33:08Z,OKC,57.0,25.8,13.6,3.3,3.6,1.2,0.3,0.485,0.347,0.87,8.8,-2.9000000000000004,LOW
Los Angeles Lakers at Oklahoma City Thunder,Bovada,player_points,ajay mitchell,Under,16.5,-120,2026-05-06T23:33:08Z,OKC,57.0,25.8,13.6,3.3,3.6,1.2,0.3,0.485,0.347,0.87,8.8,-2.9000000000000004,LOW
Los Angeles Lakers at Oklahoma City Thunder,Bovada,player_points,ajay mitchell,Over,17.5,115,2026-05-06T23:33:08Z,OKC,57.0,25.8,13.6,3.3,3.6,1.2,0.3,0.485,0.347,0.87,8.8,-3.9000000000000004,LOW
Los Angeles Lakers at Oklahoma City Thunder,Bovada,player_points,ajay mitchell,Under,17.5,-150,2026-05-06T23:33:08Z,OKC,57.0,25.8,13.6,3.3,3.6,1.2,0.3,0.485,0.347,0.87,8.8,-3.9000000000000004,LOW
Los Angeles Lakers at Oklahoma City Thunder,Bovada,player_points,ajay mitchell,Over,18.5,145,2026-05-06T23:33:08Z,OKC,57.0,25.8,13.6,3.3,3.6,1.2,0.3,0.485,0.347,0.87,8.8,-4.9,LOW
Los Angeles Lakers at Oklahoma City Thunder,Bovada,player_points,ajay mitchell,Under,18.5,-190,2026-05-06T23:33:08Z,OKC,57.0,25.8,13.6,3.3,3.6,1.2,0.3,0.485,0.347,0.87,8.8,-4.9,LOW
Los Angeles Lakers at Oklahoma City Thunder,Bovada,player_points,ajay mitchell,Over,19.5,180,2026-05-06T23:33:08Z,OKC,57.0,25.8,13.6,3.3,3.6,1.2,0.3,0.485,0.347,0.87,8.8,-5.9,LOW
Los Angeles Lakers at Oklahoma City Thunder,Bovada,player_points,ajay mitchell,Under,19.5,-245,2026-05-06T23:33:08Z,OKC,57.0,25.8,13.6,3.3,3.6,1.2,0.3,0.485,0.347,0.87,8.8,-5.9,LOW
Los Angeles Lakers at Oklahoma City Thunder,Bovada,player_points,alex caruso,Over,4.5,-275,2026-05-06T23:33:08Z,OKC,56.0,18.2,6.2,2.8,2.0,1.3,0.3,0.423,0.293,0.804,6.8,1.7000000000000002,LOW
Los Angeles Lakers at Oklahoma City Thunder,Bovada,player_points,alex caruso,Under,4.5,200,2026-05-06T23:33:08Z,OKC,56.0,18.2,6.2,2.8,2.0,1.3,0.3,0.423,0.293,0.804,6.8,1.7000000000000002,LOW
Los Angeles Lakers at Oklahoma City Thunder,Bovada,player_points,alex caruso,Over,5.5,-170,2026-05-06T23:33:08Z,OKC,56.0,18.2,6.2,2.8,2.0,1.3,0.3,0.423,0.293,0.804,6.8,0.7000000000000002,LOW
Los Angeles Lakers at Oklahoma City Thunder,Bovada,player_points,alex caruso,Under,5.5,130,2026-05-06T23:33:08Z,OKC,56.0,18.2,6.2,2.8,2.0,1.3,0.3,0.423,0.293,0.804,6.8,0.7000000000000002,LOW
Los Angeles Lakers at Oklahoma City Thunder,Bovada,player_points,alex caruso,Over,6.5,-115,2026-05-06T23:33:08Z,OKC,56.0,18.2,6.2,2.8,2.0,1.3,0.3,0.423,0.293,0.804,6.8,-0.2999999999999998,LOW
Los Angeles Lakers at Oklahoma City Thunder,Bovada,player_points,alex caruso,Under,6.5,-115,2026-05-06T23:33:08Z,OKC,56.0,18.2,6.2,2.8,2.0,1.3,0.3,0.423,0.293,0.804,6.8,-0.2999999999999998,LOW
Los Angeles Lakers at Oklahoma City Thunder,Bovada,player_points,alex caruso,Over,7.5,125,2026-05-06T23:33:08Z,OKC,56.0,18.2,6.2,2.8,2.0,1.3,0.3,0.423,0.293,0.804,6.8,-1.2999999999999998,LOW
Los Angeles Lakers at Oklahoma City Thunder,Bovada,player_points,alex caruso,Under,7.5,-165,2026-05-06T23:33:08Z,OKC,56.0,18.2,6.2,2.8,2.0,1.3,0.3,0.423,0.293,0.804,6.8,-1.2999999999999998,LOW
Los Angeles Lakers at Oklahoma City Thunder,Bovada,player_points,alex caruso,Over,8.5,170,2026-05-06T23:33:08Z,OKC,56.0,18.2,6.2,2.8,2.0,1.3,0.3,0.423,0.293,0.804,6.8,-2.3,LOW
Los Angeles Lakers at Oklahoma City Thunder,Bovada,player_points,alex caruso,Under,8.5,-230,2026-05-06T23:33:08Z,OKC,56.0,18.2,6.2,2.8,2.0,1.3,0.3,0.423,0.293,0.804,6.8,-2.3,LOW
Los Angeles Lakers at Oklahoma City Thunder,Bovada,player_points,austin reaves,Over,15.5,-250,2026-05-06T23:33:08Z,LAL,51.0,34.5,23.3,4.7,5.5,1.1,0.4,0.49,0.36,0.871,3.6,7.800000000000001,HIGH
Los Angeles Lakers at Oklahoma City Thunder,Bovada,player_points,austin reaves,Under,15.5,185,2026-05-06T23:33:08Z,LAL,51.0,34.5,23.3,4.7,5.5,1.1,0.4,0.49,0.36,0.871,3.6,7.800000000000001,HIGH
Los Angeles Lakers at Oklahoma City Thunder,Bovada,player_points,austin reaves,Over,16.5,-190,2026-05-06T23:33:08Z,LAL,51.0,34.5,23.3,4.7,5.5,1.1,0.4,0.49,0.36,0.871,3.6,6.800000000000001,HIGH
Los Angeles Lakers at Oklahoma City Thunder,Bovada,player_points,austin reaves,Under,16.5,145,2026-05-06T23:33:08Z,LAL,51.0,34.5,23.3,4.7,5.5,1.1,0.4,0.49,0.36,0.871,3.6,6.800000000000001,HIGH
Los Angeles Lakers at Oklahoma City Thunder,Bovada,player_points,austin reaves,Over,17.5,-150,2026-05-06T23:33:08Z,LAL,51.0,34.5,23.3,4.7,5.5,1.1,0.4,0.49,0.36,0.871,3.6,5.800000000000001,HIGH
Los Angeles Lakers at Oklahoma City Thunder,Bovada,player_points,austin reaves,Under,17.5,115,2026-05-06T23:33:08Z,LAL,51.0,34.5,23.3,4.7,5.5,1.1,0.4,0.49,0.36,0.871,3.6,5.800000000000001,HIGH
Los Angeles Lakers at Oklahoma City Thunder,Bovada,player_points,austin reaves,Over,18.5,-120,2026-05-06T23:33:08Z,LAL,51.0,34.5,23.3,4.7,5.5,1.1,0.4,0.49,0.36,0.871,3.6,4.800000000000001,HIGH
Los Angeles Lakers at Oklahoma City Thunder,Bovada,player_points,austin reaves,Under,18.5,-110,2026-05-06T23:33:08Z,LAL,51.0,34.5,23.3,4.7,5.5,1.1,0.4,0.49,0.36,0.871,3.6,4.800000000000001,HIGH
Los Angeles Lakers at Oklahoma City Thunder,Bovada,player_points,austin reaves,Over,19.5,105,2026-05-06T23:33:08Z,LAL,51.0,34.5,23.3,4.7,5.5,1.1,0.4,0.49,0.36,0.871,3.6,3.8000000000000007,MEDIUM
Los Angeles Lakers at Oklahoma City Thunder,Bovada,player_points,austin reaves,Under,19.5,-135,2026-05-06T23:33:08Z,LAL,51.0,34.5,23.3,4.7,5.5,1.1,0.4,0.49,0.36,0.871,3.6,3.8000000000000007,MEDIUM
Los Angeles Lakers at Oklahoma City Thunder,Bovada,player_points,austin reaves,Over,20.5,130,2026-05-06T23:33:08Z,LAL,51.0,34.5,23.3,4.7,5.5,1.1,0.4,0.49,0.36,0.871,3.6,2.8000000000000007,MEDIUM
Los Angeles Lakers at Oklahoma City Thunder,Bovada,player_points,austin reaves,Under,20.5,-170,2026-05-06T23:33:08Z,LAL,51.0,34.5,23.3,4.7,5.5,1.1,0.4,0.49,0.36,0.871,3.6,2.8000000000000007,MEDIUM
Los Angeles Lakers at Oklahoma City Thunder,Bovada,player_points,austin reaves,Over,21.5,160,2026-05-06T23:33:08Z,LAL,51.0,34.5,23.3,4.7,5.5,1.1,0.4,0.49,0.36,0.871,3.6,1.8000000000000007,LOW
Los Angeles Lakers at Oklahoma City Thunder,Bovada,player_points,austin reaves,Under,21.5,-215,2026-05-06T23:33:08Z,LAL,51.0,34.5,23.3,4.7,5.5,1.1,0.4,0.49,0.36,0.871,3.6,1.8000000000000007,LOW
Los Angeles Lakers at Oklahoma City Thunder,Bovada,player_points,austin reaves,Over,22.5,200,2026-05-06T23:33:08Z,LAL,51.0,34.5,23.3,4.7,5.5,1.1,0.4,0.49,0.36,0.871,3.6,0.8000000000000007,LOW
Los Angeles Lakers at Oklahoma City Thunder,Bovada,player_points,austin reaves,Under,22.5,-275,2026-05-06T23:33:08Z,LAL,51.0,34.5,23.3,4.7,5.5,1.1,0.4,0.49,0.36,0.871,3.6,0.8000000000000007,LOW
Los Angeles Lakers at Oklahoma City Thunder,Bovada,player_points,cason wallace,Over,5.5,-180,2026-05-06T23:33:08Z,OKC,77.0,26.6,8.6,3.1,2.6,1.9,0.4,0.432,0.351,0.809,6.9,3.0999999999999996,MEDIUM
Los Angeles Lakers at Oklahoma City Thunder,Bovada,player_points,cason wallace,Under,5.5,135,2026-05-06T23:33:08Z,OKC,77.0,26.6,8.6,3.1,2.6,1.9,0.4,0.432,0.351,0.809,6.9,3.0999999999999996,MEDIUM
Los Angeles Lakers at Oklahoma City Thunder,Bovada,player_points,cason wallace,Over,6.5,-120,2026-05-06T23:33:08Z,OKC,77.0,26.6,8.6,3.1,2.6,1.9,0.4,0.432,0.351,0.809,6.9,2.0999999999999996,MEDIUM
Los Angeles Lakers at Oklahoma City Thunder,Bovada,player_points,cason wallace,Under,6.5,-110,2026-05-06T23:33:08Z,OKC,77.0,26.6,8.6,3.1,2.6,1.9,0.4,0.432,0.351,0.809,6.9,2.0999999999999996,MEDIUM
Los Angeles Lakers at Oklahoma City Thunder,Bovada,player_points,cason wallace,Over,7.5,120,2026-05-06T23:33:08Z,OKC,77.0,26.6,8.6,3.1,2.6,1.9,0.4,0.432,0.351,0.809,6.9,1.0999999999999996,LOW
Los Angeles Lakers at Oklahoma City Thunder,Bovada,player_points,cason wallace,Under,7.5,-160,2026-05-06T23:33:08Z,OKC,77.0,26.6,8.6,3.1,2.6,1.9,0.4,0.432,0.351,0.809,6.9,1.0999999999999996,LOW
Los Angeles Lakers at Oklahoma City Thunder,Bovada,player_points,cason wallace,Over,8.5,165,2026-05-06T23:33:08Z,OKC,77.0,26.6,8.6,3.1,2.6,1.9,0.4,0.432,0.351,0.809,6.9,0.09999999999999964,LOW
Los Angeles Lakers at Oklahoma City Thunder,Bovada,player_points,cason wallace,Under,8.5,-220,2026-05-06T23:33:08Z,OKC,77.0,26.6,8.6,3.1,2.6,1.9,0.4,0.432,0.351,0.809,6.9,0.09999999999999964,LOW
Los Angeles Lakers at Oklahoma City Thunder,Bovada,player_points,chet holmgren,Over,13.5,-220,2026-05-06T23:33:08Z,OKC,69.0,28.9,17.1,8.9,1.7,0.6,1.9,0.557,0.362,0.792,9.8,3.6000000000000014,MEDIUM
Los Angeles Lakers at Oklahoma City Thunder,Bovada,player_points,chet holmgren,Under,13.5,165,2026-05-06T23:33:08Z,OKC,69.0,28.9,17.1,8.9,1.7,0.6,1.9,0.557,0.362,0.792,9.8,3.6000000000000014,MEDIUM
Los Angeles Lakers at Oklahoma City Thunder,Bovada,player_points,chet holmgren,Over,14.5,-165,2026-05-06T23:33:08Z,OKC,69.0,28.9,17.1,8.9,1.7,0.6,1.9,0.557,0.362,0.792,9.8,2.6000000000000014,MEDIUM
Los Angeles Lakers at Oklahoma City Thunder,Bovada,player_points,chet holmgren,Under,14.5,125,2026-05-06T23:33:08Z,OKC,69.0,28.9,17.1,8.9,1.7,0.6,1.9,0.557,0.362,0.792,9.8,2.6000000000000014,MEDIUM
Los Angeles Lakers at Oklahoma City Thunder,Bovada,player_points,chet holmgren,Over,15.5,-130,2026-05-06T23:33:08Z,OKC,69.0,28.9,17.1,8.9,1.7,0.6,1.9,0.557,0.362,0.792,9.8,1.6000000000000014,LOW
Los Angeles Lakers at Oklahoma City Thunder,Bovada,player_points,chet holmgren,Under,15.5,100,2026-05-06T23:33:08Z,OKC,69.0,28.9,17.1,8.9,1.7,0.6,1.9,0.557,0.362,0.792,9.8,1.6000000000000014,LOW
Los Angeles Lakers at Oklahoma City Thunder,Bovada,player_points,chet holmgren,Over,16.5,100,2026-05-06T23:33:08Z,OKC,69.0,28.9,17.1,8.9,1.7,0.6,1.9,0.557,0.362,0.792,9.8,0.6000000000000014,LOW
Los Angeles Lakers at Oklahoma City Thunder,Bovada,player_points,chet holmgren,Under,16.5,-130,2026-05-06T23:33:08Z,OKC,69.0,28.9,17.1,8.9,1.7,0.6,1.9,0.557,0.362,0.792,9.8,0.6000000000000014,LOW
Los Angeles Lakers at Oklahoma City Thunder,Bovada,player_points,chet holmgren,Over,17.5,125,2026-05-06T23:33:08Z,OKC,69.0,28.9,17.1,8.9,1.7,0.6,1.9,0.557,0.362,0.792,9.8,-0.3999999999999986,LOW
Los Angeles Lakers at Oklahoma City Thunder,Bovada,player_points,chet holmgren,Under,17.5,-165,2026-05-06T23:33:08Z,OKC,69.0,28.9,17.1,8.9,1.7,0.6,1.9,0.557,0.362,0.792,9.8,-0.3999999999999986,LOW
Los Angeles Lakers at Oklahoma City Thunder,Bovada,player_points,chet holmgren,Over,18.5,160,2026-05-06T23:33:08Z,OKC,69.0,28.9,17.1,8.9,1.7,0.6,1.9,0.557,0.362,0.792,9.8,-1.3999999999999986,LOW
Los Angeles Lakers at Oklahoma City Thunder,Bovada,player_points,chet holmgren,Under,18.5,-215,2026-05-06T23:33:08Z,OKC,69.0,28.9,17.1,8.9,1.7,0.6,1.9,0.557,0.362,0.792,9.8,-1.3999999999999986,LOW
Los Angeles Lakers at Oklahoma City Thunder,Bovada,player_points,chet holmgren,Over,19.5,200,2026-05-06T23:33:08Z,OKC,69.0,28.9,17.1,8.9,1.7,0.6,1.9,0.557,0.362,0.792,9.8,-2.3999999999999986,LOW
Los Angeles Lakers at Oklahoma City Thunder,Bovada,player_points,chet holmgren,Under,19.5,-275,2026-05-06T23:33:08Z,OKC,69.0,28.9,17.1,8.9,1.7,0.6,1.9,0.557,0.362,0.792,9.8,-2.3999999999999986,LOW
Los Angeles Lakers at Oklahoma City Thunder,Bovada,player_points,deandre ayton,Over,7.5,-280,2026-05-06T23:33:08Z,LAL,72.0,27.2,12.5,8.0,0.8,0.6,1.0,0.671,0.0,0.645,-0.1,5.0,HIGH
Los Angeles Lakers at Oklahoma City Thunder,Bovada,player_points,deandre ayton,Under,7.5,205,2026-05-06T23:33:08Z,LAL,72.0,27.2,12.5,8.0,0.8,0.6,1.0,0.671,0.0,0.645,-0.1,5.0,HIGH
Los Angeles Lakers at Oklahoma City Thunder,Bovada,player_points,deandre ayton,Over,8.5,-190,2026-05-06T23:33:08Z,LAL,72.0,27.2,12.5,8.0,0.8,0.6,1.0,0.671,0.0,0.645,-0.1,4.0,HIGH
Los Angeles Lakers at Oklahoma City Thunder,Bovada,player_points,deandre ayton,Under,8.5,145,2026-05-06T23:33:08Z,LAL,72.0,27.2,12.5,8.0,0.8,0.6,1.0,0.671,0.0,0.645,-0.1,4.0,HIGH
Los Angeles Lakers at Oklahoma City Thunder,Bovada,player_points,deandre ayton,Over,9.5,-135,2026-05-06T23:33:08Z,LAL,72.0,27.2,12.5,8.0,0.8,0.6,1.0,0.671,0.0,0.645,-0.1,3.0,MEDIUM
Los Angeles Lakers at Oklahoma City Thunder,Bovada,player_points,deandre ayton,Under,9.5,105,2026-05-06T23:33:08Z,LAL,72.0,27.2,12.5,8.0,0.8,0.6,1.0,0.671,0.0,0.645,-0.1,3.0,MEDIUM
Los Angeles Lakers at Oklahoma City Thunder,Bovada,player_points,deandre ayton,Over,10.5,100,2026-05-06T23:33:08Z,LAL,72.0,27.2,12.5,8.0,0.8,0.6,1.0,0.671,0.0,0.645,-0.1,2.0,MEDIUM
Los Angeles Lakers at Oklahoma City Thunder,Bovada,player_points,deandre ayton,Under,10.5,-130,2026-05-06T23:33:08Z,LAL,72.0,27.2,12.5,8.0,0.8,0.6,1.0,0.671,0.0,0.645,-0.1,2.0,MEDIUM
Los Angeles Lakers at Oklahoma City Thunder,Bovada,player_points,deandre ayton,Over,11.5,135,2026-05-06T23:33:08Z,LAL,72.0,27.2,12.5,8.0,0.8,0.6,1.0,0.671,0.0,0.645,-0.1,1.0,LOW
Los Angeles Lakers at Oklahoma City Thunder,Bovada,player_points,deandre ayton,Under,11.5,-180,2026-05-06T23:33:08Z,LAL,72.0,27.2,12.5,8.0,0.8,0.6,1.0,0.671,0.0,0.645,-0.1,1.0,LOW
Los Angeles Lakers at Oklahoma City Thunder,Bovada,player_points,deandre ayton,Over,12.5,175,2026-05-06T23:33:08Z,LAL,72.0,27.2,12.5,8.0,0.8,0.6,1.0,0.671,0.0,0.645,-0.1,0.0,LOW
Los Angeles Lakers at Oklahoma City Thunder,Bovada,player_points,deandre ayton,Under,12.5,-240,2026-05-06T23:33:08Z,LAL,72.0,27.2,12.5,8.0,0.8,0.6,1.0,0.671,0.0,0.645,-0.1,0.0,LOW
Los Angeles Lakers at Oklahoma City Thunder,Bovada,player_points,isaiah hartenstein,Over,5.5,-260,2026-05-06T23:33:08Z,OKC,47.0,24.2,9.2,9.4,3.5,1.0,0.8,0.622,0.0,0.61,7.8,3.6999999999999993,MEDIUM
Los Angeles Lakers at Oklahoma City Thunder,Bovada,player_points,isaiah hartenstein,Under,5.5,190,2026-05-06T23:33:08Z,OKC,47.0,24.2,9.2,9.4,3.5,1.0,0.8,0.622,0.0,0.61,7.8,3.6999999999999993,MEDIUM
Los Angeles Lakers at Oklahoma City Thunder,Bovada,player_points,isaiah hartenstein,Over,6.5,-170,2026-05-06T23:33:08Z,OKC,47.0,24.2,9.2,9.4,3.5,1.0,0.8,0.622,0.0,0.61,7.8,2.6999999999999993,MEDIUM
Los Angeles Lakers at Oklahoma City Thunder,Bovada,player_points,isaiah hartenstein,Under,6.5,130,2026-05-06T23:33:08Z,OKC,47.0,24.2,9.2,9.4,3.5,1.0,0.8,0.622,0.0,0.61,7.8,2.6999999999999993,MEDIUM
Los Angeles Lakers at Oklahoma City Thunder,Bovada,player_points,isaiah hartenstein,Over,7.5,-120,2026-05-06T23:33:08Z,OKC,47.0,24.2,9.2,9.4,3.5,1.0,0.8,0.622,0.0,0.61,7.8,1.6999999999999993,LOW
Los Angeles Lakers at Oklahoma City Thunder,Bovada,player_points,isaiah hartenstein,Under,7.5,-110,2026-05-06T23:33:08Z,OKC,47.0,24.2,9.2,9.4,3.5,1.0,0.8,0.622,0.0,0.61,7.8,1.6999999999999993,LOW
Los Angeles Lakers at Oklahoma City Thunder,Bovada,player_points,isaiah hartenstein,Over,8.5,115,2026-05-06T23:33:08Z,OKC,47.0,24.2,9.2,9.4,3.5,1.0,0.8,0.622,0.0,0.61,7.8,0.6999999999999993,LOW
Los Angeles Lakers at Oklahoma City Thunder,Bovada,player_points,isaiah hartenstein,Under,8.5,-150,2026-05-06T23:33:08Z,OKC,47.0,24.2,9.2,9.4,3.5,1.0,0.8,0.622,0.0,0.61,7.8,0.6999999999999993,LOW
Los Angeles Lakers at Oklahoma City Thunder,Bovada,player_points,isaiah hartenstein,Over,9.5,160,2026-05-06T23:33:08Z,OKC,47.0,24.2,9.2,9.4,3.5,1.0,0.8,0.622,0.0,0.61,7.8,-0.3000000000000007,LOW
Los Angeles Lakers at Oklahoma City Thunder,Bovada,player_points,isaiah hartenstein,Under,9.5,-215,2026-05-06T23:33:08Z,OKC,47.0,24.2,9.2,9.4,3.5,1.0,0.8,0.622,0.0,0.61,7.8,-0.3000000000000007,LOW
Los Angeles Lakers at Oklahoma City Thunder,Bovada,player_points,isaiah joe,Over,4.5,-280,2026-05-06T23:33:08Z,OKC,71.0,21.2,11.1,2.5,1.3,0.7,0.2,0.455,0.423,0.894,5.0,6.6,HIGH
Los Angeles Lakers at Oklahoma City Thunder,Bovada,player_points,isaiah joe,Under,4.5,205,2026-05-06T23:33:08Z,OKC,71.0,21.2,11.1,2.5,1.3,0.7,0.2,0.455,0.423,0.894,5.0,6.6,HIGH
Los Angeles Lakers at Oklahoma City Thunder,Bovada,player_points,isaiah joe,Over,5.5,-180,2026-05-06T23:33:08Z,OKC,71.0,21.2,11.1,2.5,1.3,0.7,0.2,0.455,0.423,0.894,5.0,5.6,HIGH
Los Angeles Lakers at Oklahoma City Thunder,Bovada,player_points,isaiah joe,Under,5.5,135,2026-05-06T23:33:08Z,OKC,71.0,21.2,11.1,2.5,1.3,0.7,0.2,0.455,0.423,0.894,5.0,5.6,HIGH
Los Angeles Lakers at Oklahoma City Thunder,Bovada,player_points,isaiah joe,Over,6.5,-120,2026-05-06T23:33:08Z,OKC,71.0,21.2,11.1,2.5,1.3,0.7,0.2,0.455,0.423,0.894,5.0,4.6,HIGH
Los Angeles Lakers at Oklahoma City Thunder,Bovada,player_points,isaiah joe,Under,6.5,-110,2026-05-06T23:33:08Z,OKC,71.0,21.2,11.1,2.5,1.3,0.7,0.2,0.455,0.423,0.894,5.0,4.6,HIGH
Los Angeles Lakers at Oklahoma City Thunder,Bovada,player_points,isaiah joe,Over,7.5,120,2026-05-06T23:33:08Z,OKC,71.0,21.2,11.1,2.5,1.3,0.7,0.2,0.455,0.423,0.894,5.0,3.5999999999999996,MEDIUM
Los Angeles Lakers at Oklahoma City Thunder,Bovada,player_points,isaiah joe,Under,7.5,-160,2026-05-06T23:33:08Z,OKC,71.0,21.2,11.1,2.5,1.3,0.7,0.2,0.455,0.423,0.894,5.0,3.5999999999999996,MEDIUM
Los Angeles Lakers at Oklahoma City Thunder,Bovada,player_points,isaiah joe,Over,8.5,165,2026-05-06T23:33:08Z,OKC,71.0,21.2,11.1,2.5,1.3,0.7,0.2,0.455,0.423,0.894,5.0,2.5999999999999996,MEDIUM
Los Angeles Lakers at Oklahoma City Thunder,Bovada,player_points,isaiah joe,Under,8.5,-220,2026-05-06T23:33:08Z,OKC,71.0,21.2,11.1,2.5,1.3,0.7,0.2,0.455,0.423,0.894,5.0,2.5999999999999996,MEDIUM
Los Angeles Lakers at Oklahoma City Thunder,Bovada,player_points,jake laravia,Over,2.5,-180,2026-05-06T23:33:08Z,LAL,82.0,25.1,8.2,4.0,1.8,1.3,0.5,0.459,0.321,0.763,-0.1,5.699999999999999,HIGH
Los Angeles Lakers at Oklahoma City Thunder,Bovada,player_points,jake laravia,Under,2.5,135,2026-05-06T23:33:08Z,LAL,82.0,25.1,8.2,4.0,1.8,1.3,0.5,0.459,0.321,0.763,-0.1,5.699999999999999,HIGH
Los Angeles Lakers at Oklahoma City Thunder,Bovada,player_points,jake laravia,Over,3.5,-105,2026-05-06T23:33:08Z,LAL,82.0,25.1,8.2,4.0,1.8,1.3,0.5,0.459,0.321,0.763,-0.1,4.699999999999999,HIGH
Los Angeles Lakers at Oklahoma City Thunder,Bovada,player_points,jake laravia,Under,3.5,-125,2026-05-06T23:33:08Z,LAL,82.0,25.1,8.2,4.0,1.8,1.3,0.5,0.459,0.321,0.763,-0.1,4.699999999999999,HIGH
Los Angeles Lakers at Oklahoma City Thunder,Bovada,player_points,jake laravia,Over,4.5,150,2026-05-06T23:33:08Z,LAL,82.0,25.1,8.2,4.0,1.8,1.3,0.5,0.459,0.321,0.763,-0.1,3.6999999999999993,MEDIUM
Los Angeles Lakers at Oklahoma City Thunder,Bovada,player_points,jake laravia,Under,4.5,-200,2026-05-06T23:33:08Z,LAL,82.0,25.1,8.2,4.0,1.8,1.3,0.5,0.459,0.321,0.763,-0.1,3.6999999999999993,MEDIUM
Los Angeles Lakers at Oklahoma City Thunder,Bovada,player_points,jared mccain,Over,2.5,-150,2026-05-06T23:33:08Z,OKC,67.0,17.3,8.3,2.0,1.3,0.5,0.1,0.425,0.385,0.864,1.9,5.800000000000001,HIGH
Los Angeles Lakers at Oklahoma City Thunder,Bovada,player_points,jared mccain,Under,2.5,115,2026-05-06T23:33:08Z,OKC,67.0,17.3,8.3,2.0,1.3,0.5,0.1,0.425,0.385,0.864,1.9,5.800000000000001,HIGH
Los Angeles Lakers at Oklahoma City Thunder,Bovada,player_points,jared mccain,Over,3.5,110,2026-05-06T23:33:08Z,OKC,67.0,17.3,8.3,2.0,1.3,0.5,0.1,0.425,0.385,0.864,1.9,4.800000000000001,HIGH
Los Angeles Lakers at Oklahoma City Thunder,Bovada,player_points,jared mccain,Under,3.5,-145,2026-05-06T23:33:08Z,OKC,67.0,17.3,8.3,2.0,1.3,0.5,0.1,0.425,0.385,0.864,1.9,4.800000000000001,HIGH
Los Angeles Lakers at Oklahoma City Thunder,Bovada,player_points,jared mccain,Over,4.5,170,2026-05-06T23:33:08Z,OKC,67.0,17.3,8.3,2.0,1.3,0.5,0.1,0.425,0.385,0.864,1.9,3.8000000000000007,MEDIUM
Los Angeles Lakers at Oklahoma City Thunder,Bovada,player_points,jared mccain,Under,4.5,-230,2026-05-06T23:33:08Z,OKC,67.0,17.3,8.3,2.0,1.3,0.5,0.1,0.425,0.385,0.864,1.9,3.8000000000000007,MEDIUM
Los Angeles Lakers at Oklahoma City Thunder,Bovada,player_points,jaxson hayes,Over,2.5,-275,2026-05-06T23:33:08Z,LAL,66.0,18.3,7.5,4.1,0.9,0.4,0.8,0.756,1.0,0.653,1.1,5.0,HIGH
Los Angeles Lakers at Oklahoma City Thunder,Bovada,player_points,jaxson hayes,Under,2.5,200,2026-05-06T23:33:08Z,LAL,66.0,18.3,7.5,4.1,0.9,0.4,0.8,0.756,1.0,0.653,1.1,5.0,HIGH
Los Angeles Lakers at Oklahoma City Thunder,Bovada,player_points,jaxson hayes,Over,3.5,-150,2026-05-06T23:33:08Z,LAL,66.0,18.3,7.5,4.1,0.9,0.4,0.8,0.756,1.0,0.653,1.1,4.0,HIGH
Los Angeles Lakers at Oklahoma City Thunder,Bovada,player_points,jaxson hayes,Under,3.5,115,2026-05-06T23:33:08Z,LAL,66.0,18.3,7.5,4.1,0.9,0.4,0.8,0.756,1.0,0.653,1.1,4.0,HIGH
Los Angeles Lakers at Oklahoma City Thunder,Bovada,player_points,jaxson hayes,Over,4.5,105,2026-05-06T23:33:08Z,LAL,66.0,18.3,7.5,4.1,0.9,0.4,0.8,0.756,1.0,0.653,1.1,3.0,MEDIUM
Los Angeles Lakers at Oklahoma City Thunder,Bovada,player_points,jaxson hayes,Under,4.5,-135,2026-05-06T23:33:08Z,LAL,66.0,18.3,7.5,4.1,0.9,0.4,0.8,0.756,1.0,0.653,1.1,3.0,MEDIUM
Los Angeles Lakers at Oklahoma City Thunder,Bovada,player_points,jaxson hayes,Over,5.5,155,2026-05-06T23:33:08Z,LAL,66.0,18.3,7.5,4.1,0.9,0.4,0.8,0.756,1.0,0.653,1.1,2.0,MEDIUM
Los Angeles Lakers at Oklahoma City Thunder,Bovada,player_points,jaxson hayes,Under,5.5,-210,2026-05-06T23:33:08Z,LAL,66.0,18.3,7.5,4.1,0.9,0.4,0.8,0.756,1.0,0.653,1.1,2.0,MEDIUM
Los Angeles Lakers at Oklahoma City Thunder,Bovada,player_points,jaylin williams,Over,2.5,-200,2026-05-06T23:33:08Z,OKC,65.0,19.7,7.2,5.5,2.4,0.5,0.6,0.423,0.383,0.793,4.7,4.7,HIGH
Los Angeles Lakers at Oklahoma City Thunder,Bovada,player_points,jaylin williams,Under,2.5,150,2026-05-06T23:33:08Z,OKC,65.0,19.7,7.2,5.5,2.4,0.5,0.6,0.423,0.383,0.793,4.7,4.7,HIGH
Los Angeles Lakers at Oklahoma City Thunder,Bovada,player_points,jaylin williams,Over,3.5,-115,2026-05-06T23:33:08Z,OKC,65.0,19.7,7.2,5.5,2.4,0.5,0.6,0.423,0.383,0.793,4.7,3.7,MEDIUM
Los Angeles Lakers at Oklahoma City Thunder,Bovada,player_points,jaylin williams,Under,3.5,-115,2026-05-06T23:33:08Z,OKC,65.0,19.7,7.2,5.5,2.4,0.5,0.6,0.423,0.383,0.793,4.7,3.7,MEDIUM
Los Angeles Lakers at Oklahoma City Thunder,Bovada,player_points,jaylin williams,Over,4.5,135,2026-05-06T23:33:08Z,OKC,65.0,19.7,7.2,5.5,2.4,0.5,0.6,0.423,0.383,0.793,4.7,2.7,MEDIUM
Los Angeles Lakers at Oklahoma City Thunder,Bovada,player_points,jaylin williams,Under,4.5,-180,2026-05-06T23:33:08Z,OKC,65.0,19.7,7.2,5.5,2.4,0.5,0.6,0.423,0.383,0.793,4.7,2.7,MEDIUM
Los Angeles Lakers at Oklahoma City Thunder,Bovada,player_points,jaylin williams,Over,5.5,205,2026-05-06T23:33:08Z,OKC,65.0,19.7,7.2,5.5,2.4,0.5,0.6,0.423,0.383,0.793,4.7,1.7000000000000002,LOW
Los Angeles Lakers at Oklahoma City Thunder,Bovada,player_points,jaylin williams,Under,5.5,-280,2026-05-06T23:33:08Z,OKC,65.0,19.7,7.2,5.5,2.4,0.5,0.6,0.423,0.383,0.793,4.7,1.7000000000000002,LOW
Los Angeles Lakers at Oklahoma City Thunder,Bovada,player_points,lebron james,Over,17.5,-260,2026-05-06T23:33:08Z,LAL,60.0,33.2,20.9,6.1,7.2,1.2,0.6,0.515,0.317,0.737,2.0,3.3999999999999986,MEDIUM
Los Angeles Lakers at Oklahoma City Thunder,Bovada,player_points,lebron james,Under,17.5,190,2026-05-06T23:33:08Z,LAL,60.0,33.2,20.9,6.1,7.2,1.2,0.6,0.515,0.317,0.737,2.0,3.3999999999999986,MEDIUM
Los Angeles Lakers at Oklahoma City Thunder,Bovada,player_points,lebron james,Over,18.5,-200,2026-05-06T23:33:08Z,LAL,60.0,33.2,20.9,6.1,7.2,1.2,0.6,0.515,0.317,0.737,2.0,2.3999999999999986,MEDIUM
Los Angeles Lakers at Oklahoma City Thunder,Bovada,player_points,lebron james,Under,18.5,150,2026-05-06T23:33:08Z,LAL,60.0,33.2,20.9,6.1,7.2,1.2,0.6,0.515,0.317,0.737,2.0,2.3999999999999986,MEDIUM
Los Angeles Lakers at Oklahoma City Thunder,Bovada,player_points,lebron james,Over,19.5,-160,2026-05-06T23:33:08Z,LAL,60.0,33.2,20.9,6.1,7.2,1.2,0.6,0.515,0.317,0.737,2.0,1.3999999999999986,LOW
Los Angeles Lakers at Oklahoma City Thunder,Bovada,player_points,lebron james,Under,19.5,120,2026-05-06T23:33:08Z,LAL,60.0,33.2,20.9,6.1,7.2,1.2,0.6,0.515,0.317,0.737,2.0,1.3999999999999986,LOW
Los Angeles Lakers at Oklahoma City Thunder,Bovada,player_points,lebron james,Over,20.5,-125,2026-05-06T23:33:08Z,LAL,60.0,33.2,20.9,6.1,7.2,1.2,0.6,0.515,0.317,0.737,2.0,0.3999999999999986,LOW
Los Angeles Lakers at Oklahoma City Thunder,Bovada,player_points,lebron james,Under,20.5,-105,2026-05-06T23:33:08Z,LAL,60.0,33.2,20.9,6.1,7.2,1.2,0.6,0.515,0.317,0.737,2.0,0.3999999999999986,LOW
Los Angeles Lakers at Oklahoma City Thunder,Bovada,player_points,lebron james,Over,21.5,100,2026-05-06T23:33:08Z,LAL,60.0,33.2,20.9,6.1,7.2,1.2,0.6,0.515,0.317,0.737,2.0,-0.6000000000000014,LOW
Los Angeles Lakers at Oklahoma City Thunder,Bovada,player_points,lebron james,Under,21.5,-130,2026-05-06T23:33:08Z,LAL,60.0,33.2,20.9,6.1,7.2,1.2,0.6,0.515,0.317,0.737,2.0,-0.6000000000000014,LOW
Los Angeles Lakers at Oklahoma City Thunder,Bovada,player_points,lebron james,Over,22.5,120,2026-05-06T23:33:08Z,LAL,60.0,33.2,20.9,6.1,7.2,1.2,0.6,0.515,0.317,0.737,2.0,-1.6000000000000014,LOW
Los Angeles Lakers at Oklahoma City Thunder,Bovada,player_points,lebron james,Under,22.5,-160,2026-05-06T23:33:08Z,LAL,60.0,33.2,20.9,6.1,7.2,1.2,0.6,0.515,0.317,0.737,2.0,-1.6000000000000014,LOW
Los Angeles Lakers at Oklahoma City Thunder,Bovada,player_points,lebron james,Over,23.5,150,2026-05-06T23:33:08Z,LAL,60.0,33.2,20.9,6.1,7.2,1.2,0.6,0.515,0.317,0.737,2.0,-2.6000000000000014,LOW
Los Angeles Lakers at Oklahoma City Thunder,Bovada,player_points,lebron james,Under,23.5,-200,2026-05-06T23:33:08Z,LAL,60.0,33.2,20.9,6.1,7.2,1.2,0.6,0.515,0.317,0.737,2.0,-2.6000000000000014,LOW
Los Angeles Lakers at Oklahoma City Thunder,Bovada,player_points,lebron james,Over,24.5,180,2026-05-06T23:33:08Z,LAL,60.0,33.2,20.9,6.1,7.2,1.2,0.6,0.515,0.317,0.737,2.0,-3.6000000000000014,LOW
Los Angeles Lakers at Oklahoma City Thunder,Bovada,player_points,lebron james,Under,24.5,-245,2026-05-06T23:33:08Z,LAL,60.0,33.2,20.9,6.1,7.2,1.2,0.6,0.515,0.317,0.737,2.0,-3.6000000000000014,LOW
Los Angeles Lakers at Oklahoma City Thunder,Bovada,player_points,luguentz dort,Over,4.5,-280,2026-05-06T23:33:08Z,OKC,69.0,26.8,8.3,3.6,1.2,0.9,0.4,0.385,0.344,0.759,4.3,3.8000000000000007,MEDIUM
Los Angeles Lakers at Oklahoma City Thunder,Bovada,player_points,luguentz dort,Under,4.5,205,2026-05-06T23:33:08Z,OKC,69.0,26.8,8.3,3.6,1.2,0.9,0.4,0.385,0.344,0.759,4.3,3.8000000000000007,MEDIUM
Los Angeles Lakers at Oklahoma City Thunder,Bovada,player_points,luguentz dort,Over,5.5,-180,2026-05-06T23:33:08Z,OKC,69.0,26.8,8.3,3.6,1.2,0.9,0.4,0.385,0.344,0.759,4.3,2.8000000000000007,MEDIUM
Los Angeles Lakers at Oklahoma City Thunder,Bovada,player_points,luguentz dort,Under,5.5,135,2026-05-06T23:33:08Z,OKC,69.0,26.8,8.3,3.6,1.2,0.9,0.4,0.385,0.344,0.759,4.3,2.8000000000000007,MEDIUM
Los Angeles Lakers at Oklahoma City Thunder,Bovada,player_points,luguentz dort,Over,6.5,-120,2026-05-06T23:33:08Z,OKC,69.0,26.8,8.3,3.6,1.2,0.9,0.4,0.385,0.344,0.759,4.3,1.8000000000000007,LOW
Los Angeles Lakers at Oklahoma City Thunder,Bovada,player_points,luguentz dort,Under,6.5,-110,2026-05-06T23:33:08Z,OKC,69.0,26.8,8.3,3.6,1.2,0.9,0.4,0.385,0.344,0.759,4.3,1.8000000000000007,LOW
Los Angeles Lakers at Oklahoma City Thunder,Bovada,player_points,luguentz dort,Over,7.5,120,2026-05-06T23:33:08Z,OKC,69.0,26.8,8.3,3.6,1.2,0.9,0.4,0.385,0.344,0.759,4.3,0.8000000000000007,LOW
Los Angeles Lakers at Oklahoma City Thunder,Bovada,player_points,luguentz dort,Under,7.5,-160,2026-05-06T23:33:08Z,OKC,69.0,26.8,8.3,3.6,1.2,0.9,0.4,0.385,0.344,0.759,4.3,0.8000000000000007,LOW
Los Angeles Lakers at Oklahoma City Thunder,Bovada,player_points,luguentz dort,Over,8.5,165,2026-05-06T23:33:08Z,OKC,69.0,26.8,8.3,3.6,1.2,0.9,0.4,0.385,0.344,0.759,4.3,-0.1999999999999993,LOW
Los Angeles Lakers at Oklahoma City Thunder,Bovada,player_points,luguentz dort,Under,8.5,-220,2026-05-06T23:33:08Z,OKC,69.0,26.8,8.3,3.6,1.2,0.9,0.4,0.385,0.344,0.759,4.3,-0.1999999999999993,LOW
Los Angeles Lakers at Oklahoma City Thunder,Bovada,player_points,luke kennard,Over,5.5,-260,2026-05-06T23:33:08Z,LAL,78.0,21.5,8.4,2.3,2.2,0.7,0.1,0.533,0.478,0.913,0.5,2.9000000000000004,MEDIUM
Los Angeles Lakers at Oklahoma City Thunder,Bovada,player_points,luke kennard,Under,5.5,190,2026-05-06T23:33:08Z,LAL,78.0,21.5,8.4,2.3,2.2,0.7,0.1,0.533,0.478,0.913,0.5,2.9000000000000004,MEDIUM
Los Angeles Lakers at Oklahoma City Thunder,Bovada,player_points,luke kennard,Over,6.5,-170,2026-05-06T23:33:08Z,LAL,78.0,21.5,8.4,2.3,2.2,0.7,0.1,0.533,0.478,0.913,0.5,1.9000000000000004,LOW
Los Angeles Lakers at Oklahoma City Thunder,Bovada,player_points,luke kennard,Under,6.5,130,2026-05-06T23:33:08Z,LAL,78.0,21.5,8.4,2.3,2.2,0.7,0.1,0.533,0.478,0.913,0.5,1.9000000000000004,LOW
Los Angeles Lakers at Oklahoma City Thunder,Bovada,player_points,luke kennard,Over,7.5,-120,2026-05-06T23:33:08Z,LAL,78.0,21.5,8.4,2.3,2.2,0.7,0.1,0.533,0.478,0.913,0.5,0.9000000000000004,LOW
Los Angeles Lakers at Oklahoma City Thunder,Bovada,player_points,luke kennard,Under,7.5,-110,2026-05-06T23:33:08Z,LAL,78.0,21.5,8.4,2.3,2.2,0.7,0.1,0.533,0.478,0.913,0.5,0.9000000000000004,LOW
Los Angeles Lakers at Oklahoma City Thunder,Bovada,player_points,luke kennard,Over,8.5,115,2026-05-06T23:33:08Z,LAL,78.0,21.5,8.4,2.3,2.2,0.7,0.1,0.533,0.478,0.913,0.5,-0.09999999999999964,LOW
Los Angeles Lakers at Oklahoma City Thunder,Bovada,player_points,luke kennard,Under,8.5,-150,2026-05-06T23:33:08Z,LAL,78.0,21.5,8.4,2.3,2.2,0.7,0.1,0.533,0.478,0.913,0.5,-0.09999999999999964,LOW
Los Angeles Lakers at Oklahoma City Thunder,Bovada,player_points,luke kennard,Over,9.5,160,2026-05-06T23:33:08Z,LAL,78.0,21.5,8.4,2.3,2.2,0.7,0.1,0.533,0.478,0.913,0.5,-1.0999999999999996,LOW
Los Angeles Lakers at Oklahoma City Thunder,Bovada,player_points,luke kennard,Under,9.5,-215,2026-05-06T23:33:08Z,LAL,78.0,21.5,8.4,2.3,2.2,0.7,0.1,0.533,0.478,0.913,0.5,-1.0999999999999996,LOW
Los Angeles Lakers at Oklahoma City Thunder,Bovada,player_points,marcus smart,Over,8.5,-210,2026-05-06T23:33:08Z,LAL,62.0,28.5,9.3,2.8,3.0,1.4,0.4,0.395,0.331,0.822,4.1,0.8000000000000007,LOW
Los Angeles Lakers at Oklahoma City Thunder,Bovada,player_points,marcus smart,Under,8.5,155,2026-05-06T23:33:08Z,LAL,62.0,28.5,9.3,2.8,3.0,1.4,0.4,0.395,0.331,0.822,4.1,0.8000000000000007,LOW
Los Angeles Lakers at Oklahoma City Thunder,Bovada,player_points,marcus smart,Over,9.5,-150,2026-05-06T23:33:08Z,LAL,62.0,28.5,9.3,2.8,3.0,1.4,0.4,0.395,0.331,0.822,4.1,-0.1999999999999993,LOW
Los Angeles Lakers at Oklahoma City Thunder,Bovada,player_points,marcus smart,Under,9.5,115,2026-05-06T23:33:08Z,LAL,62.0,28.5,9.3,2.8,3.0,1.4,0.4,0.395,0.331,0.822,4.1,-0.1999999999999993,LOW
Los Angeles Lakers at Oklahoma City Thunder,Bovada,player_points,marcus smart,Over,10.5,-110,2026-05-06T23:33:08Z,LAL,62.0,28.5,9.3,2.8,3.0,1.4,0.4,0.395,0.331,0.822,4.1,-1.1999999999999993,LOW
Los Angeles Lakers at Oklahoma City Thunder,Bovada,player_points,marcus smart,Under,10.5,-120,2026-05-06T23:33:08Z,LAL,62.0,28.5,9.3,2.8,3.0,1.4,0.4,0.395,0.331,0.822,4.1,-1.1999999999999993,LOW
Los Angeles Lakers at Oklahoma City Thunder,Bovada,player_points,marcus smart,Over,11.5,120,2026-05-06T23:33:08Z,LAL,62.0,28.5,9.3,2.8,3.0,1.4,0.4,0.395,0.331,0.822,4.1,-2.1999999999999993,LOW
Los Angeles Lakers at Oklahoma City Thunder,Bovada,player_points,marcus smart,Under,11.5,-160,2026-05-06T23:33:08Z,LAL,62.0,28.5,9.3,2.8,3.0,1.4,0.4,0.395,0.331,0.822,4.1,-2.1999999999999993,LOW
Los Angeles Lakers at Oklahoma City Thunder,Bovada,player_points,marcus smart,Over,12.5,160,2026-05-06T23:33:08Z,LAL,62.0,28.5,9.3,2.8,3.0,1.4,0.4,0.395,0.331,0.822,4.1,-3.1999999999999993,LOW
Los Angeles Lakers at Oklahoma City Thunder,Bovada,player_points,marcus smart,Under,12.5,-215,2026-05-06T23:33:08Z,LAL,62.0,28.5,9.3,2.8,3.0,1.4,0.4,0.395,0.331,0.822,4.1,-3.1999999999999993,LOW
Los Angeles Lakers at Oklahoma City Thunder,Bovada,player_points,marcus smart,Over,13.5,210,2026-05-06T23:33:08Z,LAL,62.0,28.5,9.3,2.8,3.0,1.4,0.4,0.395,0.331,0.822,4.1,-4.199999999999999,LOW
Los Angeles Lakers at Oklahoma City Thunder,Bovada,player_points,marcus smart,Under,13.5,-290,2026-05-06T23:33:08Z,LAL,62.0,28.5,9.3,2.8,3.0,1.4,0.4,0.395,0.331,0.822,4.1,-4.199999999999999,LOW
Los Angeles Lakers at Oklahoma City Thunder,Bovada,player_points,rui hachimura,Over,9.5,-280,2026-05-06T23:33:08Z,LAL,68.0,28.3,11.5,3.3,0.8,0.6,0.3,0.514,0.443,0.694,1.2,2.0,MEDIUM
Los Angeles Lakers at Oklahoma City Thunder,Bovada,player_points,rui hachimura,Under,9.5,205,2026-05-06T23:33:08Z,LAL,68.0,28.3,11.5,3.3,0.8,0.6,0.3,0.514,0.443,0.694,1.2,2.0,MEDIUM
Los Angeles Lakers at Oklahoma City Thunder,Bovada,player_points,rui hachimura,Over,10.5,-200,2026-05-06T23:33:08Z,LAL,68.0,28.3,11.5,3.3,0.8,0.6,0.3,0.514,0.443,0.694,1.2,1.0,LOW
Los Angeles Lakers at Oklahoma City Thunder,Bovada,player_points,rui hachimura,Under,10.5,150,2026-05-06T23:33:08Z,LAL,68.0,28.3,11.5,3.3,0.8,0.6,0.3,0.514,0.443,0.694,1.2,1.0,LOW
Los Angeles Lakers at Oklahoma City Thunder,Bovada,player_points,rui hachimura,Over,11.5,-145,2026-05-06T23:33:08Z,LAL,68.0,28.3,11.5,3.3,0.8,0.6,0.3,0.514,0.443,0.694,1.2,0.0,LOW
Los Angeles Lakers at Oklahoma City Thunder,Bovada,player_points,rui hachimura,Under,11.5,110,2026-05-06T23:33:08Z,LAL,68.0,28.3,11.5,3.3,0.8,0.6,0.3,0.514,0.443,0.694,1.2,0.0,LOW
Los Angeles Lakers at Oklahoma City Thunder,Bovada,player_points,rui hachimura,Over,12.5,-110,2026-05-06T23:33:08Z,LAL,68.0,28.3,11.5,3.3,0.8,0.6,0.3,0.514,0.443,0.694,1.2,-1.0,LOW
Los Angeles Lakers at Oklahoma City Thunder,Bovada,player_points,rui hachimura,Under,12.5,-120,2026-05-06T23:33:08Z,LAL,68.0,28.3,11.5,3.3,0.8,0.6,0.3,0.514,0.443,0.694,1.2,-1.0,LOW
Los Angeles Lakers at Oklahoma City Thunder,Bovada,player_points,rui hachimura,Over,13.5,120,2026-05-06T23:33:08Z,LAL,68.0,28.3,11.5,3.3,0.8,0.6,0.3,0.514,0.443,0.694,1.2,-2.0,LOW
Los Angeles Lakers at Oklahoma City Thunder,Bovada,player_points,rui hachimura,Under,13.5,-160,2026-05-06T23:33:08Z,LAL,68.0,28.3,11.5,3.3,0.8,0.6,0.3,0.514,0.443,0.694,1.2,-2.0,LOW
Los Angeles Lakers at Oklahoma City Thunder,Bovada,player_points,rui hachimura,Over,14.5,155,2026-05-06T23:33:08Z,LAL,68.0,28.3,11.5,3.3,0.8,0.6,0.3,0.514,0.443,0.694,1.2,-3.0,LOW
Los Angeles Lakers at Oklahoma City Thunder,Bovada,player_points,rui hachimura,Under,14.5,-210,2026-05-06T23:33:08Z,LAL,68.0,28.3,11.5,3.3,0.8,0.6,0.3,0.514,0.443,0.694,1.2,-3.0,LOW
Los Angeles Lakers at Oklahoma City Thunder,Bovada,player_points,rui hachimura,Over,15.5,200,2026-05-06T23:33:08Z,LAL,68.0,28.3,11.5,3.3,0.8,0.6,0.3,0.514,0.443,0.694,1.2,-4.0,LOW
Los Angeles Lakers at Oklahoma City Thunder,Bovada,player_points,rui hachimura,Under,15.5,-275,2026-05-06T23:33:08Z,LAL,68.0,28.3,11.5,3.3,0.8,0.6,0.3,0.514,0.443,0.694,1.2,-4.0,LOW
Los Angeles Lakers at Oklahoma City Thunder,Bovada,player_points,shai gilgeous-alexander,Over,24.5,-290,2026-05-06T23:33:08Z,OKC,68.0,33.2,31.1,4.3,6.6,1.4,0.8,0.553,0.386,0.879,11.6,6.600000000000001,HIGH
Los Angeles Lakers at Oklahoma City Thunder,Bovada,player_points,shai gilgeous-alexander,Under,24.5,210,2026-05-06T23:33:08Z,OKC,68.0,33.2,31.1,4.3,6.6,1.4,0.8,0.553,0.386,0.879,11.6,6.600000000000001,HIGH
Los Angeles Lakers at Oklahoma City Thunder,Bovada,player_points,shai gilgeous-alexander,Over,25.5,-230,2026-05-06T23:33:08Z,OKC,68.0,33.2,31.1,4.3,6.6,1.4,0.8,0.553,0.386,0.879,11.6,5.600000000000001,HIGH
Los Angeles Lakers at Oklahoma City Thunder,Bovada,player_points,shai gilgeous-alexander,Under,25.5,170,2026-05-06T23:33:08Z,OKC,68.0,33.2,31.1,4.3,6.6,1.4,0.8,0.553,0.386,0.879,11.6,5.600000000000001,HIGH
Los Angeles Lakers at Oklahoma City Thunder,Bovada,player_points,shai gilgeous-alexander,Over,26.5,-185,2026-05-06T23:33:08Z,OKC,68.0,33.2,31.1,4.3,6.6,1.4,0.8,0.553,0.386,0.879,11.6,4.600000000000001,HIGH
Los Angeles Lakers at Oklahoma City Thunder,Bovada,player_points,shai gilgeous-alexander,Under,26.5,140,2026-05-06T23:33:08Z,OKC,68.0,33.2,31.1,4.3,6.6,1.4,0.8,0.553,0.386,0.879,11.6,4.600000000000001,HIGH
Los Angeles Lakers at Oklahoma City Thunder,Bovada,player_points,shai gilgeous-alexander,Over,27.5,-150,2026-05-06T23:33:08Z,OKC,68.0,33.2,31.1,4.3,6.6,1.4,0.8,0.553,0.386,0.879,11.6,3.6000000000000014,MEDIUM
Los Angeles Lakers at Oklahoma City Thunder,Bovada,player_points,shai gilgeous-alexander,Under,27.5,115,2026-05-06T23:33:08Z,OKC,68.0,33.2,31.1,4.3,6.6,1.4,0.8,0.553,0.386,0.879,11.6,3.6000000000000014,MEDIUM
Los Angeles Lakers at Oklahoma City Thunder,Bovada,player_points,shai gilgeous-alexander,Over,28.5,-125,2026-05-06T23:33:08Z,OKC,68.0,33.2,31.1,4.3,6.6,1.4,0.8,0.553,0.386,0.879,11.6,2.6000000000000014,MEDIUM
Los Angeles Lakers at Oklahoma City Thunder,Bovada,player_points,shai gilgeous-alexander,Under,28.5,-105,2026-05-06T23:33:08Z,OKC,68.0,33.2,31.1,4.3,6.6,1.4,0.8,0.553,0.386,0.879,11.6,2.6000000000000014,MEDIUM
Los Angeles Lakers at Oklahoma City Thunder,Bovada,player_points,shai gilgeous-alexander,Over,29.5,-105,2026-05-06T23:33:08Z,OKC,68.0,33.2,31.1,4.3,6.6,1.4,0.8,0.553,0.386,0.879,11.6,1.6000000000000014,LOW
Los Angeles Lakers at Oklahoma City Thunder,Bovada,player_points,shai gilgeous-alexander,Under,29.5,-125,2026-05-06T23:33:08Z,OKC,68.0,33.2,31.1,4.3,6.6,1.4,0.8,0.553,0.386,0.879,11.6,1.6000000000000014,LOW
Los Angeles Lakers at Oklahoma City Thunder,Bovada,player_points,shai gilgeous-alexander,Over,30.5,115,2026-05-06T23:33:08Z,OKC,68.0,33.2,31.1,4.3,6.6,1.4,0.8,0.553,0.386,0.879,11.6,0.6000000000000014,LOW
Los Angeles Lakers at Oklahoma City Thunder,Bovada,player_points,shai gilgeous-alexander,Under,30.5,-150,2026-05-06T23:33:08Z,OKC,68.0,33.2,31.1,4.3,6.6,1.4,0.8,0.553,0.386,0.879,11.6,0.6000000000000014,LOW
Los Angeles Lakers at Oklahoma City Thunder,Bovada,player_points,shai gilgeous-alexander,Over,31.5,135,2026-05-06T23:33:08Z,OKC,68.0,33.2,31.1,4.3,6.6,1.4,0.8,0.553,0.386,0.879,11.6,-0.3999999999999986,LOW
Los Angeles Lakers at Oklahoma City Thunder,Bovada,player_points,shai gilgeous-alexander,Under,31.5,-180,2026-05-06T23:33:08Z,OKC,68.0,33.2,31.1,4.3,6.6,1.4,0.8,0.553,0.386,0.879,11.6,-0.3999999999999986,LOW
Los Angeles Lakers at Oklahoma City Thunder,Bovada,player_points,shai gilgeous-alexander,Over,32.5,160,2026-05-06T23:33:08Z,OKC,68.0,33.2,31.1,4.3,6.6,1.4,0.8,0.553,0.386,0.879,11.6,-1.3999999999999986,LOW
Los Angeles Lakers at Oklahoma City Thunder,Bovada,player_points,shai gilgeous-alexander,Under,32.5,-215,2026-05-06T23:33:08Z,OKC,68.0,33.2,31.1,4.3,6.6,1.4,0.8,0.553,0.386,0.879,11.6,-1.3999999999999986,LOW
Los Angeles Lakers at Oklahoma City Thunder,Bovada,player_points,shai gilgeous-alexander,Over,33.5,190,2026-05-06T23:33:08Z,OKC,68.0,33.2,31.1,4.3,6.6,1.4,0.8,0.553,0.386,0.879,11.6,-2.3999999999999986,LOW
Los Angeles Lakers at Oklahoma City Thunder,Bovada,player_points,shai gilgeous-alexander,Under,33.5,-260,2026-05-06T23:33:08Z,OKC,68.0,33.2,31.1,4.3,6.6,1.4,0.8,0.553,0.386,0.879,11.6,-2.3999999999999986,LOW
Los Angeles Lakers at Oklahoma City Thunder,Bovada,player_rebounds,ajay mitchell,Over,2.5,-275,2026-05-06T23:33:08Z,OKC,57.0,25.8,13.6,3.3,3.6,1.2,0.3,0.485,0.347,0.87,8.8,0.7999999999999998,LOW
Los Angeles Lakers at Oklahoma City Thunder,Bovada,player_rebounds,ajay mitchell,Under,2.5,200,2026-05-06T23:33:08Z,OKC,57.0,25.8,13.6,3.3,3.6,1.2,0.3,0.485,0.347,0.87,8.8,0.7999999999999998,LOW
Los Angeles Lakers at Oklahoma City Thunder,Bovada,player_rebounds,ajay mitchell,Over,3.5,-110,2026-05-06T23:33:08Z,OKC,57.0,25.8,13.6,3.3,3.6,1.2,0.3,0.485,0.347,0.87,8.8,-0.20000000000000018,LOW
Los Angeles Lakers at Oklahoma City Thunder,Bovada,player_rebounds,ajay mitchell,Under,3.5,-120,2026-05-06T23:33:08Z,OKC,57.0,25.8,13.6,3.3,3.6,1.2,0.3,0.485,0.347,0.87,8.8,-0.20000000000000018,LOW
Los Angeles Lakers at Oklahoma City Thunder,Bovada,player_rebounds,ajay mitchell,Over,4.5,180,2026-05-06T23:33:08Z,OKC,57.0,25.8,13.6,3.3,3.6,1.2,0.3,0.485,0.347,0.87,8.8,-1.2000000000000002,LOW
Los Angeles Lakers at Oklahoma City Thunder,Bovada,player_rebounds,ajay mitchell,Under,4.5,-245,2026-05-06T23:33:08Z,OKC,57.0,25.8,13.6,3.3,3.6,1.2,0.3,0.485,0.347,0.87,8.8,-1.2000000000000002,LOW
Los Angeles Lakers at Oklahoma City Thunder,Bovada,player_rebounds,alex caruso,Over,2.5,-130,2026-05-06T23:33:08Z,OKC,56.0,18.2,6.2,2.8,2.0,1.3,0.3,0.423,0.293,0.804,6.8,0.2999999999999998,LOW
Los Angeles Lakers at Oklahoma City Thunder,Bovada,player_rebounds,alex caruso,Under,2.5,100,2026-05-06T23:33:08Z,OKC,56.0,18.2,6.2,2.8,2.0,1.3,0.3,0.423,0.293,0.804,6.8,0.2999999999999998,LOW
Los Angeles Lakers at Oklahoma City Thunder,Bovada,player_rebounds,alex caruso,Over,3.5,175,2026-05-06T23:33:08Z,OKC,56.0,18.2,6.2,2.8,2.0,1.3,0.3,0.423,0.293,0.804,6.8,-0.7000000000000002,LOW
Los Angeles Lakers at Oklahoma City Thunder,Bovada,player_rebounds,alex caruso,Under,3.5,-240,2026-05-06T23:33:08Z,OKC,56.0,18.2,6.2,2.8,2.0,1.3,0.3,0.423,0.293,0.804,6.8,-0.7000000000000002,LOW
Los Angeles Lakers at Oklahoma City Thunder,Bovada,player_rebounds,austin reaves,Over,3.5,-230,2026-05-06T23:33:08Z,LAL,51.0,34.5,23.3,4.7,5.5,1.1,0.4,0.49,0.36,0.871,3.6,1.2000000000000002,LOW
Los Angeles Lakers at Oklahoma City Thunder,Bovada,player_rebounds,austin reaves,Under,3.5,170,2026-05-06T23:33:08Z,LAL,51.0,34.5,23.3,4.7,5.5,1.1,0.4,0.49,0.36,0.871,3.6,1.2000000000000002,LOW
Los Angeles Lakers at Oklahoma City Thunder,Bovada,player_rebounds,austin reaves,Over,4.5,-110,2026-05-06T23:33:08Z,LAL,51.0,34.5,23.3,4.7,5.5,1.1,0.4,0.49,0.36,0.871,3.6,0.20000000000000018,LOW
Los Angeles Lakers at Oklahoma City Thunder,Bovada,player_rebounds,austin reaves,Under,4.5,-120,2026-05-06T23:33:08Z,LAL,51.0,34.5,23.3,4.7,5.5,1.1,0.4,0.49,0.36,0.871,3.6,0.20000000000000018,LOW
Los Angeles Lakers at Oklahoma City Thunder,Bovada,player_rebounds,austin reaves,Over,5.5,175,2026-05-06T23:33:08Z,LAL,51.0,34.5,23.3,4.7,5.5,1.1,0.4,0.49,0.36,0.871,3.6,-0.7999999999999998,LOW
Los Angeles Lakers at Oklahoma City Thunder,Bovada,player_rebounds,austin reaves,Under,5.5,-240,2026-05-06T23:33:08Z,LAL,51.0,34.5,23.3,4.7,5.5,1.1,0.4,0.49,0.36,0.871,3.6,-0.7999999999999998,LOW
Los Angeles Lakers at Oklahoma City Thunder,Bovada,player_rebounds,chet holmgren,Over,7.5,-220,2026-05-06T23:33:08Z,OKC,69.0,28.9,17.1,8.9,1.7,0.6,1.9,0.557,0.362,0.792,9.8,1.4000000000000004,LOW
Los Angeles Lakers at Oklahoma City Thunder,Bovada,player_rebounds,chet holmgren,Under,7.5,165,2026-05-06T23:33:08Z,OKC,69.0,28.9,17.1,8.9,1.7,0.6,1.9,0.557,0.362,0.792,9.8,1.4000000000000004,LOW
Los Angeles Lakers at Oklahoma City Thunder,Bovada,player_rebounds,chet holmgren,Over,8.5,-130,2026-05-06T23:33:08Z,OKC,69.0,28.9,17.1,8.9,1.7,0.6,1.9,0.557,0.362,0.792,9.8,0.40000000000000036,LOW
Los Angeles Lakers at Oklahoma City Thunder,Bovada,player_rebounds,chet holmgren,Under,8.5,100,2026-05-06T23:33:08Z,OKC,69.0,28.9,17.1,8.9,1.7,0.6,1.9,0.557,0.362,0.792,9.8,0.40000000000000036,LOW
Los Angeles Lakers at Oklahoma City Thunder,Bovada,player_rebounds,chet holmgren,Over,9.5,125,2026-05-06T23:33:08Z,OKC,69.0,28.9,17.1,8.9,1.7,0.6,1.9,0.557,0.362,0.792,9.8,-0.5999999999999996,LOW
Los Angeles Lakers at Oklahoma City Thunder,Bovada,player_rebounds,chet holmgren,Under,9.5,-165,2026-05-06T23:33:08Z,OKC,69.0,28.9,17.1,8.9,1.7,0.6,1.9,0.557,0.362,0.792,9.8,-0.5999999999999996,LOW
Los Angeles Lakers at Oklahoma City Thunder,Bovada,player_rebounds,chet holmgren,Over,10.5,200,2026-05-06T23:33:08Z,OKC,69.0,28.9,17.1,8.9,1.7,0.6,1.9,0.557,0.362,0.792,9.8,-1.5999999999999996,LOW
Los Angeles Lakers at Oklahoma City Thunder,Bovada,player_rebounds,chet holmgren,Under,10.5,-275,2026-05-06T23:33:08Z,OKC,69.0,28.9,17.1,8.9,1.7,0.6,1.9,0.557,0.362,0.792,9.8,-1.5999999999999996,LOW
Los Angeles Lakers at Oklahoma City Thunder,Bovada,player_rebounds,deandre ayton,Over,7.5,-220,2026-05-06T23:33:08Z,LAL,72.0,27.2,12.5,8.0,0.8,0.6,1.0,0.671,0.0,0.645,-0.1,0.5,LOW
Los Angeles Lakers at Oklahoma City Thunder,Bovada,player_rebounds,deandre ayton,Under,7.5,165,2026-05-06T23:33:08Z,LAL,72.0,27.2,12.5,8.0,0.8,0.6,1.0,0.671,0.0,0.645,-0.1,0.5,LOW
Los Angeles Lakers at Oklahoma City Thunder,Bovada,player_rebounds,deandre ayton,Over,8.5,-130,2026-05-06T23:33:08Z,LAL,72.0,27.2,12.5,8.0,0.8,0.6,1.0,0.671,0.0,0.645,-0.1,-0.5,LOW
Los Angeles Lakers at Oklahoma City Thunder,Bovada,player_rebounds,deandre ayton,Under,8.5,100,2026-05-06T23:33:08Z,LAL,72.0,27.2,12.5,8.0,0.8,0.6,1.0,0.671,0.0,0.645,-0.1,-0.5,LOW
Los Angeles Lakers at Oklahoma City Thunder,Bovada,player_rebounds,deandre ayton,Over,9.5,125,2026-05-06T23:33:08Z,LAL,72.0,27.2,12.5,8.0,0.8,0.6,1.0,0.671,0.0,0.645,-0.1,-1.5,LOW
Los Angeles Lakers at Oklahoma City Thunder,Bovada,player_rebounds,deandre ayton,Under,9.5,-165,2026-05-06T23:33:08Z,LAL,72.0,27.2,12.5,8.0,0.8,0.6,1.0,0.671,0.0,0.645,-0.1,-1.5,LOW
Los Angeles Lakers at Oklahoma City Thunder,Bovada,player_rebounds,deandre ayton,Over,10.5,200,2026-05-06T23:33:08Z,LAL,72.0,27.2,12.5,8.0,0.8,0.6,1.0,0.671,0.0,0.645,-0.1,-2.5,LOW
Los Angeles Lakers at Oklahoma City Thunder,Bovada,player_rebounds,deandre ayton,Under,10.5,-275,2026-05-06T23:33:08Z,LAL,72.0,27.2,12.5,8.0,0.8,0.6,1.0,0.671,0.0,0.645,-0.1,-2.5,LOW
Los Angeles Lakers at Oklahoma City Thunder,Bovada,player_rebounds,isaiah hartenstein,Over,6.5,-275,2026-05-06T23:33:08Z,OKC,47.0,24.2,9.2,9.4,3.5,1.0,0.8,0.622,0.0,0.61,7.8,2.9000000000000004,MEDIUM
Los Angeles Lakers at Oklahoma City Thunder,Bovada,player_rebounds,isaiah hartenstein,Under,6.5,200,2026-05-06T23:33:08Z,OKC,47.0,24.2,9.2,9.4,3.5,1.0,0.8,0.622,0.0,0.61,7.8,2.9000000000000004,MEDIUM
Los Angeles Lakers at Oklahoma City Thunder,Bovada,player_rebounds,isaiah hartenstein,Over,7.5,-150,2026-05-06T23:33:08Z,OKC,47.0,24.2,9.2,9.4,3.5,1.0,0.8,0.622,0.0,0.61,7.8,1.9000000000000004,LOW
Los Angeles Lakers at Oklahoma City Thunder,Bovada,player_rebounds,isaiah hartenstein,Under,7.5,115,2026-05-06T23:33:08Z,OKC,47.0,24.2,9.2,9.4,3.5,1.0,0.8,0.622,0.0,0.61,7.8,1.9000000000000004,LOW
Los Angeles Lakers at Oklahoma City Thunder,Bovada,player_rebounds,isaiah hartenstein,Over,8.5,110,2026-05-06T23:33:08Z,OKC,47.0,24.2,9.2,9.4,3.5,1.0,0.8,0.622,0.0,0.61,7.8,0.9000000000000004,LOW
Los Angeles Lakers at Oklahoma City Thunder,Bovada,player_rebounds,isaiah hartenstein,Under,8.5,-145,2026-05-06T23:33:08Z,OKC,47.0,24.2,9.2,9.4,3.5,1.0,0.8,0.622,0.0,0.61,7.8,0.9000000000000004,LOW
Los Angeles Lakers at Oklahoma City Thunder,Bovada,player_rebounds,isaiah hartenstein,Over,9.5,180,2026-05-06T23:33:08Z,OKC,47.0,24.2,9.2,9.4,3.5,1.0,0.8,0.622,0.0,0.61,7.8,-0.09999999999999964,LOW
Los Angeles Lakers at Oklahoma City Thunder,Bovada,player_rebounds,isaiah hartenstein,Under,9.5,-245,2026-05-06T23:33:08Z,OKC,47.0,24.2,9.2,9.4,3.5,1.0,0.8,0.622,0.0,0.61,7.8,-0.09999999999999964,LOW
Los Angeles Lakers at Oklahoma City Thunder,Bovada,player_rebounds,jaxson hayes,Over,3.5,-160,2026-05-06T23:33:08Z,LAL,66.0,18.3,7.5,4.1,0.9,0.4,0.8,0.756,1.0,0.653,1.1,0.5999999999999996,LOW
Los Angeles Lakers at Oklahoma City Thunder,Bovada,player_rebounds,jaxson hayes,Under,3.5,120,2026-05-06T23:33:08Z,LAL,66.0,18.3,7.5,4.1,0.9,0.4,0.8,0.756,1.0,0.653,1.1,0.5999999999999996,LOW
Los Angeles Lakers at Oklahoma City Thunder,Bovada,player_rebounds,jaxson hayes,Over,4.5,130,2026-05-06T23:33:08Z,LAL,66.0,18.3,7.5,4.1,0.9,0.4,0.8,0.756,1.0,0.653,1.1,-0.40000000000000036,LOW
Los Angeles Lakers at Oklahoma City Thunder,Bovada,player_rebounds,jaxson hayes,Under,4.5,-170,2026-05-06T23:33:08Z,LAL,66.0,18.3,7.5,4.1,0.9,0.4,0.8,0.756,1.0,0.653,1.1,-0.40000000000000036,LOW
Los Angeles Lakers at Oklahoma City Thunder,Bovada,player_rebounds,jaylin williams,Over,2.5,-220,2026-05-06T23:33:08Z,OKC,65.0,19.7,7.2,5.5,2.4,0.5,0.6,0.423,0.383,0.793,4.7,3.0,MEDIUM
Los Angeles Lakers at Oklahoma City Thunder,Bovada,player_rebounds,jaylin williams,Under,2.5,165,2026-05-06T23:33:08Z,OKC,65.0,19.7,7.2,5.5,2.4,0.5,0.6,0.423,0.383,0.793,4.7,3.0,MEDIUM
Los Angeles Lakers at Oklahoma City Thunder,Bovada,player_rebounds,jaylin williams,Over,3.5,105,2026-05-06T23:33:08Z,OKC,65.0,19.7,7.2,5.5,2.4,0.5,0.6,0.423,0.383,0.793,4.7,2.0,MEDIUM
Los Angeles Lakers at Oklahoma City Thunder,Bovada,player_rebounds,jaylin williams,Under,3.5,-135,2026-05-06T23:33:08Z,OKC,65.0,19.7,7.2,5.5,2.4,0.5,0.6,0.423,0.383,0.793,4.7,2.0,MEDIUM
Los Angeles Lakers at Oklahoma City Thunder,Bovada,player_rebounds,jaylin williams,Over,4.5,215,2026-05-06T23:33:08Z,OKC,65.0,19.7,7.2,5.5,2.4,0.5,0.6,0.423,0.383,0.793,4.7,1.0,LOW
Los Angeles Lakers at Oklahoma City Thunder,Bovada,player_rebounds,jaylin williams,Under,4.5,-300,2026-05-06T23:33:08Z,OKC,65.0,19.7,7.2,5.5,2.4,0.5,0.6,0.423,0.383,0.793,4.7,1.0,LOW
Los Angeles Lakers at Oklahoma City Thunder,Bovada,player_rebounds,lebron james,Over,5.5,-220,2026-05-06T23:33:08Z,LAL,60.0,33.2,20.9,6.1,7.2,1.2,0.6,0.515,0.317,0.737,2.0,0.5999999999999996,LOW
Los Angeles Lakers at Oklahoma City Thunder,Bovada,player_rebounds,lebron james,Under,5.5,165,2026-05-06T23:33:08Z,LAL,60.0,33.2,20.9,6.1,7.2,1.2,0.6,0.515,0.317,0.737,2.0,0.5999999999999996,LOW
Los Angeles Lakers at Oklahoma City Thunder,Bovada,player_rebounds,lebron james,Over,6.5,-120,2026-05-06T23:33:08Z,LAL,60.0,33.2,20.9,6.1,7.2,1.2,0.6,0.515,0.317,0.737,2.0,-0.40000000000000036,LOW
Los Angeles Lakers at Oklahoma City Thunder,Bovada,player_rebounds,lebron james,Under,6.5,-110,2026-05-06T23:33:08Z,LAL,60.0,33.2,20.9,6.1,7.2,1.2,0.6,0.515,0.317,0.737,2.0,-0.40000000000000036,LOW
Los Angeles Lakers at Oklahoma City Thunder,Bovada,player_rebounds,lebron james,Over,7.5,145,2026-05-06T23:33:08Z,LAL,60.0,33.2,20.9,6.1,7.2,1.2,0.6,0.515,0.317,0.737,2.0,-1.4000000000000004,LOW
Los Angeles Lakers at Oklahoma City Thunder,Bovada,player_rebounds,lebron james,Under,7.5,-190,2026-05-06T23:33:08Z,LAL,60.0,33.2,20.9,6.1,7.2,1.2,0.6,0.515,0.317,0.737,2.0,-1.4000000000000004,LOW
Los Angeles Lakers at Oklahoma City Thunder,Bovada,player_rebounds,luguentz dort,Over,2.5,-150,2026-05-06T23:33:08Z,OKC,69.0,26.8,8.3,3.6,1.2,0.9,0.4,0.385,0.344,0.759,4.3,1.1,LOW
Los Angeles Lakers at Oklahoma City Thunder,Bovada,player_rebounds,luguentz dort,Under,2.5,115,2026-05-06T23:33:08Z,OKC,69.0,26.8,8.3,3.6,1.2,0.9,0.4,0.385,0.344,0.759,4.3,1.1,LOW
Los Angeles Lakers at Oklahoma City Thunder,Bovada,player_rebounds,luguentz dort,Over,3.5,150,2026-05-06T23:33:08Z,OKC,69.0,26.8,8.3,3.6,1.2,0.9,0.4,0.385,0.344,0.759,4.3,0.10000000000000009,LOW
Los Angeles Lakers at Oklahoma City Thunder,Bovada,player_rebounds,luguentz dort,Under,3.5,-200,2026-05-06T23:33:08Z,OKC,69.0,26.8,8.3,3.6,1.2,0.9,0.4,0.385,0.344,0.759,4.3,0.10000000000000009,LOW
Los Angeles Lakers at Oklahoma City Thunder,Bovada,player_rebounds,luke kennard,Over,2.5,-165,2026-05-06T23:33:08Z,LAL,78.0,21.5,8.4,2.3,2.2,0.7,0.1,0.533,0.478,0.913,0.5,-0.20000000000000018,LOW
Los Angeles Lakers at Oklahoma City Thunder,Bovada,player_rebounds,luke kennard,Under,2.5,125,2026-05-06T23:33:08Z,LAL,78.0,21.5,8.4,2.3,2.2,0.7,0.1,0.533,0.478,0.913,0.5,-0.20000000000000018,LOW
Los Angeles Lakers at Oklahoma City Thunder,Bovada,player_rebounds,luke kennard,Over,3.5,140,2026-05-06T23:33:08Z,LAL,78.0,21.5,8.4,2.3,2.2,0.7,0.1,0.533,0.478,0.913,0.5,-1.2000000000000002,LOW
Los Angeles Lakers at Oklahoma City Thunder,Bovada,player_rebounds,luke kennard,Under,3.5,-185,2026-05-06T23:33:08Z,LAL,78.0,21.5,8.4,2.3,2.2,0.7,0.1,0.533,0.478,0.913,0.5,-1.2000000000000002,LOW
Los Angeles Lakers at Oklahoma City Thunder,Bovada,player_rebounds,marcus smart,Over,2.5,-180,2026-05-06T23:33:08Z,LAL,62.0,28.5,9.3,2.8,3.0,1.4,0.4,0.395,0.331,0.822,4.1,0.2999999999999998,LOW
Los Angeles Lakers at Oklahoma City Thunder,Bovada,player_rebounds,marcus smart,Under,2.5,135,2026-05-06T23:33:08Z,LAL,62.0,28.5,9.3,2.8,3.0,1.4,0.4,0.395,0.331,0.822,4.1,0.2999999999999998,LOW
Los Angeles Lakers at Oklahoma City Thunder,Bovada,player_rebounds,marcus smart,Over,3.5,130,2026-05-06T23:33:08Z,LAL,62.0,28.5,9.3,2.8,3.0,1.4,0.4,0.395,0.331,0.822,4.1,-0.7000000000000002,LOW
Los Angeles Lakers at Oklahoma City Thunder,Bovada,player_rebounds,marcus smart,Under,3.5,-170,2026-05-06T23:33:08Z,LAL,62.0,28.5,9.3,2.8,3.0,1.4,0.4,0.395,0.331,0.822,4.1,-0.7000000000000002,LOW
Los Angeles Lakers at Oklahoma City Thunder,Bovada,player_rebounds,rui hachimura,Over,3.5,-145,2026-05-06T23:33:08Z,LAL,68.0,28.3,11.5,3.3,0.8,0.6,0.3,0.514,0.443,0.694,1.2,-0.20000000000000018,LOW
Los Angeles Lakers at Oklahoma City Thunder,Bovada,player_rebounds,rui hachimura,Under,3.5,110,2026-05-06T23:33:08Z,LAL,68.0,28.3,11.5,3.3,0.8,0.6,0.3,0.514,0.443,0.694,1.2,-0.20000000000000018,LOW
Los Angeles Lakers at Oklahoma City Thunder,Bovada,player_rebounds,rui hachimura,Over,4.5,140,2026-05-06T23:33:08Z,LAL,68.0,28.3,11.5,3.3,0.8,0.6,0.3,0.514,0.443,0.694,1.2,-1.2000000000000002,LOW
Los Angeles Lakers at Oklahoma City Thunder,Bovada,player_rebounds,rui hachimura,Under,4.5,-185,2026-05-06T23:33:08Z,LAL,68.0,28.3,11.5,3.3,0.8,0.6,0.3,0.514,0.443,0.694,1.2,-1.2000000000000002,LOW
Los Angeles Lakers at Oklahoma City Thunder,Bovada,player_rebounds,shai gilgeous-alexander,Over,3.5,-165,2026-05-06T23:33:08Z,OKC,68.0,33.2,31.1,4.3,6.6,1.4,0.8,0.553,0.386,0.879,11.6,0.7999999999999998,LOW
Los Angeles Lakers at Oklahoma City Thunder,Bovada,player_rebounds,shai gilgeous-alexander,Under,3.5,125,2026-05-06T23:33:08Z,OKC,68.0,33.2,31.1,4.3,6.6,1.4,0.8,0.553,0.386,0.879,11.6,0.7999999999999998,LOW
Los Angeles Lakers at Oklahoma City Thunder,Bovada,player_rebounds,shai gilgeous-alexander,Over,4.5,125,2026-05-06T23:33:08Z,OKC,68.0,33.2,31.1,4.3,6.6,1.4,0.8,0.553,0.386,0.879,11.6,-0.20000000000000018,LOW
Los Angeles Lakers at Oklahoma City Thunder,Bovada,player_rebounds,shai gilgeous-alexander,Under,4.5,-165,2026-05-06T23:33:08Z,OKC,68.0,33.2,31.1,4.3,6.6,1.4,0.8,0.553,0.386,0.879,11.6,-0.20000000000000018,LOW
Los Angeles Lakers at Oklahoma City Thunder,Bovada,player_threes,ajay mitchell,Over,1.5,-105,2026-05-06T23:33:08Z,OKC,57.0,25.8,13.6,3.3,3.6,1.2,0.3,0.485,0.347,0.87,8.8,0.0,LOW
Los Angeles Lakers at Oklahoma City Thunder,Bovada,player_threes,ajay mitchell,Under,1.5,-125,2026-05-06T23:33:08Z,OKC,57.0,25.8,13.6,3.3,3.6,1.2,0.3,0.485,0.347,0.87,8.8,0.0,LOW
Los Angeles Lakers at Oklahoma City Thunder,Bovada,player_threes,austin reaves,Over,1.5,-170,2026-05-06T23:33:08Z,LAL,51.0,34.5,23.3,4.7,5.5,1.1,0.4,0.49,0.36,0.871,3.6,0.0,LOW
Los Angeles Lakers at Oklahoma City Thunder,Bovada,player_threes,austin reaves,Under,1.5,130,2026-05-06T23:33:08Z,LAL,51.0,34.5,23.3,4.7,5.5,1.1,0.4,0.49,0.36,0.871,3.6,0.0,LOW
Los Angeles Lakers at Oklahoma City Thunder,Bovada,player_threes,austin reaves,Over,2.5,175,2026-05-06T23:33:08Z,LAL,51.0,34.5,23.3,4.7,5.5,1.1,0.4,0.49,0.36,0.871,3.6,0.0,LOW
Los Angeles Lakers at Oklahoma City Thunder,Bovada,player_threes,austin reaves,Under,2.5,-240,2026-05-06T23:33:08Z,LAL,51.0,34.5,23.3,4.7,5.5,1.1,0.4,0.49,0.36,0.871,3.6,0.0,LOW
Los Angeles Lakers at Oklahoma City Thunder,Bovada,player_threes,chet holmgren,Over,1.5,125,2026-05-06T23:33:08Z,OKC,69.0,28.9,17.1,8.9,1.7,0.6,1.9,0.557,0.362,0.792,9.8,0.0,LOW
Los Angeles Lakers at Oklahoma City Thunder,Bovada,player_threes,chet holmgren,Under,1.5,-165,2026-05-06T23:33:08Z,OKC,69.0,28.9,17.1,8.9,1.7,0.6,1.9,0.557,0.362,0.792,9.8,0.0,LOW
Los Angeles Lakers at Oklahoma City Thunder,Bovada,player_threes,lebron james,Over,1.5,120,2026-05-06T23:33:08Z,LAL,60.0,33.2,20.9,6.1,7.2,1.2,0.6,0.515,0.317,0.737,2.0,0.0,LOW
Los Angeles Lakers at Oklahoma City Thunder,Bovada,player_threes,lebron james,Under,1.5,-160,2026-05-06T23:33:08Z,LAL,60.0,33.2,20.9,6.1,7.2,1.2,0.6,0.515,0.317,0.737,2.0,0.0,LOW
Los Angeles Lakers at Oklahoma City Thunder,Bovada,player_threes,luguentz dort,Over,1.5,-150,2026-05-06T23:33:08Z,OKC,69.0,26.8,8.3,3.6,1.2,0.9,0.4,0.385,0.344,0.759,4.3,0.0,LOW
Los Angeles Lakers at Oklahoma City Thunder,Bovada,player_threes,luguentz dort,Under,1.5,115,2026-05-06T23:33:08Z,OKC,69.0,26.8,8.3,3.6,1.2,0.9,0.4,0.385,0.344,0.759,4.3,0.0,LOW
Los Angeles Lakers at Oklahoma City Thunder,Bovada,player_threes,luguentz dort,Over,2.5,190,2026-05-06T23:33:08Z,OKC,69.0,26.8,8.3,3.6,1.2,0.9,0.4,0.385,0.344,0.759,4.3,0.0,LOW
Los Angeles Lakers at Oklahoma City Thunder,Bovada,player_threes,luguentz dort,Under,2.5,-260,2026-05-06T23:33:08Z,OKC,69.0,26.8,8.3,3.6,1.2,0.9,0.4,0.385,0.344,0.759,4.3,0.0,LOW
Los Angeles Lakers at Oklahoma City Thunder,Bovada,player_threes,marcus smart,Over,1.5,-150,2026-05-06T23:33:08Z,LAL,62.0,28.5,9.3,2.8,3.0,1.4,0.4,0.395,0.331,0.822,4.1,0.0,LOW
Los Angeles Lakers at Oklahoma City Thunder,Bovada,player_threes,marcus smart,Under,1.5,115,2026-05-06T23:33:08Z,LAL,62.0,28.5,9.3,2.8,3.0,1.4,0.4,0.395,0.331,0.822,4.1,0.0,LOW
Los Angeles Lakers at Oklahoma City Thunder,Bovada,player_threes,marcus smart,Over,2.5,190,2026-05-06T23:33:08Z,LAL,62.0,28.5,9.3,2.8,3.0,1.4,0.4,0.395,0.331,0.822,4.1,0.0,LOW
Los Angeles Lakers at Oklahoma City Thunder,Bovada,player_threes,marcus smart,Under,2.5,-260,2026-05-06T23:33:08Z,LAL,62.0,28.5,9.3,2.8,3.0,1.4,0.4,0.395,0.331,0.822,4.1,0.0,LOW
Los Angeles Lakers at Oklahoma City Thunder,Bovada,player_threes,rui hachimura,Over,1.5,-185,2026-05-06T23:33:08Z,LAL,68.0,28.3,11.5,3.3,0.8,0.6,0.3,0.514,0.443,0.694,1.2,0.0,LOW
Los Angeles Lakers at Oklahoma City Thunder,Bovada,player_threes,rui hachimura,Under,1.5,140,2026-05-06T23:33:08Z,LAL,68.0,28.3,11.5,3.3,0.8,0.6,0.3,0.514,0.443,0.694,1.2,0.0,LOW
Los Angeles Lakers at Oklahoma City Thunder,Bovada,player_threes,rui hachimura,Over,2.5,165,2026-05-06T23:33:08Z,LAL,68.0,28.3,11.5,3.3,0.8,0.6,0.3,0.514,0.443,0.694,1.2,0.0,LOW
Los Angeles Lakers at Oklahoma City Thunder,Bovada,player_threes,rui hachimura,Under,2.5,-220,2026-05-06T23:33:08Z,LAL,68.0,28.3,11.5,3.3,0.8,0.6,0.3,0.514,0.443,0.694,1.2,0.0,LOW
Los Angeles Lakers at Oklahoma City Thunder,Bovada,player_threes,shai gilgeous-alexander,Over,1.5,-125,2026-05-06T23:33:08Z,OKC,68.0,33.2,31.1,4.3,6.6,1.4,0.8,0.553,0.386,0.879,11.6,0.0,LOW
Los Angeles Lakers at Oklahoma City Thunder,Bovada,player_threes,shai gilgeous-alexander,Under,1.5,-105,2026-05-06T23:33:08Z,OKC,68.0,33.2,31.1,4.3,6.6,1.4,0.8,0.553,0.386,0.879,11.6,0.0,LOW
