matchup,book,market,player,side,line,odds,last_update
Philadelphia 76ers at New York Knicks,FanDuel,player_assists,Paul George,Over,3.5,-174,2026-05-06T23:34:17Z
Philadelphia 76ers at New York Knicks,FanDuel,player_assists,Paul George,Under,3.5,132,2026-05-06T23:34:17Z
Philadelphia 76ers at New York Knicks,FanDuel,player_assists,Karl-Anthony Towns,Over,5.5,110,2026-05-06T23:34:17Z
Philadelphia 76ers at New York Knicks,FanDuel,player_assists,Karl-Anthony Towns,Under,5.5,-146,2026-05-06T23:34:17Z
Philadelphia 76ers at New York Knicks,FanDuel,player_assists,Kelly Oubre Jr,Over,1.5,182,2026-05-06T23:34:17Z
Philadelphia 76ers at New York Knicks,FanDuel,player_assists,Kelly Oubre Jr,Under,1.5,-250,2026-05-06T23:34:17Z
Philadelphia 76ers at New York Knicks,FanDuel,player_assists,VJ Edgecombe,Over,3.5,114,2026-05-06T23:34:17Z
Philadelphia 76ers at New York Knicks,FanDuel,player_assists,VJ Edgecombe,Under,3.5,-152,2026-05-06T23:34:17Z
Philadelphia 76ers at New York Knicks,FanDuel,player_assists,Quentin Grimes,Over,1.5,-144,2026-05-06T23:34:17Z
Philadelphia 76ers at New York Knicks,FanDuel,player_assists,Quentin Grimes,Under,1.5,108,2026-05-06T23:34:17Z
Philadelphia 76ers at New York Knicks,FanDuel,player_assists,Josh Hart,Over,5.5,132,2026-05-06T23:34:17Z
Philadelphia 76ers at New York Knicks,FanDuel,player_assists,Josh Hart,Under,5.5,-178,2026-05-06T23:34:17Z
Philadelphia 76ers at New York Knicks,FanDuel,player_assists,OG Anunoby,Over,2.5,128,2026-05-06T23:34:17Z
Philadelphia 76ers at New York Knicks,FanDuel,player_assists,OG Anunoby,Under,2.5,-172,2026-05-06T23:34:17Z
Philadelphia 76ers at New York Knicks,FanDuel,player_assists,Jalen Brunson,Over,6.5,-154,2026-05-06T23:34:17Z
Philadelphia 76ers at New York Knicks,FanDuel,player_assists,Jalen Brunson,Under,6.5,116,2026-05-06T23:34:17Z
Philadelphia 76ers at New York Knicks,FanDuel,player_assists,Mikal Bridges,Over,2.5,130,2026-05-06T23:34:17Z
Philadelphia 76ers at New York Knicks,FanDuel,player_assists,Mikal Bridges,Under,2.5,-174,2026-05-06T23:34:17Z
Philadelphia 76ers at New York Knicks,FanDuel,player_assists,Tyrese Maxey,Over,5.5,-148,2026-05-06T23:34:17Z
Philadelphia 76ers at New York Knicks,FanDuel,player_assists,Tyrese Maxey,Under,5.5,112,2026-05-06T23:34:17Z
Philadelphia 76ers at New York Knicks,FanDuel,player_points,Justin Edwards,Over,3.5,102,2026-05-06T23:34:17Z
Philadelphia 76ers at New York Knicks,FanDuel,player_points,Justin Edwards,Under,3.5,-136,2026-05-06T23:34:17Z
Philadelphia 76ers at New York Knicks,FanDuel,player_points,Jalen Brunson,Over,23.5,-118,2026-05-06T23:34:17Z
Philadelphia 76ers at New York Knicks,FanDuel,player_points,Jalen Brunson,Under,23.5,-112,2026-05-06T23:34:17Z
Philadelphia 76ers at New York Knicks,FanDuel,player_points,Andre Drummond,Over,4.5,-106,2026-05-06T23:34:17Z
Philadelphia 76ers at New York Knicks,FanDuel,player_points,Andre Drummond,Under,4.5,-125,2026-05-06T23:34:17Z
Philadelphia 76ers at New York Knicks,FanDuel,player_points,Jordan Clarkson,Over,5.5,-114,2026-05-06T23:34:17Z
Philadelphia 76ers at New York Knicks,FanDuel,player_points,Jordan Clarkson,Under,5.5,-114,2026-05-06T23:34:17Z
Philadelphia 76ers at New York Knicks,FanDuel,player_points,Paul George,Over,25.5,-102,2026-05-06T23:34:17Z
Philadelphia 76ers at New York Knicks,FanDuel,player_points,Paul George,Under,25.5,-130,2026-05-06T23:34:17Z
Philadelphia 76ers at New York Knicks,FanDuel,player_points,Karl-Anthony Towns,Over,22.5,-108,2026-05-06T23:34:17Z
Philadelphia 76ers at New York Knicks,FanDuel,player_points,Karl-Anthony Towns,Under,22.5,-122,2026-05-06T23:34:17Z
Philadelphia 76ers at New York Knicks,FanDuel,player_points,VJ Edgecombe,Over,14.5,-114,2026-05-06T23:34:17Z
Philadelphia 76ers at New York Knicks,FanDuel,player_points,VJ Edgecombe,Under,14.5,-114,2026-05-06T23:34:17Z
Philadelphia 76ers at New York Knicks,FanDuel,player_points,Kelly Oubre Jr,Over,12.5,-102,2026-05-06T23:34:17Z
Philadelphia 76ers at New York Knicks,FanDuel,player_points,Kelly Oubre Jr,Under,12.5,-130,2026-05-06T23:34:17Z
Philadelphia 76ers at New York Knicks,FanDuel,player_points,Adem Bona,Over,2.5,-136,2026-05-06T23:34:17Z
Philadelphia 76ers at New York Knicks,FanDuel,player_points,Adem Bona,Under,2.5,102,2026-05-06T23:34:17Z
Philadelphia 76ers at New York Knicks,FanDuel,player_points,Quentin Grimes,Over,9.5,-122,2026-05-06T23:34:17Z
Philadelphia 76ers at New York Knicks,FanDuel,player_points,Quentin Grimes,Under,9.5,-108,2026-05-06T23:34:17Z
Philadelphia 76ers at New York Knicks,FanDuel,player_points,Josh Hart,Over,8.5,-132,2026-05-06T23:34:17Z
Philadelphia 76ers at New York Knicks,FanDuel,player_points,Josh Hart,Under,8.5,100,2026-05-06T23:34:17Z
Philadelphia 76ers at New York Knicks,FanDuel,player_points,Mikal Bridges,Over,13.5,-125,2026-05-06T23:34:17Z
Philadelphia 76ers at New York Knicks,FanDuel,player_points,Mikal Bridges,Under,13.5,-106,2026-05-06T23:34:17Z
Philadelphia 76ers at New York Knicks,FanDuel,player_points,OG Anunoby,Over,20.5,-132,2026-05-06T23:34:17Z
Philadelphia 76ers at New York Knicks,FanDuel,player_points,OG Anunoby,Under,20.5,100,2026-05-06T23:34:17Z
Philadelphia 76ers at New York Knicks,FanDuel,player_points,Tyrese Maxey,Over,25.5,-106,2026-05-06T23:34:17Z
Philadelphia 76ers at New York Knicks,FanDuel,player_points,Tyrese Maxey,Under,25.5,-125,2026-05-06T23:34:17Z
Philadelphia 76ers at New York Knicks,FanDuel,player_points,Miles McBride,Over,6.5,-130,2026-05-06T23:34:17Z
Philadelphia 76ers at New York Knicks,FanDuel,player_points,Miles McBride,Under,6.5,-102,2026-05-06T23:34:17Z
Philadelphia 76ers at New York Knicks,FanDuel,player_rebounds,Jalen Brunson,Over,2.5,134,2026-05-06T23:34:17Z
Philadelphia 76ers at New York Knicks,FanDuel,player_rebounds,Jalen Brunson,Under,2.5,-180,2026-05-06T23:34:17Z
Philadelphia 76ers at New York Knicks,FanDuel,player_rebounds,Andre Drummond,Over,7.5,106,2026-05-06T23:34:17Z
Philadelphia 76ers at New York Knicks,FanDuel,player_rebounds,Andre Drummond,Under,7.5,-140,2026-05-06T23:34:17Z
Philadelphia 76ers at New York Knicks,FanDuel,player_rebounds,Kelly Oubre Jr,Over,4.5,104,2026-05-06T23:34:17Z
Philadelphia 76ers at New York Knicks,FanDuel,player_rebounds,Kelly Oubre Jr,Under,4.5,-138,2026-05-06T23:34:17Z
Philadelphia 76ers at New York Knicks,FanDuel,player_rebounds,Paul George,Over,5.5,-112,2026-05-06T23:34:17Z
Philadelphia 76ers at New York Knicks,FanDuel,player_rebounds,Paul George,Under,5.5,-118,2026-05-06T23:34:17Z
Philadelphia 76ers at New York Knicks,FanDuel,player_rebounds,Karl-Anthony Towns,Over,9.5,-144,2026-05-06T23:34:17Z
Philadelphia 76ers at New York Knicks,FanDuel,player_rebounds,Karl-Anthony Towns,Under,9.5,108,2026-05-06T23:34:17Z
Philadelphia 76ers at New York Knicks,FanDuel,player_rebounds,Quentin Grimes,Over,2.5,114,2026-05-06T23:34:17Z
Philadelphia 76ers at New York Knicks,FanDuel,player_rebounds,Quentin Grimes,Under,2.5,-152,2026-05-06T23:34:17Z
Philadelphia 76ers at New York Knicks,FanDuel,player_rebounds,Adem Bona,Over,4.5,-125,2026-05-06T23:34:17Z
Philadelphia 76ers at New York Knicks,FanDuel,player_rebounds,Adem Bona,Under,4.5,-106,2026-05-06T23:34:17Z
Philadelphia 76ers at New York Knicks,FanDuel,player_rebounds,VJ Edgecombe,Over,5.5,104,2026-05-06T23:34:17Z
Philadelphia 76ers at New York Knicks,FanDuel,player_rebounds,VJ Edgecombe,Under,5.5,-138,2026-05-06T23:34:17Z
Philadelphia 76ers at New York Knicks,FanDuel,player_rebounds,Josh Hart,Over,8.5,102,2026-05-06T23:34:17Z
Philadelphia 76ers at New York Knicks,FanDuel,player_rebounds,Josh Hart,Under,8.5,-136,2026-05-06T23:34:17Z
Philadelphia 76ers at New York Knicks,FanDuel,player_rebounds,Mikal Bridges,Over,2.5,132,2026-05-06T23:34:17Z
Philadelphia 76ers at New York Knicks,FanDuel,player_rebounds,Mikal Bridges,Under,2.5,-178,2026-05-06T23:34:17Z
Philadelphia 76ers at New York Knicks,FanDuel,player_rebounds,OG Anunoby,Over,5.5,-160,2026-05-06T23:34:17Z
Philadelphia 76ers at New York Knicks,FanDuel,player_rebounds,OG Anunoby,Under,5.5,120,2026-05-06T23:34:17Z
Philadelphia 76ers at New York Knicks,FanDuel,player_threes,Jordan Clarkson,Over,0.5,-102,2026-05-06T23:34:17Z
Philadelphia 76ers at New York Knicks,FanDuel,player_threes,Jordan Clarkson,Under,0.5,-130,2026-05-06T23:34:17Z
Philadelphia 76ers at New York Knicks,FanDuel,player_threes,Kelly Oubre Jr,Over,1.5,164,2026-05-06T23:34:17Z
Philadelphia 76ers at New York Knicks,FanDuel,player_threes,Kelly Oubre Jr,Under,1.5,-225,2026-05-06T23:34:17Z
Philadelphia 76ers at New York Knicks,FanDuel,player_threes,Andre Drummond,Over,0.5,168,2026-05-06T23:34:17Z
Philadelphia 76ers at New York Knicks,FanDuel,player_threes,Andre Drummond,Under,0.5,-230,2026-05-06T23:34:17Z
Philadelphia 76ers at New York Knicks,FanDuel,player_threes,Paul George,Over,5.5,132,2026-05-06T23:34:17Z
Philadelphia 76ers at New York Knicks,FanDuel,player_threes,Paul George,Under,5.5,-178,2026-05-06T23:34:17Z
Philadelphia 76ers at New York Knicks,FanDuel,player_threes,Karl-Anthony Towns,Over,1.5,188,2026-05-06T23:34:17Z
Philadelphia 76ers at New York Knicks,FanDuel,player_threes,Karl-Anthony Towns,Under,1.5,-260,2026-05-06T23:34:17Z
Philadelphia 76ers at New York Knicks,FanDuel,player_threes,Quentin Grimes,Over,0.5,-230,2026-05-06T23:34:17Z
Philadelphia 76ers at New York Knicks,FanDuel,player_threes,Quentin Grimes,Under,0.5,168,2026-05-06T23:34:17Z
Philadelphia 76ers at New York Knicks,FanDuel,player_threes,VJ Edgecombe,Over,1.5,-136,2026-05-06T23:34:17Z
Philadelphia 76ers at New York Knicks,FanDuel,player_threes,VJ Edgecombe,Under,1.5,102,2026-05-06T23:34:17Z
Philadelphia 76ers at New York Knicks,FanDuel,player_threes,Josh Hart,Over,1.5,172,2026-05-06T23:34:17Z
Philadelphia 76ers at New York Knicks,FanDuel,player_threes,Josh Hart,Under,1.5,-235,2026-05-06T23:34:17Z
Philadelphia 76ers at New York Knicks,FanDuel,player_threes,OG Anunoby,Over,2.5,-188,2026-05-06T23:34:17Z
Philadelphia 76ers at New York Knicks,FanDuel,player_threes,OG Anunoby,Under,2.5,140,2026-05-06T23:34:17Z
Philadelphia 76ers at New York Knicks,FanDuel,player_threes,Mikal Bridges,Over,1.5,134,2026-05-06T23:34:17Z
Philadelphia 76ers at New York Knicks,FanDuel,player_threes,Mikal Bridges,Under,1.5,-180,2026-05-06T23:34:17Z
Philadelphia 76ers at New York Knicks,FanDuel,player_threes,Tyrese Maxey,Over,2.5,126,2026-05-06T23:34:17Z
Philadelphia 76ers at New York Knicks,FanDuel,player_threes,Tyrese Maxey,Under,2.5,-168,2026-05-06T23:34:17Z
Philadelphia 76ers at New York Knicks,FanDuel,player_threes,Jalen Brunson,Over,1.5,-210,2026-05-06T23:34:17Z
Philadelphia 76ers at New York Knicks,FanDuel,player_threes,Jalen Brunson,Under,1.5,154,2026-05-06T23:34:17Z
Philadelphia 76ers at New York Knicks,FanDuel,player_threes,Miles McBride,Over,1.5,-125,2026-05-06T23:34:17Z
Philadelphia 76ers at New York Knicks,FanDuel,player_threes,Miles McBride,Under,1.5,-106,2026-05-06T23:34:17Z
Philadelphia 76ers at New York Knicks,DraftKings,player_assists,Jalen Brunson,Over,6.5,-154,2026-05-06T23:34:24Z
Philadelphia 76ers at New York Knicks,DraftKings,player_assists,Jalen Brunson,Under,6.5,120,2026-05-06T23:34:24Z
Philadelphia 76ers at New York Knicks,DraftKings,player_assists,Tyrese Maxey,Over,6.5,124,2026-05-06T23:34:24Z
Philadelphia 76ers at New York Knicks,DraftKings,player_assists,Tyrese Maxey,Under,6.5,-160,2026-05-06T23:34:24Z
Philadelphia 76ers at New York Knicks,DraftKings,player_assists,Karl-Anthony Towns,Over,5.5,114,2026-05-06T23:34:24Z
Philadelphia 76ers at New York Knicks,DraftKings,player_assists,Karl-Anthony Towns,Under,5.5,-145,2026-05-06T23:34:24Z
Philadelphia 76ers at New York Knicks,DraftKings,player_assists,Josh Hart,Over,4.5,-154,2026-05-06T23:34:24Z
Philadelphia 76ers at New York Knicks,DraftKings,player_assists,Josh Hart,Under,4.5,120,2026-05-06T23:34:24Z
Philadelphia 76ers at New York Knicks,DraftKings,player_assists,Paul George,Over,4.5,124,2026-05-06T23:34:24Z
Philadelphia 76ers at New York Knicks,DraftKings,player_assists,Paul George,Under,4.5,-160,2026-05-06T23:34:24Z
Philadelphia 76ers at New York Knicks,DraftKings,player_assists,VJ Edgecombe,Over,3.5,124,2026-05-06T23:34:24Z
Philadelphia 76ers at New York Knicks,DraftKings,player_assists,VJ Edgecombe,Under,3.5,-160,2026-05-06T23:34:24Z
Philadelphia 76ers at New York Knicks,DraftKings,player_assists,OG Anunoby,Over,2.5,124,2026-05-06T23:34:24Z
Philadelphia 76ers at New York Knicks,DraftKings,player_assists,OG Anunoby,Under,2.5,-160,2026-05-06T23:34:24Z
Philadelphia 76ers at New York Knicks,DraftKings,player_assists,Mikal Bridges,Over,2.5,145,2026-05-06T23:34:24Z
Philadelphia 76ers at New York Knicks,DraftKings,player_assists,Mikal Bridges,Under,2.5,-188,2026-05-06T23:34:24Z
Philadelphia 76ers at New York Knicks,DraftKings,player_assists,Quentin Grimes,Over,1.5,-160,2026-05-06T23:34:24Z
Philadelphia 76ers at New York Knicks,DraftKings,player_assists,Quentin Grimes,Under,1.5,124,2026-05-06T23:34:24Z
Philadelphia 76ers at New York Knicks,DraftKings,player_assists,Miles McBride,Over,1.5,105,2026-05-06T23:34:24Z
Philadelphia 76ers at New York Knicks,DraftKings,player_assists,Miles McBride,Under,1.5,-135,2026-05-06T23:34:24Z
Philadelphia 76ers at New York Knicks,DraftKings,player_blocks,Mikal Bridges,Over,1.5,135,2026-05-06T23:34:24Z
Philadelphia 76ers at New York Knicks,DraftKings,player_blocks,Mikal Bridges,Under,1.5,-175,2026-05-06T23:34:24Z
Philadelphia 76ers at New York Knicks,DraftKings,player_points,Paul George,Over,26.5,-115,2026-05-06T23:33:16Z
Philadelphia 76ers at New York Knicks,DraftKings,player_points,Paul George,Under,26.5,-115,2026-05-06T23:33:16Z
Philadelphia 76ers at New York Knicks,DraftKings,player_points,Tyrese Maxey,Over,25.5,-105,2026-05-06T23:33:16Z
Philadelphia 76ers at New York Knicks,DraftKings,player_points,Tyrese Maxey,Under,25.5,-125,2026-05-06T23:33:16Z
Philadelphia 76ers at New York Knicks,DraftKings,player_points,Karl-Anthony Towns,Over,24.5,-125,2026-05-06T23:33:16Z
Philadelphia 76ers at New York Knicks,DraftKings,player_points,Karl-Anthony Towns,Under,24.5,-105,2026-05-06T23:33:16Z
Philadelphia 76ers at New York Knicks,DraftKings,player_points,Jalen Brunson,Over,22.5,-110,2026-05-06T23:33:16Z
Philadelphia 76ers at New York Knicks,DraftKings,player_points,Jalen Brunson,Under,22.5,-120,2026-05-06T23:33:16Z
Philadelphia 76ers at New York Knicks,DraftKings,player_points,OG Anunoby,Over,21.5,-125,2026-05-06T23:33:16Z
Philadelphia 76ers at New York Knicks,DraftKings,player_points,OG Anunoby,Under,21.5,-105,2026-05-06T23:33:16Z
Philadelphia 76ers at New York Knicks,DraftKings,player_points,VJ Edgecombe,Over,14.5,-115,2026-05-06T23:33:16Z
Philadelphia 76ers at New York Knicks,DraftKings,player_points,VJ Edgecombe,Under,14.5,-115,2026-05-06T23:33:16Z
Philadelphia 76ers at New York Knicks,DraftKings,player_points,Mikal Bridges,Over,13.5,-110,2026-05-06T23:33:16Z
Philadelphia 76ers at New York Knicks,DraftKings,player_points,Mikal Bridges,Under,13.5,-120,2026-05-06T23:33:16Z
Philadelphia 76ers at New York Knicks,DraftKings,player_points,Kelly Oubre Jr,Over,12.5,-115,2026-05-06T23:33:16Z
Philadelphia 76ers at New York Knicks,DraftKings,player_points,Kelly Oubre Jr,Under,12.5,-115,2026-05-06T23:33:16Z
Philadelphia 76ers at New York Knicks,DraftKings,player_points,Josh Hart,Over,9.5,-130,2026-05-06T23:33:16Z
Philadelphia 76ers at New York Knicks,DraftKings,player_points,Josh Hart,Under,9.5,100,2026-05-06T23:33:16Z
Philadelphia 76ers at New York Knicks,DraftKings,player_points,Quentin Grimes,Over,7.5,-125,2026-05-06T23:33:16Z
Philadelphia 76ers at New York Knicks,DraftKings,player_points,Quentin Grimes,Under,7.5,-105,2026-05-06T23:33:16Z
Philadelphia 76ers at New York Knicks,DraftKings,player_points,Miles McBride,Over,6.5,-125,2026-05-06T23:33:16Z
Philadelphia 76ers at New York Knicks,DraftKings,player_points,Miles McBride,Under,6.5,-105,2026-05-06T23:33:16Z
Philadelphia 76ers at New York Knicks,DraftKings,player_points,Jordan Clarkson,Over,5.5,-130,2026-05-06T23:33:16Z
Philadelphia 76ers at New York Knicks,DraftKings,player_points,Jordan Clarkson,Under,5.5,100,2026-05-06T23:33:16Z
Philadelphia 76ers at New York Knicks,DraftKings,player_points,Andre Drummond,Over,4.5,-110,2026-05-06T23:33:16Z
Philadelphia 76ers at New York Knicks,DraftKings,player_points,Andre Drummond,Under,4.5,-120,2026-05-06T23:33:16Z
Philadelphia 76ers at New York Knicks,DraftKings,player_points,Adem Bona,Over,3.5,-130,2026-05-06T23:33:16Z
Philadelphia 76ers at New York Knicks,DraftKings,player_points,Adem Bona,Under,3.5,100,2026-05-06T23:33:16Z
Philadelphia 76ers at New York Knicks,DraftKings,player_points,Justin Edwards,Over,3.5,105,2026-05-06T23:33:16Z
Philadelphia 76ers at New York Knicks,DraftKings,player_points,Justin Edwards,Under,3.5,-135,2026-05-06T23:33:16Z
Philadelphia 76ers at New York Knicks,DraftKings,player_rebounds,Karl-Anthony Towns,Over,10.5,-105,2026-05-06T23:34:24Z
Philadelphia 76ers at New York Knicks,DraftKings,player_rebounds,Karl-Anthony Towns,Under,10.5,-125,2026-05-06T23:34:24Z
Philadelphia 76ers at New York Knicks,DraftKings,player_rebounds,Josh Hart,Over,8.5,-105,2026-05-06T23:34:24Z
Philadelphia 76ers at New York Knicks,DraftKings,player_rebounds,Josh Hart,Under,8.5,-125,2026-05-06T23:34:24Z
Philadelphia 76ers at New York Knicks,DraftKings,player_rebounds,Andre Drummond,Over,7.5,-110,2026-05-06T23:34:24Z
Philadelphia 76ers at New York Knicks,DraftKings,player_rebounds,Andre Drummond,Under,7.5,-120,2026-05-06T23:34:24Z
Philadelphia 76ers at New York Knicks,DraftKings,player_rebounds,OG Anunoby,Over,5.5,-130,2026-05-06T23:34:24Z
Philadelphia 76ers at New York Knicks,DraftKings,player_rebounds,OG Anunoby,Under,5.5,100,2026-05-06T23:34:24Z
Philadelphia 76ers at New York Knicks,DraftKings,player_rebounds,Tyrese Maxey,Over,5.5,-130,2026-05-06T23:34:24Z
Philadelphia 76ers at New York Knicks,DraftKings,player_rebounds,Tyrese Maxey,Under,5.5,100,2026-05-06T23:34:24Z
Philadelphia 76ers at New York Knicks,DraftKings,player_rebounds,VJ Edgecombe,Over,5.5,-115,2026-05-06T23:34:24Z
Philadelphia 76ers at New York Knicks,DraftKings,player_rebounds,VJ Edgecombe,Under,5.5,-115,2026-05-06T23:34:24Z
Philadelphia 76ers at New York Knicks,DraftKings,player_rebounds,Paul George,Over,5.5,-110,2026-05-06T23:34:24Z
Philadelphia 76ers at New York Knicks,DraftKings,player_rebounds,Paul George,Under,5.5,-120,2026-05-06T23:34:24Z
Philadelphia 76ers at New York Knicks,DraftKings,player_rebounds,Adem Bona,Over,4.5,-160,2026-05-06T23:34:24Z
Philadelphia 76ers at New York Knicks,DraftKings,player_rebounds,Adem Bona,Under,4.5,124,2026-05-06T23:34:24Z
Philadelphia 76ers at New York Knicks,DraftKings,player_rebounds,Kelly Oubre Jr,Over,4.5,-110,2026-05-06T23:34:24Z
Philadelphia 76ers at New York Knicks,DraftKings,player_rebounds,Kelly Oubre Jr,Under,4.5,-120,2026-05-06T23:34:24Z
Philadelphia 76ers at New York Knicks,DraftKings,player_rebounds,Quentin Grimes,Over,2.5,-110,2026-05-06T23:34:24Z
Philadelphia 76ers at New York Knicks,DraftKings,player_rebounds,Quentin Grimes,Under,2.5,-120,2026-05-06T23:34:24Z
Philadelphia 76ers at New York Knicks,DraftKings,player_rebounds,Jalen Brunson,Over,2.5,105,2026-05-06T23:34:24Z
Philadelphia 76ers at New York Knicks,DraftKings,player_rebounds,Jalen Brunson,Under,2.5,-135,2026-05-06T23:34:24Z
Philadelphia 76ers at New York Knicks,DraftKings,player_rebounds,Mikal Bridges,Over,2.5,145,2026-05-06T23:34:24Z
Philadelphia 76ers at New York Knicks,DraftKings,player_rebounds,Mikal Bridges,Under,2.5,-188,2026-05-06T23:34:24Z
Philadelphia 76ers at New York Knicks,DraftKings,player_rebounds,Miles McBride,Over,1.5,124,2026-05-06T23:34:24Z
Philadelphia 76ers at New York Knicks,DraftKings,player_rebounds,Miles McBride,Under,1.5,-160,2026-05-06T23:34:24Z
Philadelphia 76ers at New York Knicks,DraftKings,player_steals,VJ Edgecombe,Over,1.5,-200,2026-05-06T23:34:24Z
Philadelphia 76ers at New York Knicks,DraftKings,player_steals,VJ Edgecombe,Under,1.5,154,2026-05-06T23:34:24Z
Philadelphia 76ers at New York Knicks,DraftKings,player_steals,Tyrese Maxey,Over,1.5,185,2026-05-06T23:34:24Z
Philadelphia 76ers at New York Knicks,DraftKings,player_steals,Tyrese Maxey,Under,1.5,-245,2026-05-06T23:34:24Z
Philadelphia 76ers at New York Knicks,DraftKings,player_threes,Paul George,Over,5.5,110,2026-05-06T23:34:24Z
Philadelphia 76ers at New York Knicks,DraftKings,player_threes,Paul George,Under,5.5,-140,2026-05-06T23:34:24Z
Philadelphia 76ers at New York Knicks,DraftKings,player_threes,OG Anunoby,Over,2.5,-180,2026-05-06T23:34:24Z
Philadelphia 76ers at New York Knicks,DraftKings,player_threes,OG Anunoby,Under,2.5,140,2026-05-06T23:34:24Z
Philadelphia 76ers at New York Knicks,DraftKings,player_threes,Tyrese Maxey,Over,2.5,114,2026-05-06T23:34:24Z
Philadelphia 76ers at New York Knicks,DraftKings,player_threes,Tyrese Maxey,Under,2.5,-145,2026-05-06T23:34:24Z
Philadelphia 76ers at New York Knicks,DraftKings,player_threes,Jalen Brunson,Over,1.5,-154,2026-05-06T23:34:24Z
Philadelphia 76ers at New York Knicks,DraftKings,player_threes,Jalen Brunson,Under,1.5,120,2026-05-06T23:34:24Z
Philadelphia 76ers at New York Knicks,DraftKings,player_threes,VJ Edgecombe,Over,1.5,-125,2026-05-06T23:34:24Z
Philadelphia 76ers at New York Knicks,DraftKings,player_threes,VJ Edgecombe,Under,1.5,-105,2026-05-06T23:34:24Z
Philadelphia 76ers at New York Knicks,DraftKings,player_threes,Miles McBride,Over,1.5,-110,2026-05-06T23:34:24Z
Philadelphia 76ers at New York Knicks,DraftKings,player_threes,Miles McBride,Under,1.5,-120,2026-05-06T23:34:24Z
Philadelphia 76ers at New York Knicks,DraftKings,player_threes,Mikal Bridges,Over,1.5,154,2026-05-06T23:34:24Z
Philadelphia 76ers at New York Knicks,DraftKings,player_threes,Mikal Bridges,Under,1.5,-200,2026-05-06T23:34:24Z
Philadelphia 76ers at New York Knicks,DraftKings,player_threes,Kelly Oubre Jr,Over,1.5,160,2026-05-06T23:34:24Z
Philadelphia 76ers at New York Knicks,DraftKings,player_threes,Kelly Oubre Jr,Under,1.5,-210,2026-05-06T23:34:24Z
Philadelphia 76ers at New York Knicks,DraftKings,player_threes,Karl-Anthony Towns,Over,1.5,180,2026-05-06T23:34:24Z
Philadelphia 76ers at New York Knicks,DraftKings,player_threes,Karl-Anthony Towns,Under,1.5,-238,2026-05-06T23:34:24Z
Philadelphia 76ers at New York Knicks,DraftKings,player_threes,Josh Hart,Over,0.5,-230,2026-05-06T23:34:24Z
Philadelphia 76ers at New York Knicks,DraftKings,player_threes,Josh Hart,Under,0.5,175,2026-05-06T23:34:24Z
Philadelphia 76ers at New York Knicks,DraftKings,player_threes,Quentin Grimes,Over,0.5,-210,2026-05-06T23:34:24Z
Philadelphia 76ers at New York Knicks,DraftKings,player_threes,Quentin Grimes,Under,0.5,160,2026-05-06T23:34:24Z
Philadelphia 76ers at New York Knicks,DraftKings,player_threes,Jordan Clarkson,Over,0.5,120,2026-05-06T23:34:24Z
Philadelphia 76ers at New York Knicks,DraftKings,player_threes,Jordan Clarkson,Under,0.5,-154,2026-05-06T23:34:24Z
Philadelphia 76ers at New York Knicks,DraftKings,player_threes,Andre Drummond,Over,0.5,170,2026-05-06T23:34:24Z
Philadelphia 76ers at New York Knicks,DraftKings,player_threes,Andre Drummond,Under,0.5,-220,2026-05-06T23:34:24Z
Philadelphia 76ers at New York Knicks,Bovada,player_assists,Jalen Brunson,Over,7.5,115,2026-05-06T23:32:39Z
Philadelphia 76ers at New York Knicks,Bovada,player_assists,Jalen Brunson,Under,7.5,-150,2026-05-06T23:32:39Z
Philadelphia 76ers at New York Knicks,Bovada,player_assists,Jose Alvarado,Over,1.5,110,2026-05-06T23:32:39Z
Philadelphia 76ers at New York Knicks,Bovada,player_assists,Jose Alvarado,Under,1.5,-145,2026-05-06T23:32:39Z
Philadelphia 76ers at New York Knicks,Bovada,player_assists,Josh Hart,Over,5.5,130,2026-05-06T23:32:39Z
Philadelphia 76ers at New York Knicks,Bovada,player_assists,Josh Hart,Under,5.5,-170,2026-05-06T23:32:39Z
Philadelphia 76ers at New York Knicks,Bovada,player_assists,Karl-Anthony Towns,Over,4.5,100,2026-05-06T23:32:39Z
Philadelphia 76ers at New York Knicks,Bovada,player_assists,Karl-Anthony Towns,Under,4.5,-130,2026-05-06T23:32:39Z
Philadelphia 76ers at New York Knicks,Bovada,player_assists,Mikal Bridges,Over,1.5,-200,2026-05-06T23:32:39Z
Philadelphia 76ers at New York Knicks,Bovada,player_assists,Mikal Bridges,Under,1.5,150,2026-05-06T23:32:39Z
Philadelphia 76ers at New York Knicks,Bovada,player_assists,Miles McBride,Over,1.5,110,2026-05-06T23:32:39Z
Philadelphia 76ers at New York Knicks,Bovada,player_assists,Miles McBride,Under,1.5,-145,2026-05-06T23:32:39Z
Philadelphia 76ers at New York Knicks,Bovada,player_assists,OG Anunoby,Over,2.5,130,2026-05-06T23:32:39Z
Philadelphia 76ers at New York Knicks,Bovada,player_assists,OG Anunoby,Under,2.5,-170,2026-05-06T23:32:39Z
Philadelphia 76ers at New York Knicks,Bovada,player_assists,Paul George,Over,3.5,-155,2026-05-06T23:32:39Z
Philadelphia 76ers at New York Knicks,Bovada,player_assists,Paul George,Under,3.5,120,2026-05-06T23:32:39Z
Philadelphia 76ers at New York Knicks,Bovada,player_assists,Quentin Grimes,Over,2.5,140,2026-05-06T23:32:39Z
Philadelphia 76ers at New York Knicks,Bovada,player_assists,Quentin Grimes,Under,2.5,-185,2026-05-06T23:32:39Z
Philadelphia 76ers at New York Knicks,Bovada,player_assists,Tyrese Maxey,Over,5.5,-150,2026-05-06T23:32:39Z
Philadelphia 76ers at New York Knicks,Bovada,player_assists,Tyrese Maxey,Under,5.5,115,2026-05-06T23:32:39Z
Philadelphia 76ers at New York Knicks,Bovada,player_assists,VJ Edgecombe,Over,3.5,130,2026-05-06T23:32:39Z
Philadelphia 76ers at New York Knicks,Bovada,player_assists,VJ Edgecombe,Under,3.5,-170,2026-05-06T23:32:39Z
Philadelphia 76ers at New York Knicks,Bovada,player_points,Adem Bona,Over,3.5,-105,2026-05-06T23:32:39Z
Philadelphia 76ers at New York Knicks,Bovada,player_points,Adem Bona,Under,3.5,-125,2026-05-06T23:32:39Z
Philadelphia 76ers at New York Knicks,Bovada,player_points,Andre Drummond,Over,4.5,-115,2026-05-06T23:32:39Z
Philadelphia 76ers at New York Knicks,Bovada,player_points,Andre Drummond,Under,4.5,-115,2026-05-06T23:32:39Z
Philadelphia 76ers at New York Knicks,Bovada,player_points,Jalen Brunson,Over,23.5,-115,2026-05-06T23:32:39Z
Philadelphia 76ers at New York Knicks,Bovada,player_points,Jalen Brunson,Under,23.5,-115,2026-05-06T23:32:39Z
Philadelphia 76ers at New York Knicks,Bovada,player_points,Jordan Clarkson,Over,5.5,-125,2026-05-06T23:32:39Z
Philadelphia 76ers at New York Knicks,Bovada,player_points,Jordan Clarkson,Under,5.5,-105,2026-05-06T23:32:39Z
Philadelphia 76ers at New York Knicks,Bovada,player_points,Josh Hart,Over,9.5,-105,2026-05-06T23:32:39Z
Philadelphia 76ers at New York Knicks,Bovada,player_points,Josh Hart,Under,9.5,-125,2026-05-06T23:32:39Z
Philadelphia 76ers at New York Knicks,Bovada,player_points,Justin Edwards,Over,3.5,-105,2026-05-06T23:32:39Z
Philadelphia 76ers at New York Knicks,Bovada,player_points,Justin Edwards,Under,3.5,-125,2026-05-06T23:32:39Z
Philadelphia 76ers at New York Knicks,Bovada,player_points,Karl-Anthony Towns,Over,24.5,-105,2026-05-06T23:32:39Z
Philadelphia 76ers at New York Knicks,Bovada,player_points,Karl-Anthony Towns,Under,24.5,-125,2026-05-06T23:32:39Z
Philadelphia 76ers at New York Knicks,Bovada,player_points,Kelly Oubre Jr,Over,12.5,-115,2026-05-06T23:32:39Z
Philadelphia 76ers at New York Knicks,Bovada,player_points,Kelly Oubre Jr,Under,12.5,-115,2026-05-06T23:32:39Z
Philadelphia 76ers at New York Knicks,Bovada,player_points,Mikal Bridges,Over,14.5,-115,2026-05-06T23:32:39Z
Philadelphia 76ers at New York Knicks,Bovada,player_points,Mikal Bridges,Under,14.5,-115,2026-05-06T23:32:39Z
Philadelphia 76ers at New York Knicks,Bovada,player_points,Miles McBride,Over,6.5,-125,2026-05-06T23:32:39Z
Philadelphia 76ers at New York Knicks,Bovada,player_points,Miles McBride,Under,6.5,-105,2026-05-06T23:32:39Z
Philadelphia 76ers at New York Knicks,Bovada,player_points,OG Anunoby,Over,19.5,-115,2026-05-06T23:32:39Z
Philadelphia 76ers at New York Knicks,Bovada,player_points,OG Anunoby,Under,19.5,-115,2026-05-06T23:32:39Z
Philadelphia 76ers at New York Knicks,Bovada,player_points,Paul George,Over,26.5,-105,2026-05-06T23:32:39Z
Philadelphia 76ers at New York Knicks,Bovada,player_points,Paul George,Under,26.5,-125,2026-05-06T23:32:39Z
Philadelphia 76ers at New York Knicks,Bovada,player_points,Quentin Grimes,Over,7.5,-125,2026-05-06T23:32:39Z
Philadelphia 76ers at New York Knicks,Bovada,player_points,Quentin Grimes,Under,7.5,-105,2026-05-06T23:32:39Z
Philadelphia 76ers at New York Knicks,Bovada,player_points,Tyrese Maxey,Over,26.5,-105,2026-05-06T23:32:39Z
Philadelphia 76ers at New York Knicks,Bovada,player_points,Tyrese Maxey,Under,26.5,-125,2026-05-06T23:32:39Z
Philadelphia 76ers at New York Knicks,Bovada,player_points,VJ Edgecombe,Over,14.5,-125,2026-05-06T23:32:39Z
Philadelphia 76ers at New York Knicks,Bovada,player_points,VJ Edgecombe,Under,14.5,-105,2026-05-06T23:32:39Z
Philadelphia 76ers at New York Knicks,Bovada,player_rebounds,Adem Bona,Over,3.5,-120,2026-05-06T23:32:39Z
Philadelphia 76ers at New York Knicks,Bovada,player_rebounds,Adem Bona,Under,3.5,-110,2026-05-06T23:32:39Z
Philadelphia 76ers at New York Knicks,Bovada,player_rebounds,Andre Drummond,Over,7.5,-115,2026-05-06T23:32:39Z
Philadelphia 76ers at New York Knicks,Bovada,player_rebounds,Andre Drummond,Under,7.5,-115,2026-05-06T23:32:39Z
Philadelphia 76ers at New York Knicks,Bovada,player_rebounds,Jalen Brunson,Over,2.5,115,2026-05-06T23:32:39Z
Philadelphia 76ers at New York Knicks,Bovada,player_rebounds,Jalen Brunson,Under,2.5,-150,2026-05-06T23:32:39Z
Philadelphia 76ers at New York Knicks,Bovada,player_rebounds,Josh Hart,Over,8.5,-115,2026-05-06T23:32:39Z
Philadelphia 76ers at New York Knicks,Bovada,player_rebounds,Josh Hart,Under,8.5,-115,2026-05-06T23:32:39Z
Philadelphia 76ers at New York Knicks,Bovada,player_rebounds,Karl-Anthony Towns,Over,11.5,105,2026-05-06T23:32:39Z
Philadelphia 76ers at New York Knicks,Bovada,player_rebounds,Karl-Anthony Towns,Under,11.5,-135,2026-05-06T23:32:39Z
Philadelphia 76ers at New York Knicks,Bovada,player_rebounds,Kelly Oubre Jr,Over,4.5,-105,2026-05-06T23:32:39Z
Philadelphia 76ers at New York Knicks,Bovada,player_rebounds,Kelly Oubre Jr,Under,4.5,-125,2026-05-06T23:32:39Z
Philadelphia 76ers at New York Knicks,Bovada,player_rebounds,Mikal Bridges,Over,2.5,115,2026-05-06T23:32:39Z
Philadelphia 76ers at New York Knicks,Bovada,player_rebounds,Mikal Bridges,Under,2.5,-150,2026-05-06T23:32:39Z
Philadelphia 76ers at New York Knicks,Bovada,player_rebounds,OG Anunoby,Over,4.5,-135,2026-05-06T23:32:39Z
Philadelphia 76ers at New York Knicks,Bovada,player_rebounds,OG Anunoby,Under,4.5,105,2026-05-06T23:32:39Z
Philadelphia 76ers at New York Knicks,Bovada,player_rebounds,Paul George,Over,4.5,-125,2026-05-06T23:32:39Z
Philadelphia 76ers at New York Knicks,Bovada,player_rebounds,Paul George,Under,4.5,-105,2026-05-06T23:32:39Z
Philadelphia 76ers at New York Knicks,Bovada,player_rebounds,Quentin Grimes,Over,2.5,-105,2026-05-06T23:32:39Z
Philadelphia 76ers at New York Knicks,Bovada,player_rebounds,Quentin Grimes,Under,2.5,-125,2026-05-06T23:32:39Z
Philadelphia 76ers at New York Knicks,Bovada,player_rebounds,VJ Edgecombe,Over,5.5,-115,2026-05-06T23:32:39Z
Philadelphia 76ers at New York Knicks,Bovada,player_rebounds,VJ Edgecombe,Under,5.5,-115,2026-05-06T23:32:39Z
Philadelphia 76ers at New York Knicks,Bovada,player_threes,Andre Drummond,Over,0.5,180,2026-05-06T23:32:39Z
Philadelphia 76ers at New York Knicks,Bovada,player_threes,Andre Drummond,Under,0.5,-240,2026-05-06T23:32:39Z
Philadelphia 76ers at New York Knicks,Bovada,player_threes,Jalen Brunson,Over,2.5,130,2026-05-06T23:32:39Z
Philadelphia 76ers at New York Knicks,Bovada,player_threes,Jalen Brunson,Under,2.5,-170,2026-05-06T23:32:39Z
Philadelphia 76ers at New York Knicks,Bovada,player_threes,Jordan Clarkson,Over,0.5,-110,2026-05-06T23:32:39Z
Philadelphia 76ers at New York Knicks,Bovada,player_threes,Jordan Clarkson,Under,0.5,-120,2026-05-06T23:32:39Z
Philadelphia 76ers at New York Knicks,Bovada,player_threes,Josh Hart,Over,1.5,165,2026-05-06T23:32:39Z
Philadelphia 76ers at New York Knicks,Bovada,player_threes,Josh Hart,Under,1.5,-220,2026-05-06T23:32:39Z
Philadelphia 76ers at New York Knicks,Bovada,player_threes,Karl-Anthony Towns,Over,1.5,150,2026-05-06T23:32:39Z
Philadelphia 76ers at New York Knicks,Bovada,player_threes,Karl-Anthony Towns,Under,1.5,-200,2026-05-06T23:32:39Z
Philadelphia 76ers at New York Knicks,Bovada,player_threes,Kelly Oubre Jr,Over,1.5,150,2026-05-06T23:32:39Z
Philadelphia 76ers at New York Knicks,Bovada,player_threes,Kelly Oubre Jr,Under,1.5,-200,2026-05-06T23:32:39Z
Philadelphia 76ers at New York Knicks,Bovada,player_threes,Mikal Bridges,Over,1.5,120,2026-05-06T23:32:39Z
Philadelphia 76ers at New York Knicks,Bovada,player_threes,Mikal Bridges,Under,1.5,-155,2026-05-06T23:32:39Z
Philadelphia 76ers at New York Knicks,Bovada,player_threes,Miles McBride,Over,1.5,-120,2026-05-06T23:32:39Z
Philadelphia 76ers at New York Knicks,Bovada,player_threes,Miles McBride,Under,1.5,-110,2026-05-06T23:32:39Z
Philadelphia 76ers at New York Knicks,Bovada,player_threes,OG Anunoby,Over,2.5,-200,2026-05-06T23:32:39Z
Philadelphia 76ers at New York Knicks,Bovada,player_threes,OG Anunoby,Under,2.5,150,2026-05-06T23:32:39Z
Philadelphia 76ers at New York Knicks,Bovada,player_threes,Paul George,Over,5.5,110,2026-05-06T23:32:39Z
Philadelphia 76ers at New York Knicks,Bovada,player_threes,Paul George,Under,5.5,-145,2026-05-06T23:32:39Z
Philadelphia 76ers at New York Knicks,Bovada,player_threes,Quentin Grimes,Over,0.5,-240,2026-05-06T23:32:39Z
Philadelphia 76ers at New York Knicks,Bovada,player_threes,Quentin Grimes,Under,0.5,180,2026-05-06T23:32:39Z
Philadelphia 76ers at New York Knicks,Bovada,player_threes,Tyrese Maxey,Over,2.5,120,2026-05-06T23:32:39Z
Philadelphia 76ers at New York Knicks,Bovada,player_threes,Tyrese Maxey,Under,2.5,-155,2026-05-06T23:32:39Z
Philadelphia 76ers at New York Knicks,Bovada,player_threes,VJ Edgecombe,Over,1.5,-135,2026-05-06T23:32:39Z
Philadelphia 76ers at New York Knicks,Bovada,player_threes,VJ Edgecombe,Under,1.5,105,2026-05-06T23:32:39Z
Minnesota Timberwolves at San Antonio Spurs,DraftKings,player_assists,Stephon Castle,Over,6.5,-128,2026-05-06T23:32:40Z
Minnesota Timberwolves at San Antonio Spurs,DraftKings,player_assists,Stephon Castle,Under,6.5,-103,2026-05-06T23:32:40Z
Minnesota Timberwolves at San Antonio Spurs,DraftKings,player_assists,De'Aaron Fox,Over,5.5,-144,2026-05-06T23:32:40Z
Minnesota Timberwolves at San Antonio Spurs,DraftKings,player_assists,De'Aaron Fox,Under,5.5,110,2026-05-06T23:32:40Z
Minnesota Timberwolves at San Antonio Spurs,DraftKings,player_assists,Julius Randle,Over,4.5,120,2026-05-06T23:32:40Z
Minnesota Timberwolves at San Antonio Spurs,DraftKings,player_assists,Julius Randle,Under,4.5,-158,2026-05-06T23:32:40Z
Minnesota Timberwolves at San Antonio Spurs,DraftKings,player_assists,Victor Wembanyama,Over,3.5,100,2026-05-06T23:32:40Z
Minnesota Timberwolves at San Antonio Spurs,DraftKings,player_assists,Victor Wembanyama,Under,3.5,-131,2026-05-06T23:32:40Z
Minnesota Timberwolves at San Antonio Spurs,DraftKings,player_assists,Dylan Harper,Over,3.5,130,2026-05-06T23:32:40Z
Minnesota Timberwolves at San Antonio Spurs,DraftKings,player_assists,Dylan Harper,Under,3.5,-171,2026-05-06T23:32:40Z
Minnesota Timberwolves at San Antonio Spurs,DraftKings,player_assists,Ayo Dosunmu,Over,3.5,133,2026-05-06T23:32:40Z
Minnesota Timberwolves at San Antonio Spurs,DraftKings,player_assists,Ayo Dosunmu,Under,3.5,-177,2026-05-06T23:32:40Z
Minnesota Timberwolves at San Antonio Spurs,DraftKings,player_assists,Anthony Edwards,Over,2.5,-174,2026-05-06T23:32:40Z
Minnesota Timberwolves at San Antonio Spurs,DraftKings,player_assists,Anthony Edwards,Under,2.5,132,2026-05-06T23:32:40Z
Minnesota Timberwolves at San Antonio Spurs,DraftKings,player_assists,Mike Conley,Over,2.5,-167,2026-05-06T23:32:40Z
Minnesota Timberwolves at San Antonio Spurs,DraftKings,player_assists,Mike Conley,Under,2.5,126,2026-05-06T23:32:40Z
Minnesota Timberwolves at San Antonio Spurs,DraftKings,player_assists,Jaden McDaniels,Over,2.5,107,2026-05-06T23:32:40Z
Minnesota Timberwolves at San Antonio Spurs,DraftKings,player_assists,Jaden McDaniels,Under,2.5,-140,2026-05-06T23:32:40Z
Minnesota Timberwolves at San Antonio Spurs,DraftKings,player_assists,Devin Vassell,Over,2.5,132,2026-05-06T23:32:40Z
Minnesota Timberwolves at San Antonio Spurs,DraftKings,player_assists,Devin Vassell,Under,2.5,-174,2026-05-06T23:32:40Z
Minnesota Timberwolves at San Antonio Spurs,DraftKings,player_assists,Rudy Gobert,Over,1.5,-139,2026-05-06T23:32:40Z
Minnesota Timberwolves at San Antonio Spurs,DraftKings,player_assists,Rudy Gobert,Under,1.5,105,2026-05-06T23:32:40Z
Minnesota Timberwolves at San Antonio Spurs,DraftKings,player_assists,Naz Reid,Over,1.5,-133,2026-05-06T23:32:40Z
Minnesota Timberwolves at San Antonio Spurs,DraftKings,player_assists,Naz Reid,Under,1.5,101,2026-05-06T23:32:40Z
Minnesota Timberwolves at San Antonio Spurs,DraftKings,player_assists,Julian Champagnie,Over,1.5,168,2026-05-06T23:32:40Z
Minnesota Timberwolves at San Antonio Spurs,DraftKings,player_assists,Julian Champagnie,Under,1.5,-225,2026-05-06T23:32:40Z
Minnesota Timberwolves at San Antonio Spurs,DraftKings,player_blocks,Victor Wembanyama,Over,4.5,117,2026-05-06T23:33:50Z
Minnesota Timberwolves at San Antonio Spurs,DraftKings,player_blocks,Victor Wembanyama,Under,4.5,-156,2026-05-06T23:33:50Z
Minnesota Timberwolves at San Antonio Spurs,DraftKings,player_blocks,Rudy Gobert,Over,1.5,124,2026-05-06T23:33:50Z
Minnesota Timberwolves at San Antonio Spurs,DraftKings,player_blocks,Rudy Gobert,Under,1.5,-165,2026-05-06T23:33:50Z
Minnesota Timberwolves at San Antonio Spurs,DraftKings,player_blocks,Jaden McDaniels,Over,0.5,-180,2026-05-06T23:33:50Z
Minnesota Timberwolves at San Antonio Spurs,DraftKings,player_blocks,Jaden McDaniels,Under,0.5,135,2026-05-06T23:33:50Z
Minnesota Timberwolves at San Antonio Spurs,DraftKings,player_blocks,Naz Reid,Over,0.5,-166,2026-05-06T23:33:50Z
Minnesota Timberwolves at San Antonio Spurs,DraftKings,player_blocks,Naz Reid,Under,0.5,124,2026-05-06T23:33:50Z
Minnesota Timberwolves at San Antonio Spurs,DraftKings,player_blocks,Anthony Edwards,Over,0.5,-110,2026-05-06T23:33:50Z
Minnesota Timberwolves at San Antonio Spurs,DraftKings,player_blocks,Anthony Edwards,Under,0.5,-120,2026-05-06T23:33:50Z
Minnesota Timberwolves at San Antonio Spurs,DraftKings,player_blocks,Devin Vassell,Over,0.5,131,2026-05-06T23:33:50Z
Minnesota Timberwolves at San Antonio Spurs,DraftKings,player_blocks,Devin Vassell,Under,0.5,-175,2026-05-06T23:33:50Z
Minnesota Timberwolves at San Antonio Spurs,DraftKings,player_blocks,Julian Champagnie,Over,0.5,156,2026-05-06T23:33:50Z
Minnesota Timberwolves at San Antonio Spurs,DraftKings,player_blocks,Julian Champagnie,Under,0.5,-209,2026-05-06T23:33:50Z
Minnesota Timberwolves at San Antonio Spurs,DraftKings,player_blocks,Dylan Harper,Over,0.5,267,2026-05-06T23:33:50Z
Minnesota Timberwolves at San Antonio Spurs,DraftKings,player_blocks,Dylan Harper,Under,0.5,-373,2026-05-06T23:33:50Z
Minnesota Timberwolves at San Antonio Spurs,DraftKings,player_blocks,Julius Randle,Over,0.5,280,2026-05-06T23:33:50Z
Minnesota Timberwolves at San Antonio Spurs,DraftKings,player_blocks,Julius Randle,Under,0.5,-392,2026-05-06T23:33:50Z
Minnesota Timberwolves at San Antonio Spurs,DraftKings,player_blocks,Ayo Dosunmu,Over,0.5,282,2026-05-06T23:33:50Z
Minnesota Timberwolves at San Antonio Spurs,DraftKings,player_blocks,Ayo Dosunmu,Under,0.5,-395,2026-05-06T23:33:50Z
Minnesota Timberwolves at San Antonio Spurs,DraftKings,player_blocks,Stephon Castle,Over,0.5,295,2026-05-06T23:33:50Z
Minnesota Timberwolves at San Antonio Spurs,DraftKings,player_blocks,Stephon Castle,Under,0.5,-415,2026-05-06T23:33:50Z
Minnesota Timberwolves at San Antonio Spurs,DraftKings,player_blocks,De'Aaron Fox,Over,0.5,300,2026-05-06T23:33:50Z
Minnesota Timberwolves at San Antonio Spurs,DraftKings,player_blocks,De'Aaron Fox,Under,0.5,-423,2026-05-06T23:33:50Z
Minnesota Timberwolves at San Antonio Spurs,DraftKings,player_blocks,Mike Conley,Over,0.5,412,2026-05-06T23:33:50Z
Minnesota Timberwolves at San Antonio Spurs,DraftKings,player_blocks,Mike Conley,Under,0.5,-610,2026-05-06T23:33:50Z
Minnesota Timberwolves at San Antonio Spurs,DraftKings,player_points,Victor Wembanyama,Over,27.5,-104,2026-05-06T23:33:50Z
Minnesota Timberwolves at San Antonio Spurs,DraftKings,player_points,Victor Wembanyama,Under,27.5,-123,2026-05-06T23:33:50Z
Minnesota Timberwolves at San Antonio Spurs,DraftKings,player_points,Anthony Edwards,Over,20.5,-119,2026-05-06T23:33:50Z
Minnesota Timberwolves at San Antonio Spurs,DraftKings,player_points,Anthony Edwards,Under,20.5,-107,2026-05-06T23:33:50Z
Minnesota Timberwolves at San Antonio Spurs,DraftKings,player_points,Julius Randle,Over,18.5,-109,2026-05-06T23:33:50Z
Minnesota Timberwolves at San Antonio Spurs,DraftKings,player_points,Julius Randle,Under,18.5,-117,2026-05-06T23:33:50Z
Minnesota Timberwolves at San Antonio Spurs,DraftKings,player_points,De'Aaron Fox,Over,17.5,-105,2026-05-06T23:33:50Z
Minnesota Timberwolves at San Antonio Spurs,DraftKings,player_points,De'Aaron Fox,Under,17.5,-122,2026-05-06T23:33:50Z
Minnesota Timberwolves at San Antonio Spurs,DraftKings,player_points,Stephon Castle,Over,17.5,100,2026-05-06T23:33:50Z
Minnesota Timberwolves at San Antonio Spurs,DraftKings,player_points,Stephon Castle,Under,17.5,-127,2026-05-06T23:33:50Z
Minnesota Timberwolves at San Antonio Spurs,DraftKings,player_points,Jaden McDaniels,Over,14.5,101,2026-05-06T23:33:50Z
Minnesota Timberwolves at San Antonio Spurs,DraftKings,player_points,Jaden McDaniels,Under,14.5,-129,2026-05-06T23:33:50Z
Minnesota Timberwolves at San Antonio Spurs,DraftKings,player_points,Devin Vassell,Over,12.5,-120,2026-05-06T23:33:50Z
Minnesota Timberwolves at San Antonio Spurs,DraftKings,player_points,Devin Vassell,Under,12.5,-106,2026-05-06T23:33:50Z
Minnesota Timberwolves at San Antonio Spurs,DraftKings,player_points,Naz Reid,Over,12.5,-107,2026-05-06T23:33:50Z
Minnesota Timberwolves at San Antonio Spurs,DraftKings,player_points,Naz Reid,Under,12.5,-119,2026-05-06T23:33:50Z
Minnesota Timberwolves at San Antonio Spurs,DraftKings,player_points,Dylan Harper,Over,11.5,-111,2026-05-06T23:33:50Z
Minnesota Timberwolves at San Antonio Spurs,DraftKings,player_points,Dylan Harper,Under,11.5,-114,2026-05-06T23:33:50Z
Minnesota Timberwolves at San Antonio Spurs,DraftKings,player_points,Ayo Dosunmu,Over,10.5,-127,2026-05-06T23:33:50Z
Minnesota Timberwolves at San Antonio Spurs,DraftKings,player_points,Ayo Dosunmu,Under,10.5,100,2026-05-06T23:33:50Z
Minnesota Timberwolves at San Antonio Spurs,DraftKings,player_points,Keldon Johnson,Over,9.5,-106,2026-05-06T23:33:50Z
Minnesota Timberwolves at San Antonio Spurs,DraftKings,player_points,Keldon Johnson,Under,9.5,-120,2026-05-06T23:33:50Z
Minnesota Timberwolves at San Antonio Spurs,DraftKings,player_points,Terrence Shannon Jr.,Over,8.5,-123,2026-05-06T23:33:50Z
Minnesota Timberwolves at San Antonio Spurs,DraftKings,player_points,Terrence Shannon Jr.,Under,8.5,-104,2026-05-06T23:33:50Z
Minnesota Timberwolves at San Antonio Spurs,DraftKings,player_points,Julian Champagnie,Over,8.5,-120,2026-05-06T23:33:50Z
Minnesota Timberwolves at San Antonio Spurs,DraftKings,player_points,Julian Champagnie,Under,8.5,-106,2026-05-06T23:33:50Z
Minnesota Timberwolves at San Antonio Spurs,DraftKings,player_points,Rudy Gobert,Over,7.5,-125,2026-05-06T23:33:50Z
Minnesota Timberwolves at San Antonio Spurs,DraftKings,player_points,Rudy Gobert,Under,7.5,-102,2026-05-06T23:33:50Z
Minnesota Timberwolves at San Antonio Spurs,DraftKings,player_points,Mike Conley,Over,4.5,-109,2026-05-06T23:33:50Z
Minnesota Timberwolves at San Antonio Spurs,DraftKings,player_points,Mike Conley,Under,4.5,-117,2026-05-06T23:33:50Z
Minnesota Timberwolves at San Antonio Spurs,DraftKings,player_points,Luke Kornet,Over,3.5,-110,2026-05-06T23:33:50Z
Minnesota Timberwolves at San Antonio Spurs,DraftKings,player_points,Luke Kornet,Under,3.5,-116,2026-05-06T23:33:50Z
Minnesota Timberwolves at San Antonio Spurs,DraftKings,player_rebounds,Victor Wembanyama,Over,12.5,-103,2026-05-06T23:33:50Z
Minnesota Timberwolves at San Antonio Spurs,DraftKings,player_rebounds,Victor Wembanyama,Under,12.5,-127,2026-05-06T23:33:50Z
Minnesota Timberwolves at San Antonio Spurs,DraftKings,player_rebounds,Rudy Gobert,Over,10.5,-132,2026-05-06T23:33:50Z
Minnesota Timberwolves at San Antonio Spurs,DraftKings,player_rebounds,Rudy Gobert,Under,10.5,100,2026-05-06T23:33:50Z
Minnesota Timberwolves at San Antonio Spurs,DraftKings,player_rebounds,Julius Randle,Over,6.5,-109,2026-05-06T23:33:50Z
Minnesota Timberwolves at San Antonio Spurs,DraftKings,player_rebounds,Julius Randle,Under,6.5,-120,2026-05-06T23:33:50Z
Minnesota Timberwolves at San Antonio Spurs,DraftKings,player_rebounds,Naz Reid,Over,6.5,101,2026-05-06T23:33:50Z
Minnesota Timberwolves at San Antonio Spurs,DraftKings,player_rebounds,Naz Reid,Under,6.5,-133,2026-05-06T23:33:50Z
Minnesota Timberwolves at San Antonio Spurs,DraftKings,player_rebounds,Stephon Castle,Over,5.5,104,2026-05-06T23:33:50Z
Minnesota Timberwolves at San Antonio Spurs,DraftKings,player_rebounds,Stephon Castle,Under,5.5,-137,2026-05-06T23:33:50Z
Minnesota Timberwolves at San Antonio Spurs,DraftKings,player_rebounds,Julian Champagnie,Over,5.5,112,2026-05-06T23:33:50Z
Minnesota Timberwolves at San Antonio Spurs,DraftKings,player_rebounds,Julian Champagnie,Under,5.5,-148,2026-05-06T23:33:50Z
Minnesota Timberwolves at San Antonio Spurs,DraftKings,player_rebounds,Jaden McDaniels,Over,4.5,-122,2026-05-06T23:33:50Z
Minnesota Timberwolves at San Antonio Spurs,DraftKings,player_rebounds,Jaden McDaniels,Under,4.5,-108,2026-05-06T23:33:50Z
Minnesota Timberwolves at San Antonio Spurs,DraftKings,player_rebounds,Anthony Edwards,Over,4.5,123,2026-05-06T23:33:50Z
Minnesota Timberwolves at San Antonio Spurs,DraftKings,player_rebounds,Anthony Edwards,Under,4.5,-162,2026-05-06T23:33:50Z
Minnesota Timberwolves at San Antonio Spurs,DraftKings,player_rebounds,Devin Vassell,Over,3.5,-164,2026-05-06T23:33:50Z
Minnesota Timberwolves at San Antonio Spurs,DraftKings,player_rebounds,Devin Vassell,Under,3.5,124,2026-05-06T23:33:50Z
Minnesota Timberwolves at San Antonio Spurs,DraftKings,player_rebounds,Keldon Johnson,Over,3.5,-123,2026-05-06T23:33:50Z
Minnesota Timberwolves at San Antonio Spurs,DraftKings,player_rebounds,Keldon Johnson,Under,3.5,-107,2026-05-06T23:33:50Z
Minnesota Timberwolves at San Antonio Spurs,DraftKings,player_rebounds,De'Aaron Fox,Over,3.5,-118,2026-05-06T23:33:50Z
Minnesota Timberwolves at San Antonio Spurs,DraftKings,player_rebounds,De'Aaron Fox,Under,3.5,-111,2026-05-06T23:33:50Z
Minnesota Timberwolves at San Antonio Spurs,DraftKings,player_rebounds,Luke Kornet,Over,3.5,105,2026-05-06T23:33:50Z
Minnesota Timberwolves at San Antonio Spurs,DraftKings,player_rebounds,Luke Kornet,Under,3.5,-138,2026-05-06T23:33:50Z
Minnesota Timberwolves at San Antonio Spurs,DraftKings,player_rebounds,Dylan Harper,Over,3.5,110,2026-05-06T23:33:50Z
Minnesota Timberwolves at San Antonio Spurs,DraftKings,player_rebounds,Dylan Harper,Under,3.5,-145,2026-05-06T23:33:50Z
Minnesota Timberwolves at San Antonio Spurs,DraftKings,player_rebounds,Ayo Dosunmu,Over,2.5,-136,2026-05-06T23:33:50Z
Minnesota Timberwolves at San Antonio Spurs,DraftKings,player_rebounds,Ayo Dosunmu,Under,2.5,103,2026-05-06T23:33:50Z
Minnesota Timberwolves at San Antonio Spurs,DraftKings,player_rebounds,Mike Conley,Over,1.5,-153,2026-05-06T23:33:50Z
Minnesota Timberwolves at San Antonio Spurs,DraftKings,player_rebounds,Mike Conley,Under,1.5,116,2026-05-06T23:33:50Z
Minnesota Timberwolves at San Antonio Spurs,DraftKings,player_steals,De'Aaron Fox,Over,1.5,149,2026-05-06T23:33:50Z
Minnesota Timberwolves at San Antonio Spurs,DraftKings,player_steals,De'Aaron Fox,Under,1.5,-200,2026-05-06T23:33:50Z
Minnesota Timberwolves at San Antonio Spurs,DraftKings,player_steals,Victor Wembanyama,Over,1.5,159,2026-05-06T23:33:50Z
Minnesota Timberwolves at San Antonio Spurs,DraftKings,player_steals,Victor Wembanyama,Under,1.5,-213,2026-05-06T23:33:50Z
Minnesota Timberwolves at San Antonio Spurs,DraftKings,player_steals,Stephon Castle,Over,1.5,181,2026-05-06T23:33:50Z
Minnesota Timberwolves at San Antonio Spurs,DraftKings,player_steals,Stephon Castle,Under,1.5,-244,2026-05-06T23:33:50Z
Minnesota Timberwolves at San Antonio Spurs,DraftKings,player_steals,Devin Vassell,Over,0.5,-238,2026-05-06T23:33:50Z
Minnesota Timberwolves at San Antonio Spurs,DraftKings,player_steals,Devin Vassell,Under,0.5,176,2026-05-06T23:33:50Z
Minnesota Timberwolves at San Antonio Spurs,DraftKings,player_steals,Jaden McDaniels,Over,0.5,-211,2026-05-06T23:33:50Z
Minnesota Timberwolves at San Antonio Spurs,DraftKings,player_steals,Jaden McDaniels,Under,0.5,157,2026-05-06T23:33:50Z
Minnesota Timberwolves at San Antonio Spurs,DraftKings,player_steals,Anthony Edwards,Over,0.5,-210,2026-05-06T23:33:50Z
Minnesota Timberwolves at San Antonio Spurs,DraftKings,player_steals,Anthony Edwards,Under,0.5,156,2026-05-06T23:33:50Z
Minnesota Timberwolves at San Antonio Spurs,DraftKings,player_steals,Julius Randle,Over,0.5,-181,2026-05-06T23:33:50Z
Minnesota Timberwolves at San Antonio Spurs,DraftKings,player_steals,Julius Randle,Under,0.5,136,2026-05-06T23:33:50Z
Minnesota Timberwolves at San Antonio Spurs,DraftKings,player_steals,Naz Reid,Over,0.5,-158,2026-05-06T23:33:50Z
Minnesota Timberwolves at San Antonio Spurs,DraftKings,player_steals,Naz Reid,Under,0.5,119,2026-05-06T23:33:50Z
Minnesota Timberwolves at San Antonio Spurs,DraftKings,player_steals,Julian Champagnie,Over,0.5,-152,2026-05-06T23:33:50Z
Minnesota Timberwolves at San Antonio Spurs,DraftKings,player_steals,Julian Champagnie,Under,0.5,114,2026-05-06T23:33:50Z
Minnesota Timberwolves at San Antonio Spurs,DraftKings,player_steals,Dylan Harper,Over,0.5,-148,2026-05-06T23:33:50Z
Minnesota Timberwolves at San Antonio Spurs,DraftKings,player_steals,Dylan Harper,Under,0.5,111,2026-05-06T23:33:50Z
Minnesota Timberwolves at San Antonio Spurs,DraftKings,player_steals,Rudy Gobert,Over,0.5,-134,2026-05-06T23:33:50Z
Minnesota Timberwolves at San Antonio Spurs,DraftKings,player_steals,Rudy Gobert,Under,0.5,101,2026-05-06T23:33:50Z
Minnesota Timberwolves at San Antonio Spurs,DraftKings,player_steals,Mike Conley,Over,0.5,-114,2026-05-06T23:33:50Z
Minnesota Timberwolves at San Antonio Spurs,DraftKings,player_steals,Mike Conley,Under,0.5,-117,2026-05-06T23:33:50Z
Minnesota Timberwolves at San Antonio Spurs,DraftKings,player_steals,Ayo Dosunmu,Over,0.5,-111,2026-05-06T23:33:50Z
Minnesota Timberwolves at San Antonio Spurs,DraftKings,player_steals,Ayo Dosunmu,Under,0.5,-119,2026-05-06T23:33:50Z
Minnesota Timberwolves at San Antonio Spurs,DraftKings,player_threes,Anthony Edwards,Over,2.5,-107,2026-05-06T23:33:50Z
Minnesota Timberwolves at San Antonio Spurs,DraftKings,player_threes,Anthony Edwards,Under,2.5,-123,2026-05-06T23:33:50Z
Minnesota Timberwolves at San Antonio Spurs,DraftKings,player_threes,Victor Wembanyama,Over,2.5,116,2026-05-06T23:33:50Z
Minnesota Timberwolves at San Antonio Spurs,DraftKings,player_threes,Victor Wembanyama,Under,2.5,-153,2026-05-06T23:33:50Z
Minnesota Timberwolves at San Antonio Spurs,DraftKings,player_threes,Devin Vassell,Over,2.5,142,2026-05-06T23:33:50Z
Minnesota Timberwolves at San Antonio Spurs,DraftKings,player_threes,Devin Vassell,Under,2.5,-188,2026-05-06T23:33:50Z
Minnesota Timberwolves at San Antonio Spurs,DraftKings,player_threes,Julian Champagnie,Over,1.5,-163,2026-05-06T23:33:50Z
Minnesota Timberwolves at San Antonio Spurs,DraftKings,player_threes,Julian Champagnie,Under,1.5,123,2026-05-06T23:33:50Z
Minnesota Timberwolves at San Antonio Spurs,DraftKings,player_threes,Naz Reid,Over,1.5,-135,2026-05-06T23:33:50Z
Minnesota Timberwolves at San Antonio Spurs,DraftKings,player_threes,Naz Reid,Under,1.5,102,2026-05-06T23:33:50Z
Minnesota Timberwolves at San Antonio Spurs,DraftKings,player_threes,De'Aaron Fox,Over,1.5,103,2026-05-06T23:33:50Z
Minnesota Timberwolves at San Antonio Spurs,DraftKings,player_threes,De'Aaron Fox,Under,1.5,-136,2026-05-06T23:33:50Z
Minnesota Timberwolves at San Antonio Spurs,DraftKings,player_threes,Stephon Castle,Over,1.5,114,2026-05-06T23:33:50Z
Minnesota Timberwolves at San Antonio Spurs,DraftKings,player_threes,Stephon Castle,Under,1.5,-150,2026-05-06T23:33:50Z
Minnesota Timberwolves at San Antonio Spurs,DraftKings,player_threes,Ayo Dosunmu,Over,1.5,126,2026-05-06T23:33:50Z
Minnesota Timberwolves at San Antonio Spurs,DraftKings,player_threes,Ayo Dosunmu,Under,1.5,-166,2026-05-06T23:33:50Z
Minnesota Timberwolves at San Antonio Spurs,DraftKings,player_threes,Jaden McDaniels,Over,1.5,149,2026-05-06T23:33:50Z
Minnesota Timberwolves at San Antonio Spurs,DraftKings,player_threes,Jaden McDaniels,Under,1.5,-199,2026-05-06T23:33:50Z
Minnesota Timberwolves at San Antonio Spurs,DraftKings,player_threes,Julius Randle,Over,1.5,154,2026-05-06T23:33:50Z
Minnesota Timberwolves at San Antonio Spurs,DraftKings,player_threes,Julius Randle,Under,1.5,-205,2026-05-06T23:33:50Z
Minnesota Timberwolves at San Antonio Spurs,DraftKings,player_threes,Mike Conley,Over,0.5,-233,2026-05-06T23:33:50Z
Minnesota Timberwolves at San Antonio Spurs,DraftKings,player_threes,Mike Conley,Under,0.5,174,2026-05-06T23:33:50Z
Minnesota Timberwolves at San Antonio Spurs,DraftKings,player_threes,Terrence Shannon Jr.,Over,0.5,-223,2026-05-06T23:33:50Z
Minnesota Timberwolves at San Antonio Spurs,DraftKings,player_threes,Terrence Shannon Jr.,Under,0.5,167,2026-05-06T23:33:50Z
Minnesota Timberwolves at San Antonio Spurs,DraftKings,player_threes,Keldon Johnson,Over,0.5,-172,2026-05-06T23:33:50Z
Minnesota Timberwolves at San Antonio Spurs,DraftKings,player_threes,Keldon Johnson,Under,0.5,130,2026-05-06T23:33:50Z
Minnesota Timberwolves at San Antonio Spurs,DraftKings,player_threes,Dylan Harper,Over,0.5,-156,2026-05-06T23:33:50Z
Minnesota Timberwolves at San Antonio Spurs,DraftKings,player_threes,Dylan Harper,Under,0.5,118,2026-05-06T23:33:50Z
Minnesota Timberwolves at San Antonio Spurs,BetOnline.ag,player_assists,Devin Vassell,Over,2.5,130,2026-05-06T23:33:40Z
Minnesota Timberwolves at San Antonio Spurs,BetOnline.ag,player_assists,Devin Vassell,Under,2.5,-169,2026-05-06T23:33:40Z
Minnesota Timberwolves at San Antonio Spurs,BetOnline.ag,player_assists,Jaden McDaniels,Over,2.5,-101,2026-05-06T23:33:40Z
Minnesota Timberwolves at San Antonio Spurs,BetOnline.ag,player_assists,Jaden McDaniels,Under,2.5,-128,2026-05-06T23:33:40Z
Minnesota Timberwolves at San Antonio Spurs,BetOnline.ag,player_assists,Victor Wembanyama,Over,3.5,102,2026-05-06T23:33:40Z
Minnesota Timberwolves at San Antonio Spurs,BetOnline.ag,player_assists,Victor Wembanyama,Under,3.5,-132,2026-05-06T23:33:40Z
Minnesota Timberwolves at San Antonio Spurs,BetOnline.ag,player_assists,Stephon Castle,Over,6.5,-127,2026-05-06T23:33:40Z
Minnesota Timberwolves at San Antonio Spurs,BetOnline.ag,player_assists,Stephon Castle,Under,6.5,-102,2026-05-06T23:33:40Z
Minnesota Timberwolves at San Antonio Spurs,BetOnline.ag,player_assists,Julius Randle,Over,4.5,126,2026-05-06T23:33:40Z
Minnesota Timberwolves at San Antonio Spurs,BetOnline.ag,player_assists,Julius Randle,Under,4.5,-164,2026-05-06T23:33:40Z
Minnesota Timberwolves at San Antonio Spurs,BetOnline.ag,player_assists,Dylan Harper,Over,3.5,132,2026-05-06T23:33:40Z
Minnesota Timberwolves at San Antonio Spurs,BetOnline.ag,player_assists,Dylan Harper,Under,3.5,-172,2026-05-06T23:33:40Z
Minnesota Timberwolves at San Antonio Spurs,BetOnline.ag,player_assists,De'Aaron Fox,Over,5.5,-145,2026-05-06T23:33:40Z
Minnesota Timberwolves at San Antonio Spurs,BetOnline.ag,player_assists,De'Aaron Fox,Under,5.5,111,2026-05-06T23:33:40Z
Minnesota Timberwolves at San Antonio Spurs,BetOnline.ag,player_assists,Anthony Edwards,Over,2.5,-172,2026-05-06T23:33:40Z
Minnesota Timberwolves at San Antonio Spurs,BetOnline.ag,player_assists,Anthony Edwards,Under,2.5,132,2026-05-06T23:33:40Z
Minnesota Timberwolves at San Antonio Spurs,BetOnline.ag,player_assists,Ayo Dosunmu,Over,3.5,128,2026-05-06T23:33:40Z
Minnesota Timberwolves at San Antonio Spurs,BetOnline.ag,player_assists,Ayo Dosunmu,Under,3.5,-167,2026-05-06T23:33:40Z
Minnesota Timberwolves at San Antonio Spurs,BetOnline.ag,player_assists,Mike Conley,Over,2.5,-149,2026-05-06T23:33:40Z
Minnesota Timberwolves at San Antonio Spurs,BetOnline.ag,player_assists,Mike Conley,Under,2.5,115,2026-05-06T23:33:40Z
Minnesota Timberwolves at San Antonio Spurs,BetOnline.ag,player_points,Devin Vassell,Over,12.5,-122,2026-05-06T23:33:40Z
Minnesota Timberwolves at San Antonio Spurs,BetOnline.ag,player_points,Devin Vassell,Under,12.5,-106,2026-05-06T23:33:40Z
Minnesota Timberwolves at San Antonio Spurs,BetOnline.ag,player_points,Anthony Edwards,Over,20.5,-120,2026-05-06T23:33:40Z
Minnesota Timberwolves at San Antonio Spurs,BetOnline.ag,player_points,Anthony Edwards,Under,20.5,-108,2026-05-06T23:33:40Z
Minnesota Timberwolves at San Antonio Spurs,BetOnline.ag,player_points,Naz Reid,Over,12.5,-105,2026-05-06T23:33:40Z
Minnesota Timberwolves at San Antonio Spurs,BetOnline.ag,player_points,Naz Reid,Under,12.5,-123,2026-05-06T23:33:40Z
Minnesota Timberwolves at San Antonio Spurs,BetOnline.ag,player_points,Jaden McDaniels,Over,14.5,-103,2026-05-06T23:33:40Z
Minnesota Timberwolves at San Antonio Spurs,BetOnline.ag,player_points,Jaden McDaniels,Under,14.5,-125,2026-05-06T23:33:40Z
Minnesota Timberwolves at San Antonio Spurs,BetOnline.ag,player_points,Rudy Gobert,Over,7.5,-123,2026-05-06T23:33:40Z
Minnesota Timberwolves at San Antonio Spurs,BetOnline.ag,player_points,Rudy Gobert,Under,7.5,-105,2026-05-06T23:33:40Z
Minnesota Timberwolves at San Antonio Spurs,BetOnline.ag,player_points,Victor Wembanyama,Over,27.5,-108,2026-05-06T23:33:40Z
Minnesota Timberwolves at San Antonio Spurs,BetOnline.ag,player_points,Victor Wembanyama,Under,27.5,-120,2026-05-06T23:33:40Z
Minnesota Timberwolves at San Antonio Spurs,BetOnline.ag,player_points,Julius Randle,Over,18.5,-106,2026-05-06T23:33:40Z
Minnesota Timberwolves at San Antonio Spurs,BetOnline.ag,player_points,Julius Randle,Under,18.5,-122,2026-05-06T23:33:40Z
Minnesota Timberwolves at San Antonio Spurs,BetOnline.ag,player_points,Keldon Johnson,Over,8.5,-130,2026-05-06T23:33:40Z
Minnesota Timberwolves at San Antonio Spurs,BetOnline.ag,player_points,Keldon Johnson,Under,8.5,100,2026-05-06T23:33:40Z
Minnesota Timberwolves at San Antonio Spurs,BetOnline.ag,player_points,Mike Conley,Over,4.5,-114,2026-05-06T23:33:40Z
Minnesota Timberwolves at San Antonio Spurs,BetOnline.ag,player_points,Mike Conley,Under,4.5,-114,2026-05-06T23:33:40Z
Minnesota Timberwolves at San Antonio Spurs,BetOnline.ag,player_points,De'Aaron Fox,Over,17.5,-111,2026-05-06T23:33:40Z
Minnesota Timberwolves at San Antonio Spurs,BetOnline.ag,player_points,De'Aaron Fox,Under,17.5,-116,2026-05-06T23:33:40Z
Minnesota Timberwolves at San Antonio Spurs,BetOnline.ag,player_points,Stephon Castle,Over,17.5,-105,2026-05-06T23:33:40Z
Minnesota Timberwolves at San Antonio Spurs,BetOnline.ag,player_points,Stephon Castle,Under,17.5,-123,2026-05-06T23:33:40Z
Minnesota Timberwolves at San Antonio Spurs,BetOnline.ag,player_points,Julian Champagnie,Over,9.5,-108,2026-05-06T23:33:40Z
Minnesota Timberwolves at San Antonio Spurs,BetOnline.ag,player_points,Julian Champagnie,Under,9.5,-120,2026-05-06T23:33:40Z
Minnesota Timberwolves at San Antonio Spurs,BetOnline.ag,player_points,Ayo Dosunmu,Over,10.5,-130,2026-05-06T23:33:40Z
Minnesota Timberwolves at San Antonio Spurs,BetOnline.ag,player_points,Ayo Dosunmu,Under,10.5,100,2026-05-06T23:33:40Z
Minnesota Timberwolves at San Antonio Spurs,BetOnline.ag,player_points,Dylan Harper,Over,11.5,-105,2026-05-06T23:33:40Z
Minnesota Timberwolves at San Antonio Spurs,BetOnline.ag,player_points,Dylan Harper,Under,11.5,-123,2026-05-06T23:33:40Z
Minnesota Timberwolves at San Antonio Spurs,BetOnline.ag,player_points,Terrence Shannon Jr.,Over,8.5,-125,2026-05-06T23:33:40Z
Minnesota Timberwolves at San Antonio Spurs,BetOnline.ag,player_points,Terrence Shannon Jr.,Under,8.5,-103,2026-05-06T23:33:40Z
Minnesota Timberwolves at San Antonio Spurs,BetOnline.ag,player_rebounds,Keldon Johnson,Over,3.5,-120,2026-05-06T23:33:40Z
Minnesota Timberwolves at San Antonio Spurs,BetOnline.ag,player_rebounds,Keldon Johnson,Under,3.5,-108,2026-05-06T23:33:40Z
Minnesota Timberwolves at San Antonio Spurs,BetOnline.ag,player_rebounds,Naz Reid,Over,6.5,109,2026-05-06T23:33:40Z
Minnesota Timberwolves at San Antonio Spurs,BetOnline.ag,player_rebounds,Naz Reid,Under,6.5,-141,2026-05-06T23:33:40Z
Minnesota Timberwolves at San Antonio Spurs,BetOnline.ag,player_rebounds,Jaden McDaniels,Over,4.5,-115,2026-05-06T23:33:40Z
Minnesota Timberwolves at San Antonio Spurs,BetOnline.ag,player_rebounds,Jaden McDaniels,Under,4.5,-112,2026-05-06T23:33:40Z
Minnesota Timberwolves at San Antonio Spurs,BetOnline.ag,player_rebounds,Devin Vassell,Over,4.5,122,2026-05-06T23:33:40Z
Minnesota Timberwolves at San Antonio Spurs,BetOnline.ag,player_rebounds,Devin Vassell,Under,4.5,-159,2026-05-06T23:33:40Z
Minnesota Timberwolves at San Antonio Spurs,BetOnline.ag,player_rebounds,Victor Wembanyama,Over,12.5,-109,2026-05-06T23:33:40Z
Minnesota Timberwolves at San Antonio Spurs,BetOnline.ag,player_rebounds,Victor Wembanyama,Under,12.5,-119,2026-05-06T23:33:40Z
Minnesota Timberwolves at San Antonio Spurs,BetOnline.ag,player_rebounds,Julian Champagnie,Over,5.5,113,2026-05-06T23:33:40Z
Minnesota Timberwolves at San Antonio Spurs,BetOnline.ag,player_rebounds,Julian Champagnie,Under,5.5,-147,2026-05-06T23:33:40Z
Minnesota Timberwolves at San Antonio Spurs,BetOnline.ag,player_rebounds,Stephon Castle,Over,5.5,107,2026-05-06T23:33:40Z
Minnesota Timberwolves at San Antonio Spurs,BetOnline.ag,player_rebounds,Stephon Castle,Under,5.5,-139,2026-05-06T23:33:40Z
Minnesota Timberwolves at San Antonio Spurs,BetOnline.ag,player_rebounds,Julius Randle,Over,6.5,-102,2026-05-06T23:33:40Z
Minnesota Timberwolves at San Antonio Spurs,BetOnline.ag,player_rebounds,Julius Randle,Under,6.5,-127,2026-05-06T23:33:40Z
Minnesota Timberwolves at San Antonio Spurs,BetOnline.ag,player_rebounds,De'Aaron Fox,Over,3.5,-115,2026-05-06T23:33:40Z
Minnesota Timberwolves at San Antonio Spurs,BetOnline.ag,player_rebounds,De'Aaron Fox,Under,3.5,-112,2026-05-06T23:33:40Z
Minnesota Timberwolves at San Antonio Spurs,BetOnline.ag,player_rebounds,Dylan Harper,Over,3.5,110,2026-05-06T23:33:40Z
Minnesota Timberwolves at San Antonio Spurs,BetOnline.ag,player_rebounds,Dylan Harper,Under,3.5,-143,2026-05-06T23:33:40Z
Minnesota Timberwolves at San Antonio Spurs,BetOnline.ag,player_rebounds,Mike Conley,Over,1.5,-152,2026-05-06T23:33:40Z
Minnesota Timberwolves at San Antonio Spurs,BetOnline.ag,player_rebounds,Mike Conley,Under,1.5,117,2026-05-06T23:33:40Z
Minnesota Timberwolves at San Antonio Spurs,BetOnline.ag,player_rebounds,Rudy Gobert,Over,10.5,-123,2026-05-06T23:33:40Z
Minnesota Timberwolves at San Antonio Spurs,BetOnline.ag,player_rebounds,Rudy Gobert,Under,10.5,-105,2026-05-06T23:33:40Z
Minnesota Timberwolves at San Antonio Spurs,BetOnline.ag,player_rebounds,Ayo Dosunmu,Over,2.5,-132,2026-05-06T23:33:40Z
Minnesota Timberwolves at San Antonio Spurs,BetOnline.ag,player_rebounds,Ayo Dosunmu,Under,2.5,102,2026-05-06T23:33:40Z
Minnesota Timberwolves at San Antonio Spurs,BetOnline.ag,player_rebounds,Luke Kornet,Over,3.5,112,2026-05-06T23:33:40Z
Minnesota Timberwolves at San Antonio Spurs,BetOnline.ag,player_rebounds,Luke Kornet,Under,3.5,-145,2026-05-06T23:33:40Z
Minnesota Timberwolves at San Antonio Spurs,BetOnline.ag,player_rebounds,Anthony Edwards,Over,4.5,118,2026-05-06T23:33:40Z
Minnesota Timberwolves at San Antonio Spurs,BetOnline.ag,player_rebounds,Anthony Edwards,Under,4.5,-154,2026-05-06T23:33:40Z
Minnesota Timberwolves at San Antonio Spurs,BetOnline.ag,player_threes,Naz Reid,Over,1.5,-135,2026-05-06T23:33:40Z
Minnesota Timberwolves at San Antonio Spurs,BetOnline.ag,player_threes,Naz Reid,Under,1.5,105,2026-05-06T23:33:40Z
Minnesota Timberwolves at San Antonio Spurs,BetOnline.ag,player_threes,Keldon Johnson,Over,0.5,-164,2026-05-06T23:33:40Z
Minnesota Timberwolves at San Antonio Spurs,BetOnline.ag,player_threes,Keldon Johnson,Under,0.5,125,2026-05-06T23:33:40Z
Minnesota Timberwolves at San Antonio Spurs,BetOnline.ag,player_threes,Jaden McDaniels,Over,1.5,152,2026-05-06T23:33:40Z
Minnesota Timberwolves at San Antonio Spurs,BetOnline.ag,player_threes,Jaden McDaniels,Under,1.5,-200,2026-05-06T23:33:40Z
Minnesota Timberwolves at San Antonio Spurs,BetOnline.ag,player_threes,Devin Vassell,Over,2.5,152,2026-05-06T23:33:40Z
Minnesota Timberwolves at San Antonio Spurs,BetOnline.ag,player_threes,Devin Vassell,Under,2.5,-200,2026-05-06T23:33:40Z
Minnesota Timberwolves at San Antonio Spurs,BetOnline.ag,player_threes,Anthony Edwards,Over,2.5,-101,2026-05-06T23:33:40Z
Minnesota Timberwolves at San Antonio Spurs,BetOnline.ag,player_threes,Anthony Edwards,Under,2.5,-128,2026-05-06T23:33:40Z
Minnesota Timberwolves at San Antonio Spurs,BetOnline.ag,player_threes,Victor Wembanyama,Over,2.5,115,2026-05-06T23:33:40Z
Minnesota Timberwolves at San Antonio Spurs,BetOnline.ag,player_threes,Victor Wembanyama,Under,2.5,-149,2026-05-06T23:33:40Z
Minnesota Timberwolves at San Antonio Spurs,BetOnline.ag,player_threes,Julian Champagnie,Over,1.5,-167,2026-05-06T23:33:40Z
Minnesota Timberwolves at San Antonio Spurs,BetOnline.ag,player_threes,Julian Champagnie,Under,1.5,128,2026-05-06T23:33:40Z
Minnesota Timberwolves at San Antonio Spurs,BetOnline.ag,player_threes,Stephon Castle,Over,1.5,122,2026-05-06T23:33:40Z
Minnesota Timberwolves at San Antonio Spurs,BetOnline.ag,player_threes,Stephon Castle,Under,1.5,-159,2026-05-06T23:33:40Z
Minnesota Timberwolves at San Antonio Spurs,BetOnline.ag,player_threes,Julius Randle,Over,1.5,155,2026-05-06T23:33:40Z
Minnesota Timberwolves at San Antonio Spurs,BetOnline.ag,player_threes,Julius Randle,Under,1.5,-204,2026-05-06T23:33:40Z
Minnesota Timberwolves at San Antonio Spurs,BetOnline.ag,player_threes,Dylan Harper,Over,0.5,-152,2026-05-06T23:33:40Z
Minnesota Timberwolves at San Antonio Spurs,BetOnline.ag,player_threes,Dylan Harper,Under,0.5,117,2026-05-06T23:33:40Z
Minnesota Timberwolves at San Antonio Spurs,BetOnline.ag,player_threes,De'Aaron Fox,Over,1.5,104,2026-05-06T23:33:40Z
Minnesota Timberwolves at San Antonio Spurs,BetOnline.ag,player_threes,De'Aaron Fox,Under,1.5,-135,2026-05-06T23:33:40Z
Minnesota Timberwolves at San Antonio Spurs,BetOnline.ag,player_threes,Ayo Dosunmu,Over,1.5,130,2026-05-06T23:33:40Z
Minnesota Timberwolves at San Antonio Spurs,BetOnline.ag,player_threes,Ayo Dosunmu,Under,1.5,-169,2026-05-06T23:33:40Z
Minnesota Timberwolves at San Antonio Spurs,BetOnline.ag,player_threes,Mike Conley,Over,0.5,-213,2026-05-06T23:33:40Z
Minnesota Timberwolves at San Antonio Spurs,BetOnline.ag,player_threes,Mike Conley,Under,0.5,162,2026-05-06T23:33:40Z
Minnesota Timberwolves at San Antonio Spurs,BetOnline.ag,player_threes,Terrence Shannon Jr.,Over,0.5,-196,2026-05-06T23:33:40Z
Minnesota Timberwolves at San Antonio Spurs,BetOnline.ag,player_threes,Terrence Shannon Jr.,Under,0.5,150,2026-05-06T23:33:40Z
Minnesota Timberwolves at San Antonio Spurs,FanDuel,player_assists,Victor Wembanyama,Over,3.5,112,2026-05-06T23:34:30Z
Minnesota Timberwolves at San Antonio Spurs,FanDuel,player_assists,Victor Wembanyama,Under,3.5,-142,2026-05-06T23:34:30Z
Minnesota Timberwolves at San Antonio Spurs,FanDuel,player_assists,Devin Vassell,Over,2.5,140,2026-05-06T23:34:30Z
Minnesota Timberwolves at San Antonio Spurs,FanDuel,player_assists,Devin Vassell,Under,2.5,-180,2026-05-06T23:34:30Z
Minnesota Timberwolves at San Antonio Spurs,FanDuel,player_assists,Stephon Castle,Over,6.5,-132,2026-05-06T23:34:30Z
Minnesota Timberwolves at San Antonio Spurs,FanDuel,player_assists,Stephon Castle,Under,6.5,104,2026-05-06T23:34:30Z
Minnesota Timberwolves at San Antonio Spurs,FanDuel,player_assists,Ayo Dosunmu,Over,3.5,112,2026-05-06T23:34:30Z
Minnesota Timberwolves at San Antonio Spurs,FanDuel,player_assists,Ayo Dosunmu,Under,3.5,-142,2026-05-06T23:34:30Z
Minnesota Timberwolves at San Antonio Spurs,FanDuel,player_assists,Jaden McDaniels,Over,2.5,100,2026-05-06T23:34:30Z
Minnesota Timberwolves at San Antonio Spurs,FanDuel,player_assists,Jaden McDaniels,Under,2.5,-128,2026-05-06T23:34:30Z
Minnesota Timberwolves at San Antonio Spurs,FanDuel,player_assists,Anthony Edwards,Over,3.5,144,2026-05-06T23:34:30Z
Minnesota Timberwolves at San Antonio Spurs,FanDuel,player_assists,Anthony Edwards,Under,3.5,-186,2026-05-06T23:34:30Z
Minnesota Timberwolves at San Antonio Spurs,FanDuel,player_assists,Dylan Harper,Over,3.5,130,2026-05-06T23:34:30Z
Minnesota Timberwolves at San Antonio Spurs,FanDuel,player_assists,Dylan Harper,Under,3.5,-166,2026-05-06T23:34:30Z
Minnesota Timberwolves at San Antonio Spurs,FanDuel,player_assists,Julius Randle,Over,4.5,130,2026-05-06T23:34:30Z
Minnesota Timberwolves at San Antonio Spurs,FanDuel,player_assists,Julius Randle,Under,4.5,-166,2026-05-06T23:34:30Z
Minnesota Timberwolves at San Antonio Spurs,FanDuel,player_assists,Mike Conley,Over,2.5,-166,2026-05-06T23:34:30Z
Minnesota Timberwolves at San Antonio Spurs,FanDuel,player_assists,Mike Conley,Under,2.5,130,2026-05-06T23:34:30Z
Minnesota Timberwolves at San Antonio Spurs,FanDuel,player_assists,De'Aaron Fox,Over,5.5,-136,2026-05-06T23:34:30Z
Minnesota Timberwolves at San Antonio Spurs,FanDuel,player_assists,De'Aaron Fox,Under,5.5,106,2026-05-06T23:34:30Z
Minnesota Timberwolves at San Antonio Spurs,FanDuel,player_blocks,Victor Wembanyama,Over,4.5,114,2026-05-06T23:34:30Z
Minnesota Timberwolves at San Antonio Spurs,FanDuel,player_blocks,Victor Wembanyama,Under,4.5,-152,2026-05-06T23:34:30Z
Minnesota Timberwolves at San Antonio Spurs,FanDuel,player_blocks,Rudy Gobert,Over,1.5,138,2026-05-06T23:34:30Z
Minnesota Timberwolves at San Antonio Spurs,FanDuel,player_blocks,Rudy Gobert,Under,1.5,-186,2026-05-06T23:34:30Z
Minnesota Timberwolves at San Antonio Spurs,FanDuel,player_points,Rudy Gobert,Over,7.5,-120,2026-05-06T23:34:30Z
Minnesota Timberwolves at San Antonio Spurs,FanDuel,player_points,Rudy Gobert,Under,7.5,-106,2026-05-06T23:34:30Z
Minnesota Timberwolves at San Antonio Spurs,FanDuel,player_points,Naz Reid,Over,12.5,100,2026-05-06T23:34:30Z
Minnesota Timberwolves at San Antonio Spurs,FanDuel,player_points,Naz Reid,Under,12.5,-128,2026-05-06T23:34:30Z
Minnesota Timberwolves at San Antonio Spurs,FanDuel,player_points,Luke Kornet,Over,3.5,100,2026-05-06T23:34:30Z
Minnesota Timberwolves at San Antonio Spurs,FanDuel,player_points,Luke Kornet,Under,3.5,-128,2026-05-06T23:34:30Z
Minnesota Timberwolves at San Antonio Spurs,FanDuel,player_points,Devin Vassell,Over,12.5,-125,2026-05-06T23:34:30Z
Minnesota Timberwolves at San Antonio Spurs,FanDuel,player_points,Devin Vassell,Under,12.5,-102,2026-05-06T23:34:30Z
Minnesota Timberwolves at San Antonio Spurs,FanDuel,player_points,Ayo Dosunmu,Over,10.5,-113,2026-05-06T23:34:30Z
Minnesota Timberwolves at San Antonio Spurs,FanDuel,player_points,Ayo Dosunmu,Under,10.5,-113,2026-05-06T23:34:30Z
Minnesota Timberwolves at San Antonio Spurs,FanDuel,player_points,Jaden McDaniels,Over,14.5,-104,2026-05-06T23:34:30Z
Minnesota Timberwolves at San Antonio Spurs,FanDuel,player_points,Jaden McDaniels,Under,14.5,-122,2026-05-06T23:34:30Z
Minnesota Timberwolves at San Antonio Spurs,FanDuel,player_points,Stephon Castle,Over,16.5,-125,2026-05-06T23:34:30Z
Minnesota Timberwolves at San Antonio Spurs,FanDuel,player_points,Stephon Castle,Under,16.5,-102,2026-05-06T23:34:30Z
Minnesota Timberwolves at San Antonio Spurs,FanDuel,player_points,Dylan Harper,Over,11.5,-102,2026-05-06T23:34:30Z
Minnesota Timberwolves at San Antonio Spurs,FanDuel,player_points,Dylan Harper,Under,11.5,-125,2026-05-06T23:34:30Z
Minnesota Timberwolves at San Antonio Spurs,FanDuel,player_points,Keldon Johnson,Over,9.5,102,2026-05-06T23:34:30Z
Minnesota Timberwolves at San Antonio Spurs,FanDuel,player_points,Keldon Johnson,Under,9.5,-130,2026-05-06T23:34:30Z
Minnesota Timberwolves at San Antonio Spurs,FanDuel,player_points,Julius Randle,Over,18.5,100,2026-05-06T23:34:30Z
Minnesota Timberwolves at San Antonio Spurs,FanDuel,player_points,Julius Randle,Under,18.5,-128,2026-05-06T23:34:30Z
Minnesota Timberwolves at San Antonio Spurs,FanDuel,player_points,Julian Champagnie,Over,9.5,102,2026-05-06T23:34:30Z
Minnesota Timberwolves at San Antonio Spurs,FanDuel,player_points,Julian Champagnie,Under,9.5,-130,2026-05-06T23:34:30Z
Minnesota Timberwolves at San Antonio Spurs,FanDuel,player_points,Anthony Edwards,Over,20.5,-113,2026-05-06T23:34:30Z
Minnesota Timberwolves at San Antonio Spurs,FanDuel,player_points,Anthony Edwards,Under,20.5,-113,2026-05-06T23:34:30Z
Minnesota Timberwolves at San Antonio Spurs,FanDuel,player_points,Mike Conley,Over,4.5,106,2026-05-06T23:34:30Z
Minnesota Timberwolves at San Antonio Spurs,FanDuel,player_points,Mike Conley,Under,4.5,-136,2026-05-06T23:34:30Z
Minnesota Timberwolves at San Antonio Spurs,FanDuel,player_points,De'Aaron Fox,Over,17.5,-104,2026-05-06T23:34:30Z
Minnesota Timberwolves at San Antonio Spurs,FanDuel,player_points,De'Aaron Fox,Under,17.5,-122,2026-05-06T23:34:30Z
Minnesota Timberwolves at San Antonio Spurs,FanDuel,player_points,Victor Wembanyama,Over,26.5,-115,2026-05-06T23:34:30Z
Minnesota Timberwolves at San Antonio Spurs,FanDuel,player_points,Victor Wembanyama,Under,26.5,-111,2026-05-06T23:34:30Z
Minnesota Timberwolves at San Antonio Spurs,FanDuel,player_points,Terrence Shannon Jr.,Over,8.5,-115,2026-05-06T23:34:30Z
Minnesota Timberwolves at San Antonio Spurs,FanDuel,player_points,Terrence Shannon Jr.,Under,8.5,-111,2026-05-06T23:34:30Z
Minnesota Timberwolves at San Antonio Spurs,FanDuel,player_rebounds,Rudy Gobert,Over,10.5,-132,2026-05-06T23:34:30Z
Minnesota Timberwolves at San Antonio Spurs,FanDuel,player_rebounds,Rudy Gobert,Under,10.5,104,2026-05-06T23:34:30Z
Minnesota Timberwolves at San Antonio Spurs,FanDuel,player_rebounds,Naz Reid,Over,6.5,120,2026-05-06T23:34:30Z
Minnesota Timberwolves at San Antonio Spurs,FanDuel,player_rebounds,Naz Reid,Under,6.5,-154,2026-05-06T23:34:30Z
Minnesota Timberwolves at San Antonio Spurs,FanDuel,player_rebounds,Luke Kornet,Over,3.5,102,2026-05-06T23:34:30Z
Minnesota Timberwolves at San Antonio Spurs,FanDuel,player_rebounds,Luke Kornet,Under,3.5,-130,2026-05-06T23:34:30Z
Minnesota Timberwolves at San Antonio Spurs,FanDuel,player_rebounds,Victor Wembanyama,Over,12.5,100,2026-05-06T23:34:30Z
Minnesota Timberwolves at San Antonio Spurs,FanDuel,player_rebounds,Victor Wembanyama,Under,12.5,-128,2026-05-06T23:34:30Z
Minnesota Timberwolves at San Antonio Spurs,FanDuel,player_rebounds,Devin Vassell,Over,3.5,-154,2026-05-06T23:34:30Z
Minnesota Timberwolves at San Antonio Spurs,FanDuel,player_rebounds,Devin Vassell,Under,3.5,120,2026-05-06T23:34:30Z
Minnesota Timberwolves at San Antonio Spurs,FanDuel,player_rebounds,Jaden McDaniels,Over,4.5,-113,2026-05-06T23:34:30Z
Minnesota Timberwolves at San Antonio Spurs,FanDuel,player_rebounds,Jaden McDaniels,Under,4.5,-113,2026-05-06T23:34:30Z
Minnesota Timberwolves at San Antonio Spurs,FanDuel,player_rebounds,Stephon Castle,Over,5.5,112,2026-05-06T23:34:30Z
Minnesota Timberwolves at San Antonio Spurs,FanDuel,player_rebounds,Stephon Castle,Under,5.5,-142,2026-05-06T23:34:30Z
Minnesota Timberwolves at San Antonio Spurs,FanDuel,player_rebounds,Keldon Johnson,Over,3.5,-113,2026-05-06T23:34:30Z
Minnesota Timberwolves at San Antonio Spurs,FanDuel,player_rebounds,Keldon Johnson,Under,3.5,-113,2026-05-06T23:34:30Z
Minnesota Timberwolves at San Antonio Spurs,FanDuel,player_rebounds,Dylan Harper,Over,3.5,106,2026-05-06T23:34:30Z
Minnesota Timberwolves at San Antonio Spurs,FanDuel,player_rebounds,Dylan Harper,Under,3.5,-136,2026-05-06T23:34:30Z
Minnesota Timberwolves at San Antonio Spurs,FanDuel,player_rebounds,Julius Randle,Over,6.5,102,2026-05-06T23:34:30Z
Minnesota Timberwolves at San Antonio Spurs,FanDuel,player_rebounds,Julius Randle,Under,6.5,-130,2026-05-06T23:34:30Z
Minnesota Timberwolves at San Antonio Spurs,FanDuel,player_rebounds,Julian Champagnie,Over,5.5,122,2026-05-06T23:34:30Z
Minnesota Timberwolves at San Antonio Spurs,FanDuel,player_rebounds,Julian Champagnie,Under,5.5,-156,2026-05-06T23:34:30Z
Minnesota Timberwolves at San Antonio Spurs,FanDuel,player_rebounds,Anthony Edwards,Over,3.5,-160,2026-05-06T23:34:30Z
Minnesota Timberwolves at San Antonio Spurs,FanDuel,player_rebounds,Anthony Edwards,Under,3.5,124,2026-05-06T23:34:30Z
Minnesota Timberwolves at San Antonio Spurs,FanDuel,player_rebounds,De'Aaron Fox,Over,3.5,-113,2026-05-06T23:34:30Z
Minnesota Timberwolves at San Antonio Spurs,FanDuel,player_rebounds,De'Aaron Fox,Under,3.5,-113,2026-05-06T23:34:30Z
Minnesota Timberwolves at San Antonio Spurs,FanDuel,player_steals,Victor Wembanyama,Over,1.5,162,2026-05-06T23:34:30Z
Minnesota Timberwolves at San Antonio Spurs,FanDuel,player_steals,Victor Wembanyama,Under,1.5,-220,2026-05-06T23:34:30Z
Minnesota Timberwolves at San Antonio Spurs,FanDuel,player_steals,De'Aaron Fox,Over,1.5,138,2026-05-06T23:34:30Z
Minnesota Timberwolves at San Antonio Spurs,FanDuel,player_steals,De'Aaron Fox,Under,1.5,-186,2026-05-06T23:34:30Z
Minnesota Timberwolves at San Antonio Spurs,FanDuel,player_steals,Stephon Castle,Over,1.5,162,2026-05-06T23:34:30Z
Minnesota Timberwolves at San Antonio Spurs,FanDuel,player_steals,Stephon Castle,Under,1.5,-220,2026-05-06T23:34:30Z
Minnesota Timberwolves at San Antonio Spurs,FanDuel,player_threes,Naz Reid,Over,1.5,-150,2026-05-06T23:34:30Z
Minnesota Timberwolves at San Antonio Spurs,FanDuel,player_threes,Naz Reid,Under,1.5,118,2026-05-06T23:34:30Z
Minnesota Timberwolves at San Antonio Spurs,FanDuel,player_threes,Victor Wembanyama,Over,2.5,122,2026-05-06T23:34:30Z
Minnesota Timberwolves at San Antonio Spurs,FanDuel,player_threes,Victor Wembanyama,Under,2.5,-156,2026-05-06T23:34:30Z
Minnesota Timberwolves at San Antonio Spurs,FanDuel,player_threes,Devin Vassell,Over,2.5,158,2026-05-06T23:34:30Z
Minnesota Timberwolves at San Antonio Spurs,FanDuel,player_threes,Devin Vassell,Under,2.5,-205,2026-05-06T23:34:30Z
Minnesota Timberwolves at San Antonio Spurs,FanDuel,player_threes,Jaden McDaniels,Over,1.5,144,2026-05-06T23:34:30Z
Minnesota Timberwolves at San Antonio Spurs,FanDuel,player_threes,Jaden McDaniels,Under,1.5,-186,2026-05-06T23:34:30Z
Minnesota Timberwolves at San Antonio Spurs,FanDuel,player_threes,Stephon Castle,Over,1.5,126,2026-05-06T23:34:30Z
Minnesota Timberwolves at San Antonio Spurs,FanDuel,player_threes,Stephon Castle,Under,1.5,-162,2026-05-06T23:34:30Z
Minnesota Timberwolves at San Antonio Spurs,FanDuel,player_threes,Anthony Edwards,Over,2.5,112,2026-05-06T23:34:30Z
Minnesota Timberwolves at San Antonio Spurs,FanDuel,player_threes,Anthony Edwards,Under,2.5,-142,2026-05-06T23:34:30Z
Minnesota Timberwolves at San Antonio Spurs,FanDuel,player_threes,Julius Randle,Over,1.5,152,2026-05-06T23:34:30Z
Minnesota Timberwolves at San Antonio Spurs,FanDuel,player_threes,Julius Randle,Under,1.5,-196,2026-05-06T23:34:30Z
Minnesota Timberwolves at San Antonio Spurs,FanDuel,player_threes,Julian Champagnie,Over,1.5,-186,2026-05-06T23:34:30Z
Minnesota Timberwolves at San Antonio Spurs,FanDuel,player_threes,Julian Champagnie,Under,1.5,144,2026-05-06T23:34:30Z
Minnesota Timberwolves at San Antonio Spurs,FanDuel,player_threes,Mike Conley,Over,1.5,200,2026-05-06T23:34:30Z
Minnesota Timberwolves at San Antonio Spurs,FanDuel,player_threes,Mike Conley,Under,1.5,-265,2026-05-06T23:34:30Z
Minnesota Timberwolves at San Antonio Spurs,FanDuel,player_threes,De'Aaron Fox,Over,1.5,110,2026-05-06T23:34:30Z
Minnesota Timberwolves at San Antonio Spurs,FanDuel,player_threes,De'Aaron Fox,Under,1.5,-140,2026-05-06T23:34:30Z
Minnesota Timberwolves at San Antonio Spurs,BetRivers,player_assists,Ayo Dosunmu,Over,3.5,135,2026-05-06T23:34:16Z
Minnesota Timberwolves at San Antonio Spurs,BetRivers,player_assists,Ayo Dosunmu,Under,3.5,-186,2026-05-06T23:34:16Z
Minnesota Timberwolves at San Antonio Spurs,BetRivers,player_assists,Julius Randle,Over,4.5,120,2026-05-06T23:34:16Z
Minnesota Timberwolves at San Antonio Spurs,BetRivers,player_assists,Julius Randle,Under,4.5,-165,2026-05-06T23:34:16Z
Minnesota Timberwolves at San Antonio Spurs,BetRivers,player_assists,Jaden McDaniels,Over,2.5,-114,2026-05-06T23:34:16Z
Minnesota Timberwolves at San Antonio Spurs,BetRivers,player_assists,Jaden McDaniels,Under,2.5,-120,2026-05-06T23:34:16Z
Minnesota Timberwolves at San Antonio Spurs,BetRivers,player_assists,Stephon Castle,Over,6.5,-139,2026-05-06T23:34:16Z
Minnesota Timberwolves at San Antonio Spurs,BetRivers,player_assists,Stephon Castle,Under,6.5,102,2026-05-06T23:34:16Z
Minnesota Timberwolves at San Antonio Spurs,BetRivers,player_assists,Anthony Edwards,Over,3.5,132,2026-05-06T23:34:16Z
Minnesota Timberwolves at San Antonio Spurs,BetRivers,player_assists,Anthony Edwards,Under,3.5,-182,2026-05-06T23:34:16Z
Minnesota Timberwolves at San Antonio Spurs,BetRivers,player_assists,Victor Wembanyama,Over,3.5,-109,2026-05-06T23:34:16Z
Minnesota Timberwolves at San Antonio Spurs,BetRivers,player_assists,Victor Wembanyama,Under,3.5,-125,2026-05-06T23:34:16Z
Minnesota Timberwolves at San Antonio Spurs,BetRivers,player_assists,Devin Vassell,Over,2.5,115,2026-05-06T23:34:16Z
Minnesota Timberwolves at San Antonio Spurs,BetRivers,player_assists,Devin Vassell,Under,2.5,-157,2026-05-06T23:34:16Z
Minnesota Timberwolves at San Antonio Spurs,BetRivers,player_assists,De'Aaron Fox,Over,5.5,-143,2026-05-06T23:34:16Z
Minnesota Timberwolves at San Antonio Spurs,BetRivers,player_assists,De'Aaron Fox,Under,5.5,106,2026-05-06T23:34:16Z
Minnesota Timberwolves at San Antonio Spurs,BetRivers,player_assists,Dylan Harper,Over,3.5,112,2026-05-06T23:34:16Z
Minnesota Timberwolves at San Antonio Spurs,BetRivers,player_assists,Dylan Harper,Under,3.5,-152,2026-05-06T23:34:16Z
Minnesota Timberwolves at San Antonio Spurs,BetRivers,player_points,Naz Reid,Over,12.5,-110,2026-05-06T23:34:16Z
Minnesota Timberwolves at San Antonio Spurs,BetRivers,player_points,Naz Reid,Under,12.5,-122,2026-05-06T23:34:16Z
Minnesota Timberwolves at San Antonio Spurs,BetRivers,player_points,Julius Randle,Over,17.5,-129,2026-05-06T23:34:16Z
Minnesota Timberwolves at San Antonio Spurs,BetRivers,player_points,Julius Randle,Under,17.5,-106,2026-05-06T23:34:16Z
Minnesota Timberwolves at San Antonio Spurs,BetRivers,player_points,Anthony Edwards,Over,21.5,-105,2026-05-06T23:34:16Z
Minnesota Timberwolves at San Antonio Spurs,BetRivers,player_points,Anthony Edwards,Under,21.5,-130,2026-05-06T23:34:16Z
Minnesota Timberwolves at San Antonio Spurs,BetRivers,player_points,De'Aaron Fox,Over,18.5,118,2026-05-06T23:34:16Z
Minnesota Timberwolves at San Antonio Spurs,BetRivers,player_points,De'Aaron Fox,Under,18.5,-165,2026-05-06T23:34:16Z
Minnesota Timberwolves at San Antonio Spurs,BetRivers,player_points,Dylan Harper,Over,11.5,-105,2026-05-06T23:34:16Z
Minnesota Timberwolves at San Antonio Spurs,BetRivers,player_points,Dylan Harper,Under,11.5,-130,2026-05-06T23:34:16Z
Minnesota Timberwolves at San Antonio Spurs,BetRivers,player_points,Anthony Edwards,Over,19.5,-167,2026-05-06T23:34:16Z
Minnesota Timberwolves at San Antonio Spurs,BetRivers,player_points,Anthony Edwards,Under,19.5,120,2026-05-06T23:34:16Z
Minnesota Timberwolves at San Antonio Spurs,BetRivers,player_points,Stephon Castle,Over,16.5,-132,2026-05-06T23:34:16Z
Minnesota Timberwolves at San Antonio Spurs,BetRivers,player_points,Stephon Castle,Under,16.5,-104,2026-05-06T23:34:16Z
Minnesota Timberwolves at San Antonio Spurs,BetRivers,player_points,Keldon Johnson,Over,10.5,120,2026-05-06T23:34:16Z
Minnesota Timberwolves at San Antonio Spurs,BetRivers,player_points,Keldon Johnson,Under,10.5,-167,2026-05-06T23:34:16Z
Minnesota Timberwolves at San Antonio Spurs,BetRivers,player_points,De'Aaron Fox,Over,16.5,-141,2026-05-06T23:34:16Z
Minnesota Timberwolves at San Antonio Spurs,BetRivers,player_points,De'Aaron Fox,Under,16.5,104,2026-05-06T23:34:16Z
Minnesota Timberwolves at San Antonio Spurs,BetRivers,player_points,Keldon Johnson,Over,8.5,-162,2026-05-06T23:34:16Z
Minnesota Timberwolves at San Antonio Spurs,BetRivers,player_points,Keldon Johnson,Under,8.5,117,2026-05-06T23:34:16Z
Minnesota Timberwolves at San Antonio Spurs,BetRivers,player_points,Victor Wembanyama,Over,26.5,-134,2026-05-06T23:34:16Z
Minnesota Timberwolves at San Antonio Spurs,BetRivers,player_points,Victor Wembanyama,Under,26.5,-103,2026-05-06T23:34:16Z
Minnesota Timberwolves at San Antonio Spurs,BetRivers,player_points,Rudy Gobert,Over,7.5,-130,2026-05-06T23:34:16Z
Minnesota Timberwolves at San Antonio Spurs,BetRivers,player_points,Rudy Gobert,Under,7.5,-105,2026-05-06T23:34:16Z
Minnesota Timberwolves at San Antonio Spurs,BetRivers,player_points,Dylan Harper,Over,10.5,-143,2026-05-06T23:34:16Z
Minnesota Timberwolves at San Antonio Spurs,BetRivers,player_points,Dylan Harper,Under,10.5,104,2026-05-06T23:34:16Z
Minnesota Timberwolves at San Antonio Spurs,BetRivers,player_points,Naz Reid,Over,13.5,120,2026-05-06T23:34:16Z
Minnesota Timberwolves at San Antonio Spurs,BetRivers,player_points,Naz Reid,Under,13.5,-167,2026-05-06T23:34:16Z
Minnesota Timberwolves at San Antonio Spurs,BetRivers,player_points,De'Aaron Fox,Over,17.5,-110,2026-05-06T23:34:16Z
Minnesota Timberwolves at San Antonio Spurs,BetRivers,player_points,De'Aaron Fox,Under,17.5,-124,2026-05-06T23:34:16Z
Minnesota Timberwolves at San Antonio Spurs,BetRivers,player_points,Jaden McDaniels,Over,14.5,-130,2026-05-06T23:34:16Z
Minnesota Timberwolves at San Antonio Spurs,BetRivers,player_points,Jaden McDaniels,Under,14.5,-105,2026-05-06T23:34:16Z
Minnesota Timberwolves at San Antonio Spurs,BetRivers,player_points,Julius Randle,Over,16.5,-167,2026-05-06T23:34:16Z
Minnesota Timberwolves at San Antonio Spurs,BetRivers,player_points,Julius Randle,Under,16.5,123,2026-05-06T23:34:16Z
Minnesota Timberwolves at San Antonio Spurs,BetRivers,player_points,Keldon Johnson,Over,9.5,-114,2026-05-06T23:34:16Z
Minnesota Timberwolves at San Antonio Spurs,BetRivers,player_points,Keldon Johnson,Under,9.5,-120,2026-05-06T23:34:16Z
Minnesota Timberwolves at San Antonio Spurs,BetRivers,player_points,Ayo Dosunmu,Over,11.5,-104,2026-05-06T23:34:16Z
Minnesota Timberwolves at San Antonio Spurs,BetRivers,player_points,Ayo Dosunmu,Under,11.5,-132,2026-05-06T23:34:16Z
Minnesota Timberwolves at San Antonio Spurs,BetRivers,player_points,Ayo Dosunmu,Over,10.5,-141,2026-05-06T23:34:16Z
Minnesota Timberwolves at San Antonio Spurs,BetRivers,player_points,Ayo Dosunmu,Under,10.5,105,2026-05-06T23:34:16Z
Minnesota Timberwolves at San Antonio Spurs,BetRivers,player_points,Julian Champagnie,Over,9.5,-106,2026-05-06T23:34:16Z
Minnesota Timberwolves at San Antonio Spurs,BetRivers,player_points,Julian Champagnie,Under,9.5,-129,2026-05-06T23:34:16Z
Minnesota Timberwolves at San Antonio Spurs,BetRivers,player_points,Devin Vassell,Over,13.5,-103,2026-05-06T23:34:16Z
Minnesota Timberwolves at San Antonio Spurs,BetRivers,player_points,Devin Vassell,Under,13.5,-134,2026-05-06T23:34:16Z
Minnesota Timberwolves at San Antonio Spurs,BetRivers,player_points,Julius Randle,Over,18.5,100,2026-05-06T23:34:16Z
Minnesota Timberwolves at San Antonio Spurs,BetRivers,player_points,Julius Randle,Under,18.5,-136,2026-05-06T23:34:16Z
Minnesota Timberwolves at San Antonio Spurs,BetRivers,player_points,Devin Vassell,Over,12.5,-136,2026-05-06T23:34:16Z
Minnesota Timberwolves at San Antonio Spurs,BetRivers,player_points,Devin Vassell,Under,12.5,100,2026-05-06T23:34:16Z
Minnesota Timberwolves at San Antonio Spurs,BetRivers,player_points,Stephon Castle,Over,17.5,-103,2026-05-06T23:34:16Z
Minnesota Timberwolves at San Antonio Spurs,BetRivers,player_points,Stephon Castle,Under,17.5,-134,2026-05-06T23:34:16Z
Minnesota Timberwolves at San Antonio Spurs,BetRivers,player_points,Victor Wembanyama,Over,27.5,-109,2026-05-06T23:34:16Z
Minnesota Timberwolves at San Antonio Spurs,BetRivers,player_points,Victor Wembanyama,Under,27.5,-125,2026-05-06T23:34:16Z
Minnesota Timberwolves at San Antonio Spurs,BetRivers,player_points,Victor Wembanyama,Over,28.5,114,2026-05-06T23:34:16Z
Minnesota Timberwolves at San Antonio Spurs,BetRivers,player_points,Victor Wembanyama,Under,28.5,-157,2026-05-06T23:34:16Z
Minnesota Timberwolves at San Antonio Spurs,BetRivers,player_points,Jaden McDaniels,Over,15.5,100,2026-05-06T23:34:16Z
Minnesota Timberwolves at San Antonio Spurs,BetRivers,player_points,Jaden McDaniels,Under,15.5,-136,2026-05-06T23:34:16Z
Minnesota Timberwolves at San Antonio Spurs,BetRivers,player_points,Anthony Edwards,Over,20.5,-130,2026-05-06T23:34:16Z
Minnesota Timberwolves at San Antonio Spurs,BetRivers,player_points,Anthony Edwards,Under,20.5,-105,2026-05-06T23:34:16Z
Minnesota Timberwolves at San Antonio Spurs,BetRivers,player_points,Anthony Edwards,Over,22.5,120,2026-05-06T23:34:16Z
Minnesota Timberwolves at San Antonio Spurs,BetRivers,player_points,Anthony Edwards,Under,22.5,-167,2026-05-06T23:34:16Z
Minnesota Timberwolves at San Antonio Spurs,BetRivers,player_points,Julian Champagnie,Over,8.5,-148,2026-05-06T23:34:16Z
Minnesota Timberwolves at San Antonio Spurs,BetRivers,player_points,Julian Champagnie,Under,8.5,108,2026-05-06T23:34:16Z
Minnesota Timberwolves at San Antonio Spurs,BetRivers,player_points,Naz Reid,Over,11.5,-150,2026-05-06T23:34:16Z
Minnesota Timberwolves at San Antonio Spurs,BetRivers,player_points,Naz Reid,Under,11.5,110,2026-05-06T23:34:16Z
Minnesota Timberwolves at San Antonio Spurs,BetRivers,player_rebounds,Naz Reid,Over,6.5,-104,2026-05-06T23:34:16Z
Minnesota Timberwolves at San Antonio Spurs,BetRivers,player_rebounds,Naz Reid,Under,6.5,-132,2026-05-06T23:34:16Z
Minnesota Timberwolves at San Antonio Spurs,BetRivers,player_rebounds,Stephon Castle,Over,5.5,-106,2026-05-06T23:34:16Z
Minnesota Timberwolves at San Antonio Spurs,BetRivers,player_rebounds,Stephon Castle,Under,5.5,-127,2026-05-06T23:34:16Z
Minnesota Timberwolves at San Antonio Spurs,BetRivers,player_rebounds,Dylan Harper,Over,3.5,105,2026-05-06T23:34:16Z
Minnesota Timberwolves at San Antonio Spurs,BetRivers,player_rebounds,Dylan Harper,Under,3.5,-143,2026-05-06T23:34:16Z
Minnesota Timberwolves at San Antonio Spurs,BetRivers,player_rebounds,Anthony Edwards,Over,3.5,-165,2026-05-06T23:34:16Z
Minnesota Timberwolves at San Antonio Spurs,BetRivers,player_rebounds,Anthony Edwards,Under,3.5,120,2026-05-06T23:34:16Z
Minnesota Timberwolves at San Antonio Spurs,BetRivers,player_rebounds,Rudy Gobert,Over,10.5,-139,2026-05-06T23:34:16Z
Minnesota Timberwolves at San Antonio Spurs,BetRivers,player_rebounds,Rudy Gobert,Under,10.5,102,2026-05-06T23:34:16Z
Minnesota Timberwolves at San Antonio Spurs,BetRivers,player_rebounds,Keldon Johnson,Over,3.5,-121,2026-05-06T23:34:16Z
Minnesota Timberwolves at San Antonio Spurs,BetRivers,player_rebounds,Keldon Johnson,Under,3.5,-113,2026-05-06T23:34:16Z
Minnesota Timberwolves at San Antonio Spurs,BetRivers,player_rebounds,Devin Vassell,Over,3.5,-175,2026-05-06T23:34:16Z
Minnesota Timberwolves at San Antonio Spurs,BetRivers,player_rebounds,Devin Vassell,Under,3.5,125,2026-05-06T23:34:16Z
Minnesota Timberwolves at San Antonio Spurs,BetRivers,player_rebounds,De'Aaron Fox,Over,3.5,-122,2026-05-06T23:34:16Z
Minnesota Timberwolves at San Antonio Spurs,BetRivers,player_rebounds,De'Aaron Fox,Under,3.5,-110,2026-05-06T23:34:16Z
Minnesota Timberwolves at San Antonio Spurs,BetRivers,player_rebounds,Julius Randle,Over,6.5,104,2026-05-06T23:34:16Z
Minnesota Timberwolves at San Antonio Spurs,BetRivers,player_rebounds,Julius Randle,Under,6.5,-141,2026-05-06T23:34:16Z
Minnesota Timberwolves at San Antonio Spurs,BetRivers,player_rebounds,Jaden McDaniels,Over,4.5,-118,2026-05-06T23:34:16Z
Minnesota Timberwolves at San Antonio Spurs,BetRivers,player_rebounds,Jaden McDaniels,Under,4.5,-115,2026-05-06T23:34:16Z
Minnesota Timberwolves at San Antonio Spurs,BetRivers,player_rebounds,Victor Wembanyama,Over,12.5,-120,2026-05-06T23:34:16Z
Minnesota Timberwolves at San Antonio Spurs,BetRivers,player_rebounds,Victor Wembanyama,Under,12.5,-114,2026-05-06T23:34:16Z
Minnesota Timberwolves at San Antonio Spurs,BetRivers,player_rebounds,Julian Champagnie,Over,5.5,108,2026-05-06T23:34:16Z
Minnesota Timberwolves at San Antonio Spurs,BetRivers,player_rebounds,Julian Champagnie,Under,5.5,-148,2026-05-06T23:34:16Z
Minnesota Timberwolves at San Antonio Spurs,BetRivers,player_threes,Jaden McDaniels,Over,1.5,123,2026-05-06T23:34:16Z
Minnesota Timberwolves at San Antonio Spurs,BetRivers,player_threes,Jaden McDaniels,Under,1.5,-167,2026-05-06T23:34:16Z
Minnesota Timberwolves at San Antonio Spurs,BetRivers,player_threes,Ayo Dosunmu,Over,1.5,105,2026-05-06T23:34:16Z
Minnesota Timberwolves at San Antonio Spurs,BetRivers,player_threes,Ayo Dosunmu,Under,1.5,-143,2026-05-06T23:34:16Z
Minnesota Timberwolves at San Antonio Spurs,BetRivers,player_threes,De'Aaron Fox,Over,1.5,-103,2026-05-06T23:34:16Z
Minnesota Timberwolves at San Antonio Spurs,BetRivers,player_threes,De'Aaron Fox,Under,1.5,-132,2026-05-06T23:34:16Z
Minnesota Timberwolves at San Antonio Spurs,BetRivers,player_threes,Naz Reid,Over,1.5,-162,2026-05-06T23:34:16Z
Minnesota Timberwolves at San Antonio Spurs,BetRivers,player_threes,Naz Reid,Under,1.5,120,2026-05-06T23:34:16Z
Minnesota Timberwolves at San Antonio Spurs,BetRivers,player_threes,Julius Randle,Over,1.5,140,2026-05-06T23:34:16Z
Minnesota Timberwolves at San Antonio Spurs,BetRivers,player_threes,Julius Randle,Under,1.5,-195,2026-05-06T23:34:16Z
Minnesota Timberwolves at San Antonio Spurs,BetRivers,player_threes,Stephon Castle,Over,1.5,120,2026-05-06T23:34:16Z
Minnesota Timberwolves at San Antonio Spurs,BetRivers,player_threes,Stephon Castle,Under,1.5,-162,2026-05-06T23:34:16Z
Minnesota Timberwolves at San Antonio Spurs,BetRivers,player_threes,Julian Champagnie,Over,2.5,150,2026-05-06T23:34:16Z
Minnesota Timberwolves at San Antonio Spurs,BetRivers,player_threes,Julian Champagnie,Under,2.5,-210,2026-05-06T23:34:16Z
Minnesota Timberwolves at San Antonio Spurs,BetRivers,player_threes,Victor Wembanyama,Over,2.5,104,2026-05-06T23:34:16Z
Minnesota Timberwolves at San Antonio Spurs,BetRivers,player_threes,Victor Wembanyama,Under,2.5,-139,2026-05-06T23:34:16Z
Minnesota Timberwolves at San Antonio Spurs,BetRivers,player_threes,Devin Vassell,Over,2.5,145,2026-05-06T23:34:16Z
Minnesota Timberwolves at San Antonio Spurs,BetRivers,player_threes,Devin Vassell,Under,2.5,-200,2026-05-06T23:34:16Z
Minnesota Timberwolves at San Antonio Spurs,BetRivers,player_threes,Anthony Edwards,Over,2.5,104,2026-05-06T23:34:16Z
Minnesota Timberwolves at San Antonio Spurs,BetRivers,player_threes,Anthony Edwards,Under,2.5,-141,2026-05-06T23:34:16Z
Minnesota Timberwolves at San Antonio Spurs,BetRivers,player_threes,Jaden McDaniels,Over,1.5,123,2026-05-06T23:34:16Z
Minnesota Timberwolves at San Antonio Spurs,BetRivers,player_threes,Jaden McDaniels,Under,1.5,-167,2026-05-06T23:34:16Z
Minnesota Timberwolves at San Antonio Spurs,BetRivers,player_threes,Ayo Dosunmu,Over,1.5,105,2026-05-06T23:34:16Z
Minnesota Timberwolves at San Antonio Spurs,BetRivers,player_threes,Ayo Dosunmu,Under,1.5,-143,2026-05-06T23:34:16Z
Minnesota Timberwolves at San Antonio Spurs,BetRivers,player_threes,De'Aaron Fox,Over,1.5,-103,2026-05-06T23:34:16Z
Minnesota Timberwolves at San Antonio Spurs,BetRivers,player_threes,De'Aaron Fox,Under,1.5,-132,2026-05-06T23:34:16Z
Minnesota Timberwolves at San Antonio Spurs,BetRivers,player_threes,Naz Reid,Over,1.5,-162,2026-05-06T23:34:16Z
Minnesota Timberwolves at San Antonio Spurs,BetRivers,player_threes,Naz Reid,Under,1.5,120,2026-05-06T23:34:16Z
Minnesota Timberwolves at San Antonio Spurs,BetRivers,player_threes,Julius Randle,Over,1.5,140,2026-05-06T23:34:16Z
Minnesota Timberwolves at San Antonio Spurs,BetRivers,player_threes,Julius Randle,Under,1.5,-195,2026-05-06T23:34:16Z
Minnesota Timberwolves at San Antonio Spurs,BetRivers,player_threes,Stephon Castle,Over,1.5,120,2026-05-06T23:34:16Z
Minnesota Timberwolves at San Antonio Spurs,BetRivers,player_threes,Stephon Castle,Under,1.5,-162,2026-05-06T23:34:16Z
Minnesota Timberwolves at San Antonio Spurs,BetRivers,player_threes,Julian Champagnie,Over,2.5,150,2026-05-06T23:34:16Z
Minnesota Timberwolves at San Antonio Spurs,BetRivers,player_threes,Julian Champagnie,Under,2.5,-210,2026-05-06T23:34:16Z
Minnesota Timberwolves at San Antonio Spurs,BetRivers,player_threes,Victor Wembanyama,Over,2.5,104,2026-05-06T23:34:16Z
Minnesota Timberwolves at San Antonio Spurs,BetRivers,player_threes,Victor Wembanyama,Under,2.5,-139,2026-05-06T23:34:16Z
Minnesota Timberwolves at San Antonio Spurs,BetRivers,player_threes,Devin Vassell,Over,2.5,145,2026-05-06T23:34:16Z
Minnesota Timberwolves at San Antonio Spurs,BetRivers,player_threes,Devin Vassell,Under,2.5,-200,2026-05-06T23:34:16Z
Minnesota Timberwolves at San Antonio Spurs,BetRivers,player_threes,Anthony Edwards,Over,2.5,104,2026-05-06T23:34:16Z
Minnesota Timberwolves at San Antonio Spurs,BetRivers,player_threes,Anthony Edwards,Under,2.5,-141,2026-05-06T23:34:16Z
Minnesota Timberwolves at San Antonio Spurs,BetMGM,player_assists,Victor Wembanyama,Over,3.5,100,2026-05-06T23:34:17Z
Minnesota Timberwolves at San Antonio Spurs,BetMGM,player_assists,Victor Wembanyama,Under,3.5,-135,2026-05-06T23:34:17Z
Minnesota Timberwolves at San Antonio Spurs,BetMGM,player_assists,Jaden McDaniels,Over,2.5,-105,2026-05-06T23:34:17Z
Minnesota Timberwolves at San Antonio Spurs,BetMGM,player_assists,Jaden McDaniels,Under,2.5,-125,2026-05-06T23:34:17Z
Minnesota Timberwolves at San Antonio Spurs,BetMGM,player_assists,Julius Randle,Over,4.5,125,2026-05-06T23:34:17Z
Minnesota Timberwolves at San Antonio Spurs,BetMGM,player_assists,Julius Randle,Under,4.5,-165,2026-05-06T23:34:17Z
Minnesota Timberwolves at San Antonio Spurs,BetMGM,player_assists,Devin Vassell,Over,2.5,120,2026-05-06T23:34:17Z
Minnesota Timberwolves at San Antonio Spurs,BetMGM,player_assists,Devin Vassell,Under,2.5,-160,2026-05-06T23:34:17Z
Minnesota Timberwolves at San Antonio Spurs,BetMGM,player_assists,Stephon Castle,Over,6.5,-135,2026-05-06T23:34:17Z
Minnesota Timberwolves at San Antonio Spurs,BetMGM,player_assists,Stephon Castle,Under,6.5,100,2026-05-06T23:34:17Z
Minnesota Timberwolves at San Antonio Spurs,BetMGM,player_assists,Dylan Harper,Over,3.5,138,2026-05-06T23:34:17Z
Minnesota Timberwolves at San Antonio Spurs,BetMGM,player_assists,Dylan Harper,Under,3.5,-185,2026-05-06T23:34:17Z
Minnesota Timberwolves at San Antonio Spurs,BetMGM,player_assists,Mike Conley,Over,3.5,120,2026-05-06T23:34:17Z
Minnesota Timberwolves at San Antonio Spurs,BetMGM,player_assists,Mike Conley,Under,3.5,-160,2026-05-06T23:34:17Z
Minnesota Timberwolves at San Antonio Spurs,BetMGM,player_assists,Rudy Gobert,Over,1.5,-155,2026-05-06T23:34:17Z
Minnesota Timberwolves at San Antonio Spurs,BetMGM,player_assists,Rudy Gobert,Under,1.5,115,2026-05-06T23:34:17Z
Minnesota Timberwolves at San Antonio Spurs,BetMGM,player_assists,Ayo Dosunmu,Over,3.5,135,2026-05-06T23:34:17Z
Minnesota Timberwolves at San Antonio Spurs,BetMGM,player_assists,Ayo Dosunmu,Under,3.5,-185,2026-05-06T23:34:17Z
Minnesota Timberwolves at San Antonio Spurs,BetMGM,player_assists,Naz Reid,Over,1.5,-120,2026-05-06T23:34:17Z
Minnesota Timberwolves at San Antonio Spurs,BetMGM,player_assists,Naz Reid,Under,1.5,-110,2026-05-06T23:34:17Z
Minnesota Timberwolves at San Antonio Spurs,BetMGM,player_assists,De'Aaron Fox,Over,6.5,115,2026-05-06T23:34:17Z
Minnesota Timberwolves at San Antonio Spurs,BetMGM,player_assists,De'Aaron Fox,Under,6.5,-155,2026-05-06T23:34:17Z
Minnesota Timberwolves at San Antonio Spurs,BetMGM,player_assists,Anthony Edwards,Over,3.5,130,2026-05-06T23:34:17Z
Minnesota Timberwolves at San Antonio Spurs,BetMGM,player_assists,Anthony Edwards,Under,3.5,-175,2026-05-06T23:34:17Z
Minnesota Timberwolves at San Antonio Spurs,BetMGM,player_assists,Julian Champagnie,Over,1.5,130,2026-05-06T23:34:17Z
Minnesota Timberwolves at San Antonio Spurs,BetMGM,player_assists,Julian Champagnie,Under,1.5,-175,2026-05-06T23:34:17Z
Minnesota Timberwolves at San Antonio Spurs,BetMGM,player_blocks,Anthony Edwards,Over,0.5,-135,2026-05-06T23:34:17Z
Minnesota Timberwolves at San Antonio Spurs,BetMGM,player_blocks,Anthony Edwards,Under,0.5,100,2026-05-06T23:34:17Z
Minnesota Timberwolves at San Antonio Spurs,BetMGM,player_blocks,Stephon Castle,Over,0.5,280,2026-05-06T23:34:17Z
Minnesota Timberwolves at San Antonio Spurs,BetMGM,player_blocks,Stephon Castle,Under,0.5,-450,2026-05-06T23:34:17Z
Minnesota Timberwolves at San Antonio Spurs,BetMGM,player_blocks,Julian Champagnie,Over,0.5,195,2026-05-06T23:34:17Z
Minnesota Timberwolves at San Antonio Spurs,BetMGM,player_blocks,Julian Champagnie,Under,0.5,-285,2026-05-06T23:34:17Z
Minnesota Timberwolves at San Antonio Spurs,BetMGM,player_blocks,Jaden McDaniels,Over,0.5,-185,2026-05-06T23:34:17Z
Minnesota Timberwolves at San Antonio Spurs,BetMGM,player_blocks,Jaden McDaniels,Under,0.5,130,2026-05-06T23:34:17Z
Minnesota Timberwolves at San Antonio Spurs,BetMGM,player_blocks,Victor Wembanyama,Over,4.5,100,2026-05-06T23:34:17Z
Minnesota Timberwolves at San Antonio Spurs,BetMGM,player_blocks,Victor Wembanyama,Under,4.5,-140,2026-05-06T23:34:17Z
Minnesota Timberwolves at San Antonio Spurs,BetMGM,player_blocks,Julius Randle,Over,0.5,240,2026-05-06T23:34:17Z
Minnesota Timberwolves at San Antonio Spurs,BetMGM,player_blocks,Julius Randle,Under,0.5,-375,2026-05-06T23:34:17Z
Minnesota Timberwolves at San Antonio Spurs,BetMGM,player_blocks,De'Aaron Fox,Over,0.5,333,2026-05-06T23:34:17Z
Minnesota Timberwolves at San Antonio Spurs,BetMGM,player_blocks,De'Aaron Fox,Under,0.5,-550,2026-05-06T23:34:17Z
Minnesota Timberwolves at San Antonio Spurs,BetMGM,player_blocks,Mike Conley,Over,0.5,375,2026-05-06T23:34:17Z
Minnesota Timberwolves at San Antonio Spurs,BetMGM,player_blocks,Mike Conley,Under,0.5,-650,2026-05-06T23:34:17Z
Minnesota Timberwolves at San Antonio Spurs,BetMGM,player_blocks,Devin Vassell,Over,0.5,115,2026-05-06T23:34:17Z
Minnesota Timberwolves at San Antonio Spurs,BetMGM,player_blocks,Devin Vassell,Under,0.5,-155,2026-05-06T23:34:17Z
Minnesota Timberwolves at San Antonio Spurs,BetMGM,player_blocks,Rudy Gobert,Over,1.5,130,2026-05-06T23:34:17Z
Minnesota Timberwolves at San Antonio Spurs,BetMGM,player_blocks,Rudy Gobert,Under,1.5,-190,2026-05-06T23:34:17Z
Minnesota Timberwolves at San Antonio Spurs,BetMGM,player_points,Victor Wembanyama,Over,27.5,-115,2026-05-06T23:34:17Z
Minnesota Timberwolves at San Antonio Spurs,BetMGM,player_points,Victor Wembanyama,Under,27.5,-115,2026-05-06T23:34:17Z
Minnesota Timberwolves at San Antonio Spurs,BetMGM,player_points,Julian Champagnie,Over,8.5,-130,2026-05-06T23:34:17Z
Minnesota Timberwolves at San Antonio Spurs,BetMGM,player_points,Julian Champagnie,Under,8.5,-105,2026-05-06T23:34:17Z
Minnesota Timberwolves at San Antonio Spurs,BetMGM,player_points,Devin Vassell,Over,12.5,-115,2026-05-06T23:34:17Z
Minnesota Timberwolves at San Antonio Spurs,BetMGM,player_points,Devin Vassell,Under,12.5,-115,2026-05-06T23:34:17Z
Minnesota Timberwolves at San Antonio Spurs,BetMGM,player_points,Dylan Harper,Over,10.5,-140,2026-05-06T23:34:17Z
Minnesota Timberwolves at San Antonio Spurs,BetMGM,player_points,Dylan Harper,Under,10.5,105,2026-05-06T23:34:17Z
Minnesota Timberwolves at San Antonio Spurs,BetMGM,player_points,Rudy Gobert,Over,8.5,105,2026-05-06T23:34:17Z
Minnesota Timberwolves at San Antonio Spurs,BetMGM,player_points,Rudy Gobert,Under,8.5,-140,2026-05-06T23:34:17Z
Minnesota Timberwolves at San Antonio Spurs,BetMGM,player_points,Mike Conley,Over,4.5,-118,2026-05-06T23:34:17Z
Minnesota Timberwolves at San Antonio Spurs,BetMGM,player_points,Mike Conley,Under,4.5,-111,2026-05-06T23:34:17Z
Minnesota Timberwolves at San Antonio Spurs,BetMGM,player_points,De'Aaron Fox,Over,17.5,-120,2026-05-06T23:34:17Z
Minnesota Timberwolves at San Antonio Spurs,BetMGM,player_points,De'Aaron Fox,Under,17.5,-110,2026-05-06T23:34:17Z
Minnesota Timberwolves at San Antonio Spurs,BetMGM,player_points,Stephon Castle,Over,17.5,-105,2026-05-06T23:34:17Z
Minnesota Timberwolves at San Antonio Spurs,BetMGM,player_points,Stephon Castle,Under,17.5,-125,2026-05-06T23:34:17Z
Minnesota Timberwolves at San Antonio Spurs,BetMGM,player_points,Naz Reid,Over,11.5,-125,2026-05-06T23:34:17Z
Minnesota Timberwolves at San Antonio Spurs,BetMGM,player_points,Naz Reid,Under,11.5,-105,2026-05-06T23:34:17Z
Minnesota Timberwolves at San Antonio Spurs,BetMGM,player_points,Luke Kornet,Over,3.5,-120,2026-05-06T23:34:17Z
Minnesota Timberwolves at San Antonio Spurs,BetMGM,player_points,Luke Kornet,Under,3.5,-111,2026-05-06T23:34:17Z
Minnesota Timberwolves at San Antonio Spurs,BetMGM,player_points,Keldon Johnson,Over,9.5,-105,2026-05-06T23:34:17Z
Minnesota Timberwolves at San Antonio Spurs,BetMGM,player_points,Keldon Johnson,Under,9.5,-125,2026-05-06T23:34:17Z
Minnesota Timberwolves at San Antonio Spurs,BetMGM,player_points,Anthony Edwards,Over,21.5,-111,2026-05-06T23:34:17Z
Minnesota Timberwolves at San Antonio Spurs,BetMGM,player_points,Anthony Edwards,Under,21.5,-118,2026-05-06T23:34:17Z
Minnesota Timberwolves at San Antonio Spurs,BetMGM,player_points,Julius Randle,Over,17.5,-120,2026-05-06T23:34:17Z
Minnesota Timberwolves at San Antonio Spurs,BetMGM,player_points,Julius Randle,Under,17.5,-110,2026-05-06T23:34:17Z
Minnesota Timberwolves at San Antonio Spurs,BetMGM,player_points,Jaden McDaniels,Over,13.5,-135,2026-05-06T23:34:17Z
Minnesota Timberwolves at San Antonio Spurs,BetMGM,player_points,Jaden McDaniels,Under,13.5,100,2026-05-06T23:34:17Z
Minnesota Timberwolves at San Antonio Spurs,BetMGM,player_points,Ayo Dosunmu,Over,10.5,-120,2026-05-06T23:34:17Z
Minnesota Timberwolves at San Antonio Spurs,BetMGM,player_points,Ayo Dosunmu,Under,10.5,-111,2026-05-06T23:34:17Z
Minnesota Timberwolves at San Antonio Spurs,BetMGM,player_points,Terrence Shannon Jr.,Over,8.5,-105,2026-05-06T23:34:17Z
Minnesota Timberwolves at San Antonio Spurs,BetMGM,player_points,Terrence Shannon Jr.,Under,8.5,-125,2026-05-06T23:34:17Z
Minnesota Timberwolves at San Antonio Spurs,BetMGM,player_rebounds,Victor Wembanyama,Over,12.5,-125,2026-05-06T23:34:17Z
Minnesota Timberwolves at San Antonio Spurs,BetMGM,player_rebounds,Victor Wembanyama,Under,12.5,-105,2026-05-06T23:34:17Z
Minnesota Timberwolves at San Antonio Spurs,BetMGM,player_rebounds,De'Aaron Fox,Over,3.5,-120,2026-05-06T23:34:17Z
Minnesota Timberwolves at San Antonio Spurs,BetMGM,player_rebounds,De'Aaron Fox,Under,3.5,-110,2026-05-06T23:34:17Z
Minnesota Timberwolves at San Antonio Spurs,BetMGM,player_rebounds,Devin Vassell,Over,4.5,115,2026-05-06T23:34:17Z
Minnesota Timberwolves at San Antonio Spurs,BetMGM,player_rebounds,Devin Vassell,Under,4.5,-155,2026-05-06T23:34:17Z
Minnesota Timberwolves at San Antonio Spurs,BetMGM,player_rebounds,Julius Randle,Over,6.5,-105,2026-05-06T23:34:17Z
Minnesota Timberwolves at San Antonio Spurs,BetMGM,player_rebounds,Julius Randle,Under,6.5,-125,2026-05-06T23:34:17Z
Minnesota Timberwolves at San Antonio Spurs,BetMGM,player_rebounds,Jaden McDaniels,Over,4.5,-115,2026-05-06T23:34:17Z
Minnesota Timberwolves at San Antonio Spurs,BetMGM,player_rebounds,Jaden McDaniels,Under,4.5,-115,2026-05-06T23:34:17Z
Minnesota Timberwolves at San Antonio Spurs,BetMGM,player_rebounds,Dylan Harper,Over,3.5,105,2026-05-06T23:34:17Z
Minnesota Timberwolves at San Antonio Spurs,BetMGM,player_rebounds,Dylan Harper,Under,3.5,-140,2026-05-06T23:34:17Z
Minnesota Timberwolves at San Antonio Spurs,BetMGM,player_rebounds,Stephon Castle,Over,5.5,100,2026-05-06T23:34:17Z
Minnesota Timberwolves at San Antonio Spurs,BetMGM,player_rebounds,Stephon Castle,Under,5.5,-135,2026-05-06T23:34:17Z
Minnesota Timberwolves at San Antonio Spurs,BetMGM,player_rebounds,Julian Champagnie,Over,5.5,-105,2026-05-06T23:34:17Z
Minnesota Timberwolves at San Antonio Spurs,BetMGM,player_rebounds,Julian Champagnie,Under,5.5,-130,2026-05-06T23:34:17Z
Minnesota Timberwolves at San Antonio Spurs,BetMGM,player_rebounds,Keldon Johnson,Over,3.5,-145,2026-05-06T23:34:17Z
Minnesota Timberwolves at San Antonio Spurs,BetMGM,player_rebounds,Keldon Johnson,Under,3.5,105,2026-05-06T23:34:17Z
Minnesota Timberwolves at San Antonio Spurs,BetMGM,player_rebounds,Luke Kornet,Over,3.5,115,2026-05-06T23:34:17Z
Minnesota Timberwolves at San Antonio Spurs,BetMGM,player_rebounds,Luke Kornet,Under,3.5,-155,2026-05-06T23:34:17Z
Minnesota Timberwolves at San Antonio Spurs,BetMGM,player_rebounds,Ayo Dosunmu,Over,2.5,-140,2026-05-06T23:34:17Z
Minnesota Timberwolves at San Antonio Spurs,BetMGM,player_rebounds,Ayo Dosunmu,Under,2.5,105,2026-05-06T23:34:17Z
Minnesota Timberwolves at San Antonio Spurs,BetMGM,player_rebounds,Anthony Edwards,Over,4.5,105,2026-05-06T23:34:17Z
Minnesota Timberwolves at San Antonio Spurs,BetMGM,player_rebounds,Anthony Edwards,Under,4.5,-140,2026-05-06T23:34:17Z
Minnesota Timberwolves at San Antonio Spurs,BetMGM,player_rebounds,Naz Reid,Over,5.5,-155,2026-05-06T23:34:17Z
Minnesota Timberwolves at San Antonio Spurs,BetMGM,player_rebounds,Naz Reid,Under,5.5,115,2026-05-06T23:34:17Z
Minnesota Timberwolves at San Antonio Spurs,BetMGM,player_rebounds,Rudy Gobert,Over,11.5,105,2026-05-06T23:34:17Z
Minnesota Timberwolves at San Antonio Spurs,BetMGM,player_rebounds,Rudy Gobert,Under,11.5,-140,2026-05-06T23:34:17Z
Minnesota Timberwolves at San Antonio Spurs,BetMGM,player_rebounds,Mike Conley,Over,1.5,-185,2026-05-06T23:34:17Z
Minnesota Timberwolves at San Antonio Spurs,BetMGM,player_rebounds,Mike Conley,Under,1.5,135,2026-05-06T23:34:17Z
Minnesota Timberwolves at San Antonio Spurs,BetMGM,player_threes,De'Aaron Fox,Over,1.5,-105,2026-05-06T23:34:17Z
Minnesota Timberwolves at San Antonio Spurs,BetMGM,player_threes,De'Aaron Fox,Under,1.5,-125,2026-05-06T23:34:17Z
Minnesota Timberwolves at San Antonio Spurs,BetMGM,player_threes,Victor Wembanyama,Over,2.5,110,2026-05-06T23:34:17Z
Minnesota Timberwolves at San Antonio Spurs,BetMGM,player_threes,Victor Wembanyama,Under,2.5,-150,2026-05-06T23:34:17Z
Minnesota Timberwolves at San Antonio Spurs,BetMGM,player_threes,Devin Vassell,Over,2.5,130,2026-05-06T23:34:17Z
Minnesota Timberwolves at San Antonio Spurs,BetMGM,player_threes,Devin Vassell,Under,2.5,-175,2026-05-06T23:34:17Z
Minnesota Timberwolves at San Antonio Spurs,BetMGM,player_threes,Jaden McDaniels,Over,1.5,145,2026-05-06T23:34:17Z
Minnesota Timberwolves at San Antonio Spurs,BetMGM,player_threes,Jaden McDaniels,Under,1.5,-200,2026-05-06T23:34:17Z
Minnesota Timberwolves at San Antonio Spurs,BetMGM,player_threes,Stephon Castle,Over,1.5,125,2026-05-06T23:34:17Z
Minnesota Timberwolves at San Antonio Spurs,BetMGM,player_threes,Stephon Castle,Under,1.5,-165,2026-05-06T23:34:17Z
Minnesota Timberwolves at San Antonio Spurs,BetMGM,player_threes,Anthony Edwards,Over,2.5,-111,2026-05-06T23:34:17Z
Minnesota Timberwolves at San Antonio Spurs,BetMGM,player_threes,Anthony Edwards,Under,2.5,-118,2026-05-06T23:34:17Z
Minnesota Timberwolves at San Antonio Spurs,BetMGM,player_threes,Julian Champagnie,Over,1.5,-165,2026-05-06T23:34:17Z
Minnesota Timberwolves at San Antonio Spurs,BetMGM,player_threes,Julian Champagnie,Under,1.5,125,2026-05-06T23:34:17Z
Minnesota Timberwolves at San Antonio Spurs,BetMGM,player_threes,Naz Reid,Over,1.5,-125,2026-05-06T23:34:17Z
Minnesota Timberwolves at San Antonio Spurs,BetMGM,player_threes,Naz Reid,Under,1.5,-105,2026-05-06T23:34:17Z
Minnesota Timberwolves at San Antonio Spurs,BetMGM,player_threes,Julius Randle,Over,1.5,130,2026-05-06T23:34:17Z
Minnesota Timberwolves at San Antonio Spurs,BetMGM,player_threes,Julius Randle,Under,1.5,-175,2026-05-06T23:34:17Z
Minnesota Timberwolves at San Antonio Spurs,BetMGM,player_threes,Mike Conley,Over,1.5,155,2026-05-06T23:34:17Z
Minnesota Timberwolves at San Antonio Spurs,BetMGM,player_threes,Mike Conley,Under,1.5,-210,2026-05-06T23:34:17Z
Minnesota Timberwolves at San Antonio Spurs,BetMGM,player_threes,Ayo Dosunmu,Over,1.5,140,2026-05-06T23:34:17Z
Minnesota Timberwolves at San Antonio Spurs,BetMGM,player_threes,Ayo Dosunmu,Under,1.5,-190,2026-05-06T23:34:17Z
Minnesota Timberwolves at San Antonio Spurs,BetMGM,player_threes,Terrence Shannon Jr.,Over,0.5,-175,2026-05-06T23:34:17Z
Minnesota Timberwolves at San Antonio Spurs,BetMGM,player_threes,Terrence Shannon Jr.,Under,0.5,130,2026-05-06T23:34:17Z
Minnesota Timberwolves at San Antonio Spurs,Bovada,player_assists,Anthony Edwards,Over,2.5,-170,2026-05-06T23:27:50Z
Minnesota Timberwolves at San Antonio Spurs,Bovada,player_assists,Anthony Edwards,Under,2.5,130,2026-05-06T23:27:50Z
Minnesota Timberwolves at San Antonio Spurs,Bovada,player_assists,Anthony Edwards,Over,3.5,140,2026-05-06T23:27:50Z
Minnesota Timberwolves at San Antonio Spurs,Bovada,player_assists,Anthony Edwards,Under,3.5,-185,2026-05-06T23:27:50Z
Minnesota Timberwolves at San Antonio Spurs,Bovada,player_assists,Ayo Dosunmu,Over,2.5,-185,2026-05-06T23:27:50Z
Minnesota Timberwolves at San Antonio Spurs,Bovada,player_assists,Ayo Dosunmu,Under,2.5,140,2026-05-06T23:27:50Z
Minnesota Timberwolves at San Antonio Spurs,Bovada,player_assists,Ayo Dosunmu,Over,3.5,130,2026-05-06T23:27:50Z
Minnesota Timberwolves at San Antonio Spurs,Bovada,player_assists,Ayo Dosunmu,Under,3.5,-170,2026-05-06T23:27:50Z
Minnesota Timberwolves at San Antonio Spurs,Bovada,player_assists,De'Aaron Fox,Over,5.5,-145,2026-05-06T23:27:50Z
Minnesota Timberwolves at San Antonio Spurs,Bovada,player_assists,De'Aaron Fox,Under,5.5,110,2026-05-06T23:27:50Z
Minnesota Timberwolves at San Antonio Spurs,Bovada,player_assists,De'Aaron Fox,Over,6.5,125,2026-05-06T23:27:50Z
Minnesota Timberwolves at San Antonio Spurs,Bovada,player_assists,De'Aaron Fox,Under,6.5,-165,2026-05-06T23:27:50Z
Minnesota Timberwolves at San Antonio Spurs,Bovada,player_assists,Devin Vassell,Over,1.5,-230,2026-05-06T23:27:50Z
Minnesota Timberwolves at San Antonio Spurs,Bovada,player_assists,Devin Vassell,Under,1.5,170,2026-05-06T23:27:50Z
Minnesota Timberwolves at San Antonio Spurs,Bovada,player_assists,Devin Vassell,Over,2.5,130,2026-05-06T23:27:50Z
Minnesota Timberwolves at San Antonio Spurs,Bovada,player_assists,Devin Vassell,Under,2.5,-170,2026-05-06T23:27:50Z
Minnesota Timberwolves at San Antonio Spurs,Bovada,player_assists,Dylan Harper,Over,2.5,-185,2026-05-06T23:27:50Z
Minnesota Timberwolves at San Antonio Spurs,Bovada,player_assists,Dylan Harper,Under,2.5,140,2026-05-06T23:27:50Z
Minnesota Timberwolves at San Antonio Spurs,Bovada,player_assists,Dylan Harper,Over,3.5,130,2026-05-06T23:27:50Z
Minnesota Timberwolves at San Antonio Spurs,Bovada,player_assists,Dylan Harper,Under,3.5,-170,2026-05-06T23:27:50Z
Minnesota Timberwolves at San Antonio Spurs,Bovada,player_assists,Jaden McDaniels,Over,1.5,-290,2026-05-06T23:27:50Z
Minnesota Timberwolves at San Antonio Spurs,Bovada,player_assists,Jaden McDaniels,Under,1.5,210,2026-05-06T23:27:50Z
Minnesota Timberwolves at San Antonio Spurs,Bovada,player_assists,Jaden McDaniels,Over,2.5,105,2026-05-06T23:27:50Z
Minnesota Timberwolves at San Antonio Spurs,Bovada,player_assists,Jaden McDaniels,Under,2.5,-135,2026-05-06T23:27:50Z
Minnesota Timberwolves at San Antonio Spurs,Bovada,player_assists,Julian Champagnie,Over,0.5,-275,2026-05-06T23:27:50Z
Minnesota Timberwolves at San Antonio Spurs,Bovada,player_assists,Julian Champagnie,Under,0.5,200,2026-05-06T23:27:50Z
Minnesota Timberwolves at San Antonio Spurs,Bovada,player_assists,Julian Champagnie,Over,1.5,165,2026-05-06T23:27:50Z
Minnesota Timberwolves at San Antonio Spurs,Bovada,player_assists,Julian Champagnie,Under,1.5,-220,2026-05-06T23:27:50Z
Minnesota Timberwolves at San Antonio Spurs,Bovada,player_assists,Julius Randle,Over,3.5,-180,2026-05-06T23:27:50Z
Minnesota Timberwolves at San Antonio Spurs,Bovada,player_assists,Julius Randle,Under,3.5,135,2026-05-06T23:27:50Z
Minnesota Timberwolves at San Antonio Spurs,Bovada,player_assists,Julius Randle,Over,4.5,120,2026-05-06T23:27:50Z
Minnesota Timberwolves at San Antonio Spurs,Bovada,player_assists,Julius Randle,Under,4.5,-160,2026-05-06T23:27:50Z
Minnesota Timberwolves at San Antonio Spurs,Bovada,player_assists,Mike Conley,Over,2.5,-165,2026-05-06T23:27:50Z
Minnesota Timberwolves at San Antonio Spurs,Bovada,player_assists,Mike Conley,Under,2.5,125,2026-05-06T23:27:50Z
Minnesota Timberwolves at San Antonio Spurs,Bovada,player_assists,Mike Conley,Over,3.5,145,2026-05-06T23:27:50Z
Minnesota Timberwolves at San Antonio Spurs,Bovada,player_assists,Mike Conley,Under,3.5,-190,2026-05-06T23:27:50Z
Minnesota Timberwolves at San Antonio Spurs,Bovada,player_assists,Naz Reid,Over,1.5,-130,2026-05-06T23:27:50Z
Minnesota Timberwolves at San Antonio Spurs,Bovada,player_assists,Naz Reid,Under,1.5,100,2026-05-06T23:27:50Z
Minnesota Timberwolves at San Antonio Spurs,Bovada,player_assists,Rudy Gobert,Over,1.5,-135,2026-05-06T23:27:50Z
Minnesota Timberwolves at San Antonio Spurs,Bovada,player_assists,Rudy Gobert,Under,1.5,105,2026-05-06T23:27:50Z
Minnesota Timberwolves at San Antonio Spurs,Bovada,player_assists,Stephon Castle,Over,5.5,-245,2026-05-06T23:27:50Z
Minnesota Timberwolves at San Antonio Spurs,Bovada,player_assists,Stephon Castle,Under,5.5,180,2026-05-06T23:27:50Z
Minnesota Timberwolves at San Antonio Spurs,Bovada,player_assists,Stephon Castle,Over,6.5,-125,2026-05-06T23:27:50Z
Minnesota Timberwolves at San Antonio Spurs,Bovada,player_assists,Stephon Castle,Under,6.5,-105,2026-05-06T23:27:50Z
Minnesota Timberwolves at San Antonio Spurs,Bovada,player_assists,Stephon Castle,Over,7.5,145,2026-05-06T23:27:50Z
Minnesota Timberwolves at San Antonio Spurs,Bovada,player_assists,Stephon Castle,Under,7.5,-190,2026-05-06T23:27:50Z
Minnesota Timberwolves at San Antonio Spurs,Bovada,player_assists,Victor Wembanyama,Over,2.5,-250,2026-05-06T23:27:50Z
Minnesota Timberwolves at San Antonio Spurs,Bovada,player_assists,Victor Wembanyama,Under,2.5,185,2026-05-06T23:27:50Z
Minnesota Timberwolves at San Antonio Spurs,Bovada,player_assists,Victor Wembanyama,Over,3.5,100,2026-05-06T23:27:50Z
Minnesota Timberwolves at San Antonio Spurs,Bovada,player_assists,Victor Wembanyama,Under,3.5,-130,2026-05-06T23:27:50Z
Minnesota Timberwolves at San Antonio Spurs,Bovada,player_blocks,Jaden McDaniels,Over,0.5,-180,2026-05-06T23:27:50Z
Minnesota Timberwolves at San Antonio Spurs,Bovada,player_blocks,Jaden McDaniels,Under,0.5,135,2026-05-06T23:27:50Z
Minnesota Timberwolves at San Antonio Spurs,Bovada,player_blocks,Rudy Gobert,Over,1.5,125,2026-05-06T23:27:50Z
Minnesota Timberwolves at San Antonio Spurs,Bovada,player_blocks,Rudy Gobert,Under,1.5,-165,2026-05-06T23:27:50Z
Minnesota Timberwolves at San Antonio Spurs,Bovada,player_blocks,Victor Wembanyama,Over,3.5,-185,2026-05-06T23:27:50Z
Minnesota Timberwolves at San Antonio Spurs,Bovada,player_blocks,Victor Wembanyama,Under,3.5,140,2026-05-06T23:27:50Z
Minnesota Timberwolves at San Antonio Spurs,Bovada,player_blocks,Victor Wembanyama,Over,4.5,115,2026-05-06T23:27:50Z
Minnesota Timberwolves at San Antonio Spurs,Bovada,player_blocks,Victor Wembanyama,Under,4.5,-150,2026-05-06T23:27:50Z
Minnesota Timberwolves at San Antonio Spurs,Bovada,player_points,Anthony Edwards,Over,17.5,-245,2026-05-06T23:27:50Z
Minnesota Timberwolves at San Antonio Spurs,Bovada,player_points,Anthony Edwards,Under,17.5,180,2026-05-06T23:27:50Z
Minnesota Timberwolves at San Antonio Spurs,Bovada,player_points,Anthony Edwards,Over,18.5,-190,2026-05-06T23:27:50Z
Minnesota Timberwolves at San Antonio Spurs,Bovada,player_points,Anthony Edwards,Under,18.5,145,2026-05-06T23:27:50Z
Minnesota Timberwolves at San Antonio Spurs,Bovada,player_points,Anthony Edwards,Over,19.5,-150,2026-05-06T23:27:50Z
Minnesota Timberwolves at San Antonio Spurs,Bovada,player_points,Anthony Edwards,Under,19.5,115,2026-05-06T23:27:50Z
Minnesota Timberwolves at San Antonio Spurs,Bovada,player_points,Anthony Edwards,Over,20.5,-120,2026-05-06T23:27:50Z
Minnesota Timberwolves at San Antonio Spurs,Bovada,player_points,Anthony Edwards,Under,20.5,-110,2026-05-06T23:27:50Z
Minnesota Timberwolves at San Antonio Spurs,Bovada,player_points,Anthony Edwards,Over,21.5,105,2026-05-06T23:27:50Z
Minnesota Timberwolves at San Antonio Spurs,Bovada,player_points,Anthony Edwards,Under,21.5,-135,2026-05-06T23:27:50Z
Minnesota Timberwolves at San Antonio Spurs,Bovada,player_points,Anthony Edwards,Over,22.5,130,2026-05-06T23:27:50Z
Minnesota Timberwolves at San Antonio Spurs,Bovada,player_points,Anthony Edwards,Under,22.5,-170,2026-05-06T23:27:50Z
Minnesota Timberwolves at San Antonio Spurs,Bovada,player_points,Anthony Edwards,Over,23.5,155,2026-05-06T23:27:50Z
Minnesota Timberwolves at San Antonio Spurs,Bovada,player_points,Anthony Edwards,Under,23.5,-210,2026-05-06T23:27:50Z
Minnesota Timberwolves at San Antonio Spurs,Bovada,player_points,Anthony Edwards,Over,24.5,190,2026-05-06T23:27:50Z
Minnesota Timberwolves at San Antonio Spurs,Bovada,player_points,Anthony Edwards,Under,24.5,-260,2026-05-06T23:27:50Z
Minnesota Timberwolves at San Antonio Spurs,Bovada,player_points,Ayo Dosunmu,Over,8.5,-260,2026-05-06T23:27:50Z
Minnesota Timberwolves at San Antonio Spurs,Bovada,player_points,Ayo Dosunmu,Under,8.5,190,2026-05-06T23:27:50Z
Minnesota Timberwolves at San Antonio Spurs,Bovada,player_points,Ayo Dosunmu,Over,9.5,-185,2026-05-06T23:27:50Z
Minnesota Timberwolves at San Antonio Spurs,Bovada,player_points,Ayo Dosunmu,Under,9.5,140,2026-05-06T23:27:50Z
Minnesota Timberwolves at San Antonio Spurs,Bovada,player_points,Ayo Dosunmu,Over,10.5,-135,2026-05-06T23:27:50Z
Minnesota Timberwolves at San Antonio Spurs,Bovada,player_points,Ayo Dosunmu,Under,10.5,105,2026-05-06T23:27:50Z
Minnesota Timberwolves at San Antonio Spurs,Bovada,player_points,Ayo Dosunmu,Over,11.5,100,2026-05-06T23:27:50Z
Minnesota Timberwolves at San Antonio Spurs,Bovada,player_points,Ayo Dosunmu,Under,11.5,-130,2026-05-06T23:27:50Z
Minnesota Timberwolves at San Antonio Spurs,Bovada,player_points,Ayo Dosunmu,Over,12.5,130,2026-05-06T23:27:50Z
Minnesota Timberwolves at San Antonio Spurs,Bovada,player_points,Ayo Dosunmu,Under,12.5,-170,2026-05-06T23:27:50Z
Minnesota Timberwolves at San Antonio Spurs,Bovada,player_points,Ayo Dosunmu,Over,13.5,170,2026-05-06T23:27:50Z
Minnesota Timberwolves at San Antonio Spurs,Bovada,player_points,Ayo Dosunmu,Under,13.5,-230,2026-05-06T23:27:50Z
Minnesota Timberwolves at San Antonio Spurs,Bovada,player_points,De'Aaron Fox,Over,14.5,-250,2026-05-06T23:27:50Z
Minnesota Timberwolves at San Antonio Spurs,Bovada,player_points,De'Aaron Fox,Under,14.5,185,2026-05-06T23:27:50Z
Minnesota Timberwolves at San Antonio Spurs,Bovada,player_points,De'Aaron Fox,Over,15.5,-190,2026-05-06T23:27:50Z
Minnesota Timberwolves at San Antonio Spurs,Bovada,player_points,De'Aaron Fox,Under,15.5,145,2026-05-06T23:27:50Z
Minnesota Timberwolves at San Antonio Spurs,Bovada,player_points,De'Aaron Fox,Over,16.5,-150,2026-05-06T23:27:50Z
Minnesota Timberwolves at San Antonio Spurs,Bovada,player_points,De'Aaron Fox,Under,16.5,115,2026-05-06T23:27:50Z
Minnesota Timberwolves at San Antonio Spurs,Bovada,player_points,De'Aaron Fox,Over,17.5,-115,2026-05-06T23:27:50Z
Minnesota Timberwolves at San Antonio Spurs,Bovada,player_points,De'Aaron Fox,Under,17.5,-115,2026-05-06T23:27:50Z
Minnesota Timberwolves at San Antonio Spurs,Bovada,player_points,De'Aaron Fox,Over,18.5,110,2026-05-06T23:27:50Z
Minnesota Timberwolves at San Antonio Spurs,Bovada,player_points,De'Aaron Fox,Under,18.5,-145,2026-05-06T23:27:50Z
Minnesota Timberwolves at San Antonio Spurs,Bovada,player_points,De'Aaron Fox,Over,19.5,135,2026-05-06T23:27:50Z
Minnesota Timberwolves at San Antonio Spurs,Bovada,player_points,De'Aaron Fox,Under,19.5,-180,2026-05-06T23:27:50Z
Minnesota Timberwolves at San Antonio Spurs,Bovada,player_points,De'Aaron Fox,Over,20.5,170,2026-05-06T23:27:50Z
Minnesota Timberwolves at San Antonio Spurs,Bovada,player_points,De'Aaron Fox,Under,20.5,-230,2026-05-06T23:27:50Z
Minnesota Timberwolves at San Antonio Spurs,Bovada,player_points,De'Aaron Fox,Over,21.5,210,2026-05-06T23:27:50Z
Minnesota Timberwolves at San Antonio Spurs,Bovada,player_points,De'Aaron Fox,Under,21.5,-290,2026-05-06T23:27:50Z
Minnesota Timberwolves at San Antonio Spurs,Bovada,player_points,Devin Vassell,Over,10.5,-220,2026-05-06T23:27:50Z
Minnesota Timberwolves at San Antonio Spurs,Bovada,player_points,Devin Vassell,Under,10.5,165,2026-05-06T23:27:50Z
Minnesota Timberwolves at San Antonio Spurs,Bovada,player_points,Devin Vassell,Over,11.5,-160,2026-05-06T23:27:50Z
Minnesota Timberwolves at San Antonio Spurs,Bovada,player_points,Devin Vassell,Under,11.5,120,2026-05-06T23:27:50Z
Minnesota Timberwolves at San Antonio Spurs,Bovada,player_points,Devin Vassell,Over,12.5,-120,2026-05-06T23:27:50Z
Minnesota Timberwolves at San Antonio Spurs,Bovada,player_points,Devin Vassell,Under,12.5,-110,2026-05-06T23:27:50Z
Minnesota Timberwolves at San Antonio Spurs,Bovada,player_points,Devin Vassell,Over,13.5,110,2026-05-06T23:27:50Z
Minnesota Timberwolves at San Antonio Spurs,Bovada,player_points,Devin Vassell,Under,13.5,-145,2026-05-06T23:27:50Z
Minnesota Timberwolves at San Antonio Spurs,Bovada,player_points,Devin Vassell,Over,14.5,140,2026-05-06T23:27:50Z
Minnesota Timberwolves at San Antonio Spurs,Bovada,player_points,Devin Vassell,Under,14.5,-185,2026-05-06T23:27:50Z
Minnesota Timberwolves at San Antonio Spurs,Bovada,player_points,Devin Vassell,Over,15.5,180,2026-05-06T23:27:50Z
Minnesota Timberwolves at San Antonio Spurs,Bovada,player_points,Devin Vassell,Under,15.5,-245,2026-05-06T23:27:50Z
Minnesota Timberwolves at San Antonio Spurs,Bovada,player_points,Dylan Harper,Over,9.5,-215,2026-05-06T23:27:50Z
Minnesota Timberwolves at San Antonio Spurs,Bovada,player_points,Dylan Harper,Under,9.5,160,2026-05-06T23:27:50Z
Minnesota Timberwolves at San Antonio Spurs,Bovada,player_points,Dylan Harper,Over,10.5,-150,2026-05-06T23:27:50Z
Minnesota Timberwolves at San Antonio Spurs,Bovada,player_points,Dylan Harper,Under,10.5,115,2026-05-06T23:27:50Z
Minnesota Timberwolves at San Antonio Spurs,Bovada,player_points,Dylan Harper,Over,11.5,-115,2026-05-06T23:27:50Z
Minnesota Timberwolves at San Antonio Spurs,Bovada,player_points,Dylan Harper,Under,11.5,-115,2026-05-06T23:27:50Z
Minnesota Timberwolves at San Antonio Spurs,Bovada,player_points,Dylan Harper,Over,12.5,115,2026-05-06T23:27:50Z
Minnesota Timberwolves at San Antonio Spurs,Bovada,player_points,Dylan Harper,Under,12.5,-150,2026-05-06T23:27:50Z
Minnesota Timberwolves at San Antonio Spurs,Bovada,player_points,Dylan Harper,Over,13.5,150,2026-05-06T23:27:50Z
Minnesota Timberwolves at San Antonio Spurs,Bovada,player_points,Dylan Harper,Under,13.5,-200,2026-05-06T23:27:50Z
Minnesota Timberwolves at San Antonio Spurs,Bovada,player_points,Dylan Harper,Over,14.5,190,2026-05-06T23:27:50Z
Minnesota Timberwolves at San Antonio Spurs,Bovada,player_points,Dylan Harper,Under,14.5,-260,2026-05-06T23:27:50Z
Minnesota Timberwolves at San Antonio Spurs,Bovada,player_points,Jaden McDaniels,Over,11.5,-240,2026-05-06T23:27:50Z
Minnesota Timberwolves at San Antonio Spurs,Bovada,player_points,Jaden McDaniels,Under,11.5,175,2026-05-06T23:27:50Z
Minnesota Timberwolves at San Antonio Spurs,Bovada,player_points,Jaden McDaniels,Over,12.5,-170,2026-05-06T23:27:50Z
Minnesota Timberwolves at San Antonio Spurs,Bovada,player_points,Jaden McDaniels,Under,12.5,130,2026-05-06T23:27:50Z
Minnesota Timberwolves at San Antonio Spurs,Bovada,player_points,Jaden McDaniels,Over,13.5,-130,2026-05-06T23:27:50Z
Minnesota Timberwolves at San Antonio Spurs,Bovada,player_points,Jaden McDaniels,Under,13.5,100,2026-05-06T23:27:50Z
Minnesota Timberwolves at San Antonio Spurs,Bovada,player_points,Jaden McDaniels,Over,14.5,100,2026-05-06T23:27:50Z
Minnesota Timberwolves at San Antonio Spurs,Bovada,player_points,Jaden McDaniels,Under,14.5,-130,2026-05-06T23:27:50Z
Minnesota Timberwolves at San Antonio Spurs,Bovada,player_points,Jaden McDaniels,Over,15.5,130,2026-05-06T23:27:50Z
Minnesota Timberwolves at San Antonio Spurs,Bovada,player_points,Jaden McDaniels,Under,15.5,-170,2026-05-06T23:27:50Z
Minnesota Timberwolves at San Antonio Spurs,Bovada,player_points,Jaden McDaniels,Over,16.5,160,2026-05-06T23:27:50Z
Minnesota Timberwolves at San Antonio Spurs,Bovada,player_points,Jaden McDaniels,Under,16.5,-215,2026-05-06T23:27:50Z
Minnesota Timberwolves at San Antonio Spurs,Bovada,player_points,Jaden McDaniels,Over,17.5,205,2026-05-06T23:27:50Z
Minnesota Timberwolves at San Antonio Spurs,Bovada,player_points,Jaden McDaniels,Under,17.5,-280,2026-05-06T23:27:50Z
Minnesota Timberwolves at San Antonio Spurs,Bovada,player_points,Julian Champagnie,Over,6.5,-250,2026-05-06T23:27:50Z
Minnesota Timberwolves at San Antonio Spurs,Bovada,player_points,Julian Champagnie,Under,6.5,185,2026-05-06T23:27:50Z
Minnesota Timberwolves at San Antonio Spurs,Bovada,player_points,Julian Champagnie,Over,7.5,-170,2026-05-06T23:27:50Z
Minnesota Timberwolves at San Antonio Spurs,Bovada,player_points,Julian Champagnie,Under,7.5,130,2026-05-06T23:27:50Z
Minnesota Timberwolves at San Antonio Spurs,Bovada,player_points,Julian Champagnie,Over,8.5,-120,2026-05-06T23:27:50Z
Minnesota Timberwolves at San Antonio Spurs,Bovada,player_points,Julian Champagnie,Under,8.5,-110,2026-05-06T23:27:50Z
Minnesota Timberwolves at San Antonio Spurs,Bovada,player_points,Julian Champagnie,Over,9.5,115,2026-05-06T23:27:50Z
Minnesota Timberwolves at San Antonio Spurs,Bovada,player_points,Julian Champagnie,Under,9.5,-150,2026-05-06T23:27:50Z
Minnesota Timberwolves at San Antonio Spurs,Bovada,player_points,Julian Champagnie,Over,10.5,155,2026-05-06T23:27:50Z
Minnesota Timberwolves at San Antonio Spurs,Bovada,player_points,Julian Champagnie,Under,10.5,-210,2026-05-06T23:27:50Z
Minnesota Timberwolves at San Antonio Spurs,Bovada,player_points,Julian Champagnie,Over,11.5,205,2026-05-06T23:27:50Z
Minnesota Timberwolves at San Antonio Spurs,Bovada,player_points,Julian Champagnie,Under,11.5,-280,2026-05-06T23:27:50Z
Minnesota Timberwolves at San Antonio Spurs,Bovada,player_points,Julius Randle,Over,15.5,-230,2026-05-06T23:27:50Z
Minnesota Timberwolves at San Antonio Spurs,Bovada,player_points,Julius Randle,Under,15.5,170,2026-05-06T23:27:50Z
Minnesota Timberwolves at San Antonio Spurs,Bovada,player_points,Julius Randle,Over,16.5,-180,2026-05-06T23:27:50Z
Minnesota Timberwolves at San Antonio Spurs,Bovada,player_points,Julius Randle,Under,16.5,135,2026-05-06T23:27:50Z
Minnesota Timberwolves at San Antonio Spurs,Bovada,player_points,Julius Randle,Over,17.5,-135,2026-05-06T23:27:50Z
Minnesota Timberwolves at San Antonio Spurs,Bovada,player_points,Julius Randle,Under,17.5,105,2026-05-06T23:27:50Z
Minnesota Timberwolves at San Antonio Spurs,Bovada,player_points,Julius Randle,Over,18.5,-110,2026-05-06T23:27:50Z
Minnesota Timberwolves at San Antonio Spurs,Bovada,player_points,Julius Randle,Under,18.5,-120,2026-05-06T23:27:50Z
Minnesota Timberwolves at San Antonio Spurs,Bovada,player_points,Julius Randle,Over,19.5,115,2026-05-06T23:27:50Z
Minnesota Timberwolves at San Antonio Spurs,Bovada,player_points,Julius Randle,Under,19.5,-150,2026-05-06T23:27:50Z
Minnesota Timberwolves at San Antonio Spurs,Bovada,player_points,Julius Randle,Over,20.5,140,2026-05-06T23:27:50Z
Minnesota Timberwolves at San Antonio Spurs,Bovada,player_points,Julius Randle,Under,20.5,-185,2026-05-06T23:27:50Z
Minnesota Timberwolves at San Antonio Spurs,Bovada,player_points,Julius Randle,Over,21.5,175,2026-05-06T23:27:50Z
Minnesota Timberwolves at San Antonio Spurs,Bovada,player_points,Julius Randle,Under,21.5,-240,2026-05-06T23:27:50Z
Minnesota Timberwolves at San Antonio Spurs,Bovada,player_points,Keldon Johnson,Over,7.5,-220,2026-05-06T23:27:50Z
Minnesota Timberwolves at San Antonio Spurs,Bovada,player_points,Keldon Johnson,Under,7.5,165,2026-05-06T23:27:50Z
Minnesota Timberwolves at San Antonio Spurs,Bovada,player_points,Keldon Johnson,Over,8.5,-150,2026-05-06T23:27:50Z
Minnesota Timberwolves at San Antonio Spurs,Bovada,player_points,Keldon Johnson,Under,8.5,115,2026-05-06T23:27:50Z
Minnesota Timberwolves at San Antonio Spurs,Bovada,player_points,Keldon Johnson,Over,9.5,-110,2026-05-06T23:27:50Z
Minnesota Timberwolves at San Antonio Spurs,Bovada,player_points,Keldon Johnson,Under,9.5,-120,2026-05-06T23:27:50Z
Minnesota Timberwolves at San Antonio Spurs,Bovada,player_points,Keldon Johnson,Over,10.5,125,2026-05-06T23:27:50Z
Minnesota Timberwolves at San Antonio Spurs,Bovada,player_points,Keldon Johnson,Under,10.5,-165,2026-05-06T23:27:50Z
Minnesota Timberwolves at San Antonio Spurs,Bovada,player_points,Keldon Johnson,Over,11.5,165,2026-05-06T23:27:50Z
Minnesota Timberwolves at San Antonio Spurs,Bovada,player_points,Keldon Johnson,Under,11.5,-220,2026-05-06T23:27:50Z
Minnesota Timberwolves at San Antonio Spurs,Bovada,player_points,Mike Conley,Over,3.5,-180,2026-05-06T23:27:50Z
Minnesota Timberwolves at San Antonio Spurs,Bovada,player_points,Mike Conley,Under,3.5,135,2026-05-06T23:27:50Z
Minnesota Timberwolves at San Antonio Spurs,Bovada,player_points,Mike Conley,Over,4.5,-110,2026-05-06T23:27:50Z
Minnesota Timberwolves at San Antonio Spurs,Bovada,player_points,Mike Conley,Under,4.5,-120,2026-05-06T23:27:50Z
Minnesota Timberwolves at San Antonio Spurs,Bovada,player_points,Mike Conley,Over,5.5,135,2026-05-06T23:27:50Z
Minnesota Timberwolves at San Antonio Spurs,Bovada,player_points,Mike Conley,Under,5.5,-180,2026-05-06T23:27:50Z
Minnesota Timberwolves at San Antonio Spurs,Bovada,player_points,Mike Conley,Over,6.5,200,2026-05-06T23:27:50Z
Minnesota Timberwolves at San Antonio Spurs,Bovada,player_points,Mike Conley,Under,6.5,-275,2026-05-06T23:27:50Z
Minnesota Timberwolves at San Antonio Spurs,Bovada,player_points,Naz Reid,Over,9.5,-280,2026-05-06T23:27:50Z
Minnesota Timberwolves at San Antonio Spurs,Bovada,player_points,Naz Reid,Under,9.5,205,2026-05-06T23:27:50Z
Minnesota Timberwolves at San Antonio Spurs,Bovada,player_points,Naz Reid,Over,10.5,-200,2026-05-06T23:27:50Z
Minnesota Timberwolves at San Antonio Spurs,Bovada,player_points,Naz Reid,Under,10.5,150,2026-05-06T23:27:50Z
Minnesota Timberwolves at San Antonio Spurs,Bovada,player_points,Naz Reid,Over,11.5,-145,2026-05-06T23:27:50Z
Minnesota Timberwolves at San Antonio Spurs,Bovada,player_points,Naz Reid,Under,11.5,110,2026-05-06T23:27:50Z
Minnesota Timberwolves at San Antonio Spurs,Bovada,player_points,Naz Reid,Over,12.5,-110,2026-05-06T23:27:50Z
Minnesota Timberwolves at San Antonio Spurs,Bovada,player_points,Naz Reid,Under,12.5,-120,2026-05-06T23:27:50Z
Minnesota Timberwolves at San Antonio Spurs,Bovada,player_points,Naz Reid,Over,13.5,120,2026-05-06T23:27:50Z
Minnesota Timberwolves at San Antonio Spurs,Bovada,player_points,Naz Reid,Under,13.5,-160,2026-05-06T23:27:50Z
Minnesota Timberwolves at San Antonio Spurs,Bovada,player_points,Naz Reid,Over,14.5,155,2026-05-06T23:27:50Z
Minnesota Timberwolves at San Antonio Spurs,Bovada,player_points,Naz Reid,Under,14.5,-210,2026-05-06T23:27:50Z
Minnesota Timberwolves at San Antonio Spurs,Bovada,player_points,Naz Reid,Over,15.5,200,2026-05-06T23:27:50Z
Minnesota Timberwolves at San Antonio Spurs,Bovada,player_points,Naz Reid,Under,15.5,-275,2026-05-06T23:27:50Z
Minnesota Timberwolves at San Antonio Spurs,Bovada,player_points,Rudy Gobert,Over,5.5,-280,2026-05-06T23:27:50Z
Minnesota Timberwolves at San Antonio Spurs,Bovada,player_points,Rudy Gobert,Under,5.5,205,2026-05-06T23:27:50Z
Minnesota Timberwolves at San Antonio Spurs,Bovada,player_points,Rudy Gobert,Over,6.5,-180,2026-05-06T23:27:50Z
Minnesota Timberwolves at San Antonio Spurs,Bovada,player_points,Rudy Gobert,Under,6.5,135,2026-05-06T23:27:50Z
Minnesota Timberwolves at San Antonio Spurs,Bovada,player_points,Rudy Gobert,Over,7.5,-125,2026-05-06T23:27:50Z
Minnesota Timberwolves at San Antonio Spurs,Bovada,player_points,Rudy Gobert,Under,7.5,-105,2026-05-06T23:27:50Z
Minnesota Timberwolves at San Antonio Spurs,Bovada,player_points,Rudy Gobert,Over,8.5,110,2026-05-06T23:27:50Z
Minnesota Timberwolves at San Antonio Spurs,Bovada,player_points,Rudy Gobert,Under,8.5,-145,2026-05-06T23:27:50Z
Minnesota Timberwolves at San Antonio Spurs,Bovada,player_points,Rudy Gobert,Over,9.5,150,2026-05-06T23:27:50Z
Minnesota Timberwolves at San Antonio Spurs,Bovada,player_points,Rudy Gobert,Under,9.5,-200,2026-05-06T23:27:50Z
Minnesota Timberwolves at San Antonio Spurs,Bovada,player_points,Rudy Gobert,Over,10.5,205,2026-05-06T23:27:50Z
Minnesota Timberwolves at San Antonio Spurs,Bovada,player_points,Rudy Gobert,Under,10.5,-280,2026-05-06T23:27:50Z
Minnesota Timberwolves at San Antonio Spurs,Bovada,player_points,Stephon Castle,Over,13.5,-290,2026-05-06T23:27:50Z
Minnesota Timberwolves at San Antonio Spurs,Bovada,player_points,Stephon Castle,Under,13.5,210,2026-05-06T23:27:50Z
Minnesota Timberwolves at San Antonio Spurs,Bovada,player_points,Stephon Castle,Over,14.5,-215,2026-05-06T23:27:50Z
Minnesota Timberwolves at San Antonio Spurs,Bovada,player_points,Stephon Castle,Under,14.5,160,2026-05-06T23:27:50Z
Minnesota Timberwolves at San Antonio Spurs,Bovada,player_points,Stephon Castle,Over,15.5,-165,2026-05-06T23:27:50Z
Minnesota Timberwolves at San Antonio Spurs,Bovada,player_points,Stephon Castle,Under,15.5,125,2026-05-06T23:27:50Z
Minnesota Timberwolves at San Antonio Spurs,Bovada,player_points,Stephon Castle,Over,16.5,-125,2026-05-06T23:27:50Z
Minnesota Timberwolves at San Antonio Spurs,Bovada,player_points,Stephon Castle,Under,16.5,-105,2026-05-06T23:27:50Z
Minnesota Timberwolves at San Antonio Spurs,Bovada,player_points,Stephon Castle,Over,17.5,100,2026-05-06T23:27:50Z
Minnesota Timberwolves at San Antonio Spurs,Bovada,player_points,Stephon Castle,Under,17.5,-130,2026-05-06T23:27:50Z
Minnesota Timberwolves at San Antonio Spurs,Bovada,player_points,Stephon Castle,Over,18.5,125,2026-05-06T23:27:50Z
Minnesota Timberwolves at San Antonio Spurs,Bovada,player_points,Stephon Castle,Under,18.5,-165,2026-05-06T23:27:50Z
Minnesota Timberwolves at San Antonio Spurs,Bovada,player_points,Stephon Castle,Over,19.5,155,2026-05-06T23:27:50Z
Minnesota Timberwolves at San Antonio Spurs,Bovada,player_points,Stephon Castle,Under,19.5,-210,2026-05-06T23:27:50Z
Minnesota Timberwolves at San Antonio Spurs,Bovada,player_points,Stephon Castle,Over,20.5,190,2026-05-06T23:27:50Z
Minnesota Timberwolves at San Antonio Spurs,Bovada,player_points,Stephon Castle,Under,20.5,-260,2026-05-06T23:27:50Z
Minnesota Timberwolves at San Antonio Spurs,Bovada,player_points,Victor Wembanyama,Over,23.5,-240,2026-05-06T23:27:50Z
Minnesota Timberwolves at San Antonio Spurs,Bovada,player_points,Victor Wembanyama,Under,23.5,175,2026-05-06T23:27:50Z
Minnesota Timberwolves at San Antonio Spurs,Bovada,player_points,Victor Wembanyama,Over,24.5,-190,2026-05-06T23:27:50Z
Minnesota Timberwolves at San Antonio Spurs,Bovada,player_points,Victor Wembanyama,Under,24.5,145,2026-05-06T23:27:50Z
Minnesota Timberwolves at San Antonio Spurs,Bovada,player_points,Victor Wembanyama,Over,25.5,-160,2026-05-06T23:27:50Z
Minnesota Timberwolves at San Antonio Spurs,Bovada,player_points,Victor Wembanyama,Under,25.5,120,2026-05-06T23:27:50Z
Minnesota Timberwolves at San Antonio Spurs,Bovada,player_points,Victor Wembanyama,Over,26.5,-125,2026-05-06T23:27:50Z
Minnesota Timberwolves at San Antonio Spurs,Bovada,player_points,Victor Wembanyama,Under,26.5,-105,2026-05-06T23:27:50Z
Minnesota Timberwolves at San Antonio Spurs,Bovada,player_points,Victor Wembanyama,Over,27.5,-105,2026-05-06T23:27:50Z
Minnesota Timberwolves at San Antonio Spurs,Bovada,player_points,Victor Wembanyama,Under,27.5,-125,2026-05-06T23:27:50Z
Minnesota Timberwolves at San Antonio Spurs,Bovada,player_points,Victor Wembanyama,Over,28.5,115,2026-05-06T23:27:50Z
Minnesota Timberwolves at San Antonio Spurs,Bovada,player_points,Victor Wembanyama,Under,28.5,-150,2026-05-06T23:27:50Z
Minnesota Timberwolves at San Antonio Spurs,Bovada,player_points,Victor Wembanyama,Over,29.5,140,2026-05-06T23:27:50Z
Minnesota Timberwolves at San Antonio Spurs,Bovada,player_points,Victor Wembanyama,Under,29.5,-185,2026-05-06T23:27:50Z
Minnesota Timberwolves at San Antonio Spurs,Bovada,player_points,Victor Wembanyama,Over,30.5,165,2026-05-06T23:27:50Z
Minnesota Timberwolves at San Antonio Spurs,Bovada,player_points,Victor Wembanyama,Under,30.5,-220,2026-05-06T23:27:50Z
Minnesota Timberwolves at San Antonio Spurs,Bovada,player_points,Victor Wembanyama,Over,31.5,200,2026-05-06T23:27:50Z
Minnesota Timberwolves at San Antonio Spurs,Bovada,player_points,Victor Wembanyama,Under,31.5,-275,2026-05-06T23:27:50Z
Minnesota Timberwolves at San Antonio Spurs,Bovada,player_rebounds,Anthony Edwards,Over,3.5,-170,2026-05-06T23:27:50Z
Minnesota Timberwolves at San Antonio Spurs,Bovada,player_rebounds,Anthony Edwards,Under,3.5,130,2026-05-06T23:27:50Z
Minnesota Timberwolves at San Antonio Spurs,Bovada,player_rebounds,Anthony Edwards,Over,4.5,120,2026-05-06T23:27:50Z
Minnesota Timberwolves at San Antonio Spurs,Bovada,player_rebounds,Anthony Edwards,Under,4.5,-160,2026-05-06T23:27:50Z
Minnesota Timberwolves at San Antonio Spurs,Bovada,player_rebounds,Ayo Dosunmu,Over,2.5,-135,2026-05-06T23:27:50Z
Minnesota Timberwolves at San Antonio Spurs,Bovada,player_rebounds,Ayo Dosunmu,Under,2.5,105,2026-05-06T23:27:50Z
Minnesota Timberwolves at San Antonio Spurs,Bovada,player_rebounds,Ayo Dosunmu,Over,3.5,165,2026-05-06T23:27:50Z
Minnesota Timberwolves at San Antonio Spurs,Bovada,player_rebounds,Ayo Dosunmu,Under,3.5,-220,2026-05-06T23:27:50Z
Minnesota Timberwolves at San Antonio Spurs,Bovada,player_rebounds,De'Aaron Fox,Over,2.5,-280,2026-05-06T23:27:50Z
Minnesota Timberwolves at San Antonio Spurs,Bovada,player_rebounds,De'Aaron Fox,Under,2.5,205,2026-05-06T23:27:50Z
Minnesota Timberwolves at San Antonio Spurs,Bovada,player_rebounds,De'Aaron Fox,Over,3.5,-120,2026-05-06T23:27:50Z
Minnesota Timberwolves at San Antonio Spurs,Bovada,player_rebounds,De'Aaron Fox,Under,3.5,-110,2026-05-06T23:27:50Z
Minnesota Timberwolves at San Antonio Spurs,Bovada,player_rebounds,De'Aaron Fox,Over,4.5,170,2026-05-06T23:27:50Z
Minnesota Timberwolves at San Antonio Spurs,Bovada,player_rebounds,De'Aaron Fox,Under,4.5,-230,2026-05-06T23:27:50Z
Minnesota Timberwolves at San Antonio Spurs,Bovada,player_rebounds,Devin Vassell,Over,3.5,-165,2026-05-06T23:27:50Z
Minnesota Timberwolves at San Antonio Spurs,Bovada,player_rebounds,Devin Vassell,Under,3.5,125,2026-05-06T23:27:50Z
Minnesota Timberwolves at San Antonio Spurs,Bovada,player_rebounds,Devin Vassell,Over,4.5,125,2026-05-06T23:27:50Z
Minnesota Timberwolves at San Antonio Spurs,Bovada,player_rebounds,Devin Vassell,Under,4.5,-165,2026-05-06T23:27:50Z
Minnesota Timberwolves at San Antonio Spurs,Bovada,player_rebounds,Dylan Harper,Over,2.5,-210,2026-05-06T23:27:50Z
Minnesota Timberwolves at San Antonio Spurs,Bovada,player_rebounds,Dylan Harper,Under,2.5,155,2026-05-06T23:27:50Z
Minnesota Timberwolves at San Antonio Spurs,Bovada,player_rebounds,Dylan Harper,Over,3.5,110,2026-05-06T23:27:50Z
Minnesota Timberwolves at San Antonio Spurs,Bovada,player_rebounds,Dylan Harper,Under,3.5,-145,2026-05-06T23:27:50Z
Minnesota Timberwolves at San Antonio Spurs,Bovada,player_rebounds,Jaden McDaniels,Over,3.5,-250,2026-05-06T23:27:50Z
Minnesota Timberwolves at San Antonio Spurs,Bovada,player_rebounds,Jaden McDaniels,Under,3.5,185,2026-05-06T23:27:50Z
Minnesota Timberwolves at San Antonio Spurs,Bovada,player_rebounds,Jaden McDaniels,Over,4.5,-120,2026-05-06T23:27:50Z
Minnesota Timberwolves at San Antonio Spurs,Bovada,player_rebounds,Jaden McDaniels,Under,4.5,-110,2026-05-06T23:27:50Z
Minnesota Timberwolves at San Antonio Spurs,Bovada,player_rebounds,Jaden McDaniels,Over,5.5,160,2026-05-06T23:27:50Z
Minnesota Timberwolves at San Antonio Spurs,Bovada,player_rebounds,Jaden McDaniels,Under,5.5,-215,2026-05-06T23:27:50Z
Minnesota Timberwolves at San Antonio Spurs,Bovada,player_rebounds,Julian Champagnie,Over,4.5,-170,2026-05-06T23:27:50Z
Minnesota Timberwolves at San Antonio Spurs,Bovada,player_rebounds,Julian Champagnie,Under,4.5,130,2026-05-06T23:27:50Z
Minnesota Timberwolves at San Antonio Spurs,Bovada,player_rebounds,Julian Champagnie,Over,5.5,110,2026-05-06T23:27:50Z
Minnesota Timberwolves at San Antonio Spurs,Bovada,player_rebounds,Julian Champagnie,Under,5.5,-145,2026-05-06T23:27:50Z
Minnesota Timberwolves at San Antonio Spurs,Bovada,player_rebounds,Julian Champagnie,Over,6.5,200,2026-05-06T23:27:50Z
Minnesota Timberwolves at San Antonio Spurs,Bovada,player_rebounds,Julian Champagnie,Under,6.5,-275,2026-05-06T23:27:50Z
Minnesota Timberwolves at San Antonio Spurs,Bovada,player_rebounds,Julius Randle,Over,5.5,-200,2026-05-06T23:27:50Z
Minnesota Timberwolves at San Antonio Spurs,Bovada,player_rebounds,Julius Randle,Under,5.5,150,2026-05-06T23:27:50Z
Minnesota Timberwolves at San Antonio Spurs,Bovada,player_rebounds,Julius Randle,Over,6.5,-110,2026-05-06T23:27:50Z
Minnesota Timberwolves at San Antonio Spurs,Bovada,player_rebounds,Julius Randle,Under,6.5,-120,2026-05-06T23:27:50Z
Minnesota Timberwolves at San Antonio Spurs,Bovada,player_rebounds,Julius Randle,Over,7.5,155,2026-05-06T23:27:50Z
Minnesota Timberwolves at San Antonio Spurs,Bovada,player_rebounds,Julius Randle,Under,7.5,-210,2026-05-06T23:27:50Z
Minnesota Timberwolves at San Antonio Spurs,Bovada,player_rebounds,Keldon Johnson,Over,3.5,-125,2026-05-06T23:27:50Z
Minnesota Timberwolves at San Antonio Spurs,Bovada,player_rebounds,Keldon Johnson,Under,3.5,-105,2026-05-06T23:27:50Z
Minnesota Timberwolves at San Antonio Spurs,Bovada,player_rebounds,Keldon Johnson,Over,4.5,165,2026-05-06T23:27:50Z
Minnesota Timberwolves at San Antonio Spurs,Bovada,player_rebounds,Keldon Johnson,Under,4.5,-220,2026-05-06T23:27:50Z
Minnesota Timberwolves at San Antonio Spurs,Bovada,player_rebounds,Naz Reid,Over,5.5,-180,2026-05-06T23:27:50Z
Minnesota Timberwolves at San Antonio Spurs,Bovada,player_rebounds,Naz Reid,Under,5.5,135,2026-05-06T23:27:50Z
Minnesota Timberwolves at San Antonio Spurs,Bovada,player_rebounds,Naz Reid,Over,6.5,100,2026-05-06T23:27:50Z
Minnesota Timberwolves at San Antonio Spurs,Bovada,player_rebounds,Naz Reid,Under,6.5,-130,2026-05-06T23:27:50Z
Minnesota Timberwolves at San Antonio Spurs,Bovada,player_rebounds,Naz Reid,Over,7.5,170,2026-05-06T23:27:50Z
Minnesota Timberwolves at San Antonio Spurs,Bovada,player_rebounds,Naz Reid,Under,7.5,-230,2026-05-06T23:27:50Z
Minnesota Timberwolves at San Antonio Spurs,Bovada,player_rebounds,Rudy Gobert,Over,9.5,-210,2026-05-06T23:27:50Z
Minnesota Timberwolves at San Antonio Spurs,Bovada,player_rebounds,Rudy Gobert,Under,9.5,155,2026-05-06T23:27:50Z
Minnesota Timberwolves at San Antonio Spurs,Bovada,player_rebounds,Rudy Gobert,Over,10.5,-130,2026-05-06T23:27:50Z
Minnesota Timberwolves at San Antonio Spurs,Bovada,player_rebounds,Rudy Gobert,Under,10.5,100,2026-05-06T23:27:50Z
Minnesota Timberwolves at San Antonio Spurs,Bovada,player_rebounds,Rudy Gobert,Over,11.5,120,2026-05-06T23:27:50Z
Minnesota Timberwolves at San Antonio Spurs,Bovada,player_rebounds,Rudy Gobert,Under,11.5,-160,2026-05-06T23:27:50Z
Minnesota Timberwolves at San Antonio Spurs,Bovada,player_rebounds,Rudy Gobert,Over,12.5,180,2026-05-06T23:27:50Z
Minnesota Timberwolves at San Antonio Spurs,Bovada,player_rebounds,Rudy Gobert,Under,12.5,-245,2026-05-06T23:27:50Z
Minnesota Timberwolves at San Antonio Spurs,Bovada,player_rebounds,Stephon Castle,Over,4.5,-185,2026-05-06T23:27:50Z
Minnesota Timberwolves at San Antonio Spurs,Bovada,player_rebounds,Stephon Castle,Under,4.5,140,2026-05-06T23:27:50Z
Minnesota Timberwolves at San Antonio Spurs,Bovada,player_rebounds,Stephon Castle,Over,5.5,105,2026-05-06T23:27:50Z
Minnesota Timberwolves at San Antonio Spurs,Bovada,player_rebounds,Stephon Castle,Under,5.5,-135,2026-05-06T23:27:50Z
Minnesota Timberwolves at San Antonio Spurs,Bovada,player_rebounds,Stephon Castle,Over,6.5,190,2026-05-06T23:27:50Z
Minnesota Timberwolves at San Antonio Spurs,Bovada,player_rebounds,Stephon Castle,Under,6.5,-260,2026-05-06T23:27:50Z
Minnesota Timberwolves at San Antonio Spurs,Bovada,player_rebounds,Victor Wembanyama,Over,10.5,-245,2026-05-06T23:27:50Z
Minnesota Timberwolves at San Antonio Spurs,Bovada,player_rebounds,Victor Wembanyama,Under,10.5,180,2026-05-06T23:27:50Z
Minnesota Timberwolves at San Antonio Spurs,Bovada,player_rebounds,Victor Wembanyama,Over,11.5,-150,2026-05-06T23:27:50Z
Minnesota Timberwolves at San Antonio Spurs,Bovada,player_rebounds,Victor Wembanyama,Under,11.5,115,2026-05-06T23:27:50Z
Minnesota Timberwolves at San Antonio Spurs,Bovada,player_rebounds,Victor Wembanyama,Over,12.5,100,2026-05-06T23:27:50Z
Minnesota Timberwolves at San Antonio Spurs,Bovada,player_rebounds,Victor Wembanyama,Under,12.5,-130,2026-05-06T23:27:50Z
Minnesota Timberwolves at San Antonio Spurs,Bovada,player_rebounds,Victor Wembanyama,Over,13.5,150,2026-05-06T23:27:50Z
Minnesota Timberwolves at San Antonio Spurs,Bovada,player_rebounds,Victor Wembanyama,Under,13.5,-200,2026-05-06T23:27:50Z
Minnesota Timberwolves at San Antonio Spurs,Bovada,player_steals,De'Aaron Fox,Over,1.5,150,2026-05-06T23:27:50Z
Minnesota Timberwolves at San Antonio Spurs,Bovada,player_steals,De'Aaron Fox,Under,1.5,-200,2026-05-06T23:27:50Z
Minnesota Timberwolves at San Antonio Spurs,Bovada,player_steals,Jaden McDaniels,Over,0.5,-210,2026-05-06T23:27:50Z
Minnesota Timberwolves at San Antonio Spurs,Bovada,player_steals,Jaden McDaniels,Under,0.5,155,2026-05-06T23:27:50Z
Minnesota Timberwolves at San Antonio Spurs,Bovada,player_steals,Victor Wembanyama,Over,1.5,160,2026-05-06T23:27:50Z
Minnesota Timberwolves at San Antonio Spurs,Bovada,player_steals,Victor Wembanyama,Under,1.5,-215,2026-05-06T23:27:50Z
Minnesota Timberwolves at San Antonio Spurs,Bovada,player_threes,Anthony Edwards,Over,2.5,-105,2026-05-06T23:27:50Z
Minnesota Timberwolves at San Antonio Spurs,Bovada,player_threes,Anthony Edwards,Under,2.5,-125,2026-05-06T23:27:50Z
Minnesota Timberwolves at San Antonio Spurs,Bovada,player_threes,Ayo Dosunmu,Over,1.5,125,2026-05-06T23:27:50Z
Minnesota Timberwolves at San Antonio Spurs,Bovada,player_threes,Ayo Dosunmu,Under,1.5,-165,2026-05-06T23:27:50Z
Minnesota Timberwolves at San Antonio Spurs,Bovada,player_threes,De'Aaron Fox,Over,1.5,105,2026-05-06T23:27:50Z
Minnesota Timberwolves at San Antonio Spurs,Bovada,player_threes,De'Aaron Fox,Under,1.5,-135,2026-05-06T23:27:50Z
Minnesota Timberwolves at San Antonio Spurs,Bovada,player_threes,Devin Vassell,Over,1.5,-220,2026-05-06T23:27:50Z
Minnesota Timberwolves at San Antonio Spurs,Bovada,player_threes,Devin Vassell,Under,1.5,165,2026-05-06T23:27:50Z
Minnesota Timberwolves at San Antonio Spurs,Bovada,player_threes,Devin Vassell,Over,2.5,140,2026-05-06T23:27:50Z
Minnesota Timberwolves at San Antonio Spurs,Bovada,player_threes,Devin Vassell,Under,2.5,-185,2026-05-06T23:27:50Z
Minnesota Timberwolves at San Antonio Spurs,Bovada,player_threes,Dylan Harper,Over,0.5,-150,2026-05-06T23:27:50Z
Minnesota Timberwolves at San Antonio Spurs,Bovada,player_threes,Dylan Harper,Under,0.5,115,2026-05-06T23:27:50Z
Minnesota Timberwolves at San Antonio Spurs,Bovada,player_threes,Jaden McDaniels,Over,1.5,150,2026-05-06T23:27:50Z
Minnesota Timberwolves at San Antonio Spurs,Bovada,player_threes,Jaden McDaniels,Under,1.5,-200,2026-05-06T23:27:50Z
Minnesota Timberwolves at San Antonio Spurs,Bovada,player_threes,Julian Champagnie,Over,1.5,-160,2026-05-06T23:27:50Z
Minnesota Timberwolves at San Antonio Spurs,Bovada,player_threes,Julian Champagnie,Under,1.5,120,2026-05-06T23:27:50Z
Minnesota Timberwolves at San Antonio Spurs,Bovada,player_threes,Julian Champagnie,Over,2.5,190,2026-05-06T23:27:50Z
Minnesota Timberwolves at San Antonio Spurs,Bovada,player_threes,Julian Champagnie,Under,2.5,-260,2026-05-06T23:27:50Z
Minnesota Timberwolves at San Antonio Spurs,Bovada,player_threes,Julius Randle,Over,1.5,155,2026-05-06T23:27:50Z
Minnesota Timberwolves at San Antonio Spurs,Bovada,player_threes,Julius Randle,Under,1.5,-210,2026-05-06T23:27:50Z
Minnesota Timberwolves at San Antonio Spurs,Bovada,player_threes,Keldon Johnson,Over,0.5,-170,2026-05-06T23:27:50Z
Minnesota Timberwolves at San Antonio Spurs,Bovada,player_threes,Keldon Johnson,Under,0.5,130,2026-05-06T23:27:50Z
Minnesota Timberwolves at San Antonio Spurs,Bovada,player_threes,Mike Conley,Over,0.5,-230,2026-05-06T23:27:50Z
Minnesota Timberwolves at San Antonio Spurs,Bovada,player_threes,Mike Conley,Under,0.5,170,2026-05-06T23:27:50Z
Minnesota Timberwolves at San Antonio Spurs,Bovada,player_threes,Mike Conley,Over,1.5,205,2026-05-06T23:27:50Z
Minnesota Timberwolves at San Antonio Spurs,Bovada,player_threes,Mike Conley,Under,1.5,-280,2026-05-06T23:27:50Z
Minnesota Timberwolves at San Antonio Spurs,Bovada,player_threes,Naz Reid,Over,1.5,-135,2026-05-06T23:27:50Z
Minnesota Timberwolves at San Antonio Spurs,Bovada,player_threes,Naz Reid,Under,1.5,105,2026-05-06T23:27:50Z
Minnesota Timberwolves at San Antonio Spurs,Bovada,player_threes,Stephon Castle,Over,1.5,115,2026-05-06T23:27:50Z
Minnesota Timberwolves at San Antonio Spurs,Bovada,player_threes,Stephon Castle,Under,1.5,-150,2026-05-06T23:27:50Z
Minnesota Timberwolves at San Antonio Spurs,Bovada,player_threes,Victor Wembanyama,Over,1.5,-275,2026-05-06T23:27:50Z
Minnesota Timberwolves at San Antonio Spurs,Bovada,player_threes,Victor Wembanyama,Under,1.5,200,2026-05-06T23:27:50Z
Minnesota Timberwolves at San Antonio Spurs,Bovada,player_threes,Victor Wembanyama,Over,2.5,115,2026-05-06T23:27:50Z
Minnesota Timberwolves at San Antonio Spurs,Bovada,player_threes,Victor Wembanyama,Under,2.5,-150,2026-05-06T23:27:50Z
Cleveland Cavaliers at Detroit Pistons,FanDuel,player_assists,Daniss Jenkins,Over,2.5,-174,2026-05-06T23:33:46Z
Cleveland Cavaliers at Detroit Pistons,FanDuel,player_assists,Daniss Jenkins,Under,2.5,130,2026-05-06T23:33:46Z
Cleveland Cavaliers at Detroit Pistons,FanDuel,player_assists,Ausar Thompson,Over,3.5,-114,2026-05-06T23:33:46Z
Cleveland Cavaliers at Detroit Pistons,FanDuel,player_assists,Ausar Thompson,Under,3.5,-114,2026-05-06T23:33:46Z
Cleveland Cavaliers at Detroit Pistons,FanDuel,player_assists,Jalen Duren,Over,2.5,130,2026-05-06T23:33:46Z
Cleveland Cavaliers at Detroit Pistons,FanDuel,player_assists,Jalen Duren,Under,2.5,-174,2026-05-06T23:33:46Z
Cleveland Cavaliers at Detroit Pistons,FanDuel,player_assists,Cade Cunningham,Over,9.5,-144,2026-05-06T23:33:46Z
Cleveland Cavaliers at Detroit Pistons,FanDuel,player_assists,Cade Cunningham,Under,9.5,108,2026-05-06T23:33:46Z
Cleveland Cavaliers at Detroit Pistons,FanDuel,player_assists,Evan Mobley,Over,3.5,120,2026-05-06T23:33:46Z
Cleveland Cavaliers at Detroit Pistons,FanDuel,player_assists,Evan Mobley,Under,3.5,-160,2026-05-06T23:33:46Z
Cleveland Cavaliers at Detroit Pistons,FanDuel,player_assists,James Harden,Over,6.5,-128,2026-05-06T23:33:46Z
Cleveland Cavaliers at Detroit Pistons,FanDuel,player_assists,James Harden,Under,6.5,-104,2026-05-06T23:33:46Z
Cleveland Cavaliers at Detroit Pistons,FanDuel,player_assists,Donovan Mitchell,Over,3.5,-152,2026-05-06T23:33:46Z
Cleveland Cavaliers at Detroit Pistons,FanDuel,player_assists,Donovan Mitchell,Under,3.5,114,2026-05-06T23:33:46Z
Cleveland Cavaliers at Detroit Pistons,FanDuel,player_blocks,Ausar Thompson,Over,1.5,148,2026-05-06T23:33:46Z
Cleveland Cavaliers at Detroit Pistons,FanDuel,player_blocks,Ausar Thompson,Under,1.5,-200,2026-05-06T23:33:46Z
Cleveland Cavaliers at Detroit Pistons,FanDuel,player_blocks,Jarrett Allen,Over,1.5,178,2026-05-06T23:33:46Z
Cleveland Cavaliers at Detroit Pistons,FanDuel,player_blocks,Jarrett Allen,Under,1.5,-245,2026-05-06T23:33:46Z
Cleveland Cavaliers at Detroit Pistons,FanDuel,player_blocks,Evan Mobley,Over,1.5,-122,2026-05-06T23:33:46Z
Cleveland Cavaliers at Detroit Pistons,FanDuel,player_blocks,Evan Mobley,Under,1.5,-108,2026-05-06T23:33:46Z
Cleveland Cavaliers at Detroit Pistons,FanDuel,player_points,Duncan Robinson,Over,11.5,-104,2026-05-06T23:33:46Z
Cleveland Cavaliers at Detroit Pistons,FanDuel,player_points,Duncan Robinson,Under,11.5,-125,2026-05-06T23:33:46Z
Cleveland Cavaliers at Detroit Pistons,FanDuel,player_points,Cade Cunningham,Over,27.5,-112,2026-05-06T23:33:46Z
Cleveland Cavaliers at Detroit Pistons,FanDuel,player_points,Cade Cunningham,Under,27.5,-118,2026-05-06T23:33:46Z
Cleveland Cavaliers at Detroit Pistons,FanDuel,player_points,Isaiah Stewart II,Over,3.5,-132,2026-05-06T23:33:46Z
Cleveland Cavaliers at Detroit Pistons,FanDuel,player_points,Isaiah Stewart II,Under,3.5,100,2026-05-06T23:33:46Z
Cleveland Cavaliers at Detroit Pistons,FanDuel,player_points,Daniss Jenkins,Over,8.5,-110,2026-05-06T23:33:46Z
Cleveland Cavaliers at Detroit Pistons,FanDuel,player_points,Daniss Jenkins,Under,8.5,-120,2026-05-06T23:33:46Z
Cleveland Cavaliers at Detroit Pistons,FanDuel,player_points,Jarrett Allen,Over,10.5,-132,2026-05-06T23:33:46Z
Cleveland Cavaliers at Detroit Pistons,FanDuel,player_points,Jarrett Allen,Under,10.5,100,2026-05-06T23:33:46Z
Cleveland Cavaliers at Detroit Pistons,FanDuel,player_points,Max Strus,Over,9.5,-136,2026-05-06T23:33:46Z
Cleveland Cavaliers at Detroit Pistons,FanDuel,player_points,Max Strus,Under,9.5,102,2026-05-06T23:33:46Z
Cleveland Cavaliers at Detroit Pistons,FanDuel,player_points,Tobias Harris,Over,17.5,-114,2026-05-06T23:33:46Z
Cleveland Cavaliers at Detroit Pistons,FanDuel,player_points,Tobias Harris,Under,17.5,-114,2026-05-06T23:33:46Z
Cleveland Cavaliers at Detroit Pistons,FanDuel,player_points,Ausar Thompson,Over,9.5,-132,2026-05-06T23:33:46Z
Cleveland Cavaliers at Detroit Pistons,FanDuel,player_points,Ausar Thompson,Under,9.5,100,2026-05-06T23:33:46Z
Cleveland Cavaliers at Detroit Pistons,FanDuel,player_points,Dean Wade,Over,4.5,-112,2026-05-06T23:33:46Z
Cleveland Cavaliers at Detroit Pistons,FanDuel,player_points,Dean Wade,Under,4.5,-118,2026-05-06T23:33:46Z
Cleveland Cavaliers at Detroit Pistons,FanDuel,player_points,James Harden,Over,19.5,-102,2026-05-06T23:33:46Z
Cleveland Cavaliers at Detroit Pistons,FanDuel,player_points,James Harden,Under,19.5,-130,2026-05-06T23:33:46Z
Cleveland Cavaliers at Detroit Pistons,FanDuel,player_points,Jalen Duren,Over,14.5,-106,2026-05-06T23:33:46Z
Cleveland Cavaliers at Detroit Pistons,FanDuel,player_points,Jalen Duren,Under,14.5,-125,2026-05-06T23:33:46Z
Cleveland Cavaliers at Detroit Pistons,FanDuel,player_points,Donovan Mitchell,Over,24.5,-106,2026-05-06T23:33:46Z
Cleveland Cavaliers at Detroit Pistons,FanDuel,player_points,Donovan Mitchell,Under,24.5,-125,2026-05-06T23:33:46Z
Cleveland Cavaliers at Detroit Pistons,FanDuel,player_points,Evan Mobley,Over,15.5,100,2026-05-06T23:33:46Z
Cleveland Cavaliers at Detroit Pistons,FanDuel,player_points,Evan Mobley,Under,15.5,-132,2026-05-06T23:33:46Z
Cleveland Cavaliers at Detroit Pistons,FanDuel,player_rebounds,Isaiah Stewart II,Over,2.5,-136,2026-05-06T23:33:46Z
Cleveland Cavaliers at Detroit Pistons,FanDuel,player_rebounds,Isaiah Stewart II,Under,2.5,102,2026-05-06T23:33:46Z
Cleveland Cavaliers at Detroit Pistons,FanDuel,player_rebounds,Cade Cunningham,Over,5.5,104,2026-05-06T23:33:46Z
Cleveland Cavaliers at Detroit Pistons,FanDuel,player_rebounds,Cade Cunningham,Under,5.5,-138,2026-05-06T23:33:46Z
Cleveland Cavaliers at Detroit Pistons,FanDuel,player_rebounds,Evan Mobley,Over,8.5,-104,2026-05-06T23:33:46Z
Cleveland Cavaliers at Detroit Pistons,FanDuel,player_rebounds,Evan Mobley,Under,8.5,-128,2026-05-06T23:33:46Z
Cleveland Cavaliers at Detroit Pistons,FanDuel,player_rebounds,Jarrett Allen,Over,7.5,114,2026-05-06T23:33:46Z
Cleveland Cavaliers at Detroit Pistons,FanDuel,player_rebounds,Jarrett Allen,Under,7.5,-152,2026-05-06T23:33:46Z
Cleveland Cavaliers at Detroit Pistons,FanDuel,player_rebounds,Dean Wade,Over,3.5,-104,2026-05-06T23:33:46Z
Cleveland Cavaliers at Detroit Pistons,FanDuel,player_rebounds,Dean Wade,Under,3.5,-128,2026-05-06T23:33:46Z
Cleveland Cavaliers at Detroit Pistons,FanDuel,player_rebounds,Ausar Thompson,Over,6.5,-154,2026-05-06T23:33:46Z
Cleveland Cavaliers at Detroit Pistons,FanDuel,player_rebounds,Ausar Thompson,Under,6.5,116,2026-05-06T23:33:46Z
Cleveland Cavaliers at Detroit Pistons,FanDuel,player_rebounds,Tobias Harris,Over,6.5,-102,2026-05-06T23:33:46Z
Cleveland Cavaliers at Detroit Pistons,FanDuel,player_rebounds,Tobias Harris,Under,6.5,-130,2026-05-06T23:33:46Z
Cleveland Cavaliers at Detroit Pistons,FanDuel,player_rebounds,James Harden,Over,4.5,-152,2026-05-06T23:33:46Z
Cleveland Cavaliers at Detroit Pistons,FanDuel,player_rebounds,James Harden,Under,4.5,114,2026-05-06T23:33:46Z
Cleveland Cavaliers at Detroit Pistons,FanDuel,player_rebounds,Donovan Mitchell,Over,3.5,-162,2026-05-06T23:33:46Z
Cleveland Cavaliers at Detroit Pistons,FanDuel,player_rebounds,Donovan Mitchell,Under,3.5,122,2026-05-06T23:33:46Z
Cleveland Cavaliers at Detroit Pistons,FanDuel,player_rebounds,Jalen Duren,Over,11.5,102,2026-05-06T23:33:46Z
Cleveland Cavaliers at Detroit Pistons,FanDuel,player_rebounds,Jalen Duren,Under,11.5,-136,2026-05-06T23:33:46Z
Cleveland Cavaliers at Detroit Pistons,FanDuel,player_steals,Donovan Mitchell,Over,1.5,148,2026-05-06T23:33:46Z
Cleveland Cavaliers at Detroit Pistons,FanDuel,player_steals,Donovan Mitchell,Under,1.5,-200,2026-05-06T23:33:46Z
Cleveland Cavaliers at Detroit Pistons,FanDuel,player_steals,Tobias Harris,Over,1.5,162,2026-05-06T23:33:46Z
Cleveland Cavaliers at Detroit Pistons,FanDuel,player_steals,Tobias Harris,Under,1.5,-220,2026-05-06T23:33:46Z
Cleveland Cavaliers at Detroit Pistons,FanDuel,player_steals,Cade Cunningham,Over,1.5,138,2026-05-06T23:33:46Z
Cleveland Cavaliers at Detroit Pistons,FanDuel,player_steals,Cade Cunningham,Under,1.5,-186,2026-05-06T23:33:46Z
Cleveland Cavaliers at Detroit Pistons,FanDuel,player_steals,James Harden,Over,1.5,148,2026-05-06T23:33:46Z
Cleveland Cavaliers at Detroit Pistons,FanDuel,player_steals,James Harden,Under,1.5,-200,2026-05-06T23:33:46Z
Cleveland Cavaliers at Detroit Pistons,FanDuel,player_threes,Daniss Jenkins,Over,1.5,178,2026-05-06T23:33:46Z
Cleveland Cavaliers at Detroit Pistons,FanDuel,player_threes,Daniss Jenkins,Under,1.5,-245,2026-05-06T23:33:46Z
Cleveland Cavaliers at Detroit Pistons,FanDuel,player_threes,Dean Wade,Over,0.5,-230,2026-05-06T23:33:46Z
Cleveland Cavaliers at Detroit Pistons,FanDuel,player_threes,Dean Wade,Under,0.5,168,2026-05-06T23:33:46Z
Cleveland Cavaliers at Detroit Pistons,FanDuel,player_threes,Max Strus,Over,2.5,130,2026-05-06T23:33:46Z
Cleveland Cavaliers at Detroit Pistons,FanDuel,player_threes,Max Strus,Under,2.5,-174,2026-05-06T23:33:46Z
Cleveland Cavaliers at Detroit Pistons,FanDuel,player_threes,Duncan Robinson,Over,2.5,-140,2026-05-06T23:33:46Z
Cleveland Cavaliers at Detroit Pistons,FanDuel,player_threes,Duncan Robinson,Under,2.5,106,2026-05-06T23:33:46Z
Cleveland Cavaliers at Detroit Pistons,FanDuel,player_threes,Tobias Harris,Over,1.5,116,2026-05-06T23:33:46Z
Cleveland Cavaliers at Detroit Pistons,FanDuel,player_threes,Tobias Harris,Under,1.5,-154,2026-05-06T23:33:46Z
Cleveland Cavaliers at Detroit Pistons,FanDuel,player_threes,Cade Cunningham,Over,2.5,122,2026-05-06T23:33:46Z
Cleveland Cavaliers at Detroit Pistons,FanDuel,player_threes,Cade Cunningham,Under,2.5,-162,2026-05-06T23:33:46Z
Cleveland Cavaliers at Detroit Pistons,FanDuel,player_threes,James Harden,Over,2.5,108,2026-05-06T23:33:46Z
Cleveland Cavaliers at Detroit Pistons,FanDuel,player_threes,James Harden,Under,2.5,-144,2026-05-06T23:33:46Z
Cleveland Cavaliers at Detroit Pistons,FanDuel,player_threes,Donovan Mitchell,Over,2.5,-122,2026-05-06T23:33:46Z
Cleveland Cavaliers at Detroit Pistons,FanDuel,player_threes,Donovan Mitchell,Under,2.5,-108,2026-05-06T23:33:46Z
Cleveland Cavaliers at Detroit Pistons,FanDuel,player_threes,Evan Mobley,Over,0.5,-225,2026-05-06T23:33:46Z
Cleveland Cavaliers at Detroit Pistons,FanDuel,player_threes,Evan Mobley,Under,0.5,164,2026-05-06T23:33:46Z
Cleveland Cavaliers at Detroit Pistons,DraftKings,player_assists,Cade Cunningham,Over,9.5,-143,2026-05-06T23:34:19Z
Cleveland Cavaliers at Detroit Pistons,DraftKings,player_assists,Cade Cunningham,Under,9.5,108,2026-05-06T23:34:19Z
Cleveland Cavaliers at Detroit Pistons,DraftKings,player_assists,James Harden,Over,6.5,-115,2026-05-06T23:34:19Z
Cleveland Cavaliers at Detroit Pistons,DraftKings,player_assists,James Harden,Under,6.5,-114,2026-05-06T23:34:19Z
Cleveland Cavaliers at Detroit Pistons,DraftKings,player_assists,Donovan Mitchell,Over,3.5,-143,2026-05-06T23:34:19Z
Cleveland Cavaliers at Detroit Pistons,DraftKings,player_assists,Donovan Mitchell,Under,3.5,109,2026-05-06T23:34:19Z
Cleveland Cavaliers at Detroit Pistons,DraftKings,player_assists,Ausar Thompson,Over,3.5,-106,2026-05-06T23:34:19Z
Cleveland Cavaliers at Detroit Pistons,DraftKings,player_assists,Ausar Thompson,Under,3.5,-124,2026-05-06T23:34:19Z
Cleveland Cavaliers at Detroit Pistons,DraftKings,player_assists,Daniss Jenkins,Over,3.5,120,2026-05-06T23:34:19Z
Cleveland Cavaliers at Detroit Pistons,DraftKings,player_assists,Daniss Jenkins,Under,3.5,-158,2026-05-06T23:34:19Z
Cleveland Cavaliers at Detroit Pistons,DraftKings,player_assists,Evan Mobley,Over,3.5,123,2026-05-06T23:34:19Z
Cleveland Cavaliers at Detroit Pistons,DraftKings,player_assists,Evan Mobley,Under,3.5,-163,2026-05-06T23:34:19Z
Cleveland Cavaliers at Detroit Pistons,DraftKings,player_assists,Jalen Duren,Over,2.5,131,2026-05-06T23:34:19Z
Cleveland Cavaliers at Detroit Pistons,DraftKings,player_assists,Jalen Duren,Under,2.5,-173,2026-05-06T23:34:19Z
Cleveland Cavaliers at Detroit Pistons,DraftKings,player_assists,Tobias Harris,Over,1.5,-172,2026-05-06T23:34:19Z
Cleveland Cavaliers at Detroit Pistons,DraftKings,player_assists,Tobias Harris,Under,1.5,130,2026-05-06T23:34:19Z
Cleveland Cavaliers at Detroit Pistons,DraftKings,player_assists,Duncan Robinson,Over,1.5,-171,2026-05-06T23:34:19Z
Cleveland Cavaliers at Detroit Pistons,DraftKings,player_assists,Duncan Robinson,Under,1.5,130,2026-05-06T23:34:19Z
Cleveland Cavaliers at Detroit Pistons,DraftKings,player_assists,Jarrett Allen,Over,1.5,174,2026-05-06T23:34:19Z
Cleveland Cavaliers at Detroit Pistons,DraftKings,player_assists,Jarrett Allen,Under,1.5,-233,2026-05-06T23:34:19Z
Cleveland Cavaliers at Detroit Pistons,DraftKings,player_blocks,Evan Mobley,Over,1.5,-126,2026-05-06T23:34:19Z
Cleveland Cavaliers at Detroit Pistons,DraftKings,player_blocks,Evan Mobley,Under,1.5,-105,2026-05-06T23:34:19Z
Cleveland Cavaliers at Detroit Pistons,DraftKings,player_points,Cade Cunningham,Over,27.5,-120,2026-05-06T23:34:19Z
Cleveland Cavaliers at Detroit Pistons,DraftKings,player_points,Cade Cunningham,Under,27.5,-106,2026-05-06T23:34:19Z
Cleveland Cavaliers at Detroit Pistons,DraftKings,player_points,Donovan Mitchell,Over,24.5,-111,2026-05-06T23:34:19Z
Cleveland Cavaliers at Detroit Pistons,DraftKings,player_points,Donovan Mitchell,Under,24.5,-115,2026-05-06T23:34:19Z
Cleveland Cavaliers at Detroit Pistons,DraftKings,player_points,James Harden,Over,19.5,-108,2026-05-06T23:34:19Z
Cleveland Cavaliers at Detroit Pistons,DraftKings,player_points,James Harden,Under,19.5,-118,2026-05-06T23:34:19Z
Cleveland Cavaliers at Detroit Pistons,DraftKings,player_points,Tobias Harris,Over,18.5,-104,2026-05-06T23:34:19Z
Cleveland Cavaliers at Detroit Pistons,DraftKings,player_points,Tobias Harris,Under,18.5,-123,2026-05-06T23:34:19Z
Cleveland Cavaliers at Detroit Pistons,DraftKings,player_points,Evan Mobley,Over,15.5,100,2026-05-06T23:34:19Z
Cleveland Cavaliers at Detroit Pistons,DraftKings,player_points,Evan Mobley,Under,15.5,-127,2026-05-06T23:34:19Z
Cleveland Cavaliers at Detroit Pistons,DraftKings,player_points,Jalen Duren,Over,14.5,-111,2026-05-06T23:34:19Z
Cleveland Cavaliers at Detroit Pistons,DraftKings,player_points,Jalen Duren,Under,14.5,-115,2026-05-06T23:34:19Z
Cleveland Cavaliers at Detroit Pistons,DraftKings,player_points,Duncan Robinson,Over,11.5,-102,2026-05-06T23:34:19Z
Cleveland Cavaliers at Detroit Pistons,DraftKings,player_points,Duncan Robinson,Under,11.5,-125,2026-05-06T23:34:19Z
Cleveland Cavaliers at Detroit Pistons,DraftKings,player_points,Jarrett Allen,Over,10.5,-121,2026-05-06T23:34:19Z
Cleveland Cavaliers at Detroit Pistons,DraftKings,player_points,Jarrett Allen,Under,10.5,-105,2026-05-06T23:34:19Z
Cleveland Cavaliers at Detroit Pistons,DraftKings,player_points,Ausar Thompson,Over,9.5,-136,2026-05-06T23:34:19Z
Cleveland Cavaliers at Detroit Pistons,DraftKings,player_points,Ausar Thompson,Under,9.5,107,2026-05-06T23:34:19Z
Cleveland Cavaliers at Detroit Pistons,DraftKings,player_points,Max Strus,Over,9.5,-124,2026-05-06T23:34:19Z
Cleveland Cavaliers at Detroit Pistons,DraftKings,player_points,Max Strus,Under,9.5,-103,2026-05-06T23:34:19Z
Cleveland Cavaliers at Detroit Pistons,DraftKings,player_points,Daniss Jenkins,Over,8.5,-110,2026-05-06T23:34:19Z
Cleveland Cavaliers at Detroit Pistons,DraftKings,player_points,Daniss Jenkins,Under,8.5,-116,2026-05-06T23:34:19Z
Cleveland Cavaliers at Detroit Pistons,DraftKings,player_points,Dean Wade,Over,4.5,-107,2026-05-06T23:34:19Z
Cleveland Cavaliers at Detroit Pistons,DraftKings,player_points,Dean Wade,Under,4.5,-119,2026-05-06T23:34:19Z
Cleveland Cavaliers at Detroit Pistons,DraftKings,player_points,Isaiah Stewart II,Over,3.5,-136,2026-05-06T23:34:19Z
Cleveland Cavaliers at Detroit Pistons,DraftKings,player_points,Isaiah Stewart II,Under,3.5,107,2026-05-06T23:34:19Z
Cleveland Cavaliers at Detroit Pistons,DraftKings,player_rebounds,Jalen Duren,Over,11.5,101,2026-05-06T23:34:19Z
Cleveland Cavaliers at Detroit Pistons,DraftKings,player_rebounds,Jalen Duren,Under,11.5,-133,2026-05-06T23:34:19Z
Cleveland Cavaliers at Detroit Pistons,DraftKings,player_rebounds,Evan Mobley,Over,8.5,-111,2026-05-06T23:34:19Z
Cleveland Cavaliers at Detroit Pistons,DraftKings,player_rebounds,Evan Mobley,Under,8.5,-119,2026-05-06T23:34:19Z
Cleveland Cavaliers at Detroit Pistons,DraftKings,player_rebounds,Jarrett Allen,Over,7.5,112,2026-05-06T23:34:19Z
Cleveland Cavaliers at Detroit Pistons,DraftKings,player_rebounds,Jarrett Allen,Under,7.5,-148,2026-05-06T23:34:19Z
Cleveland Cavaliers at Detroit Pistons,DraftKings,player_rebounds,Ausar Thompson,Over,6.5,-152,2026-05-06T23:34:19Z
Cleveland Cavaliers at Detroit Pistons,DraftKings,player_rebounds,Ausar Thompson,Under,6.5,115,2026-05-06T23:34:19Z
Cleveland Cavaliers at Detroit Pistons,DraftKings,player_rebounds,Tobias Harris,Over,6.5,-103,2026-05-06T23:34:19Z
Cleveland Cavaliers at Detroit Pistons,DraftKings,player_rebounds,Tobias Harris,Under,6.5,-128,2026-05-06T23:34:19Z
Cleveland Cavaliers at Detroit Pistons,DraftKings,player_rebounds,Cade Cunningham,Over,5.5,106,2026-05-06T23:34:19Z
Cleveland Cavaliers at Detroit Pistons,DraftKings,player_rebounds,Cade Cunningham,Under,5.5,-140,2026-05-06T23:34:19Z
Cleveland Cavaliers at Detroit Pistons,DraftKings,player_rebounds,James Harden,Over,4.5,-149,2026-05-06T23:34:19Z
Cleveland Cavaliers at Detroit Pistons,DraftKings,player_rebounds,James Harden,Under,4.5,113,2026-05-06T23:34:19Z
Cleveland Cavaliers at Detroit Pistons,DraftKings,player_rebounds,Max Strus,Over,3.5,-159,2026-05-06T23:34:19Z
Cleveland Cavaliers at Detroit Pistons,DraftKings,player_rebounds,Max Strus,Under,3.5,121,2026-05-06T23:34:19Z
Cleveland Cavaliers at Detroit Pistons,DraftKings,player_rebounds,Donovan Mitchell,Over,3.5,-139,2026-05-06T23:34:19Z
Cleveland Cavaliers at Detroit Pistons,DraftKings,player_rebounds,Donovan Mitchell,Under,3.5,106,2026-05-06T23:34:19Z
Cleveland Cavaliers at Detroit Pistons,DraftKings,player_rebounds,Dean Wade,Over,3.5,103,2026-05-06T23:34:19Z
Cleveland Cavaliers at Detroit Pistons,DraftKings,player_rebounds,Dean Wade,Under,3.5,-136,2026-05-06T23:34:19Z
Cleveland Cavaliers at Detroit Pistons,DraftKings,player_rebounds,Isaiah Stewart II,Over,2.5,-135,2026-05-06T23:34:19Z
Cleveland Cavaliers at Detroit Pistons,DraftKings,player_rebounds,Isaiah Stewart II,Under,2.5,102,2026-05-06T23:34:19Z
Cleveland Cavaliers at Detroit Pistons,DraftKings,player_rebounds,Duncan Robinson,Over,2.5,127,2026-05-06T23:34:19Z
Cleveland Cavaliers at Detroit Pistons,DraftKings,player_rebounds,Duncan Robinson,Under,2.5,-167,2026-05-06T23:34:19Z
Cleveland Cavaliers at Detroit Pistons,DraftKings,player_threes,Duncan Robinson,Over,2.5,-124,2026-05-06T23:34:19Z
Cleveland Cavaliers at Detroit Pistons,DraftKings,player_threes,Duncan Robinson,Under,2.5,-106,2026-05-06T23:34:19Z
Cleveland Cavaliers at Detroit Pistons,DraftKings,player_threes,Donovan Mitchell,Over,2.5,-113,2026-05-06T23:34:19Z
Cleveland Cavaliers at Detroit Pistons,DraftKings,player_threes,Donovan Mitchell,Under,2.5,-116,2026-05-06T23:34:19Z
Cleveland Cavaliers at Detroit Pistons,DraftKings,player_threes,James Harden,Over,2.5,102,2026-05-06T23:34:19Z
Cleveland Cavaliers at Detroit Pistons,DraftKings,player_threes,James Harden,Under,2.5,-135,2026-05-06T23:34:19Z
Cleveland Cavaliers at Detroit Pistons,DraftKings,player_threes,Max Strus,Over,2.5,127,2026-05-06T23:34:19Z
Cleveland Cavaliers at Detroit Pistons,DraftKings,player_threes,Max Strus,Under,2.5,-167,2026-05-06T23:34:19Z
Cleveland Cavaliers at Detroit Pistons,DraftKings,player_threes,Cade Cunningham,Over,2.5,130,2026-05-06T23:34:19Z
Cleveland Cavaliers at Detroit Pistons,DraftKings,player_threes,Cade Cunningham,Under,2.5,-172,2026-05-06T23:34:19Z
Cleveland Cavaliers at Detroit Pistons,DraftKings,player_threes,Tobias Harris,Over,1.5,123,2026-05-06T23:34:19Z
Cleveland Cavaliers at Detroit Pistons,DraftKings,player_threes,Tobias Harris,Under,1.5,-163,2026-05-06T23:34:19Z
Cleveland Cavaliers at Detroit Pistons,DraftKings,player_threes,Daniss Jenkins,Over,1.5,159,2026-05-06T23:34:19Z
Cleveland Cavaliers at Detroit Pistons,DraftKings,player_threes,Daniss Jenkins,Under,1.5,-212,2026-05-06T23:34:19Z
Cleveland Cavaliers at Detroit Pistons,DraftKings,player_threes,Evan Mobley,Over,0.5,-222,2026-05-06T23:34:19Z
Cleveland Cavaliers at Detroit Pistons,DraftKings,player_threes,Evan Mobley,Under,0.5,166,2026-05-06T23:34:19Z
Cleveland Cavaliers at Detroit Pistons,BetRivers,player_assists,James Harden,Over,6.5,-134,2026-05-06T23:34:16Z
Cleveland Cavaliers at Detroit Pistons,BetRivers,player_assists,James Harden,Under,6.5,-103,2026-05-06T23:34:16Z
Cleveland Cavaliers at Detroit Pistons,BetRivers,player_assists,Ausar Thompson,Over,3.5,-115,2026-05-06T23:34:16Z
Cleveland Cavaliers at Detroit Pistons,BetRivers,player_assists,Ausar Thompson,Under,3.5,-118,2026-05-06T23:34:16Z
Cleveland Cavaliers at Detroit Pistons,BetRivers,player_assists,Jalen Duren,Over,2.5,128,2026-05-06T23:34:16Z
Cleveland Cavaliers at Detroit Pistons,BetRivers,player_assists,Jalen Duren,Under,2.5,-177,2026-05-06T23:34:16Z
Cleveland Cavaliers at Detroit Pistons,BetRivers,player_assists,Donovan Mitchell,Over,3.5,-150,2026-05-06T23:34:16Z
Cleveland Cavaliers at Detroit Pistons,BetRivers,player_assists,Donovan Mitchell,Under,3.5,110,2026-05-06T23:34:16Z
Cleveland Cavaliers at Detroit Pistons,BetRivers,player_assists,Evan Mobley,Over,3.5,120,2026-05-06T23:34:16Z
Cleveland Cavaliers at Detroit Pistons,BetRivers,player_assists,Evan Mobley,Under,3.5,-165,2026-05-06T23:34:16Z
Cleveland Cavaliers at Detroit Pistons,BetRivers,player_assists,Daniss Jenkins,Over,2.5,-180,2026-05-06T23:34:16Z
Cleveland Cavaliers at Detroit Pistons,BetRivers,player_assists,Daniss Jenkins,Under,2.5,130,2026-05-06T23:34:16Z
Cleveland Cavaliers at Detroit Pistons,BetRivers,player_assists,Cade Cunningham,Over,9.5,-148,2026-05-06T23:34:16Z
Cleveland Cavaliers at Detroit Pistons,BetRivers,player_assists,Cade Cunningham,Under,9.5,107,2026-05-06T23:34:16Z
Cleveland Cavaliers at Detroit Pistons,BetRivers,player_points,Evan Mobley,Over,14.5,-139,2026-05-06T23:34:16Z
Cleveland Cavaliers at Detroit Pistons,BetRivers,player_points,Evan Mobley,Under,14.5,102,2026-05-06T23:34:16Z
Cleveland Cavaliers at Detroit Pistons,BetRivers,player_points,Daniss Jenkins,Over,9.5,120,2026-05-06T23:34:16Z
Cleveland Cavaliers at Detroit Pistons,BetRivers,player_points,Daniss Jenkins,Under,9.5,-167,2026-05-06T23:34:16Z
Cleveland Cavaliers at Detroit Pistons,BetRivers,player_points,Donovan Mitchell,Over,23.5,-136,2026-05-06T23:34:16Z
Cleveland Cavaliers at Detroit Pistons,BetRivers,player_points,Donovan Mitchell,Under,23.5,100,2026-05-06T23:34:16Z
Cleveland Cavaliers at Detroit Pistons,BetRivers,player_points,Max Strus,Over,9.5,-134,2026-05-06T23:34:16Z
Cleveland Cavaliers at Detroit Pistons,BetRivers,player_points,Max Strus,Under,9.5,100,2026-05-06T23:34:16Z
Cleveland Cavaliers at Detroit Pistons,BetRivers,player_points,James Harden,Over,19.5,-104,2026-05-06T23:34:16Z
Cleveland Cavaliers at Detroit Pistons,BetRivers,player_points,James Harden,Under,19.5,-132,2026-05-06T23:34:16Z
Cleveland Cavaliers at Detroit Pistons,BetRivers,player_points,Jalen Duren,Over,13.5,-152,2026-05-06T23:34:16Z
Cleveland Cavaliers at Detroit Pistons,BetRivers,player_points,Jalen Duren,Under,13.5,112,2026-05-06T23:34:16Z
Cleveland Cavaliers at Detroit Pistons,BetRivers,player_points,Duncan Robinson,Over,11.5,-109,2026-05-06T23:34:16Z
Cleveland Cavaliers at Detroit Pistons,BetRivers,player_points,Duncan Robinson,Under,11.5,-125,2026-05-06T23:34:16Z
Cleveland Cavaliers at Detroit Pistons,BetRivers,player_points,Jalen Duren,Over,15.5,120,2026-05-06T23:34:16Z
Cleveland Cavaliers at Detroit Pistons,BetRivers,player_points,Jalen Duren,Under,15.5,-167,2026-05-06T23:34:16Z
Cleveland Cavaliers at Detroit Pistons,BetRivers,player_points,Max Strus,Over,10.5,100,2026-05-06T23:34:16Z
Cleveland Cavaliers at Detroit Pistons,BetRivers,player_points,Max Strus,Under,10.5,-134,2026-05-06T23:34:16Z
Cleveland Cavaliers at Detroit Pistons,BetRivers,player_points,Cade Cunningham,Over,26.5,-148,2026-05-06T23:34:16Z
Cleveland Cavaliers at Detroit Pistons,BetRivers,player_points,Cade Cunningham,Under,26.5,108,2026-05-06T23:34:16Z
Cleveland Cavaliers at Detroit Pistons,BetRivers,player_points,Cade Cunningham,Over,27.5,-120,2026-05-06T23:34:16Z
Cleveland Cavaliers at Detroit Pistons,BetRivers,player_points,Cade Cunningham,Under,27.5,-114,2026-05-06T23:34:16Z
Cleveland Cavaliers at Detroit Pistons,BetRivers,player_points,Evan Mobley,Over,15.5,-106,2026-05-06T23:34:16Z
Cleveland Cavaliers at Detroit Pistons,BetRivers,player_points,Evan Mobley,Under,15.5,-127,2026-05-06T23:34:16Z
Cleveland Cavaliers at Detroit Pistons,BetRivers,player_points,Ausar Thompson,Over,10.5,108,2026-05-06T23:34:16Z
Cleveland Cavaliers at Detroit Pistons,BetRivers,player_points,Ausar Thompson,Under,10.5,-148,2026-05-06T23:34:16Z
Cleveland Cavaliers at Detroit Pistons,BetRivers,player_points,James Harden,Over,18.5,-132,2026-05-06T23:34:16Z
Cleveland Cavaliers at Detroit Pistons,BetRivers,player_points,James Harden,Under,18.5,-104,2026-05-06T23:34:16Z
Cleveland Cavaliers at Detroit Pistons,BetRivers,player_points,Jarrett Allen,Over,11.5,102,2026-05-06T23:34:16Z
Cleveland Cavaliers at Detroit Pistons,BetRivers,player_points,Jarrett Allen,Under,11.5,-139,2026-05-06T23:34:16Z
Cleveland Cavaliers at Detroit Pistons,BetRivers,player_points,Donovan Mitchell,Over,25.5,114,2026-05-06T23:34:16Z
Cleveland Cavaliers at Detroit Pistons,BetRivers,player_points,Donovan Mitchell,Under,25.5,-155,2026-05-06T23:34:16Z
Cleveland Cavaliers at Detroit Pistons,BetRivers,player_points,Daniss Jenkins,Over,8.5,-118,2026-05-06T23:34:16Z
Cleveland Cavaliers at Detroit Pistons,BetRivers,player_points,Daniss Jenkins,Under,8.5,-115,2026-05-06T23:34:16Z
Cleveland Cavaliers at Detroit Pistons,BetRivers,player_points,Tobias Harris,Over,18.5,100,2026-05-06T23:34:16Z
Cleveland Cavaliers at Detroit Pistons,BetRivers,player_points,Tobias Harris,Under,18.5,-136,2026-05-06T23:34:16Z
Cleveland Cavaliers at Detroit Pistons,BetRivers,player_points,Isaiah Stewart II,Over,4.5,112,2026-05-06T23:34:16Z
Cleveland Cavaliers at Detroit Pistons,BetRivers,player_points,Isaiah Stewart II,Under,4.5,-152,2026-05-06T23:34:16Z
Cleveland Cavaliers at Detroit Pistons,BetRivers,player_points,Isaiah Stewart II,Over,3.5,-124,2026-05-06T23:34:16Z
Cleveland Cavaliers at Detroit Pistons,BetRivers,player_points,Isaiah Stewart II,Under,3.5,-110,2026-05-06T23:34:16Z
Cleveland Cavaliers at Detroit Pistons,BetRivers,player_points,Ausar Thompson,Over,9.5,-130,2026-05-06T23:34:16Z
Cleveland Cavaliers at Detroit Pistons,BetRivers,player_points,Ausar Thompson,Under,9.5,-105,2026-05-06T23:34:16Z
Cleveland Cavaliers at Detroit Pistons,BetRivers,player_points,Jarrett Allen,Over,10.5,-127,2026-05-06T23:34:16Z
Cleveland Cavaliers at Detroit Pistons,BetRivers,player_points,Jarrett Allen,Under,10.5,-108,2026-05-06T23:34:16Z
Cleveland Cavaliers at Detroit Pistons,BetRivers,player_points,Dean Wade,Over,4.5,-115,2026-05-06T23:34:16Z
Cleveland Cavaliers at Detroit Pistons,BetRivers,player_points,Dean Wade,Under,4.5,-118,2026-05-06T23:34:16Z
Cleveland Cavaliers at Detroit Pistons,BetRivers,player_points,Donovan Mitchell,Over,24.5,-110,2026-05-06T23:34:16Z
Cleveland Cavaliers at Detroit Pistons,BetRivers,player_points,Donovan Mitchell,Under,24.5,-124,2026-05-06T23:34:16Z
Cleveland Cavaliers at Detroit Pistons,BetRivers,player_points,Duncan Robinson,Over,10.5,-157,2026-05-06T23:34:16Z
Cleveland Cavaliers at Detroit Pistons,BetRivers,player_points,Duncan Robinson,Under,10.5,114,2026-05-06T23:34:16Z
Cleveland Cavaliers at Detroit Pistons,BetRivers,player_points,Cade Cunningham,Over,28.5,104,2026-05-06T23:34:16Z
Cleveland Cavaliers at Detroit Pistons,BetRivers,player_points,Cade Cunningham,Under,28.5,-139,2026-05-06T23:34:16Z
Cleveland Cavaliers at Detroit Pistons,BetRivers,player_points,Jalen Duren,Over,14.5,-108,2026-05-06T23:34:16Z
Cleveland Cavaliers at Detroit Pistons,BetRivers,player_points,Jalen Duren,Under,14.5,-127,2026-05-06T23:34:16Z
Cleveland Cavaliers at Detroit Pistons,BetRivers,player_points,Tobias Harris,Over,17.5,-129,2026-05-06T23:34:16Z
Cleveland Cavaliers at Detroit Pistons,BetRivers,player_points,Tobias Harris,Under,17.5,-105,2026-05-06T23:34:16Z
Cleveland Cavaliers at Detroit Pistons,BetRivers,player_rebounds,Evan Mobley,Over,8.5,-113,2026-05-06T23:34:16Z
Cleveland Cavaliers at Detroit Pistons,BetRivers,player_rebounds,Evan Mobley,Under,8.5,-121,2026-05-06T23:34:16Z
Cleveland Cavaliers at Detroit Pistons,BetRivers,player_rebounds,Max Strus,Over,3.5,-167,2026-05-06T23:34:16Z
Cleveland Cavaliers at Detroit Pistons,BetRivers,player_rebounds,Max Strus,Under,3.5,123,2026-05-06T23:34:16Z
Cleveland Cavaliers at Detroit Pistons,BetRivers,player_rebounds,Tobias Harris,Over,6.5,-112,2026-05-06T23:34:16Z
Cleveland Cavaliers at Detroit Pistons,BetRivers,player_rebounds,Tobias Harris,Under,6.5,-122,2026-05-06T23:34:16Z
Cleveland Cavaliers at Detroit Pistons,BetRivers,player_rebounds,Jalen Duren,Over,11.5,100,2026-05-06T23:34:16Z
Cleveland Cavaliers at Detroit Pistons,BetRivers,player_rebounds,Jalen Duren,Under,11.5,-134,2026-05-06T23:34:16Z
Cleveland Cavaliers at Detroit Pistons,BetRivers,player_rebounds,Ausar Thompson,Over,7.5,114,2026-05-06T23:34:16Z
Cleveland Cavaliers at Detroit Pistons,BetRivers,player_rebounds,Ausar Thompson,Under,7.5,-157,2026-05-06T23:34:16Z
Cleveland Cavaliers at Detroit Pistons,BetRivers,player_rebounds,Donovan Mitchell,Over,3.5,-165,2026-05-06T23:34:16Z
Cleveland Cavaliers at Detroit Pistons,BetRivers,player_rebounds,Donovan Mitchell,Under,3.5,120,2026-05-06T23:34:16Z
Cleveland Cavaliers at Detroit Pistons,BetRivers,player_rebounds,Isaiah Stewart II,Over,2.5,-132,2026-05-06T23:34:16Z
Cleveland Cavaliers at Detroit Pistons,BetRivers,player_rebounds,Isaiah Stewart II,Under,2.5,-104,2026-05-06T23:34:16Z
Cleveland Cavaliers at Detroit Pistons,BetRivers,player_rebounds,Dean Wade,Over,3.5,108,2026-05-06T23:34:16Z
Cleveland Cavaliers at Detroit Pistons,BetRivers,player_rebounds,Dean Wade,Under,3.5,-148,2026-05-06T23:34:16Z
Cleveland Cavaliers at Detroit Pistons,BetRivers,player_rebounds,James Harden,Over,4.5,-159,2026-05-06T23:34:16Z
Cleveland Cavaliers at Detroit Pistons,BetRivers,player_rebounds,James Harden,Under,4.5,116,2026-05-06T23:34:16Z
Cleveland Cavaliers at Detroit Pistons,BetRivers,player_rebounds,Jarrett Allen,Over,7.5,110,2026-05-06T23:34:16Z
Cleveland Cavaliers at Detroit Pistons,BetRivers,player_rebounds,Jarrett Allen,Under,7.5,-150,2026-05-06T23:34:16Z
Cleveland Cavaliers at Detroit Pistons,BetRivers,player_rebounds,Cade Cunningham,Over,5.5,-112,2026-05-06T23:34:16Z
Cleveland Cavaliers at Detroit Pistons,BetRivers,player_rebounds,Cade Cunningham,Under,5.5,-121,2026-05-06T23:34:16Z
Cleveland Cavaliers at Detroit Pistons,BetRivers,player_threes,Donovan Mitchell,Over,2.5,-120,2026-05-06T23:34:16Z
Cleveland Cavaliers at Detroit Pistons,BetRivers,player_threes,Donovan Mitchell,Under,2.5,-114,2026-05-06T23:34:16Z
Cleveland Cavaliers at Detroit Pistons,BetRivers,player_threes,Max Strus,Over,2.5,128,2026-05-06T23:34:16Z
Cleveland Cavaliers at Detroit Pistons,BetRivers,player_threes,Max Strus,Under,2.5,-177,2026-05-06T23:34:16Z
Cleveland Cavaliers at Detroit Pistons,BetRivers,player_threes,Daniss Jenkins,Over,1.5,175,2026-05-06T23:34:16Z
Cleveland Cavaliers at Detroit Pistons,BetRivers,player_threes,Daniss Jenkins,Under,1.5,-250,2026-05-06T23:34:16Z
Cleveland Cavaliers at Detroit Pistons,BetRivers,player_threes,James Harden,Over,2.5,102,2026-05-06T23:34:16Z
Cleveland Cavaliers at Detroit Pistons,BetRivers,player_threes,James Harden,Under,2.5,-137,2026-05-06T23:34:16Z
Cleveland Cavaliers at Detroit Pistons,BetRivers,player_threes,Duncan Robinson,Over,2.5,-139,2026-05-06T23:34:16Z
Cleveland Cavaliers at Detroit Pistons,BetRivers,player_threes,Duncan Robinson,Under,2.5,102,2026-05-06T23:34:16Z
Cleveland Cavaliers at Detroit Pistons,BetRivers,player_threes,Tobias Harris,Over,1.5,112,2026-05-06T23:34:16Z
Cleveland Cavaliers at Detroit Pistons,BetRivers,player_threes,Tobias Harris,Under,1.5,-155,2026-05-06T23:34:16Z
Cleveland Cavaliers at Detroit Pistons,BetRivers,player_threes,Cade Cunningham,Over,2.5,120,2026-05-06T23:34:16Z
Cleveland Cavaliers at Detroit Pistons,BetRivers,player_threes,Cade Cunningham,Under,2.5,-162,2026-05-06T23:34:16Z
Cleveland Cavaliers at Detroit Pistons,BetRivers,player_threes,Donovan Mitchell,Over,2.5,-120,2026-05-06T23:34:16Z
Cleveland Cavaliers at Detroit Pistons,BetRivers,player_threes,Donovan Mitchell,Under,2.5,-114,2026-05-06T23:34:16Z
Cleveland Cavaliers at Detroit Pistons,BetRivers,player_threes,Max Strus,Over,2.5,128,2026-05-06T23:34:16Z
Cleveland Cavaliers at Detroit Pistons,BetRivers,player_threes,Max Strus,Under,2.5,-177,2026-05-06T23:34:16Z
Cleveland Cavaliers at Detroit Pistons,BetRivers,player_threes,Daniss Jenkins,Over,1.5,175,2026-05-06T23:34:16Z
Cleveland Cavaliers at Detroit Pistons,BetRivers,player_threes,Daniss Jenkins,Under,1.5,-250,2026-05-06T23:34:16Z
Cleveland Cavaliers at Detroit Pistons,BetRivers,player_threes,James Harden,Over,2.5,102,2026-05-06T23:34:16Z
Cleveland Cavaliers at Detroit Pistons,BetRivers,player_threes,James Harden,Under,2.5,-137,2026-05-06T23:34:16Z
Cleveland Cavaliers at Detroit Pistons,BetRivers,player_threes,Duncan Robinson,Over,2.5,-139,2026-05-06T23:34:16Z
Cleveland Cavaliers at Detroit Pistons,BetRivers,player_threes,Duncan Robinson,Under,2.5,102,2026-05-06T23:34:16Z
Cleveland Cavaliers at Detroit Pistons,BetRivers,player_threes,Tobias Harris,Over,1.5,112,2026-05-06T23:34:16Z
Cleveland Cavaliers at Detroit Pistons,BetRivers,player_threes,Tobias Harris,Under,1.5,-155,2026-05-06T23:34:16Z
Cleveland Cavaliers at Detroit Pistons,BetRivers,player_threes,Cade Cunningham,Over,2.5,120,2026-05-06T23:34:16Z
Cleveland Cavaliers at Detroit Pistons,BetRivers,player_threes,Cade Cunningham,Under,2.5,-162,2026-05-06T23:34:16Z
Cleveland Cavaliers at Detroit Pistons,BetOnline.ag,player_assists,Evan Mobley,Over,3.5,124,2026-05-06T23:34:07Z
Cleveland Cavaliers at Detroit Pistons,BetOnline.ag,player_assists,Evan Mobley,Under,3.5,-161,2026-05-06T23:34:07Z
Cleveland Cavaliers at Detroit Pistons,BetOnline.ag,player_assists,Jalen Duren,Over,2.5,136,2026-05-06T23:34:07Z
Cleveland Cavaliers at Detroit Pistons,BetOnline.ag,player_assists,Jalen Duren,Under,2.5,-179,2026-05-06T23:34:07Z
Cleveland Cavaliers at Detroit Pistons,BetOnline.ag,player_assists,Cade Cunningham,Over,9.5,-135,2026-05-06T23:34:07Z
Cleveland Cavaliers at Detroit Pistons,BetOnline.ag,player_assists,Cade Cunningham,Under,9.5,105,2026-05-06T23:34:07Z
Cleveland Cavaliers at Detroit Pistons,BetOnline.ag,player_assists,Donovan Mitchell,Over,3.5,-147,2026-05-06T23:34:07Z
Cleveland Cavaliers at Detroit Pistons,BetOnline.ag,player_assists,Donovan Mitchell,Under,3.5,114,2026-05-06T23:34:07Z
Cleveland Cavaliers at Detroit Pistons,BetOnline.ag,player_assists,Ausar Thompson,Over,3.5,-110,2026-05-06T23:34:07Z
Cleveland Cavaliers at Detroit Pistons,BetOnline.ag,player_assists,Ausar Thompson,Under,3.5,-118,2026-05-06T23:34:07Z
Cleveland Cavaliers at Detroit Pistons,BetOnline.ag,player_assists,Daniss Jenkins,Over,3.5,124,2026-05-06T23:34:07Z
Cleveland Cavaliers at Detroit Pistons,BetOnline.ag,player_assists,Daniss Jenkins,Under,3.5,-161,2026-05-06T23:34:07Z
Cleveland Cavaliers at Detroit Pistons,BetOnline.ag,player_assists,James Harden,Over,6.5,-111,2026-05-06T23:34:07Z
Cleveland Cavaliers at Detroit Pistons,BetOnline.ag,player_assists,James Harden,Under,6.5,-116,2026-05-06T23:34:07Z
Cleveland Cavaliers at Detroit Pistons,BetOnline.ag,player_points,Jarrett Allen,Over,10.5,-127,2026-05-06T23:34:07Z
Cleveland Cavaliers at Detroit Pistons,BetOnline.ag,player_points,Jarrett Allen,Under,10.5,-102,2026-05-06T23:34:07Z
Cleveland Cavaliers at Detroit Pistons,BetOnline.ag,player_points,Tobias Harris,Over,17.5,-115,2026-05-06T23:34:07Z
Cleveland Cavaliers at Detroit Pistons,BetOnline.ag,player_points,Tobias Harris,Under,17.5,-112,2026-05-06T23:34:07Z
Cleveland Cavaliers at Detroit Pistons,BetOnline.ag,player_points,Evan Mobley,Over,15.5,-105,2026-05-06T23:34:07Z
Cleveland Cavaliers at Detroit Pistons,BetOnline.ag,player_points,Evan Mobley,Under,15.5,-123,2026-05-06T23:34:07Z
Cleveland Cavaliers at Detroit Pistons,BetOnline.ag,player_points,Cade Cunningham,Over,27.5,-114,2026-05-06T23:34:07Z
Cleveland Cavaliers at Detroit Pistons,BetOnline.ag,player_points,Cade Cunningham,Under,27.5,-114,2026-05-06T23:34:07Z
Cleveland Cavaliers at Detroit Pistons,BetOnline.ag,player_points,Max Strus,Over,9.5,-119,2026-05-06T23:34:07Z
Cleveland Cavaliers at Detroit Pistons,BetOnline.ag,player_points,Max Strus,Under,9.5,-109,2026-05-06T23:34:07Z
Cleveland Cavaliers at Detroit Pistons,BetOnline.ag,player_points,Donovan Mitchell,Over,24.5,-109,2026-05-06T23:34:07Z
Cleveland Cavaliers at Detroit Pistons,BetOnline.ag,player_points,Donovan Mitchell,Under,24.5,-119,2026-05-06T23:34:07Z
Cleveland Cavaliers at Detroit Pistons,BetOnline.ag,player_points,Jalen Duren,Over,14.5,-111,2026-05-06T23:34:07Z
Cleveland Cavaliers at Detroit Pistons,BetOnline.ag,player_points,Jalen Duren,Under,14.5,-116,2026-05-06T23:34:07Z
Cleveland Cavaliers at Detroit Pistons,BetOnline.ag,player_points,Ausar Thompson,Over,9.5,-130,2026-05-06T23:34:07Z
Cleveland Cavaliers at Detroit Pistons,BetOnline.ag,player_points,Ausar Thompson,Under,9.5,100,2026-05-06T23:34:07Z
Cleveland Cavaliers at Detroit Pistons,BetOnline.ag,player_points,Duncan Robinson,Over,11.5,-106,2026-05-06T23:34:07Z
Cleveland Cavaliers at Detroit Pistons,BetOnline.ag,player_points,Duncan Robinson,Under,11.5,-122,2026-05-06T23:34:07Z
Cleveland Cavaliers at Detroit Pistons,BetOnline.ag,player_points,James Harden,Over,19.5,-106,2026-05-06T23:34:07Z
Cleveland Cavaliers at Detroit Pistons,BetOnline.ag,player_points,James Harden,Under,19.5,-122,2026-05-06T23:34:07Z
Cleveland Cavaliers at Detroit Pistons,BetOnline.ag,player_points,Daniss Jenkins,Over,8.5,-114,2026-05-06T23:34:07Z
Cleveland Cavaliers at Detroit Pistons,BetOnline.ag,player_points,Daniss Jenkins,Under,8.5,-114,2026-05-06T23:34:07Z
Cleveland Cavaliers at Detroit Pistons,BetOnline.ag,player_rebounds,Tobias Harris,Over,6.5,102,2026-05-06T23:34:07Z
Cleveland Cavaliers at Detroit Pistons,BetOnline.ag,player_rebounds,Tobias Harris,Under,6.5,-132,2026-05-06T23:34:07Z
Cleveland Cavaliers at Detroit Pistons,BetOnline.ag,player_rebounds,Jarrett Allen,Over,7.5,112,2026-05-06T23:34:07Z
Cleveland Cavaliers at Detroit Pistons,BetOnline.ag,player_rebounds,Jarrett Allen,Under,7.5,-145,2026-05-06T23:34:07Z
Cleveland Cavaliers at Detroit Pistons,BetOnline.ag,player_rebounds,Isaiah Stewart II,Over,2.5,-128,2026-05-06T23:34:07Z
Cleveland Cavaliers at Detroit Pistons,BetOnline.ag,player_rebounds,Isaiah Stewart II,Under,2.5,-101,2026-05-06T23:34:07Z
Cleveland Cavaliers at Detroit Pistons,BetOnline.ag,player_rebounds,Evan Mobley,Over,8.5,-103,2026-05-06T23:34:07Z
Cleveland Cavaliers at Detroit Pistons,BetOnline.ag,player_rebounds,Evan Mobley,Under,8.5,-125,2026-05-06T23:34:07Z
Cleveland Cavaliers at Detroit Pistons,BetOnline.ag,player_rebounds,Dean Wade,Over,3.5,109,2026-05-06T23:34:07Z
Cleveland Cavaliers at Detroit Pistons,BetOnline.ag,player_rebounds,Dean Wade,Under,3.5,-141,2026-05-06T23:34:07Z
Cleveland Cavaliers at Detroit Pistons,BetOnline.ag,player_rebounds,Cade Cunningham,Over,5.5,102,2026-05-06T23:34:07Z
Cleveland Cavaliers at Detroit Pistons,BetOnline.ag,player_rebounds,Cade Cunningham,Under,5.5,-132,2026-05-06T23:34:07Z
Cleveland Cavaliers at Detroit Pistons,BetOnline.ag,player_rebounds,Donovan Mitchell,Over,3.5,-149,2026-05-06T23:34:07Z
Cleveland Cavaliers at Detroit Pistons,BetOnline.ag,player_rebounds,Donovan Mitchell,Under,3.5,115,2026-05-06T23:34:07Z
Cleveland Cavaliers at Detroit Pistons,BetOnline.ag,player_rebounds,Max Strus,Over,3.5,-161,2026-05-06T23:34:07Z
Cleveland Cavaliers at Detroit Pistons,BetOnline.ag,player_rebounds,Max Strus,Under,3.5,123,2026-05-06T23:34:07Z
Cleveland Cavaliers at Detroit Pistons,BetOnline.ag,player_rebounds,Duncan Robinson,Over,2.5,136,2026-05-06T23:34:07Z
Cleveland Cavaliers at Detroit Pistons,BetOnline.ag,player_rebounds,Duncan Robinson,Under,2.5,-179,2026-05-06T23:34:07Z
Cleveland Cavaliers at Detroit Pistons,BetOnline.ag,player_rebounds,James Harden,Over,4.5,-141,2026-05-06T23:34:07Z
Cleveland Cavaliers at Detroit Pistons,BetOnline.ag,player_rebounds,James Harden,Under,4.5,108,2026-05-06T23:34:07Z
Cleveland Cavaliers at Detroit Pistons,BetOnline.ag,player_rebounds,Jalen Duren,Over,11.5,102,2026-05-06T23:34:07Z
Cleveland Cavaliers at Detroit Pistons,BetOnline.ag,player_rebounds,Jalen Duren,Under,11.5,-132,2026-05-06T23:34:07Z
Cleveland Cavaliers at Detroit Pistons,BetOnline.ag,player_rebounds,Daniss Jenkins,Over,2.5,100,2026-05-06T23:34:07Z
Cleveland Cavaliers at Detroit Pistons,BetOnline.ag,player_rebounds,Daniss Jenkins,Under,2.5,-130,2026-05-06T23:34:07Z
Cleveland Cavaliers at Detroit Pistons,BetOnline.ag,player_rebounds,Ausar Thompson,Over,7.5,112,2026-05-06T23:34:07Z
Cleveland Cavaliers at Detroit Pistons,BetOnline.ag,player_rebounds,Ausar Thompson,Under,7.5,-145,2026-05-06T23:34:07Z
Cleveland Cavaliers at Detroit Pistons,BetOnline.ag,player_threes,Tobias Harris,Over,1.5,118,2026-05-06T23:34:07Z
Cleveland Cavaliers at Detroit Pistons,BetOnline.ag,player_threes,Tobias Harris,Under,1.5,-154,2026-05-06T23:34:07Z
Cleveland Cavaliers at Detroit Pistons,BetOnline.ag,player_threes,Evan Mobley,Over,0.5,-204,2026-05-06T23:34:07Z
Cleveland Cavaliers at Detroit Pistons,BetOnline.ag,player_threes,Evan Mobley,Under,0.5,155,2026-05-06T23:34:07Z
Cleveland Cavaliers at Detroit Pistons,BetOnline.ag,player_threes,Cade Cunningham,Over,2.5,124,2026-05-06T23:34:07Z
Cleveland Cavaliers at Detroit Pistons,BetOnline.ag,player_threes,Cade Cunningham,Under,2.5,-161,2026-05-06T23:34:07Z
Cleveland Cavaliers at Detroit Pistons,BetOnline.ag,player_threes,Donovan Mitchell,Over,2.5,-115,2026-05-06T23:34:07Z
Cleveland Cavaliers at Detroit Pistons,BetOnline.ag,player_threes,Donovan Mitchell,Under,2.5,-112,2026-05-06T23:34:07Z
Cleveland Cavaliers at Detroit Pistons,BetOnline.ag,player_threes,Max Strus,Over,2.5,134,2026-05-06T23:34:07Z
Cleveland Cavaliers at Detroit Pistons,BetOnline.ag,player_threes,Max Strus,Under,2.5,-175,2026-05-06T23:34:07Z
Cleveland Cavaliers at Detroit Pistons,BetOnline.ag,player_threes,Duncan Robinson,Over,2.5,-132,2026-05-06T23:34:07Z
Cleveland Cavaliers at Detroit Pistons,BetOnline.ag,player_threes,Duncan Robinson,Under,2.5,102,2026-05-06T23:34:07Z
Cleveland Cavaliers at Detroit Pistons,BetOnline.ag,player_threes,Daniss Jenkins,Over,1.5,167,2026-05-06T23:34:07Z
Cleveland Cavaliers at Detroit Pistons,BetOnline.ag,player_threes,Daniss Jenkins,Under,1.5,-222,2026-05-06T23:34:07Z
Cleveland Cavaliers at Detroit Pistons,BetOnline.ag,player_threes,James Harden,Over,2.5,107,2026-05-06T23:34:07Z
Cleveland Cavaliers at Detroit Pistons,BetOnline.ag,player_threes,James Harden,Under,2.5,-139,2026-05-06T23:34:07Z
Cleveland Cavaliers at Detroit Pistons,BetOnline.ag,player_threes,Dean Wade,Over,0.5,-200,2026-05-06T23:34:07Z
Cleveland Cavaliers at Detroit Pistons,BetOnline.ag,player_threes,Dean Wade,Under,0.5,152,2026-05-06T23:34:07Z
Cleveland Cavaliers at Detroit Pistons,BetMGM,player_assists,Cade Cunningham,Over,9.5,-135,2026-05-06T23:33:52Z
Cleveland Cavaliers at Detroit Pistons,BetMGM,player_assists,Cade Cunningham,Under,9.5,100,2026-05-06T23:33:52Z
Cleveland Cavaliers at Detroit Pistons,BetMGM,player_assists,Duncan Robinson,Over,1.5,-135,2026-05-06T23:33:52Z
Cleveland Cavaliers at Detroit Pistons,BetMGM,player_assists,Duncan Robinson,Under,1.5,100,2026-05-06T23:33:52Z
Cleveland Cavaliers at Detroit Pistons,BetMGM,player_assists,Ausar Thompson,Over,3.5,-115,2026-05-06T23:33:52Z
Cleveland Cavaliers at Detroit Pistons,BetMGM,player_assists,Ausar Thompson,Under,3.5,-115,2026-05-06T23:33:52Z
Cleveland Cavaliers at Detroit Pistons,BetMGM,player_assists,James Harden,Over,6.5,105,2026-05-06T23:33:52Z
Cleveland Cavaliers at Detroit Pistons,BetMGM,player_assists,James Harden,Under,6.5,-140,2026-05-06T23:33:52Z
Cleveland Cavaliers at Detroit Pistons,BetMGM,player_assists,Donovan Mitchell,Over,3.5,-160,2026-05-06T23:33:52Z
Cleveland Cavaliers at Detroit Pistons,BetMGM,player_assists,Donovan Mitchell,Under,3.5,120,2026-05-06T23:33:52Z
Cleveland Cavaliers at Detroit Pistons,BetMGM,player_assists,Jarrett Allen,Over,1.5,165,2026-05-06T23:33:52Z
Cleveland Cavaliers at Detroit Pistons,BetMGM,player_assists,Jarrett Allen,Under,1.5,-225,2026-05-06T23:33:52Z
Cleveland Cavaliers at Detroit Pistons,BetMGM,player_assists,Evan Mobley,Over,2.5,-185,2026-05-06T23:33:52Z
Cleveland Cavaliers at Detroit Pistons,BetMGM,player_assists,Evan Mobley,Under,2.5,135,2026-05-06T23:33:52Z
Cleveland Cavaliers at Detroit Pistons,BetMGM,player_assists,Tobias Harris,Over,2.5,145,2026-05-06T23:33:52Z
Cleveland Cavaliers at Detroit Pistons,BetMGM,player_assists,Tobias Harris,Under,2.5,-200,2026-05-06T23:33:52Z
Cleveland Cavaliers at Detroit Pistons,BetMGM,player_assists,Jalen Duren,Over,2.5,145,2026-05-06T23:33:52Z
Cleveland Cavaliers at Detroit Pistons,BetMGM,player_assists,Jalen Duren,Under,2.5,-200,2026-05-06T23:33:52Z
Cleveland Cavaliers at Detroit Pistons,BetMGM,player_assists,Daniss Jenkins,Over,3.5,115,2026-05-06T23:33:52Z
Cleveland Cavaliers at Detroit Pistons,BetMGM,player_assists,Daniss Jenkins,Under,3.5,-155,2026-05-06T23:33:52Z
Cleveland Cavaliers at Detroit Pistons,BetMGM,player_blocks,Jalen Duren,Over,0.5,-250,2026-05-06T23:33:52Z
Cleveland Cavaliers at Detroit Pistons,BetMGM,player_blocks,Jalen Duren,Under,0.5,170,2026-05-06T23:33:52Z
Cleveland Cavaliers at Detroit Pistons,BetMGM,player_blocks,Cade Cunningham,Over,0.5,-150,2026-05-06T23:33:52Z
Cleveland Cavaliers at Detroit Pistons,BetMGM,player_blocks,Cade Cunningham,Under,0.5,110,2026-05-06T23:33:52Z
Cleveland Cavaliers at Detroit Pistons,BetMGM,player_blocks,Dean Wade,Over,0.5,200,2026-05-06T23:33:52Z
Cleveland Cavaliers at Detroit Pistons,BetMGM,player_blocks,Dean Wade,Under,0.5,-295,2026-05-06T23:33:52Z
Cleveland Cavaliers at Detroit Pistons,BetMGM,player_blocks,Duncan Robinson,Over,0.5,225,2026-05-06T23:33:52Z
Cleveland Cavaliers at Detroit Pistons,BetMGM,player_blocks,Duncan Robinson,Under,0.5,-325,2026-05-06T23:33:52Z
Cleveland Cavaliers at Detroit Pistons,BetMGM,player_blocks,Jarrett Allen,Over,1.5,130,2026-05-06T23:33:52Z
Cleveland Cavaliers at Detroit Pistons,BetMGM,player_blocks,Jarrett Allen,Under,1.5,-185,2026-05-06T23:33:52Z
Cleveland Cavaliers at Detroit Pistons,BetMGM,player_blocks,Ausar Thompson,Over,1.5,105,2026-05-06T23:33:52Z
Cleveland Cavaliers at Detroit Pistons,BetMGM,player_blocks,Ausar Thompson,Under,1.5,-150,2026-05-06T23:33:52Z
Cleveland Cavaliers at Detroit Pistons,BetMGM,player_blocks,Tobias Harris,Over,0.5,105,2026-05-06T23:33:52Z
Cleveland Cavaliers at Detroit Pistons,BetMGM,player_blocks,Tobias Harris,Under,0.5,-145,2026-05-06T23:33:52Z
Cleveland Cavaliers at Detroit Pistons,BetMGM,player_blocks,Evan Mobley,Over,1.5,-155,2026-05-06T23:33:52Z
Cleveland Cavaliers at Detroit Pistons,BetMGM,player_blocks,Evan Mobley,Under,1.5,110,2026-05-06T23:33:52Z
Cleveland Cavaliers at Detroit Pistons,BetMGM,player_blocks,James Harden,Over,0.5,100,2026-05-06T23:33:52Z
Cleveland Cavaliers at Detroit Pistons,BetMGM,player_blocks,James Harden,Under,0.5,-140,2026-05-06T23:33:52Z
Cleveland Cavaliers at Detroit Pistons,BetMGM,player_blocks,Donovan Mitchell,Over,0.5,170,2026-05-06T23:33:52Z
Cleveland Cavaliers at Detroit Pistons,BetMGM,player_blocks,Donovan Mitchell,Under,0.5,-235,2026-05-06T23:33:52Z
Cleveland Cavaliers at Detroit Pistons,BetMGM,player_points,Duncan Robinson,Over,11.5,-120,2026-05-06T23:33:52Z
Cleveland Cavaliers at Detroit Pistons,BetMGM,player_points,Duncan Robinson,Under,11.5,-111,2026-05-06T23:33:52Z
Cleveland Cavaliers at Detroit Pistons,BetMGM,player_points,Tobias Harris,Over,17.5,-125,2026-05-06T23:33:52Z
Cleveland Cavaliers at Detroit Pistons,BetMGM,player_points,Tobias Harris,Under,17.5,-105,2026-05-06T23:33:52Z
Cleveland Cavaliers at Detroit Pistons,BetMGM,player_points,Ausar Thompson,Over,9.5,-120,2026-05-06T23:33:52Z
Cleveland Cavaliers at Detroit Pistons,BetMGM,player_points,Ausar Thompson,Under,9.5,-110,2026-05-06T23:33:52Z
Cleveland Cavaliers at Detroit Pistons,BetMGM,player_points,Evan Mobley,Over,15.5,-125,2026-05-06T23:33:52Z
Cleveland Cavaliers at Detroit Pistons,BetMGM,player_points,Evan Mobley,Under,15.5,-105,2026-05-06T23:33:52Z
Cleveland Cavaliers at Detroit Pistons,BetMGM,player_points,Jarrett Allen,Over,11.5,-105,2026-05-06T23:33:52Z
Cleveland Cavaliers at Detroit Pistons,BetMGM,player_points,Jarrett Allen,Under,11.5,-125,2026-05-06T23:33:52Z
Cleveland Cavaliers at Detroit Pistons,BetMGM,player_points,Dean Wade,Over,4.5,-135,2026-05-06T23:33:52Z
Cleveland Cavaliers at Detroit Pistons,BetMGM,player_points,Dean Wade,Under,4.5,100,2026-05-06T23:33:52Z
Cleveland Cavaliers at Detroit Pistons,BetMGM,player_points,Jalen Duren,Over,15.5,-105,2026-05-06T23:33:52Z
Cleveland Cavaliers at Detroit Pistons,BetMGM,player_points,Jalen Duren,Under,15.5,-125,2026-05-06T23:33:52Z
Cleveland Cavaliers at Detroit Pistons,BetMGM,player_points,James Harden,Over,19.5,-110,2026-05-06T23:33:52Z
Cleveland Cavaliers at Detroit Pistons,BetMGM,player_points,James Harden,Under,19.5,-120,2026-05-06T23:33:52Z
Cleveland Cavaliers at Detroit Pistons,BetMGM,player_points,Donovan Mitchell,Over,25.5,-110,2026-05-06T23:33:52Z
Cleveland Cavaliers at Detroit Pistons,BetMGM,player_points,Donovan Mitchell,Under,25.5,-120,2026-05-06T23:33:52Z
Cleveland Cavaliers at Detroit Pistons,BetMGM,player_points,Max Strus,Over,9.5,-105,2026-05-06T23:33:52Z
Cleveland Cavaliers at Detroit Pistons,BetMGM,player_points,Max Strus,Under,9.5,-125,2026-05-06T23:33:52Z
Cleveland Cavaliers at Detroit Pistons,BetMGM,player_points,Cade Cunningham,Over,28.5,-105,2026-05-06T23:33:52Z
Cleveland Cavaliers at Detroit Pistons,BetMGM,player_points,Cade Cunningham,Under,28.5,-125,2026-05-06T23:33:52Z
Cleveland Cavaliers at Detroit Pistons,BetMGM,player_points,Daniss Jenkins,Over,9.5,105,2026-05-06T23:33:52Z
Cleveland Cavaliers at Detroit Pistons,BetMGM,player_points,Daniss Jenkins,Under,9.5,-140,2026-05-06T23:33:52Z
Cleveland Cavaliers at Detroit Pistons,BetMGM,player_points,Isaiah Stewart II,Over,4.5,110,2026-05-06T23:33:52Z
Cleveland Cavaliers at Detroit Pistons,BetMGM,player_points,Isaiah Stewart II,Under,4.5,-150,2026-05-06T23:33:52Z
Cleveland Cavaliers at Detroit Pistons,BetMGM,player_rebounds,Duncan Robinson,Over,2.5,140,2026-05-06T23:33:52Z
Cleveland Cavaliers at Detroit Pistons,BetMGM,player_rebounds,Duncan Robinson,Under,2.5,-190,2026-05-06T23:33:52Z
Cleveland Cavaliers at Detroit Pistons,BetMGM,player_rebounds,Cade Cunningham,Over,5.5,-105,2026-05-06T23:33:52Z
Cleveland Cavaliers at Detroit Pistons,BetMGM,player_rebounds,Cade Cunningham,Under,5.5,-125,2026-05-06T23:33:52Z
Cleveland Cavaliers at Detroit Pistons,BetMGM,player_rebounds,Tobias Harris,Over,6.5,-110,2026-05-06T23:33:52Z
Cleveland Cavaliers at Detroit Pistons,BetMGM,player_rebounds,Tobias Harris,Under,6.5,-120,2026-05-06T23:33:52Z
Cleveland Cavaliers at Detroit Pistons,BetMGM,player_rebounds,Ausar Thompson,Over,7.5,100,2026-05-06T23:33:52Z
Cleveland Cavaliers at Detroit Pistons,BetMGM,player_rebounds,Ausar Thompson,Under,7.5,-135,2026-05-06T23:33:52Z
Cleveland Cavaliers at Detroit Pistons,BetMGM,player_rebounds,Jalen Duren,Over,11.5,-110,2026-05-06T23:33:52Z
Cleveland Cavaliers at Detroit Pistons,BetMGM,player_rebounds,Jalen Duren,Under,11.5,-120,2026-05-06T23:33:52Z
Cleveland Cavaliers at Detroit Pistons,BetMGM,player_rebounds,Dean Wade,Over,3.5,115,2026-05-06T23:33:52Z
Cleveland Cavaliers at Detroit Pistons,BetMGM,player_rebounds,Dean Wade,Under,3.5,-155,2026-05-06T23:33:52Z
Cleveland Cavaliers at Detroit Pistons,BetMGM,player_rebounds,Jarrett Allen,Over,7.5,105,2026-05-06T23:33:52Z
Cleveland Cavaliers at Detroit Pistons,BetMGM,player_rebounds,Jarrett Allen,Under,7.5,-140,2026-05-06T23:33:52Z
Cleveland Cavaliers at Detroit Pistons,BetMGM,player_rebounds,Donovan Mitchell,Over,3.5,-160,2026-05-06T23:33:52Z
Cleveland Cavaliers at Detroit Pistons,BetMGM,player_rebounds,Donovan Mitchell,Under,3.5,120,2026-05-06T23:33:52Z
Cleveland Cavaliers at Detroit Pistons,BetMGM,player_rebounds,James Harden,Over,4.5,-120,2026-05-06T23:33:52Z
Cleveland Cavaliers at Detroit Pistons,BetMGM,player_rebounds,James Harden,Under,4.5,-110,2026-05-06T23:33:52Z
Cleveland Cavaliers at Detroit Pistons,BetMGM,player_rebounds,Evan Mobley,Over,8.5,-105,2026-05-06T23:33:52Z
Cleveland Cavaliers at Detroit Pistons,BetMGM,player_rebounds,Evan Mobley,Under,8.5,-125,2026-05-06T23:33:52Z
Cleveland Cavaliers at Detroit Pistons,BetMGM,player_rebounds,Max Strus,Over,4.5,105,2026-05-06T23:33:52Z
Cleveland Cavaliers at Detroit Pistons,BetMGM,player_rebounds,Max Strus,Under,4.5,-140,2026-05-06T23:33:52Z
Cleveland Cavaliers at Detroit Pistons,BetMGM,player_rebounds,Isaiah Stewart II,Over,2.5,-125,2026-05-06T23:33:52Z
Cleveland Cavaliers at Detroit Pistons,BetMGM,player_rebounds,Isaiah Stewart II,Under,2.5,-105,2026-05-06T23:33:52Z
Cleveland Cavaliers at Detroit Pistons,BetMGM,player_threes,Duncan Robinson,Over,2.5,-160,2026-05-06T23:33:52Z
Cleveland Cavaliers at Detroit Pistons,BetMGM,player_threes,Duncan Robinson,Under,2.5,120,2026-05-06T23:33:52Z
Cleveland Cavaliers at Detroit Pistons,BetMGM,player_threes,Cade Cunningham,Over,2.5,100,2026-05-06T23:33:52Z
Cleveland Cavaliers at Detroit Pistons,BetMGM,player_threes,Cade Cunningham,Under,2.5,-135,2026-05-06T23:33:52Z
Cleveland Cavaliers at Detroit Pistons,BetMGM,player_threes,Tobias Harris,Over,1.5,100,2026-05-06T23:33:52Z
Cleveland Cavaliers at Detroit Pistons,BetMGM,player_threes,Tobias Harris,Under,1.5,-135,2026-05-06T23:33:52Z
Cleveland Cavaliers at Detroit Pistons,BetMGM,player_threes,Donovan Mitchell,Over,2.5,-135,2026-05-06T23:33:52Z
Cleveland Cavaliers at Detroit Pistons,BetMGM,player_threes,Donovan Mitchell,Under,2.5,100,2026-05-06T23:33:52Z
Cleveland Cavaliers at Detroit Pistons,BetMGM,player_threes,James Harden,Over,2.5,-105,2026-05-06T23:33:52Z
Cleveland Cavaliers at Detroit Pistons,BetMGM,player_threes,James Harden,Under,2.5,-125,2026-05-06T23:33:52Z
Cleveland Cavaliers at Detroit Pistons,BetMGM,player_threes,Evan Mobley,Over,0.5,-185,2026-05-06T23:33:52Z
Cleveland Cavaliers at Detroit Pistons,BetMGM,player_threes,Evan Mobley,Under,0.5,135,2026-05-06T23:33:52Z
Cleveland Cavaliers at Detroit Pistons,BetMGM,player_threes,Max Strus,Over,2.5,115,2026-05-06T23:33:52Z
Cleveland Cavaliers at Detroit Pistons,BetMGM,player_threes,Max Strus,Under,2.5,-155,2026-05-06T23:33:52Z
Cleveland Cavaliers at Detroit Pistons,BetMGM,player_threes,Daniss Jenkins,Over,1.5,145,2026-05-06T23:33:52Z
Cleveland Cavaliers at Detroit Pistons,BetMGM,player_threes,Daniss Jenkins,Under,1.5,-200,2026-05-06T23:33:52Z
Cleveland Cavaliers at Detroit Pistons,Bovada,player_assists,Ausar Thompson,Over,2.5,-260,2026-05-06T23:31:08Z
Cleveland Cavaliers at Detroit Pistons,Bovada,player_assists,Ausar Thompson,Under,2.5,190,2026-05-06T23:31:08Z
Cleveland Cavaliers at Detroit Pistons,Bovada,player_assists,Ausar Thompson,Over,3.5,-105,2026-05-06T23:31:08Z
Cleveland Cavaliers at Detroit Pistons,Bovada,player_assists,Ausar Thompson,Under,3.5,-125,2026-05-06T23:31:08Z
Cleveland Cavaliers at Detroit Pistons,Bovada,player_assists,Ausar Thompson,Over,4.5,205,2026-05-06T23:31:08Z
Cleveland Cavaliers at Detroit Pistons,Bovada,player_assists,Ausar Thompson,Under,4.5,-280,2026-05-06T23:31:08Z
Cleveland Cavaliers at Detroit Pistons,Bovada,player_assists,Cade Cunningham,Over,8.5,-250,2026-05-06T23:31:08Z
Cleveland Cavaliers at Detroit Pistons,Bovada,player_assists,Cade Cunningham,Under,8.5,185,2026-05-06T23:31:08Z
Cleveland Cavaliers at Detroit Pistons,Bovada,player_assists,Cade Cunningham,Over,9.5,-145,2026-05-06T23:31:08Z
Cleveland Cavaliers at Detroit Pistons,Bovada,player_assists,Cade Cunningham,Under,9.5,110,2026-05-06T23:31:08Z
Cleveland Cavaliers at Detroit Pistons,Bovada,player_assists,Cade Cunningham,Over,10.5,110,2026-05-06T23:31:08Z
Cleveland Cavaliers at Detroit Pistons,Bovada,player_assists,Cade Cunningham,Under,10.5,-145,2026-05-06T23:31:08Z
Cleveland Cavaliers at Detroit Pistons,Bovada,player_assists,Daniss Jenkins,Over,2.5,-200,2026-05-06T23:31:08Z
Cleveland Cavaliers at Detroit Pistons,Bovada,player_assists,Daniss Jenkins,Under,2.5,150,2026-05-06T23:31:08Z
Cleveland Cavaliers at Detroit Pistons,Bovada,player_assists,Daniss Jenkins,Over,3.5,120,2026-05-06T23:31:08Z
Cleveland Cavaliers at Detroit Pistons,Bovada,player_assists,Daniss Jenkins,Under,3.5,-160,2026-05-06T23:31:08Z
Cleveland Cavaliers at Detroit Pistons,Bovada,player_assists,Donovan Mitchell,Over,3.5,-145,2026-05-06T23:31:08Z
Cleveland Cavaliers at Detroit Pistons,Bovada,player_assists,Donovan Mitchell,Under,3.5,110,2026-05-06T23:31:08Z
Cleveland Cavaliers at Detroit Pistons,Bovada,player_assists,Donovan Mitchell,Over,4.5,150,2026-05-06T23:31:08Z
Cleveland Cavaliers at Detroit Pistons,Bovada,player_assists,Donovan Mitchell,Under,4.5,-200,2026-05-06T23:31:08Z
Cleveland Cavaliers at Detroit Pistons,Bovada,player_assists,Duncan Robinson,Over,1.5,-170,2026-05-06T23:31:08Z
Cleveland Cavaliers at Detroit Pistons,Bovada,player_assists,Duncan Robinson,Under,1.5,130,2026-05-06T23:31:08Z
Cleveland Cavaliers at Detroit Pistons,Bovada,player_assists,Duncan Robinson,Over,2.5,170,2026-05-06T23:31:08Z
Cleveland Cavaliers at Detroit Pistons,Bovada,player_assists,Duncan Robinson,Under,2.5,-230,2026-05-06T23:31:08Z
Cleveland Cavaliers at Detroit Pistons,Bovada,player_assists,Evan Mobley,Over,2.5,-200,2026-05-06T23:31:08Z
Cleveland Cavaliers at Detroit Pistons,Bovada,player_assists,Evan Mobley,Under,2.5,150,2026-05-06T23:31:08Z
Cleveland Cavaliers at Detroit Pistons,Bovada,player_assists,Evan Mobley,Over,3.5,125,2026-05-06T23:31:08Z
Cleveland Cavaliers at Detroit Pistons,Bovada,player_assists,Evan Mobley,Under,3.5,-165,2026-05-06T23:31:08Z
Cleveland Cavaliers at Detroit Pistons,Bovada,player_assists,Jalen Duren,Over,1.5,-230,2026-05-06T23:31:08Z
Cleveland Cavaliers at Detroit Pistons,Bovada,player_assists,Jalen Duren,Under,1.5,170,2026-05-06T23:31:08Z
Cleveland Cavaliers at Detroit Pistons,Bovada,player_assists,Jalen Duren,Over,2.5,130,2026-05-06T23:31:08Z
Cleveland Cavaliers at Detroit Pistons,Bovada,player_assists,Jalen Duren,Under,2.5,-170,2026-05-06T23:31:08Z
Cleveland Cavaliers at Detroit Pistons,Bovada,player_assists,James Harden,Over,5.5,-220,2026-05-06T23:31:08Z
Cleveland Cavaliers at Detroit Pistons,Bovada,player_assists,James Harden,Under,5.5,165,2026-05-06T23:31:08Z
Cleveland Cavaliers at Detroit Pistons,Bovada,player_assists,James Harden,Over,6.5,-115,2026-05-06T23:31:08Z
Cleveland Cavaliers at Detroit Pistons,Bovada,player_assists,James Harden,Under,6.5,-115,2026-05-06T23:31:08Z
Cleveland Cavaliers at Detroit Pistons,Bovada,player_assists,James Harden,Over,7.5,155,2026-05-06T23:31:08Z
Cleveland Cavaliers at Detroit Pistons,Bovada,player_assists,James Harden,Under,7.5,-210,2026-05-06T23:31:08Z
Cleveland Cavaliers at Detroit Pistons,Bovada,player_assists,Jarrett Allen,Over,0.5,-250,2026-05-06T23:31:08Z
Cleveland Cavaliers at Detroit Pistons,Bovada,player_assists,Jarrett Allen,Under,0.5,185,2026-05-06T23:31:08Z
Cleveland Cavaliers at Detroit Pistons,Bovada,player_assists,Jarrett Allen,Over,1.5,175,2026-05-06T23:31:08Z
Cleveland Cavaliers at Detroit Pistons,Bovada,player_assists,Jarrett Allen,Under,1.5,-240,2026-05-06T23:31:08Z
Cleveland Cavaliers at Detroit Pistons,Bovada,player_assists,Tobias Harris,Over,1.5,-170,2026-05-06T23:31:08Z
Cleveland Cavaliers at Detroit Pistons,Bovada,player_assists,Tobias Harris,Under,1.5,130,2026-05-06T23:31:08Z
Cleveland Cavaliers at Detroit Pistons,Bovada,player_assists,Tobias Harris,Over,2.5,170,2026-05-06T23:31:08Z
Cleveland Cavaliers at Detroit Pistons,Bovada,player_assists,Tobias Harris,Under,2.5,-230,2026-05-06T23:31:08Z
Cleveland Cavaliers at Detroit Pistons,Bovada,player_points,Ausar Thompson,Over,7.5,-280,2026-05-06T23:31:08Z
Cleveland Cavaliers at Detroit Pistons,Bovada,player_points,Ausar Thompson,Under,7.5,205,2026-05-06T23:31:08Z
Cleveland Cavaliers at Detroit Pistons,Bovada,player_points,Ausar Thompson,Over,8.5,-190,2026-05-06T23:31:08Z
Cleveland Cavaliers at Detroit Pistons,Bovada,player_points,Ausar Thompson,Under,8.5,145,2026-05-06T23:31:08Z
Cleveland Cavaliers at Detroit Pistons,Bovada,player_points,Ausar Thompson,Over,9.5,-135,2026-05-06T23:31:08Z
Cleveland Cavaliers at Detroit Pistons,Bovada,player_points,Ausar Thompson,Under,9.5,105,2026-05-06T23:31:08Z
Cleveland Cavaliers at Detroit Pistons,Bovada,player_points,Ausar Thompson,Over,10.5,100,2026-05-06T23:31:08Z
Cleveland Cavaliers at Detroit Pistons,Bovada,player_points,Ausar Thompson,Under,10.5,-130,2026-05-06T23:31:08Z
Cleveland Cavaliers at Detroit Pistons,Bovada,player_points,Ausar Thompson,Over,11.5,135,2026-05-06T23:31:08Z
Cleveland Cavaliers at Detroit Pistons,Bovada,player_points,Ausar Thompson,Under,11.5,-180,2026-05-06T23:31:08Z
Cleveland Cavaliers at Detroit Pistons,Bovada,player_points,Ausar Thompson,Over,12.5,175,2026-05-06T23:31:08Z
Cleveland Cavaliers at Detroit Pistons,Bovada,player_points,Ausar Thompson,Under,12.5,-240,2026-05-06T23:31:08Z
Cleveland Cavaliers at Detroit Pistons,Bovada,player_points,Cade Cunningham,Over,23.5,-275,2026-05-06T23:31:08Z
Cleveland Cavaliers at Detroit Pistons,Bovada,player_points,Cade Cunningham,Under,23.5,200,2026-05-06T23:31:08Z
Cleveland Cavaliers at Detroit Pistons,Bovada,player_points,Cade Cunningham,Over,24.5,-220,2026-05-06T23:31:08Z
Cleveland Cavaliers at Detroit Pistons,Bovada,player_points,Cade Cunningham,Under,24.5,165,2026-05-06T23:31:08Z
Cleveland Cavaliers at Detroit Pistons,Bovada,player_points,Cade Cunningham,Over,25.5,-180,2026-05-06T23:31:08Z
Cleveland Cavaliers at Detroit Pistons,Bovada,player_points,Cade Cunningham,Under,25.5,135,2026-05-06T23:31:08Z
Cleveland Cavaliers at Detroit Pistons,Bovada,player_points,Cade Cunningham,Over,26.5,-145,2026-05-06T23:31:08Z
Cleveland Cavaliers at Detroit Pistons,Bovada,player_points,Cade Cunningham,Under,26.5,110,2026-05-06T23:31:08Z
Cleveland Cavaliers at Detroit Pistons,Bovada,player_points,Cade Cunningham,Over,27.5,-120,2026-05-06T23:31:08Z
Cleveland Cavaliers at Detroit Pistons,Bovada,player_points,Cade Cunningham,Under,27.5,-110,2026-05-06T23:31:08Z
Cleveland Cavaliers at Detroit Pistons,Bovada,player_points,Cade Cunningham,Over,28.5,100,2026-05-06T23:31:08Z
Cleveland Cavaliers at Detroit Pistons,Bovada,player_points,Cade Cunningham,Under,28.5,-130,2026-05-06T23:31:08Z
Cleveland Cavaliers at Detroit Pistons,Bovada,player_points,Cade Cunningham,Over,29.5,120,2026-05-06T23:31:08Z
Cleveland Cavaliers at Detroit Pistons,Bovada,player_points,Cade Cunningham,Under,29.5,-160,2026-05-06T23:31:08Z
Cleveland Cavaliers at Detroit Pistons,Bovada,player_points,Cade Cunningham,Over,30.5,145,2026-05-06T23:31:08Z
Cleveland Cavaliers at Detroit Pistons,Bovada,player_points,Cade Cunningham,Under,30.5,-190,2026-05-06T23:31:08Z
Cleveland Cavaliers at Detroit Pistons,Bovada,player_points,Cade Cunningham,Over,31.5,170,2026-05-06T23:31:08Z
Cleveland Cavaliers at Detroit Pistons,Bovada,player_points,Cade Cunningham,Under,31.5,-230,2026-05-06T23:31:08Z
Cleveland Cavaliers at Detroit Pistons,Bovada,player_points,Cade Cunningham,Over,32.5,205,2026-05-06T23:31:08Z
Cleveland Cavaliers at Detroit Pistons,Bovada,player_points,Cade Cunningham,Under,32.5,-280,2026-05-06T23:31:08Z
Cleveland Cavaliers at Detroit Pistons,Bovada,player_points,Daniss Jenkins,Over,6.5,-230,2026-05-06T23:31:08Z
Cleveland Cavaliers at Detroit Pistons,Bovada,player_points,Daniss Jenkins,Under,6.5,170,2026-05-06T23:31:08Z
Cleveland Cavaliers at Detroit Pistons,Bovada,player_points,Daniss Jenkins,Over,7.5,-150,2026-05-06T23:31:08Z
Cleveland Cavaliers at Detroit Pistons,Bovada,player_points,Daniss Jenkins,Under,7.5,115,2026-05-06T23:31:08Z
Cleveland Cavaliers at Detroit Pistons,Bovada,player_points,Daniss Jenkins,Over,8.5,-110,2026-05-06T23:31:08Z
Cleveland Cavaliers at Detroit Pistons,Bovada,player_points,Daniss Jenkins,Under,8.5,-120,2026-05-06T23:31:08Z
Cleveland Cavaliers at Detroit Pistons,Bovada,player_points,Daniss Jenkins,Over,9.5,125,2026-05-06T23:31:08Z
Cleveland Cavaliers at Detroit Pistons,Bovada,player_points,Daniss Jenkins,Under,9.5,-165,2026-05-06T23:31:08Z
Cleveland Cavaliers at Detroit Pistons,Bovada,player_points,Daniss Jenkins,Over,10.5,170,2026-05-06T23:31:08Z
Cleveland Cavaliers at Detroit Pistons,Bovada,player_points,Daniss Jenkins,Under,10.5,-230,2026-05-06T23:31:08Z
Cleveland Cavaliers at Detroit Pistons,Bovada,player_points,Dean Wade,Over,3.5,-180,2026-05-06T23:31:08Z
Cleveland Cavaliers at Detroit Pistons,Bovada,player_points,Dean Wade,Under,3.5,135,2026-05-06T23:31:08Z
Cleveland Cavaliers at Detroit Pistons,Bovada,player_points,Dean Wade,Over,4.5,-110,2026-05-06T23:31:08Z
Cleveland Cavaliers at Detroit Pistons,Bovada,player_points,Dean Wade,Under,4.5,-120,2026-05-06T23:31:08Z
Cleveland Cavaliers at Detroit Pistons,Bovada,player_points,Dean Wade,Over,5.5,135,2026-05-06T23:31:08Z
Cleveland Cavaliers at Detroit Pistons,Bovada,player_points,Dean Wade,Under,5.5,-180,2026-05-06T23:31:08Z
Cleveland Cavaliers at Detroit Pistons,Bovada,player_points,Dean Wade,Over,6.5,200,2026-05-06T23:31:08Z
Cleveland Cavaliers at Detroit Pistons,Bovada,player_points,Dean Wade,Under,6.5,-275,2026-05-06T23:31:08Z
Cleveland Cavaliers at Detroit Pistons,Bovada,player_points,Donovan Mitchell,Over,20.5,-260,2026-05-06T23:31:08Z
Cleveland Cavaliers at Detroit Pistons,Bovada,player_points,Donovan Mitchell,Under,20.5,190,2026-05-06T23:31:08Z
Cleveland Cavaliers at Detroit Pistons,Bovada,player_points,Donovan Mitchell,Over,21.5,-210,2026-05-06T23:31:08Z
Cleveland Cavaliers at Detroit Pistons,Bovada,player_points,Donovan Mitchell,Under,21.5,155,2026-05-06T23:31:08Z
Cleveland Cavaliers at Detroit Pistons,Bovada,player_points,Donovan Mitchell,Over,22.5,-165,2026-05-06T23:31:08Z
Cleveland Cavaliers at Detroit Pistons,Bovada,player_points,Donovan Mitchell,Under,22.5,125,2026-05-06T23:31:08Z
Cleveland Cavaliers at Detroit Pistons,Bovada,player_points,Donovan Mitchell,Over,23.5,-135,2026-05-06T23:31:08Z
Cleveland Cavaliers at Detroit Pistons,Bovada,player_points,Donovan Mitchell,Under,23.5,105,2026-05-06T23:31:08Z
Cleveland Cavaliers at Detroit Pistons,Bovada,player_points,Donovan Mitchell,Over,24.5,-110,2026-05-06T23:31:08Z
Cleveland Cavaliers at Detroit Pistons,Bovada,player_points,Donovan Mitchell,Under,24.5,-120,2026-05-06T23:31:08Z
Cleveland Cavaliers at Detroit Pistons,Bovada,player_points,Donovan Mitchell,Over,25.5,110,2026-05-06T23:31:08Z
Cleveland Cavaliers at Detroit Pistons,Bovada,player_points,Donovan Mitchell,Under,25.5,-145,2026-05-06T23:31:08Z
Cleveland Cavaliers at Detroit Pistons,Bovada,player_points,Donovan Mitchell,Over,26.5,135,2026-05-06T23:31:08Z
Cleveland Cavaliers at Detroit Pistons,Bovada,player_points,Donovan Mitchell,Under,26.5,-180,2026-05-06T23:31:08Z
Cleveland Cavaliers at Detroit Pistons,Bovada,player_points,Donovan Mitchell,Over,27.5,165,2026-05-06T23:31:08Z
Cleveland Cavaliers at Detroit Pistons,Bovada,player_points,Donovan Mitchell,Under,27.5,-220,2026-05-06T23:31:08Z
Cleveland Cavaliers at Detroit Pistons,Bovada,player_points,Donovan Mitchell,Over,28.5,200,2026-05-06T23:31:08Z
Cleveland Cavaliers at Detroit Pistons,Bovada,player_points,Donovan Mitchell,Under,28.5,-275,2026-05-06T23:31:08Z
Cleveland Cavaliers at Detroit Pistons,Bovada,player_points,Duncan Robinson,Over,8.5,-275,2026-05-06T23:31:08Z
Cleveland Cavaliers at Detroit Pistons,Bovada,player_points,Duncan Robinson,Under,8.5,200,2026-05-06T23:31:08Z
Cleveland Cavaliers at Detroit Pistons,Bovada,player_points,Duncan Robinson,Over,9.5,-190,2026-05-06T23:31:08Z
Cleveland Cavaliers at Detroit Pistons,Bovada,player_points,Duncan Robinson,Under,9.5,145,2026-05-06T23:31:08Z
Cleveland Cavaliers at Detroit Pistons,Bovada,player_points,Duncan Robinson,Over,10.5,-145,2026-05-06T23:31:08Z
Cleveland Cavaliers at Detroit Pistons,Bovada,player_points,Duncan Robinson,Under,10.5,110,2026-05-06T23:31:08Z
Cleveland Cavaliers at Detroit Pistons,Bovada,player_points,Duncan Robinson,Over,11.5,-105,2026-05-06T23:31:08Z
Cleveland Cavaliers at Detroit Pistons,Bovada,player_points,Duncan Robinson,Under,11.5,-125,2026-05-06T23:31:08Z
Cleveland Cavaliers at Detroit Pistons,Bovada,player_points,Duncan Robinson,Over,12.5,125,2026-05-06T23:31:08Z
Cleveland Cavaliers at Detroit Pistons,Bovada,player_points,Duncan Robinson,Under,12.5,-165,2026-05-06T23:31:08Z
Cleveland Cavaliers at Detroit Pistons,Bovada,player_points,Duncan Robinson,Over,13.5,165,2026-05-06T23:31:08Z
Cleveland Cavaliers at Detroit Pistons,Bovada,player_points,Duncan Robinson,Under,13.5,-220,2026-05-06T23:31:08Z
Cleveland Cavaliers at Detroit Pistons,Bovada,player_points,Evan Mobley,Over,12.5,-230,2026-05-06T23:31:08Z
Cleveland Cavaliers at Detroit Pistons,Bovada,player_points,Evan Mobley,Under,12.5,170,2026-05-06T23:31:08Z
Cleveland Cavaliers at Detroit Pistons,Bovada,player_points,Evan Mobley,Over,13.5,-170,2026-05-06T23:31:08Z
Cleveland Cavaliers at Detroit Pistons,Bovada,player_points,Evan Mobley,Under,13.5,130,2026-05-06T23:31:08Z
Cleveland Cavaliers at Detroit Pistons,Bovada,player_points,Evan Mobley,Over,14.5,-130,2026-05-06T23:31:08Z
Cleveland Cavaliers at Detroit Pistons,Bovada,player_points,Evan Mobley,Under,14.5,100,2026-05-06T23:31:08Z
Cleveland Cavaliers at Detroit Pistons,Bovada,player_points,Evan Mobley,Over,15.5,100,2026-05-06T23:31:08Z
Cleveland Cavaliers at Detroit Pistons,Bovada,player_points,Evan Mobley,Under,15.5,-130,2026-05-06T23:31:08Z
Cleveland Cavaliers at Detroit Pistons,Bovada,player_points,Evan Mobley,Over,16.5,125,2026-05-06T23:31:08Z
Cleveland Cavaliers at Detroit Pistons,Bovada,player_points,Evan Mobley,Under,16.5,-165,2026-05-06T23:31:08Z
Cleveland Cavaliers at Detroit Pistons,Bovada,player_points,Evan Mobley,Over,17.5,160,2026-05-06T23:31:08Z
Cleveland Cavaliers at Detroit Pistons,Bovada,player_points,Evan Mobley,Under,17.5,-215,2026-05-06T23:31:08Z
Cleveland Cavaliers at Detroit Pistons,Bovada,player_points,Evan Mobley,Over,18.5,200,2026-05-06T23:31:08Z
Cleveland Cavaliers at Detroit Pistons,Bovada,player_points,Evan Mobley,Under,18.5,-275,2026-05-06T23:31:08Z
Cleveland Cavaliers at Detroit Pistons,Bovada,player_points,Isaiah Stewart II,Over,2.5,-240,2026-05-06T23:31:08Z
Cleveland Cavaliers at Detroit Pistons,Bovada,player_points,Isaiah Stewart II,Under,2.5,175,2026-05-06T23:31:08Z
Cleveland Cavaliers at Detroit Pistons,Bovada,player_points,Isaiah Stewart II,Over,3.5,-135,2026-05-06T23:31:08Z
Cleveland Cavaliers at Detroit Pistons,Bovada,player_points,Isaiah Stewart II,Under,3.5,105,2026-05-06T23:31:08Z
Cleveland Cavaliers at Detroit Pistons,Bovada,player_points,Isaiah Stewart II,Over,4.5,115,2026-05-06T23:31:08Z
Cleveland Cavaliers at Detroit Pistons,Bovada,player_points,Isaiah Stewart II,Under,4.5,-150,2026-05-06T23:31:08Z
Cleveland Cavaliers at Detroit Pistons,Bovada,player_points,Isaiah Stewart II,Over,5.5,170,2026-05-06T23:31:08Z
Cleveland Cavaliers at Detroit Pistons,Bovada,player_points,Isaiah Stewart II,Under,5.5,-230,2026-05-06T23:31:08Z
Cleveland Cavaliers at Detroit Pistons,Bovada,player_points,Jalen Duren,Over,11.5,-260,2026-05-06T23:31:08Z
Cleveland Cavaliers at Detroit Pistons,Bovada,player_points,Jalen Duren,Under,11.5,190,2026-05-06T23:31:08Z
Cleveland Cavaliers at Detroit Pistons,Bovada,player_points,Jalen Duren,Over,12.5,-190,2026-05-06T23:31:08Z
Cleveland Cavaliers at Detroit Pistons,Bovada,player_points,Jalen Duren,Under,12.5,145,2026-05-06T23:31:08Z
Cleveland Cavaliers at Detroit Pistons,Bovada,player_points,Jalen Duren,Over,13.5,-145,2026-05-06T23:31:08Z
Cleveland Cavaliers at Detroit Pistons,Bovada,player_points,Jalen Duren,Under,13.5,110,2026-05-06T23:31:08Z
Cleveland Cavaliers at Detroit Pistons,Bovada,player_points,Jalen Duren,Over,14.5,-110,2026-05-06T23:31:08Z
Cleveland Cavaliers at Detroit Pistons,Bovada,player_points,Jalen Duren,Under,14.5,-120,2026-05-06T23:31:08Z
Cleveland Cavaliers at Detroit Pistons,Bovada,player_points,Jalen Duren,Over,15.5,115,2026-05-06T23:31:08Z
Cleveland Cavaliers at Detroit Pistons,Bovada,player_points,Jalen Duren,Under,15.5,-150,2026-05-06T23:31:08Z
Cleveland Cavaliers at Detroit Pistons,Bovada,player_points,Jalen Duren,Over,16.5,150,2026-05-06T23:31:08Z
Cleveland Cavaliers at Detroit Pistons,Bovada,player_points,Jalen Duren,Under,16.5,-200,2026-05-06T23:31:08Z
Cleveland Cavaliers at Detroit Pistons,Bovada,player_points,Jalen Duren,Over,17.5,185,2026-05-06T23:31:08Z
Cleveland Cavaliers at Detroit Pistons,Bovada,player_points,Jalen Duren,Under,17.5,-250,2026-05-06T23:31:08Z
Cleveland Cavaliers at Detroit Pistons,Bovada,player_points,James Harden,Over,16.5,-230,2026-05-06T23:31:08Z
Cleveland Cavaliers at Detroit Pistons,Bovada,player_points,James Harden,Under,16.5,170,2026-05-06T23:31:08Z
Cleveland Cavaliers at Detroit Pistons,Bovada,player_points,James Harden,Over,17.5,-180,2026-05-06T23:31:08Z
Cleveland Cavaliers at Detroit Pistons,Bovada,player_points,James Harden,Under,17.5,135,2026-05-06T23:31:08Z
Cleveland Cavaliers at Detroit Pistons,Bovada,player_points,James Harden,Over,18.5,-135,2026-05-06T23:31:08Z
Cleveland Cavaliers at Detroit Pistons,Bovada,player_points,James Harden,Under,18.5,105,2026-05-06T23:31:08Z
Cleveland Cavaliers at Detroit Pistons,Bovada,player_points,James Harden,Over,19.5,-110,2026-05-06T23:31:08Z
Cleveland Cavaliers at Detroit Pistons,Bovada,player_points,James Harden,Under,19.5,-120,2026-05-06T23:31:08Z
Cleveland Cavaliers at Detroit Pistons,Bovada,player_points,James Harden,Over,20.5,115,2026-05-06T23:31:08Z
Cleveland Cavaliers at Detroit Pistons,Bovada,player_points,James Harden,Under,20.5,-150,2026-05-06T23:31:08Z
Cleveland Cavaliers at Detroit Pistons,Bovada,player_points,James Harden,Over,21.5,140,2026-05-06T23:31:08Z
Cleveland Cavaliers at Detroit Pistons,Bovada,player_points,James Harden,Under,21.5,-185,2026-05-06T23:31:08Z
Cleveland Cavaliers at Detroit Pistons,Bovada,player_points,James Harden,Over,22.5,170,2026-05-06T23:31:08Z
Cleveland Cavaliers at Detroit Pistons,Bovada,player_points,James Harden,Under,22.5,-230,2026-05-06T23:31:08Z
Cleveland Cavaliers at Detroit Pistons,Bovada,player_points,James Harden,Over,23.5,210,2026-05-06T23:31:08Z
Cleveland Cavaliers at Detroit Pistons,Bovada,player_points,James Harden,Under,23.5,-290,2026-05-06T23:31:08Z
Cleveland Cavaliers at Detroit Pistons,Bovada,player_points,Jarrett Allen,Over,8.5,-230,2026-05-06T23:31:08Z
Cleveland Cavaliers at Detroit Pistons,Bovada,player_points,Jarrett Allen,Under,8.5,170,2026-05-06T23:31:08Z
Cleveland Cavaliers at Detroit Pistons,Bovada,player_points,Jarrett Allen,Over,9.5,-165,2026-05-06T23:31:08Z
Cleveland Cavaliers at Detroit Pistons,Bovada,player_points,Jarrett Allen,Under,9.5,125,2026-05-06T23:31:08Z
Cleveland Cavaliers at Detroit Pistons,Bovada,player_points,Jarrett Allen,Over,10.5,-120,2026-05-06T23:31:08Z
Cleveland Cavaliers at Detroit Pistons,Bovada,player_points,Jarrett Allen,Under,10.5,-110,2026-05-06T23:31:08Z
Cleveland Cavaliers at Detroit Pistons,Bovada,player_points,Jarrett Allen,Over,11.5,110,2026-05-06T23:31:08Z
Cleveland Cavaliers at Detroit Pistons,Bovada,player_points,Jarrett Allen,Under,11.5,-145,2026-05-06T23:31:08Z
Cleveland Cavaliers at Detroit Pistons,Bovada,player_points,Jarrett Allen,Over,12.5,145,2026-05-06T23:31:08Z
Cleveland Cavaliers at Detroit Pistons,Bovada,player_points,Jarrett Allen,Under,12.5,-190,2026-05-06T23:31:08Z
Cleveland Cavaliers at Detroit Pistons,Bovada,player_points,Jarrett Allen,Over,13.5,190,2026-05-06T23:31:08Z
Cleveland Cavaliers at Detroit Pistons,Bovada,player_points,Jarrett Allen,Under,13.5,-260,2026-05-06T23:31:08Z
Cleveland Cavaliers at Detroit Pistons,Bovada,player_points,Max Strus,Over,7.5,-250,2026-05-06T23:31:08Z
Cleveland Cavaliers at Detroit Pistons,Bovada,player_points,Max Strus,Under,7.5,185,2026-05-06T23:31:08Z
Cleveland Cavaliers at Detroit Pistons,Bovada,player_points,Max Strus,Over,8.5,-170,2026-05-06T23:31:08Z
Cleveland Cavaliers at Detroit Pistons,Bovada,player_points,Max Strus,Under,8.5,130,2026-05-06T23:31:08Z
Cleveland Cavaliers at Detroit Pistons,Bovada,player_points,Max Strus,Over,9.5,-125,2026-05-06T23:31:08Z
Cleveland Cavaliers at Detroit Pistons,Bovada,player_points,Max Strus,Under,9.5,-105,2026-05-06T23:31:08Z
Cleveland Cavaliers at Detroit Pistons,Bovada,player_points,Max Strus,Over,10.5,110,2026-05-06T23:31:08Z
Cleveland Cavaliers at Detroit Pistons,Bovada,player_points,Max Strus,Under,10.5,-145,2026-05-06T23:31:08Z
Cleveland Cavaliers at Detroit Pistons,Bovada,player_points,Max Strus,Over,11.5,145,2026-05-06T23:31:08Z
Cleveland Cavaliers at Detroit Pistons,Bovada,player_points,Max Strus,Under,11.5,-190,2026-05-06T23:31:08Z
Cleveland Cavaliers at Detroit Pistons,Bovada,player_points,Max Strus,Over,12.5,190,2026-05-06T23:31:08Z
Cleveland Cavaliers at Detroit Pistons,Bovada,player_points,Max Strus,Under,12.5,-260,2026-05-06T23:31:08Z
Cleveland Cavaliers at Detroit Pistons,Bovada,player_points,Tobias Harris,Over,14.5,-290,2026-05-06T23:31:08Z
Cleveland Cavaliers at Detroit Pistons,Bovada,player_points,Tobias Harris,Under,14.5,210,2026-05-06T23:31:08Z
Cleveland Cavaliers at Detroit Pistons,Bovada,player_points,Tobias Harris,Over,15.5,-220,2026-05-06T23:31:08Z
Cleveland Cavaliers at Detroit Pistons,Bovada,player_points,Tobias Harris,Under,15.5,165,2026-05-06T23:31:08Z
Cleveland Cavaliers at Detroit Pistons,Bovada,player_points,Tobias Harris,Over,16.5,-170,2026-05-06T23:31:08Z
Cleveland Cavaliers at Detroit Pistons,Bovada,player_points,Tobias Harris,Under,16.5,130,2026-05-06T23:31:08Z
Cleveland Cavaliers at Detroit Pistons,Bovada,player_points,Tobias Harris,Over,17.5,-130,2026-05-06T23:31:08Z
Cleveland Cavaliers at Detroit Pistons,Bovada,player_points,Tobias Harris,Under,17.5,100,2026-05-06T23:31:08Z
Cleveland Cavaliers at Detroit Pistons,Bovada,player_points,Tobias Harris,Over,18.5,-105,2026-05-06T23:31:08Z
Cleveland Cavaliers at Detroit Pistons,Bovada,player_points,Tobias Harris,Under,18.5,-125,2026-05-06T23:31:08Z
Cleveland Cavaliers at Detroit Pistons,Bovada,player_points,Tobias Harris,Over,19.5,120,2026-05-06T23:31:08Z
Cleveland Cavaliers at Detroit Pistons,Bovada,player_points,Tobias Harris,Under,19.5,-160,2026-05-06T23:31:08Z
Cleveland Cavaliers at Detroit Pistons,Bovada,player_points,Tobias Harris,Over,20.5,150,2026-05-06T23:31:08Z
Cleveland Cavaliers at Detroit Pistons,Bovada,player_points,Tobias Harris,Under,20.5,-200,2026-05-06T23:31:08Z
Cleveland Cavaliers at Detroit Pistons,Bovada,player_points,Tobias Harris,Over,21.5,185,2026-05-06T23:31:08Z
Cleveland Cavaliers at Detroit Pistons,Bovada,player_points,Tobias Harris,Under,21.5,-250,2026-05-06T23:31:08Z
Cleveland Cavaliers at Detroit Pistons,Bovada,player_rebounds,Ausar Thompson,Over,5.5,-280,2026-05-06T23:31:08Z
Cleveland Cavaliers at Detroit Pistons,Bovada,player_rebounds,Ausar Thompson,Under,5.5,205,2026-05-06T23:31:08Z
Cleveland Cavaliers at Detroit Pistons,Bovada,player_rebounds,Ausar Thompson,Over,6.5,-150,2026-05-06T23:31:08Z
Cleveland Cavaliers at Detroit Pistons,Bovada,player_rebounds,Ausar Thompson,Under,6.5,115,2026-05-06T23:31:08Z
Cleveland Cavaliers at Detroit Pistons,Bovada,player_rebounds,Ausar Thompson,Over,7.5,115,2026-05-06T23:31:08Z
Cleveland Cavaliers at Detroit Pistons,Bovada,player_rebounds,Ausar Thompson,Under,7.5,-150,2026-05-06T23:31:08Z
Cleveland Cavaliers at Detroit Pistons,Bovada,player_rebounds,Ausar Thompson,Over,8.5,190,2026-05-06T23:31:08Z
Cleveland Cavaliers at Detroit Pistons,Bovada,player_rebounds,Ausar Thompson,Under,8.5,-260,2026-05-06T23:31:08Z
Cleveland Cavaliers at Detroit Pistons,Bovada,player_rebounds,Cade Cunningham,Over,4.5,-185,2026-05-06T23:31:08Z
Cleveland Cavaliers at Detroit Pistons,Bovada,player_rebounds,Cade Cunningham,Under,4.5,140,2026-05-06T23:31:08Z
Cleveland Cavaliers at Detroit Pistons,Bovada,player_rebounds,Cade Cunningham,Over,5.5,105,2026-05-06T23:31:08Z
Cleveland Cavaliers at Detroit Pistons,Bovada,player_rebounds,Cade Cunningham,Under,5.5,-135,2026-05-06T23:31:08Z
Cleveland Cavaliers at Detroit Pistons,Bovada,player_rebounds,Cade Cunningham,Over,6.5,190,2026-05-06T23:31:08Z
Cleveland Cavaliers at Detroit Pistons,Bovada,player_rebounds,Cade Cunningham,Under,6.5,-260,2026-05-06T23:31:08Z
Cleveland Cavaliers at Detroit Pistons,Bovada,player_rebounds,Dean Wade,Over,2.5,-220,2026-05-06T23:31:08Z
Cleveland Cavaliers at Detroit Pistons,Bovada,player_rebounds,Dean Wade,Under,2.5,165,2026-05-06T23:31:08Z
Cleveland Cavaliers at Detroit Pistons,Bovada,player_rebounds,Dean Wade,Over,3.5,105,2026-05-06T23:31:08Z
Cleveland Cavaliers at Detroit Pistons,Bovada,player_rebounds,Dean Wade,Under,3.5,-135,2026-05-06T23:31:08Z
Cleveland Cavaliers at Detroit Pistons,Bovada,player_rebounds,Donovan Mitchell,Over,3.5,-135,2026-05-06T23:31:08Z
Cleveland Cavaliers at Detroit Pistons,Bovada,player_rebounds,Donovan Mitchell,Under,3.5,105,2026-05-06T23:31:08Z
Cleveland Cavaliers at Detroit Pistons,Bovada,player_rebounds,Donovan Mitchell,Over,4.5,150,2026-05-06T23:31:08Z
Cleveland Cavaliers at Detroit Pistons,Bovada,player_rebounds,Donovan Mitchell,Under,4.5,-200,2026-05-06T23:31:08Z
Cleveland Cavaliers at Detroit Pistons,Bovada,player_rebounds,Duncan Robinson,Over,1.5,-215,2026-05-06T23:31:08Z
Cleveland Cavaliers at Detroit Pistons,Bovada,player_rebounds,Duncan Robinson,Under,1.5,160,2026-05-06T23:31:08Z
Cleveland Cavaliers at Detroit Pistons,Bovada,player_rebounds,Duncan Robinson,Over,2.5,130,2026-05-06T23:31:08Z
Cleveland Cavaliers at Detroit Pistons,Bovada,player_rebounds,Duncan Robinson,Under,2.5,-170,2026-05-06T23:31:08Z
Cleveland Cavaliers at Detroit Pistons,Bovada,player_rebounds,Evan Mobley,Over,7.5,-185,2026-05-06T23:31:08Z
Cleveland Cavaliers at Detroit Pistons,Bovada,player_rebounds,Evan Mobley,Under,7.5,140,2026-05-06T23:31:08Z
Cleveland Cavaliers at Detroit Pistons,Bovada,player_rebounds,Evan Mobley,Over,8.5,-110,2026-05-06T23:31:08Z
Cleveland Cavaliers at Detroit Pistons,Bovada,player_rebounds,Evan Mobley,Under,8.5,-120,2026-05-06T23:31:08Z
Cleveland Cavaliers at Detroit Pistons,Bovada,player_rebounds,Evan Mobley,Over,9.5,150,2026-05-06T23:31:08Z
Cleveland Cavaliers at Detroit Pistons,Bovada,player_rebounds,Evan Mobley,Under,9.5,-200,2026-05-06T23:31:08Z
Cleveland Cavaliers at Detroit Pistons,Bovada,player_rebounds,Isaiah Stewart II,Over,2.5,-135,2026-05-06T23:31:08Z
Cleveland Cavaliers at Detroit Pistons,Bovada,player_rebounds,Isaiah Stewart II,Under,2.5,105,2026-05-06T23:31:08Z
Cleveland Cavaliers at Detroit Pistons,Bovada,player_rebounds,Isaiah Stewart II,Over,3.5,165,2026-05-06T23:31:08Z
Cleveland Cavaliers at Detroit Pistons,Bovada,player_rebounds,Isaiah Stewart II,Under,3.5,-220,2026-05-06T23:31:08Z
Cleveland Cavaliers at Detroit Pistons,Bovada,player_rebounds,Jalen Duren,Over,9.5,-250,2026-05-06T23:31:08Z
Cleveland Cavaliers at Detroit Pistons,Bovada,player_rebounds,Jalen Duren,Under,9.5,185,2026-05-06T23:31:08Z
Cleveland Cavaliers at Detroit Pistons,Bovada,player_rebounds,Jalen Duren,Over,10.5,-160,2026-05-06T23:31:08Z
Cleveland Cavaliers at Detroit Pistons,Bovada,player_rebounds,Jalen Duren,Under,10.5,120,2026-05-06T23:31:08Z
Cleveland Cavaliers at Detroit Pistons,Bovada,player_rebounds,Jalen Duren,Over,11.5,100,2026-05-06T23:31:08Z
Cleveland Cavaliers at Detroit Pistons,Bovada,player_rebounds,Jalen Duren,Under,11.5,-130,2026-05-06T23:31:08Z
Cleveland Cavaliers at Detroit Pistons,Bovada,player_rebounds,Jalen Duren,Over,12.5,150,2026-05-06T23:31:08Z
Cleveland Cavaliers at Detroit Pistons,Bovada,player_rebounds,Jalen Duren,Under,12.5,-200,2026-05-06T23:31:08Z
Cleveland Cavaliers at Detroit Pistons,Bovada,player_rebounds,James Harden,Over,4.5,-150,2026-05-06T23:31:08Z
Cleveland Cavaliers at Detroit Pistons,Bovada,player_rebounds,James Harden,Under,4.5,115,2026-05-06T23:31:08Z
Cleveland Cavaliers at Detroit Pistons,Bovada,player_rebounds,James Harden,Over,5.5,125,2026-05-06T23:31:08Z
Cleveland Cavaliers at Detroit Pistons,Bovada,player_rebounds,James Harden,Under,5.5,-165,2026-05-06T23:31:08Z
Cleveland Cavaliers at Detroit Pistons,Bovada,player_rebounds,Jarrett Allen,Over,5.5,-280,2026-05-06T23:31:08Z
Cleveland Cavaliers at Detroit Pistons,Bovada,player_rebounds,Jarrett Allen,Under,5.5,205,2026-05-06T23:31:08Z
Cleveland Cavaliers at Detroit Pistons,Bovada,player_rebounds,Jarrett Allen,Over,6.5,-150,2026-05-06T23:31:08Z
Cleveland Cavaliers at Detroit Pistons,Bovada,player_rebounds,Jarrett Allen,Under,6.5,115,2026-05-06T23:31:08Z
Cleveland Cavaliers at Detroit Pistons,Bovada,player_rebounds,Jarrett Allen,Over,7.5,115,2026-05-06T23:31:08Z
Cleveland Cavaliers at Detroit Pistons,Bovada,player_rebounds,Jarrett Allen,Under,7.5,-150,2026-05-06T23:31:08Z
Cleveland Cavaliers at Detroit Pistons,Bovada,player_rebounds,Jarrett Allen,Over,8.5,190,2026-05-06T23:31:08Z
Cleveland Cavaliers at Detroit Pistons,Bovada,player_rebounds,Jarrett Allen,Under,8.5,-260,2026-05-06T23:31:08Z
Cleveland Cavaliers at Detroit Pistons,Bovada,player_rebounds,Max Strus,Over,3.5,-160,2026-05-06T23:31:08Z
Cleveland Cavaliers at Detroit Pistons,Bovada,player_rebounds,Max Strus,Under,3.5,120,2026-05-06T23:31:08Z
Cleveland Cavaliers at Detroit Pistons,Bovada,player_rebounds,Max Strus,Over,4.5,130,2026-05-06T23:31:08Z
Cleveland Cavaliers at Detroit Pistons,Bovada,player_rebounds,Max Strus,Under,4.5,-170,2026-05-06T23:31:08Z
Cleveland Cavaliers at Detroit Pistons,Bovada,player_rebounds,Tobias Harris,Over,5.5,-190,2026-05-06T23:31:08Z
Cleveland Cavaliers at Detroit Pistons,Bovada,player_rebounds,Tobias Harris,Under,5.5,145,2026-05-06T23:31:08Z
Cleveland Cavaliers at Detroit Pistons,Bovada,player_rebounds,Tobias Harris,Over,6.5,-105,2026-05-06T23:31:08Z
Cleveland Cavaliers at Detroit Pistons,Bovada,player_rebounds,Tobias Harris,Under,6.5,-125,2026-05-06T23:31:08Z
Cleveland Cavaliers at Detroit Pistons,Bovada,player_rebounds,Tobias Harris,Over,7.5,165,2026-05-06T23:31:08Z
Cleveland Cavaliers at Detroit Pistons,Bovada,player_rebounds,Tobias Harris,Under,7.5,-220,2026-05-06T23:31:08Z
Cleveland Cavaliers at Detroit Pistons,Bovada,player_threes,Cade Cunningham,Over,1.5,-240,2026-05-06T23:31:08Z
Cleveland Cavaliers at Detroit Pistons,Bovada,player_threes,Cade Cunningham,Under,1.5,175,2026-05-06T23:31:08Z
Cleveland Cavaliers at Detroit Pistons,Bovada,player_threes,Cade Cunningham,Over,2.5,130,2026-05-06T23:31:08Z
Cleveland Cavaliers at Detroit Pistons,Bovada,player_threes,Cade Cunningham,Under,2.5,-170,2026-05-06T23:31:08Z
Cleveland Cavaliers at Detroit Pistons,Bovada,player_threes,Daniss Jenkins,Over,0.5,-300,2026-05-06T23:31:08Z
Cleveland Cavaliers at Detroit Pistons,Bovada,player_threes,Daniss Jenkins,Under,0.5,215,2026-05-06T23:31:08Z
Cleveland Cavaliers at Detroit Pistons,Bovada,player_threes,Daniss Jenkins,Over,1.5,160,2026-05-06T23:31:08Z
Cleveland Cavaliers at Detroit Pistons,Bovada,player_threes,Daniss Jenkins,Under,1.5,-215,2026-05-06T23:31:08Z
Cleveland Cavaliers at Detroit Pistons,Bovada,player_threes,Donovan Mitchell,Over,2.5,-115,2026-05-06T23:31:08Z
Cleveland Cavaliers at Detroit Pistons,Bovada,player_threes,Donovan Mitchell,Under,2.5,-115,2026-05-06T23:31:08Z
Cleveland Cavaliers at Detroit Pistons,Bovada,player_threes,Duncan Robinson,Over,2.5,-125,2026-05-06T23:31:08Z
Cleveland Cavaliers at Detroit Pistons,Bovada,player_threes,Duncan Robinson,Under,2.5,-105,2026-05-06T23:31:08Z
Cleveland Cavaliers at Detroit Pistons,Bovada,player_threes,Duncan Robinson,Over,3.5,200,2026-05-06T23:31:08Z
Cleveland Cavaliers at Detroit Pistons,Bovada,player_threes,Duncan Robinson,Under,3.5,-275,2026-05-06T23:31:08Z
Cleveland Cavaliers at Detroit Pistons,Bovada,player_threes,Evan Mobley,Over,0.5,-220,2026-05-06T23:31:08Z
Cleveland Cavaliers at Detroit Pistons,Bovada,player_threes,Evan Mobley,Under,0.5,165,2026-05-06T23:31:08Z
Cleveland Cavaliers at Detroit Pistons,Bovada,player_threes,Evan Mobley,Over,1.5,210,2026-05-06T23:31:08Z
Cleveland Cavaliers at Detroit Pistons,Bovada,player_threes,Evan Mobley,Under,1.5,-290,2026-05-06T23:31:08Z
Cleveland Cavaliers at Detroit Pistons,Bovada,player_threes,James Harden,Over,2.5,105,2026-05-06T23:31:08Z
Cleveland Cavaliers at Detroit Pistons,Bovada,player_threes,James Harden,Under,2.5,-135,2026-05-06T23:31:08Z
Cleveland Cavaliers at Detroit Pistons,Bovada,player_threes,Max Strus,Over,1.5,-240,2026-05-06T23:31:08Z
Cleveland Cavaliers at Detroit Pistons,Bovada,player_threes,Max Strus,Under,1.5,175,2026-05-06T23:31:08Z
Cleveland Cavaliers at Detroit Pistons,Bovada,player_threes,Max Strus,Over,2.5,130,2026-05-06T23:31:08Z
Cleveland Cavaliers at Detroit Pistons,Bovada,player_threes,Max Strus,Under,2.5,-170,2026-05-06T23:31:08Z
Cleveland Cavaliers at Detroit Pistons,Bovada,player_threes,Tobias Harris,Over,1.5,125,2026-05-06T23:31:08Z
Cleveland Cavaliers at Detroit Pistons,Bovada,player_threes,Tobias Harris,Under,1.5,-165,2026-05-06T23:31:08Z
Los Angeles Lakers at Oklahoma City Thunder,DraftKings,player_assists,LeBron James,Over,7.5,-120,2026-05-06T23:34:27Z
Los Angeles Lakers at Oklahoma City Thunder,DraftKings,player_assists,LeBron James,Under,7.5,-110,2026-05-06T23:34:27Z
Los Angeles Lakers at Oklahoma City Thunder,DraftKings,player_assists,Shai Gilgeous-Alexander,Over,7.5,112,2026-05-06T23:34:27Z
Los Angeles Lakers at Oklahoma City Thunder,DraftKings,player_assists,Shai Gilgeous-Alexander,Under,7.5,-148,2026-05-06T23:34:27Z
Los Angeles Lakers at Oklahoma City Thunder,DraftKings,player_assists,Austin Reaves,Over,5.5,114,2026-05-06T23:34:27Z
Los Angeles Lakers at Oklahoma City Thunder,DraftKings,player_assists,Austin Reaves,Under,5.5,-151,2026-05-06T23:34:27Z
Los Angeles Lakers at Oklahoma City Thunder,DraftKings,player_assists,Ajay Mitchell,Over,3.5,-139,2026-05-06T23:34:27Z
Los Angeles Lakers at Oklahoma City Thunder,DraftKings,player_assists,Ajay Mitchell,Under,3.5,106,2026-05-06T23:34:27Z
Los Angeles Lakers at Oklahoma City Thunder,DraftKings,player_assists,Marcus Smart,Over,3.5,-125,2026-05-06T23:34:27Z
Los Angeles Lakers at Oklahoma City Thunder,DraftKings,player_assists,Marcus Smart,Under,3.5,-105,2026-05-06T23:34:27Z
Los Angeles Lakers at Oklahoma City Thunder,DraftKings,player_assists,Isaiah Hartenstein,Over,2.5,-164,2026-05-06T23:34:27Z
Los Angeles Lakers at Oklahoma City Thunder,DraftKings,player_assists,Isaiah Hartenstein,Under,2.5,124,2026-05-06T23:34:27Z
Los Angeles Lakers at Oklahoma City Thunder,DraftKings,player_assists,Chet Holmgren,Over,1.5,121,2026-05-06T23:34:27Z
Los Angeles Lakers at Oklahoma City Thunder,DraftKings,player_assists,Chet Holmgren,Under,1.5,-160,2026-05-06T23:34:27Z
Los Angeles Lakers at Oklahoma City Thunder,DraftKings,player_assists,Luguentz Dort,Over,1.5,178,2026-05-06T23:34:27Z
Los Angeles Lakers at Oklahoma City Thunder,DraftKings,player_assists,Luguentz Dort,Under,1.5,-238,2026-05-06T23:34:27Z
Los Angeles Lakers at Oklahoma City Thunder,DraftKings,player_assists,Rui Hachimura,Over,0.5,-180,2026-05-06T23:34:27Z
Los Angeles Lakers at Oklahoma City Thunder,DraftKings,player_assists,Rui Hachimura,Under,0.5,136,2026-05-06T23:34:27Z
Los Angeles Lakers at Oklahoma City Thunder,DraftKings,player_assists,Deandre Ayton,Over,0.5,-139,2026-05-06T23:34:27Z
Los Angeles Lakers at Oklahoma City Thunder,DraftKings,player_assists,Deandre Ayton,Under,0.5,106,2026-05-06T23:34:27Z
Los Angeles Lakers at Oklahoma City Thunder,DraftKings,player_points,Shai Gilgeous-Alexander,Over,29.5,-102,2026-05-06T23:34:27Z
Los Angeles Lakers at Oklahoma City Thunder,DraftKings,player_points,Shai Gilgeous-Alexander,Under,29.5,-124,2026-05-06T23:34:27Z
Los Angeles Lakers at Oklahoma City Thunder,DraftKings,player_points,LeBron James,Over,20.5,-121,2026-05-06T23:34:27Z
Los Angeles Lakers at Oklahoma City Thunder,DraftKings,player_points,LeBron James,Under,20.5,-106,2026-05-06T23:34:27Z
Los Angeles Lakers at Oklahoma City Thunder,DraftKings,player_points,Austin Reaves,Over,18.5,-117,2026-05-06T23:34:27Z
Los Angeles Lakers at Oklahoma City Thunder,DraftKings,player_points,Austin Reaves,Under,18.5,-109,2026-05-06T23:34:27Z
Los Angeles Lakers at Oklahoma City Thunder,DraftKings,player_points,Ajay Mitchell,Over,16.5,-107,2026-05-06T23:34:27Z
Los Angeles Lakers at Oklahoma City Thunder,DraftKings,player_points,Ajay Mitchell,Under,16.5,-119,2026-05-06T23:34:27Z
Los Angeles Lakers at Oklahoma City Thunder,DraftKings,player_points,Chet Holmgren,Over,16.5,100,2026-05-06T23:34:27Z
Los Angeles Lakers at Oklahoma City Thunder,DraftKings,player_points,Chet Holmgren,Under,16.5,-127,2026-05-06T23:34:27Z
Los Angeles Lakers at Oklahoma City Thunder,DraftKings,player_points,Rui Hachimura,Over,12.5,-111,2026-05-06T23:34:27Z
Los Angeles Lakers at Oklahoma City Thunder,DraftKings,player_points,Rui Hachimura,Under,12.5,-115,2026-05-06T23:34:27Z
Los Angeles Lakers at Oklahoma City Thunder,DraftKings,player_points,Marcus Smart,Over,10.5,-111,2026-05-06T23:34:27Z
Los Angeles Lakers at Oklahoma City Thunder,DraftKings,player_points,Marcus Smart,Under,10.5,-115,2026-05-06T23:34:27Z
Los Angeles Lakers at Oklahoma City Thunder,DraftKings,player_points,Deandre Ayton,Over,9.5,-133,2026-05-06T23:34:27Z
Los Angeles Lakers at Oklahoma City Thunder,DraftKings,player_points,Deandre Ayton,Under,9.5,105,2026-05-06T23:34:27Z
Los Angeles Lakers at Oklahoma City Thunder,DraftKings,player_points,Luke Kennard,Over,7.5,-119,2026-05-06T23:34:27Z
Los Angeles Lakers at Oklahoma City Thunder,DraftKings,player_points,Luke Kennard,Under,7.5,-107,2026-05-06T23:34:27Z
Los Angeles Lakers at Oklahoma City Thunder,DraftKings,player_points,Isaiah Hartenstein,Over,7.5,-115,2026-05-06T23:34:27Z
Los Angeles Lakers at Oklahoma City Thunder,DraftKings,player_points,Isaiah Hartenstein,Under,7.5,-111,2026-05-06T23:34:27Z
Los Angeles Lakers at Oklahoma City Thunder,DraftKings,player_points,Isaiah Joe,Over,6.5,-120,2026-05-06T23:34:27Z
Los Angeles Lakers at Oklahoma City Thunder,DraftKings,player_points,Isaiah Joe,Under,6.5,-106,2026-05-06T23:34:27Z
Los Angeles Lakers at Oklahoma City Thunder,DraftKings,player_points,Cason Wallace,Over,6.5,-118,2026-05-06T23:34:27Z
Los Angeles Lakers at Oklahoma City Thunder,DraftKings,player_points,Cason Wallace,Under,6.5,-108,2026-05-06T23:34:27Z
Los Angeles Lakers at Oklahoma City Thunder,DraftKings,player_points,Luguentz Dort,Over,6.5,-116,2026-05-06T23:34:27Z
Los Angeles Lakers at Oklahoma City Thunder,DraftKings,player_points,Luguentz Dort,Under,6.5,-110,2026-05-06T23:34:27Z
Los Angeles Lakers at Oklahoma City Thunder,DraftKings,player_points,Alex Caruso,Over,6.5,-114,2026-05-06T23:34:27Z
Los Angeles Lakers at Oklahoma City Thunder,DraftKings,player_points,Alex Caruso,Under,6.5,-112,2026-05-06T23:34:27Z
Los Angeles Lakers at Oklahoma City Thunder,DraftKings,player_points,Jaxson Hayes,Over,4.5,103,2026-05-06T23:34:27Z
Los Angeles Lakers at Oklahoma City Thunder,DraftKings,player_points,Jaxson Hayes,Under,4.5,-132,2026-05-06T23:34:27Z
Los Angeles Lakers at Oklahoma City Thunder,DraftKings,player_points,Jaylin Williams,Over,3.5,-114,2026-05-06T23:34:27Z
Los Angeles Lakers at Oklahoma City Thunder,DraftKings,player_points,Jaylin Williams,Under,3.5,-111,2026-05-06T23:34:27Z
Los Angeles Lakers at Oklahoma City Thunder,DraftKings,player_points,Jake LaRavia,Over,3.5,-105,2026-05-06T23:34:27Z
Los Angeles Lakers at Oklahoma City Thunder,DraftKings,player_points,Jake LaRavia,Under,3.5,-121,2026-05-06T23:34:27Z
Los Angeles Lakers at Oklahoma City Thunder,DraftKings,player_points,Jared McCain,Over,3.5,113,2026-05-06T23:34:27Z
Los Angeles Lakers at Oklahoma City Thunder,DraftKings,player_points,Jared McCain,Under,3.5,-144,2026-05-06T23:34:27Z
Los Angeles Lakers at Oklahoma City Thunder,DraftKings,player_rebounds,Chet Holmgren,Over,8.5,-133,2026-05-06T23:34:27Z
Los Angeles Lakers at Oklahoma City Thunder,DraftKings,player_rebounds,Chet Holmgren,Under,8.5,101,2026-05-06T23:34:27Z
Los Angeles Lakers at Oklahoma City Thunder,DraftKings,player_rebounds,Deandre Ayton,Over,8.5,-129,2026-05-06T23:34:27Z
Los Angeles Lakers at Oklahoma City Thunder,DraftKings,player_rebounds,Deandre Ayton,Under,8.5,-102,2026-05-06T23:34:27Z
Los Angeles Lakers at Oklahoma City Thunder,DraftKings,player_rebounds,Isaiah Hartenstein,Over,8.5,107,2026-05-06T23:34:27Z
Los Angeles Lakers at Oklahoma City Thunder,DraftKings,player_rebounds,Isaiah Hartenstein,Under,8.5,-140,2026-05-06T23:34:27Z
Los Angeles Lakers at Oklahoma City Thunder,DraftKings,player_rebounds,LeBron James,Over,6.5,-120,2026-05-06T23:34:27Z
Los Angeles Lakers at Oklahoma City Thunder,DraftKings,player_rebounds,LeBron James,Under,6.5,-110,2026-05-06T23:34:27Z
Los Angeles Lakers at Oklahoma City Thunder,DraftKings,player_rebounds,Austin Reaves,Over,4.5,-112,2026-05-06T23:34:27Z
Los Angeles Lakers at Oklahoma City Thunder,DraftKings,player_rebounds,Austin Reaves,Under,4.5,-118,2026-05-06T23:34:27Z
Los Angeles Lakers at Oklahoma City Thunder,DraftKings,player_rebounds,Shai Gilgeous-Alexander,Over,4.5,123,2026-05-06T23:34:27Z
Los Angeles Lakers at Oklahoma City Thunder,DraftKings,player_rebounds,Shai Gilgeous-Alexander,Under,4.5,-163,2026-05-06T23:34:27Z
Los Angeles Lakers at Oklahoma City Thunder,DraftKings,player_rebounds,Jaxson Hayes,Over,3.5,-161,2026-05-06T23:34:27Z
Los Angeles Lakers at Oklahoma City Thunder,DraftKings,player_rebounds,Jaxson Hayes,Under,3.5,122,2026-05-06T23:34:27Z
Los Angeles Lakers at Oklahoma City Thunder,DraftKings,player_rebounds,Rui Hachimura,Over,3.5,-141,2026-05-06T23:34:27Z
Los Angeles Lakers at Oklahoma City Thunder,DraftKings,player_rebounds,Rui Hachimura,Under,3.5,107,2026-05-06T23:34:27Z
Los Angeles Lakers at Oklahoma City Thunder,DraftKings,player_rebounds,Ajay Mitchell,Over,3.5,-112,2026-05-06T23:34:27Z
Los Angeles Lakers at Oklahoma City Thunder,DraftKings,player_rebounds,Ajay Mitchell,Under,3.5,-118,2026-05-06T23:34:27Z
Los Angeles Lakers at Oklahoma City Thunder,DraftKings,player_rebounds,Jaylin Williams,Over,3.5,103,2026-05-06T23:34:27Z
Los Angeles Lakers at Oklahoma City Thunder,DraftKings,player_rebounds,Jaylin Williams,Under,3.5,-136,2026-05-06T23:34:27Z
Los Angeles Lakers at Oklahoma City Thunder,DraftKings,player_rebounds,Marcus Smart,Over,3.5,128,2026-05-06T23:34:27Z
Los Angeles Lakers at Oklahoma City Thunder,DraftKings,player_rebounds,Marcus Smart,Under,3.5,-170,2026-05-06T23:34:27Z
Los Angeles Lakers at Oklahoma City Thunder,DraftKings,player_rebounds,Luke Kennard,Over,2.5,-166,2026-05-06T23:34:27Z
Los Angeles Lakers at Oklahoma City Thunder,DraftKings,player_rebounds,Luke Kennard,Under,2.5,125,2026-05-06T23:34:27Z
Los Angeles Lakers at Oklahoma City Thunder,DraftKings,player_rebounds,Luguentz Dort,Over,2.5,-150,2026-05-06T23:34:27Z
Los Angeles Lakers at Oklahoma City Thunder,DraftKings,player_rebounds,Luguentz Dort,Under,2.5,114,2026-05-06T23:34:27Z
Los Angeles Lakers at Oklahoma City Thunder,DraftKings,player_rebounds,Alex Caruso,Over,2.5,-130,2026-05-06T23:34:27Z
Los Angeles Lakers at Oklahoma City Thunder,DraftKings,player_rebounds,Alex Caruso,Under,2.5,-102,2026-05-06T23:34:27Z
Los Angeles Lakers at Oklahoma City Thunder,DraftKings,player_threes,Rui Hachimura,Over,1.5,-186,2026-05-06T23:34:27Z
Los Angeles Lakers at Oklahoma City Thunder,DraftKings,player_threes,Rui Hachimura,Under,1.5,140,2026-05-06T23:34:27Z
Los Angeles Lakers at Oklahoma City Thunder,DraftKings,player_threes,Austin Reaves,Over,1.5,-174,2026-05-06T23:34:27Z
Los Angeles Lakers at Oklahoma City Thunder,DraftKings,player_threes,Austin Reaves,Under,1.5,131,2026-05-06T23:34:27Z
Los Angeles Lakers at Oklahoma City Thunder,DraftKings,player_threes,Luguentz Dort,Over,1.5,-152,2026-05-06T23:34:27Z
Los Angeles Lakers at Oklahoma City Thunder,DraftKings,player_threes,Luguentz Dort,Under,1.5,115,2026-05-06T23:34:27Z
Los Angeles Lakers at Oklahoma City Thunder,DraftKings,player_threes,Marcus Smart,Over,1.5,-152,2026-05-06T23:34:27Z
Los Angeles Lakers at Oklahoma City Thunder,DraftKings,player_threes,Marcus Smart,Under,1.5,115,2026-05-06T23:34:27Z
Los Angeles Lakers at Oklahoma City Thunder,DraftKings,player_threes,Shai Gilgeous-Alexander,Over,1.5,-125,2026-05-06T23:34:27Z
Los Angeles Lakers at Oklahoma City Thunder,DraftKings,player_threes,Shai Gilgeous-Alexander,Under,1.5,-105,2026-05-06T23:34:27Z
Los Angeles Lakers at Oklahoma City Thunder,DraftKings,player_threes,Ajay Mitchell,Over,1.5,-104,2026-05-06T23:34:27Z
Los Angeles Lakers at Oklahoma City Thunder,DraftKings,player_threes,Ajay Mitchell,Under,1.5,-127,2026-05-06T23:34:27Z
Los Angeles Lakers at Oklahoma City Thunder,DraftKings,player_threes,LeBron James,Over,1.5,120,2026-05-06T23:34:27Z
Los Angeles Lakers at Oklahoma City Thunder,DraftKings,player_threes,LeBron James,Under,1.5,-158,2026-05-06T23:34:27Z
Los Angeles Lakers at Oklahoma City Thunder,DraftKings,player_threes,Chet Holmgren,Over,1.5,124,2026-05-06T23:34:27Z
Los Angeles Lakers at Oklahoma City Thunder,DraftKings,player_threes,Chet Holmgren,Under,1.5,-164,2026-05-06T23:34:27Z
Los Angeles Lakers at Oklahoma City Thunder,BetMGM,player_assists,Ajay Mitchell,Over,3.5,-135,2026-05-06T23:33:35Z
Los Angeles Lakers at Oklahoma City Thunder,BetMGM,player_assists,Ajay Mitchell,Under,3.5,100,2026-05-06T23:33:35Z
Los Angeles Lakers at Oklahoma City Thunder,BetMGM,player_assists,Shai Gilgeous-Alexander,Over,6.5,-150,2026-05-06T23:33:35Z
Los Angeles Lakers at Oklahoma City Thunder,BetMGM,player_assists,Shai Gilgeous-Alexander,Under,6.5,110,2026-05-06T23:33:35Z
Los Angeles Lakers at Oklahoma City Thunder,BetMGM,player_assists,Isaiah Hartenstein,Over,2.5,-175,2026-05-06T23:33:35Z
Los Angeles Lakers at Oklahoma City Thunder,BetMGM,player_assists,Isaiah Hartenstein,Under,2.5,130,2026-05-06T23:33:35Z
Los Angeles Lakers at Oklahoma City Thunder,BetMGM,player_assists,Chet Holmgren,Over,1.5,-105,2026-05-06T23:33:35Z
Los Angeles Lakers at Oklahoma City Thunder,BetMGM,player_assists,Chet Holmgren,Under,1.5,-125,2026-05-06T23:33:35Z
Los Angeles Lakers at Oklahoma City Thunder,BetMGM,player_assists,Marcus Smart,Over,3.5,-111,2026-05-06T23:33:35Z
Los Angeles Lakers at Oklahoma City Thunder,BetMGM,player_assists,Marcus Smart,Under,3.5,-120,2026-05-06T23:33:35Z
Los Angeles Lakers at Oklahoma City Thunder,BetMGM,player_assists,LeBron James,Over,7.5,-110,2026-05-06T23:33:35Z
Los Angeles Lakers at Oklahoma City Thunder,BetMGM,player_assists,LeBron James,Under,7.5,-120,2026-05-06T23:33:35Z
Los Angeles Lakers at Oklahoma City Thunder,BetMGM,player_assists,Deandre Ayton,Over,0.5,-155,2026-05-06T23:33:35Z
Los Angeles Lakers at Oklahoma City Thunder,BetMGM,player_assists,Deandre Ayton,Under,0.5,115,2026-05-06T23:33:35Z
Los Angeles Lakers at Oklahoma City Thunder,BetMGM,player_assists,Rui Hachimura,Over,0.5,-155,2026-05-06T23:33:35Z
Los Angeles Lakers at Oklahoma City Thunder,BetMGM,player_assists,Rui Hachimura,Under,0.5,115,2026-05-06T23:33:35Z
Los Angeles Lakers at Oklahoma City Thunder,BetMGM,player_assists,Luguentz Dort,Over,1.5,165,2026-05-06T23:33:35Z
Los Angeles Lakers at Oklahoma City Thunder,BetMGM,player_assists,Luguentz Dort,Under,1.5,-220,2026-05-06T23:33:35Z
Los Angeles Lakers at Oklahoma City Thunder,BetMGM,player_assists,Austin Reaves,Over,5.5,115,2026-05-06T23:33:35Z
Los Angeles Lakers at Oklahoma City Thunder,BetMGM,player_assists,Austin Reaves,Under,5.5,-155,2026-05-06T23:33:35Z
Los Angeles Lakers at Oklahoma City Thunder,BetMGM,player_assists,Luke Kennard,Over,1.5,-160,2026-05-06T23:33:35Z
Los Angeles Lakers at Oklahoma City Thunder,BetMGM,player_assists,Luke Kennard,Under,1.5,120,2026-05-06T23:33:35Z
Los Angeles Lakers at Oklahoma City Thunder,BetMGM,player_assists,Alex Caruso,Over,1.5,-140,2026-05-06T23:33:35Z
Los Angeles Lakers at Oklahoma City Thunder,BetMGM,player_assists,Alex Caruso,Under,1.5,105,2026-05-06T23:33:35Z
Los Angeles Lakers at Oklahoma City Thunder,BetMGM,player_blocks,Austin Reaves,Over,0.5,-118,2026-05-06T23:33:35Z
Los Angeles Lakers at Oklahoma City Thunder,BetMGM,player_blocks,Austin Reaves,Under,0.5,-115,2026-05-06T23:33:35Z
Los Angeles Lakers at Oklahoma City Thunder,BetMGM,player_blocks,LeBron James,Over,0.5,125,2026-05-06T23:33:35Z
Los Angeles Lakers at Oklahoma City Thunder,BetMGM,player_blocks,LeBron James,Under,0.5,-175,2026-05-06T23:33:35Z
Los Angeles Lakers at Oklahoma City Thunder,BetMGM,player_blocks,Shai Gilgeous-Alexander,Over,0.5,-135,2026-05-06T23:33:35Z
Los Angeles Lakers at Oklahoma City Thunder,BetMGM,player_blocks,Shai Gilgeous-Alexander,Under,0.5,100,2026-05-06T23:33:35Z
Los Angeles Lakers at Oklahoma City Thunder,BetMGM,player_blocks,Luguentz Dort,Over,0.5,185,2026-05-06T23:33:35Z
Los Angeles Lakers at Oklahoma City Thunder,BetMGM,player_blocks,Luguentz Dort,Under,0.5,-275,2026-05-06T23:33:35Z
Los Angeles Lakers at Oklahoma City Thunder,BetMGM,player_blocks,Isaiah Hartenstein,Over,0.5,-190,2026-05-06T23:33:35Z
Los Angeles Lakers at Oklahoma City Thunder,BetMGM,player_blocks,Isaiah Hartenstein,Under,0.5,140,2026-05-06T23:33:35Z
Los Angeles Lakers at Oklahoma City Thunder,BetMGM,player_blocks,Rui Hachimura,Over,0.5,150,2026-05-06T23:33:35Z
Los Angeles Lakers at Oklahoma City Thunder,BetMGM,player_blocks,Rui Hachimura,Under,0.5,-210,2026-05-06T23:33:35Z
Los Angeles Lakers at Oklahoma City Thunder,BetMGM,player_blocks,Deandre Ayton,Over,0.5,-235,2026-05-06T23:33:35Z
Los Angeles Lakers at Oklahoma City Thunder,BetMGM,player_blocks,Deandre Ayton,Under,0.5,170,2026-05-06T23:33:35Z
Los Angeles Lakers at Oklahoma City Thunder,BetMGM,player_blocks,Chet Holmgren,Over,1.5,-175,2026-05-06T23:33:35Z
Los Angeles Lakers at Oklahoma City Thunder,BetMGM,player_blocks,Chet Holmgren,Under,1.5,125,2026-05-06T23:33:35Z
Los Angeles Lakers at Oklahoma City Thunder,BetMGM,player_blocks,Ajay Mitchell,Over,0.5,310,2026-05-06T23:33:35Z
Los Angeles Lakers at Oklahoma City Thunder,BetMGM,player_blocks,Ajay Mitchell,Under,0.5,-525,2026-05-06T23:33:35Z
Los Angeles Lakers at Oklahoma City Thunder,BetMGM,player_blocks,Marcus Smart,Over,0.5,-135,2026-05-06T23:33:35Z
Los Angeles Lakers at Oklahoma City Thunder,BetMGM,player_blocks,Marcus Smart,Under,0.5,-105,2026-05-06T23:33:35Z
Los Angeles Lakers at Oklahoma City Thunder,BetMGM,player_points,Shai Gilgeous-Alexander,Over,28.5,-125,2026-05-06T23:33:35Z
Los Angeles Lakers at Oklahoma City Thunder,BetMGM,player_points,Shai Gilgeous-Alexander,Under,28.5,-105,2026-05-06T23:33:35Z
Los Angeles Lakers at Oklahoma City Thunder,BetMGM,player_points,Luguentz Dort,Over,7.5,-105,2026-05-06T23:33:35Z
Los Angeles Lakers at Oklahoma City Thunder,BetMGM,player_points,Luguentz Dort,Under,7.5,-125,2026-05-06T23:33:35Z
Los Angeles Lakers at Oklahoma City Thunder,BetMGM,player_points,Rui Hachimura,Over,12.5,-120,2026-05-06T23:33:35Z
Los Angeles Lakers at Oklahoma City Thunder,BetMGM,player_points,Rui Hachimura,Under,12.5,-110,2026-05-06T23:33:35Z
Los Angeles Lakers at Oklahoma City Thunder,BetMGM,player_points,Isaiah Hartenstein,Over,7.5,-125,2026-05-06T23:33:35Z
Los Angeles Lakers at Oklahoma City Thunder,BetMGM,player_points,Isaiah Hartenstein,Under,7.5,-105,2026-05-06T23:33:35Z
Los Angeles Lakers at Oklahoma City Thunder,BetMGM,player_points,Marcus Smart,Over,10.5,-105,2026-05-06T23:33:35Z
Los Angeles Lakers at Oklahoma City Thunder,BetMGM,player_points,Marcus Smart,Under,10.5,-125,2026-05-06T23:33:35Z
Los Angeles Lakers at Oklahoma City Thunder,BetMGM,player_points,Chet Holmgren,Over,16.5,-120,2026-05-06T23:33:35Z
Los Angeles Lakers at Oklahoma City Thunder,BetMGM,player_points,Chet Holmgren,Under,16.5,-111,2026-05-06T23:33:35Z
Los Angeles Lakers at Oklahoma City Thunder,BetMGM,player_points,Ajay Mitchell,Over,16.5,-115,2026-05-06T23:33:35Z
Los Angeles Lakers at Oklahoma City Thunder,BetMGM,player_points,Ajay Mitchell,Under,16.5,-115,2026-05-06T23:33:35Z
Los Angeles Lakers at Oklahoma City Thunder,BetMGM,player_points,Cason Wallace,Over,6.5,-135,2026-05-06T23:33:35Z
Los Angeles Lakers at Oklahoma City Thunder,BetMGM,player_points,Cason Wallace,Under,6.5,100,2026-05-06T23:33:35Z
Los Angeles Lakers at Oklahoma City Thunder,BetMGM,player_points,Alex Caruso,Over,6.5,-120,2026-05-06T23:33:35Z
Los Angeles Lakers at Oklahoma City Thunder,BetMGM,player_points,Alex Caruso,Under,6.5,-111,2026-05-06T23:33:35Z
Los Angeles Lakers at Oklahoma City Thunder,BetMGM,player_points,Jared McCain,Over,3.5,-115,2026-05-06T23:33:35Z
Los Angeles Lakers at Oklahoma City Thunder,BetMGM,player_points,Jared McCain,Under,3.5,-115,2026-05-06T23:33:35Z
Los Angeles Lakers at Oklahoma City Thunder,BetMGM,player_points,Isaiah Joe,Over,6.5,100,2026-05-06T23:33:35Z
Los Angeles Lakers at Oklahoma City Thunder,BetMGM,player_points,Isaiah Joe,Under,6.5,-135,2026-05-06T23:33:35Z
Los Angeles Lakers at Oklahoma City Thunder,BetMGM,player_points,LeBron James,Over,21.5,-115,2026-05-06T23:33:35Z
Los Angeles Lakers at Oklahoma City Thunder,BetMGM,player_points,LeBron James,Under,21.5,-115,2026-05-06T23:33:35Z
Los Angeles Lakers at Oklahoma City Thunder,BetMGM,player_points,Jaylin Williams,Over,4.5,105,2026-05-06T23:33:35Z
Los Angeles Lakers at Oklahoma City Thunder,BetMGM,player_points,Jaylin Williams,Under,4.5,-140,2026-05-06T23:33:35Z
Los Angeles Lakers at Oklahoma City Thunder,BetMGM,player_points,Austin Reaves,Over,18.5,-120,2026-05-06T23:33:35Z
Los Angeles Lakers at Oklahoma City Thunder,BetMGM,player_points,Austin Reaves,Under,18.5,-111,2026-05-06T23:33:35Z
Los Angeles Lakers at Oklahoma City Thunder,BetMGM,player_points,Deandre Ayton,Over,10.5,105,2026-05-06T23:33:35Z
Los Angeles Lakers at Oklahoma City Thunder,BetMGM,player_points,Deandre Ayton,Under,10.5,-140,2026-05-06T23:33:35Z
Los Angeles Lakers at Oklahoma City Thunder,BetMGM,player_points,Jaxson Hayes,Over,4.5,-105,2026-05-06T23:33:35Z
Los Angeles Lakers at Oklahoma City Thunder,BetMGM,player_points,Jaxson Hayes,Under,4.5,-125,2026-05-06T23:33:35Z
Los Angeles Lakers at Oklahoma City Thunder,BetMGM,player_points,Jake LaRavia,Over,3.5,-135,2026-05-06T23:33:35Z
Los Angeles Lakers at Oklahoma City Thunder,BetMGM,player_points,Jake LaRavia,Under,3.5,100,2026-05-06T23:33:35Z
Los Angeles Lakers at Oklahoma City Thunder,BetMGM,player_points,Luke Kennard,Over,7.5,-120,2026-05-06T23:33:35Z
Los Angeles Lakers at Oklahoma City Thunder,BetMGM,player_points,Luke Kennard,Under,7.5,-110,2026-05-06T23:33:35Z
Los Angeles Lakers at Oklahoma City Thunder,BetMGM,player_rebounds,Ajay Mitchell,Over,3.5,-105,2026-05-06T23:33:35Z
Los Angeles Lakers at Oklahoma City Thunder,BetMGM,player_rebounds,Ajay Mitchell,Under,3.5,-125,2026-05-06T23:33:35Z
Los Angeles Lakers at Oklahoma City Thunder,BetMGM,player_rebounds,Shai Gilgeous-Alexander,Over,3.5,-160,2026-05-06T23:33:35Z
Los Angeles Lakers at Oklahoma City Thunder,BetMGM,player_rebounds,Shai Gilgeous-Alexander,Under,3.5,120,2026-05-06T23:33:35Z
Los Angeles Lakers at Oklahoma City Thunder,BetMGM,player_rebounds,Luguentz Dort,Over,2.5,-155,2026-05-06T23:33:35Z
Los Angeles Lakers at Oklahoma City Thunder,BetMGM,player_rebounds,Luguentz Dort,Under,2.5,115,2026-05-06T23:33:35Z
Los Angeles Lakers at Oklahoma City Thunder,BetMGM,player_rebounds,Chet Holmgren,Over,8.5,-135,2026-05-06T23:33:35Z
Los Angeles Lakers at Oklahoma City Thunder,BetMGM,player_rebounds,Chet Holmgren,Under,8.5,100,2026-05-06T23:33:35Z
Los Angeles Lakers at Oklahoma City Thunder,BetMGM,player_rebounds,Marcus Smart,Over,3.5,120,2026-05-06T23:33:35Z
Los Angeles Lakers at Oklahoma City Thunder,BetMGM,player_rebounds,Marcus Smart,Under,3.5,-160,2026-05-06T23:33:35Z
Los Angeles Lakers at Oklahoma City Thunder,BetMGM,player_rebounds,Rui Hachimura,Over,3.5,-145,2026-05-06T23:33:35Z
Los Angeles Lakers at Oklahoma City Thunder,BetMGM,player_rebounds,Rui Hachimura,Under,3.5,105,2026-05-06T23:33:35Z
Los Angeles Lakers at Oklahoma City Thunder,BetMGM,player_rebounds,Austin Reaves,Over,4.5,-105,2026-05-06T23:33:35Z
Los Angeles Lakers at Oklahoma City Thunder,BetMGM,player_rebounds,Austin Reaves,Under,4.5,-125,2026-05-06T23:33:35Z
Los Angeles Lakers at Oklahoma City Thunder,BetMGM,player_rebounds,LeBron James,Over,6.5,-140,2026-05-06T23:33:35Z
Los Angeles Lakers at Oklahoma City Thunder,BetMGM,player_rebounds,LeBron James,Under,6.5,105,2026-05-06T23:33:35Z
Los Angeles Lakers at Oklahoma City Thunder,BetMGM,player_rebounds,Deandre Ayton,Over,8.5,-130,2026-05-06T23:33:35Z
Los Angeles Lakers at Oklahoma City Thunder,BetMGM,player_rebounds,Deandre Ayton,Under,8.5,-105,2026-05-06T23:33:35Z
Los Angeles Lakers at Oklahoma City Thunder,BetMGM,player_rebounds,Isaiah Hartenstein,Over,8.5,110,2026-05-06T23:33:35Z
Los Angeles Lakers at Oklahoma City Thunder,BetMGM,player_rebounds,Isaiah Hartenstein,Under,8.5,-150,2026-05-06T23:33:35Z
Los Angeles Lakers at Oklahoma City Thunder,BetMGM,player_rebounds,Alex Caruso,Over,2.5,-165,2026-05-06T23:33:35Z
Los Angeles Lakers at Oklahoma City Thunder,BetMGM,player_rebounds,Alex Caruso,Under,2.5,125,2026-05-06T23:33:35Z
Los Angeles Lakers at Oklahoma City Thunder,BetMGM,player_rebounds,Jaylin Williams,Over,3.5,-111,2026-05-06T23:33:35Z
Los Angeles Lakers at Oklahoma City Thunder,BetMGM,player_rebounds,Jaylin Williams,Under,3.5,-120,2026-05-06T23:33:35Z
Los Angeles Lakers at Oklahoma City Thunder,BetMGM,player_rebounds,Luke Kennard,Over,3.5,135,2026-05-06T23:33:35Z
Los Angeles Lakers at Oklahoma City Thunder,BetMGM,player_rebounds,Luke Kennard,Under,3.5,-185,2026-05-06T23:33:35Z
Los Angeles Lakers at Oklahoma City Thunder,BetMGM,player_rebounds,Jaxson Hayes,Over,3.5,-150,2026-05-06T23:33:35Z
Los Angeles Lakers at Oklahoma City Thunder,BetMGM,player_rebounds,Jaxson Hayes,Under,3.5,110,2026-05-06T23:33:35Z
Los Angeles Lakers at Oklahoma City Thunder,BetMGM,player_threes,Ajay Mitchell,Over,1.5,-105,2026-05-06T23:33:35Z
Los Angeles Lakers at Oklahoma City Thunder,BetMGM,player_threes,Ajay Mitchell,Under,1.5,-125,2026-05-06T23:33:35Z
Los Angeles Lakers at Oklahoma City Thunder,BetMGM,player_threes,Shai Gilgeous-Alexander,Over,1.5,105,2026-05-06T23:33:35Z
Los Angeles Lakers at Oklahoma City Thunder,BetMGM,player_threes,Shai Gilgeous-Alexander,Under,1.5,-140,2026-05-06T23:33:35Z
Los Angeles Lakers at Oklahoma City Thunder,BetMGM,player_threes,Luguentz Dort,Over,1.5,-135,2026-05-06T23:33:35Z
Los Angeles Lakers at Oklahoma City Thunder,BetMGM,player_threes,Luguentz Dort,Under,1.5,100,2026-05-06T23:33:35Z
Los Angeles Lakers at Oklahoma City Thunder,BetMGM,player_threes,Chet Holmgren,Over,1.5,115,2026-05-06T23:33:35Z
Los Angeles Lakers at Oklahoma City Thunder,BetMGM,player_threes,Chet Holmgren,Under,1.5,-155,2026-05-06T23:33:35Z
Los Angeles Lakers at Oklahoma City Thunder,BetMGM,player_threes,Marcus Smart,Over,1.5,-135,2026-05-06T23:33:35Z
Los Angeles Lakers at Oklahoma City Thunder,BetMGM,player_threes,Marcus Smart,Under,1.5,100,2026-05-06T23:33:35Z
Los Angeles Lakers at Oklahoma City Thunder,BetMGM,player_threes,Rui Hachimura,Over,1.5,-150,2026-05-06T23:33:35Z
Los Angeles Lakers at Oklahoma City Thunder,BetMGM,player_threes,Rui Hachimura,Under,1.5,110,2026-05-06T23:33:35Z
Los Angeles Lakers at Oklahoma City Thunder,BetMGM,player_threes,LeBron James,Over,1.5,140,2026-05-06T23:33:35Z
Los Angeles Lakers at Oklahoma City Thunder,BetMGM,player_threes,LeBron James,Under,1.5,-190,2026-05-06T23:33:35Z
Los Angeles Lakers at Oklahoma City Thunder,BetMGM,player_threes,Austin Reaves,Over,1.5,-200,2026-05-06T23:33:35Z
Los Angeles Lakers at Oklahoma City Thunder,BetMGM,player_threes,Austin Reaves,Under,1.5,145,2026-05-06T23:33:35Z
Los Angeles Lakers at Oklahoma City Thunder,BetMGM,player_threes,Cason Wallace,Over,1.5,155,2026-05-06T23:33:35Z
Los Angeles Lakers at Oklahoma City Thunder,BetMGM,player_threes,Cason Wallace,Under,1.5,-210,2026-05-06T23:33:35Z
Los Angeles Lakers at Oklahoma City Thunder,BetMGM,player_threes,Isaiah Joe,Over,1.5,-140,2026-05-06T23:33:35Z
Los Angeles Lakers at Oklahoma City Thunder,BetMGM,player_threes,Isaiah Joe,Under,1.5,105,2026-05-06T23:33:35Z
Los Angeles Lakers at Oklahoma City Thunder,BetMGM,player_threes,Alex Caruso,Over,1.5,120,2026-05-06T23:33:35Z
Los Angeles Lakers at Oklahoma City Thunder,BetMGM,player_threes,Alex Caruso,Under,1.5,-160,2026-05-06T23:33:35Z
Los Angeles Lakers at Oklahoma City Thunder,BetMGM,player_threes,Luke Kennard,Over,1.5,120,2026-05-06T23:33:35Z
Los Angeles Lakers at Oklahoma City Thunder,BetMGM,player_threes,Luke Kennard,Under,1.5,-160,2026-05-06T23:33:35Z
Los Angeles Lakers at Oklahoma City Thunder,FanDuel,player_assists,LeBron James,Over,7.5,-118,2026-05-06T23:33:41Z
Los Angeles Lakers at Oklahoma City Thunder,FanDuel,player_assists,LeBron James,Under,7.5,-112,2026-05-06T23:33:41Z
Los Angeles Lakers at Oklahoma City Thunder,FanDuel,player_assists,Marcus Smart,Over,3.5,-114,2026-05-06T23:33:41Z
Los Angeles Lakers at Oklahoma City Thunder,FanDuel,player_assists,Marcus Smart,Under,3.5,-114,2026-05-06T23:33:41Z
Los Angeles Lakers at Oklahoma City Thunder,FanDuel,player_assists,Shai Gilgeous-Alexander,Over,7.5,102,2026-05-06T23:33:41Z
Los Angeles Lakers at Oklahoma City Thunder,FanDuel,player_assists,Shai Gilgeous-Alexander,Under,7.5,-136,2026-05-06T23:33:41Z
Los Angeles Lakers at Oklahoma City Thunder,FanDuel,player_assists,Austin Reaves,Over,5.5,116,2026-05-06T23:33:41Z
Los Angeles Lakers at Oklahoma City Thunder,FanDuel,player_assists,Austin Reaves,Under,5.5,-154,2026-05-06T23:33:41Z
Los Angeles Lakers at Oklahoma City Thunder,FanDuel,player_assists,Luke Kennard,Over,1.5,-178,2026-05-06T23:33:41Z
Los Angeles Lakers at Oklahoma City Thunder,FanDuel,player_assists,Luke Kennard,Under,1.5,132,2026-05-06T23:33:41Z
Los Angeles Lakers at Oklahoma City Thunder,FanDuel,player_assists,Ajay Mitchell,Over,3.5,-158,2026-05-06T23:33:41Z
Los Angeles Lakers at Oklahoma City Thunder,FanDuel,player_assists,Ajay Mitchell,Under,3.5,118,2026-05-06T23:33:41Z
Los Angeles Lakers at Oklahoma City Thunder,FanDuel,player_assists,Chet Holmgren,Over,1.5,102,2026-05-06T23:33:41Z
Los Angeles Lakers at Oklahoma City Thunder,FanDuel,player_assists,Chet Holmgren,Under,1.5,-136,2026-05-06T23:33:41Z
Los Angeles Lakers at Oklahoma City Thunder,FanDuel,player_assists,Isaiah Hartenstein,Over,3.5,140,2026-05-06T23:33:41Z
Los Angeles Lakers at Oklahoma City Thunder,FanDuel,player_assists,Isaiah Hartenstein,Under,3.5,-188,2026-05-06T23:33:41Z
Los Angeles Lakers at Oklahoma City Thunder,FanDuel,player_blocks,Chet Holmgren,Over,1.5,-146,2026-05-06T23:33:41Z
Los Angeles Lakers at Oklahoma City Thunder,FanDuel,player_blocks,Chet Holmgren,Under,1.5,110,2026-05-06T23:33:41Z
Los Angeles Lakers at Oklahoma City Thunder,FanDuel,player_points,Austin Reaves,Over,18.5,-112,2026-05-06T23:33:41Z
Los Angeles Lakers at Oklahoma City Thunder,FanDuel,player_points,Austin Reaves,Under,18.5,-118,2026-05-06T23:33:41Z
Los Angeles Lakers at Oklahoma City Thunder,FanDuel,player_points,Jake LaRavia,Over,3.5,-108,2026-05-06T23:33:41Z
Los Angeles Lakers at Oklahoma City Thunder,FanDuel,player_points,Jake LaRavia,Under,3.5,-122,2026-05-06T23:33:41Z
Los Angeles Lakers at Oklahoma City Thunder,FanDuel,player_points,Cason Wallace,Over,6.5,-132,2026-05-06T23:33:41Z
Los Angeles Lakers at Oklahoma City Thunder,FanDuel,player_points,Cason Wallace,Under,6.5,100,2026-05-06T23:33:41Z
Los Angeles Lakers at Oklahoma City Thunder,FanDuel,player_points,Chet Holmgren,Over,16.5,-102,2026-05-06T23:33:41Z
Los Angeles Lakers at Oklahoma City Thunder,FanDuel,player_points,Chet Holmgren,Under,16.5,-128,2026-05-06T23:33:41Z
Los Angeles Lakers at Oklahoma City Thunder,FanDuel,player_points,Luke Kennard,Over,7.5,-122,2026-05-06T23:33:41Z
Los Angeles Lakers at Oklahoma City Thunder,FanDuel,player_points,Luke Kennard,Under,7.5,-108,2026-05-06T23:33:41Z
Los Angeles Lakers at Oklahoma City Thunder,FanDuel,player_points,Shai Gilgeous-Alexander,Over,28.5,-125,2026-05-06T23:33:41Z
Los Angeles Lakers at Oklahoma City Thunder,FanDuel,player_points,Shai Gilgeous-Alexander,Under,28.5,-106,2026-05-06T23:33:41Z
Los Angeles Lakers at Oklahoma City Thunder,FanDuel,player_points,Jaylin Williams,Over,3.5,-108,2026-05-06T23:33:41Z
Los Angeles Lakers at Oklahoma City Thunder,FanDuel,player_points,Jaylin Williams,Under,3.5,-122,2026-05-06T23:33:41Z
Los Angeles Lakers at Oklahoma City Thunder,FanDuel,player_points,LeBron James,Over,20.5,-125,2026-05-06T23:33:41Z
Los Angeles Lakers at Oklahoma City Thunder,FanDuel,player_points,LeBron James,Under,20.5,-106,2026-05-06T23:33:41Z
Los Angeles Lakers at Oklahoma City Thunder,FanDuel,player_points,Jaxson Hayes,Over,4.5,100,2026-05-06T23:33:41Z
Los Angeles Lakers at Oklahoma City Thunder,FanDuel,player_points,Jaxson Hayes,Under,4.5,-132,2026-05-06T23:33:41Z
Los Angeles Lakers at Oklahoma City Thunder,FanDuel,player_points,Isaiah Joe,Over,6.5,-114,2026-05-06T23:33:41Z
Los Angeles Lakers at Oklahoma City Thunder,FanDuel,player_points,Isaiah Joe,Under,6.5,-114,2026-05-06T23:33:41Z
Los Angeles Lakers at Oklahoma City Thunder,FanDuel,player_points,Luguentz Dort,Over,6.5,-125,2026-05-06T23:33:41Z
Los Angeles Lakers at Oklahoma City Thunder,FanDuel,player_points,Luguentz Dort,Under,6.5,-106,2026-05-06T23:33:41Z
Los Angeles Lakers at Oklahoma City Thunder,FanDuel,player_points,Deandre Ayton,Over,9.5,-118,2026-05-06T23:33:41Z
Los Angeles Lakers at Oklahoma City Thunder,FanDuel,player_points,Deandre Ayton,Under,9.5,-112,2026-05-06T23:33:41Z
Los Angeles Lakers at Oklahoma City Thunder,FanDuel,player_points,Rui Hachimura,Over,12.5,-122,2026-05-06T23:33:41Z
Los Angeles Lakers at Oklahoma City Thunder,FanDuel,player_points,Rui Hachimura,Under,12.5,-108,2026-05-06T23:33:41Z
Los Angeles Lakers at Oklahoma City Thunder,FanDuel,player_points,Ajay Mitchell,Over,16.5,-112,2026-05-06T23:33:41Z
Los Angeles Lakers at Oklahoma City Thunder,FanDuel,player_points,Ajay Mitchell,Under,16.5,-118,2026-05-06T23:33:41Z
Los Angeles Lakers at Oklahoma City Thunder,FanDuel,player_points,Marcus Smart,Over,10.5,-104,2026-05-06T23:33:41Z
Los Angeles Lakers at Oklahoma City Thunder,FanDuel,player_points,Marcus Smart,Under,10.5,-128,2026-05-06T23:33:41Z
Los Angeles Lakers at Oklahoma City Thunder,FanDuel,player_points,Isaiah Hartenstein,Over,7.5,-130,2026-05-06T23:33:41Z
Los Angeles Lakers at Oklahoma City Thunder,FanDuel,player_points,Isaiah Hartenstein,Under,7.5,-102,2026-05-06T23:33:41Z
Los Angeles Lakers at Oklahoma City Thunder,FanDuel,player_points,Jared McCain,Over,3.5,102,2026-05-06T23:33:41Z
Los Angeles Lakers at Oklahoma City Thunder,FanDuel,player_points,Jared McCain,Under,3.5,-136,2026-05-06T23:33:41Z
Los Angeles Lakers at Oklahoma City Thunder,FanDuel,player_points,Alex Caruso,Over,6.5,-104,2026-05-06T23:33:41Z
Los Angeles Lakers at Oklahoma City Thunder,FanDuel,player_points,Alex Caruso,Under,6.5,-128,2026-05-06T23:33:41Z
Los Angeles Lakers at Oklahoma City Thunder,FanDuel,player_rebounds,Rui Hachimura,Over,3.5,-114,2026-05-06T23:33:41Z
Los Angeles Lakers at Oklahoma City Thunder,FanDuel,player_rebounds,Rui Hachimura,Under,3.5,-114,2026-05-06T23:33:41Z
Los Angeles Lakers at Oklahoma City Thunder,FanDuel,player_rebounds,Marcus Smart,Over,2.5,-182,2026-05-06T23:33:41Z
Los Angeles Lakers at Oklahoma City Thunder,FanDuel,player_rebounds,Marcus Smart,Under,2.5,136,2026-05-06T23:33:41Z
Los Angeles Lakers at Oklahoma City Thunder,FanDuel,player_rebounds,LeBron James,Over,6.5,-112,2026-05-06T23:33:41Z
Los Angeles Lakers at Oklahoma City Thunder,FanDuel,player_rebounds,LeBron James,Under,6.5,-118,2026-05-06T23:33:41Z
Los Angeles Lakers at Oklahoma City Thunder,FanDuel,player_rebounds,Jaxson Hayes,Over,3.5,-152,2026-05-06T23:33:41Z
Los Angeles Lakers at Oklahoma City Thunder,FanDuel,player_rebounds,Jaxson Hayes,Under,3.5,114,2026-05-06T23:33:41Z
Los Angeles Lakers at Oklahoma City Thunder,FanDuel,player_rebounds,Shai Gilgeous-Alexander,Over,4.5,122,2026-05-06T23:33:41Z
Los Angeles Lakers at Oklahoma City Thunder,FanDuel,player_rebounds,Shai Gilgeous-Alexander,Under,4.5,-162,2026-05-06T23:33:41Z
Los Angeles Lakers at Oklahoma City Thunder,FanDuel,player_rebounds,Austin Reaves,Over,4.5,102,2026-05-06T23:33:41Z
Los Angeles Lakers at Oklahoma City Thunder,FanDuel,player_rebounds,Austin Reaves,Under,4.5,-136,2026-05-06T23:33:41Z
Los Angeles Lakers at Oklahoma City Thunder,FanDuel,player_rebounds,Deandre Ayton,Over,8.5,-130,2026-05-06T23:33:41Z
Los Angeles Lakers at Oklahoma City Thunder,FanDuel,player_rebounds,Deandre Ayton,Under,8.5,-102,2026-05-06T23:33:41Z
Los Angeles Lakers at Oklahoma City Thunder,FanDuel,player_rebounds,Ajay Mitchell,Over,3.5,-104,2026-05-06T23:33:41Z
Los Angeles Lakers at Oklahoma City Thunder,FanDuel,player_rebounds,Ajay Mitchell,Under,3.5,-128,2026-05-06T23:33:41Z
Los Angeles Lakers at Oklahoma City Thunder,FanDuel,player_rebounds,Isaiah Hartenstein,Over,8.5,108,2026-05-06T23:33:41Z
Los Angeles Lakers at Oklahoma City Thunder,FanDuel,player_rebounds,Isaiah Hartenstein,Under,8.5,-144,2026-05-06T23:33:41Z
Los Angeles Lakers at Oklahoma City Thunder,FanDuel,player_rebounds,Chet Holmgren,Over,8.5,-122,2026-05-06T23:33:41Z
Los Angeles Lakers at Oklahoma City Thunder,FanDuel,player_rebounds,Chet Holmgren,Under,8.5,-108,2026-05-06T23:33:41Z
Los Angeles Lakers at Oklahoma City Thunder,FanDuel,player_rebounds,Luguentz Dort,Over,2.5,-182,2026-05-06T23:33:41Z
Los Angeles Lakers at Oklahoma City Thunder,FanDuel,player_rebounds,Luguentz Dort,Under,2.5,136,2026-05-06T23:33:41Z
Los Angeles Lakers at Oklahoma City Thunder,FanDuel,player_rebounds,Alex Caruso,Over,2.5,-128,2026-05-06T23:33:41Z
Los Angeles Lakers at Oklahoma City Thunder,FanDuel,player_rebounds,Alex Caruso,Under,2.5,-104,2026-05-06T23:33:41Z
Los Angeles Lakers at Oklahoma City Thunder,FanDuel,player_threes,LeBron James,Over,1.5,118,2026-05-06T23:33:41Z
Los Angeles Lakers at Oklahoma City Thunder,FanDuel,player_threes,LeBron James,Under,1.5,-158,2026-05-06T23:33:41Z
Los Angeles Lakers at Oklahoma City Thunder,FanDuel,player_threes,Marcus Smart,Over,1.5,-160,2026-05-06T23:33:41Z
Los Angeles Lakers at Oklahoma City Thunder,FanDuel,player_threes,Marcus Smart,Under,1.5,120,2026-05-06T23:33:41Z
Los Angeles Lakers at Oklahoma City Thunder,FanDuel,player_threes,Austin Reaves,Over,1.5,-160,2026-05-06T23:33:41Z
Los Angeles Lakers at Oklahoma City Thunder,FanDuel,player_threes,Austin Reaves,Under,1.5,120,2026-05-06T23:33:41Z
Los Angeles Lakers at Oklahoma City Thunder,FanDuel,player_threes,Ajay Mitchell,Over,1.5,118,2026-05-06T23:33:41Z
Los Angeles Lakers at Oklahoma City Thunder,FanDuel,player_threes,Ajay Mitchell,Under,1.5,-158,2026-05-06T23:33:41Z
Los Angeles Lakers at Oklahoma City Thunder,FanDuel,player_threes,Cason Wallace,Over,1.5,152,2026-05-06T23:33:41Z
Los Angeles Lakers at Oklahoma City Thunder,FanDuel,player_threes,Cason Wallace,Under,1.5,-200,2026-05-06T23:33:41Z
Los Angeles Lakers at Oklahoma City Thunder,FanDuel,player_threes,Shai Gilgeous-Alexander,Over,1.5,-106,2026-05-06T23:33:41Z
Los Angeles Lakers at Oklahoma City Thunder,FanDuel,player_threes,Shai Gilgeous-Alexander,Under,1.5,-125,2026-05-06T23:33:41Z
Los Angeles Lakers at Oklahoma City Thunder,FanDuel,player_threes,Chet Holmgren,Over,1.5,126,2026-05-06T23:33:41Z
Los Angeles Lakers at Oklahoma City Thunder,FanDuel,player_threes,Chet Holmgren,Under,1.5,-168,2026-05-06T23:33:41Z
Los Angeles Lakers at Oklahoma City Thunder,FanDuel,player_threes,Rui Hachimura,Over,1.5,-172,2026-05-06T23:33:41Z
Los Angeles Lakers at Oklahoma City Thunder,FanDuel,player_threes,Rui Hachimura,Under,1.5,128,2026-05-06T23:33:41Z
Los Angeles Lakers at Oklahoma City Thunder,FanDuel,player_threes,Luguentz Dort,Over,1.5,-138,2026-05-06T23:33:41Z
Los Angeles Lakers at Oklahoma City Thunder,FanDuel,player_threes,Luguentz Dort,Under,1.5,104,2026-05-06T23:33:41Z
Los Angeles Lakers at Oklahoma City Thunder,FanDuel,player_threes,Alex Caruso,Over,1.5,158,2026-05-06T23:33:41Z
Los Angeles Lakers at Oklahoma City Thunder,FanDuel,player_threes,Alex Caruso,Under,1.5,-215,2026-05-06T23:33:41Z
Los Angeles Lakers at Oklahoma City Thunder,BetRivers,player_assists,LeBron James,Over,7.5,-121,2026-05-06T23:34:34Z
Los Angeles Lakers at Oklahoma City Thunder,BetRivers,player_assists,LeBron James,Under,7.5,-113,2026-05-06T23:34:34Z
Los Angeles Lakers at Oklahoma City Thunder,BetRivers,player_assists,Ajay Mitchell,Over,3.5,-136,2026-05-06T23:34:34Z
Los Angeles Lakers at Oklahoma City Thunder,BetRivers,player_assists,Ajay Mitchell,Under,3.5,100,2026-05-06T23:34:34Z
Los Angeles Lakers at Oklahoma City Thunder,BetRivers,player_assists,Shai Gilgeous-Alexander,Over,7.5,108,2026-05-06T23:34:34Z
Los Angeles Lakers at Oklahoma City Thunder,BetRivers,player_assists,Shai Gilgeous-Alexander,Under,7.5,-148,2026-05-06T23:34:34Z
Los Angeles Lakers at Oklahoma City Thunder,BetRivers,player_assists,Isaiah Hartenstein,Over,3.5,132,2026-05-06T23:34:34Z
Los Angeles Lakers at Oklahoma City Thunder,BetRivers,player_assists,Isaiah Hartenstein,Under,3.5,-182,2026-05-06T23:34:34Z
Los Angeles Lakers at Oklahoma City Thunder,BetRivers,player_assists,Austin Reaves,Over,5.5,108,2026-05-06T23:34:34Z
Los Angeles Lakers at Oklahoma City Thunder,BetRivers,player_assists,Austin Reaves,Under,5.5,-148,2026-05-06T23:34:34Z
Los Angeles Lakers at Oklahoma City Thunder,BetRivers,player_assists,Luke Kennard,Over,1.5,-186,2026-05-06T23:34:34Z
Los Angeles Lakers at Oklahoma City Thunder,BetRivers,player_assists,Luke Kennard,Under,1.5,133,2026-05-06T23:34:34Z
Los Angeles Lakers at Oklahoma City Thunder,BetRivers,player_assists,Marcus Smart,Over,3.5,-114,2026-05-06T23:34:34Z
Los Angeles Lakers at Oklahoma City Thunder,BetRivers,player_assists,Marcus Smart,Under,3.5,-120,2026-05-06T23:34:34Z
Los Angeles Lakers at Oklahoma City Thunder,BetRivers,player_assists,Chet Holmgren,Over,1.5,-107,2026-05-06T23:34:34Z
Los Angeles Lakers at Oklahoma City Thunder,BetRivers,player_assists,Chet Holmgren,Under,1.5,-127,2026-05-06T23:34:34Z
Los Angeles Lakers at Oklahoma City Thunder,BetRivers,player_points,Deandre Ayton,Over,8.5,-150,2026-05-06T23:34:34Z
Los Angeles Lakers at Oklahoma City Thunder,BetRivers,player_points,Deandre Ayton,Under,8.5,110,2026-05-06T23:34:34Z
Los Angeles Lakers at Oklahoma City Thunder,BetRivers,player_points,Cason Wallace,Over,6.5,-129,2026-05-06T23:34:34Z
Los Angeles Lakers at Oklahoma City Thunder,BetRivers,player_points,Cason Wallace,Under,6.5,-106,2026-05-06T23:34:34Z
Los Angeles Lakers at Oklahoma City Thunder,BetRivers,player_points,Ajay Mitchell,Over,15.5,-134,2026-05-06T23:34:34Z
Los Angeles Lakers at Oklahoma City Thunder,BetRivers,player_points,Ajay Mitchell,Under,15.5,-104,2026-05-06T23:34:34Z
Los Angeles Lakers at Oklahoma City Thunder,BetRivers,player_points,Austin Reaves,Over,17.5,-150,2026-05-06T23:34:34Z
Los Angeles Lakers at Oklahoma City Thunder,BetRivers,player_points,Austin Reaves,Under,17.5,110,2026-05-06T23:34:34Z
Los Angeles Lakers at Oklahoma City Thunder,BetRivers,player_points,Alex Caruso,Over,5.5,-162,2026-05-06T23:34:34Z
Los Angeles Lakers at Oklahoma City Thunder,BetRivers,player_points,Alex Caruso,Under,5.5,118,2026-05-06T23:34:34Z
Los Angeles Lakers at Oklahoma City Thunder,BetRivers,player_points,Rui Hachimura,Over,13.5,106,2026-05-06T23:34:34Z
Los Angeles Lakers at Oklahoma City Thunder,BetRivers,player_points,Rui Hachimura,Under,13.5,-143,2026-05-06T23:34:34Z
Los Angeles Lakers at Oklahoma City Thunder,BetRivers,player_points,Marcus Smart,Over,10.5,-103,2026-05-06T23:34:34Z
Los Angeles Lakers at Oklahoma City Thunder,BetRivers,player_points,Marcus Smart,Under,10.5,-134,2026-05-06T23:34:34Z
Los Angeles Lakers at Oklahoma City Thunder,BetRivers,player_points,Austin Reaves,Over,18.5,-115,2026-05-06T23:34:34Z
Los Angeles Lakers at Oklahoma City Thunder,BetRivers,player_points,Austin Reaves,Under,18.5,-117,2026-05-06T23:34:34Z
Los Angeles Lakers at Oklahoma City Thunder,BetRivers,player_points,Shai Gilgeous-Alexander,Over,27.5,-157,2026-05-06T23:34:34Z
Los Angeles Lakers at Oklahoma City Thunder,BetRivers,player_points,Shai Gilgeous-Alexander,Under,27.5,115,2026-05-06T23:34:34Z
Los Angeles Lakers at Oklahoma City Thunder,BetRivers,player_points,Ajay Mitchell,Over,16.5,100,2026-05-06T23:34:34Z
Los Angeles Lakers at Oklahoma City Thunder,BetRivers,player_points,Ajay Mitchell,Under,16.5,-136,2026-05-06T23:34:34Z
Los Angeles Lakers at Oklahoma City Thunder,BetRivers,player_points,Deandre Ayton,Over,9.5,-113,2026-05-06T23:34:34Z
Los Angeles Lakers at Oklahoma City Thunder,BetRivers,player_points,Deandre Ayton,Under,9.5,-121,2026-05-06T23:34:34Z
Los Angeles Lakers at Oklahoma City Thunder,BetRivers,player_points,Jaxson Hayes,Over,4.5,-105,2026-05-06T23:34:34Z
Los Angeles Lakers at Oklahoma City Thunder,BetRivers,player_points,Jaxson Hayes,Under,4.5,-130,2026-05-06T23:34:34Z
Los Angeles Lakers at Oklahoma City Thunder,BetRivers,player_points,LeBron James,Over,20.5,-125,2026-05-06T23:34:34Z
Los Angeles Lakers at Oklahoma City Thunder,BetRivers,player_points,LeBron James,Under,20.5,-108,2026-05-06T23:34:34Z
Los Angeles Lakers at Oklahoma City Thunder,BetRivers,player_points,LeBron James,Over,19.5,-162,2026-05-06T23:34:34Z
Los Angeles Lakers at Oklahoma City Thunder,BetRivers,player_points,LeBron James,Under,19.5,118,2026-05-06T23:34:34Z
Los Angeles Lakers at Oklahoma City Thunder,BetRivers,player_points,Chet Holmgren,Over,16.5,-107,2026-05-06T23:34:34Z
Los Angeles Lakers at Oklahoma City Thunder,BetRivers,player_points,Chet Holmgren,Under,16.5,-127,2026-05-06T23:34:34Z
Los Angeles Lakers at Oklahoma City Thunder,BetRivers,player_points,Marcus Smart,Over,9.5,-139,2026-05-06T23:34:34Z
Los Angeles Lakers at Oklahoma City Thunder,BetRivers,player_points,Marcus Smart,Under,9.5,102,2026-05-06T23:34:34Z
Los Angeles Lakers at Oklahoma City Thunder,BetRivers,player_points,Luguentz Dort,Over,7.5,-105,2026-05-06T23:34:34Z
Los Angeles Lakers at Oklahoma City Thunder,BetRivers,player_points,Luguentz Dort,Under,7.5,-130,2026-05-06T23:34:34Z
Los Angeles Lakers at Oklahoma City Thunder,BetRivers,player_points,Luke Kennard,Over,7.5,-121,2026-05-06T23:34:34Z
Los Angeles Lakers at Oklahoma City Thunder,BetRivers,player_points,Luke Kennard,Under,7.5,-113,2026-05-06T23:34:34Z
Los Angeles Lakers at Oklahoma City Thunder,BetRivers,player_points,Austin Reaves,Over,19.5,110,2026-05-06T23:34:34Z
Los Angeles Lakers at Oklahoma City Thunder,BetRivers,player_points,Austin Reaves,Under,19.5,-150,2026-05-06T23:34:34Z
Los Angeles Lakers at Oklahoma City Thunder,BetRivers,player_points,Rui Hachimura,Over,12.5,-127,2026-05-06T23:34:34Z
Los Angeles Lakers at Oklahoma City Thunder,BetRivers,player_points,Rui Hachimura,Under,12.5,-108,2026-05-06T23:34:34Z
Los Angeles Lakers at Oklahoma City Thunder,BetRivers,player_points,Shai Gilgeous-Alexander,Over,29.5,-103,2026-05-06T23:34:34Z
Los Angeles Lakers at Oklahoma City Thunder,BetRivers,player_points,Shai Gilgeous-Alexander,Under,29.5,-134,2026-05-06T23:34:34Z
Los Angeles Lakers at Oklahoma City Thunder,BetRivers,player_points,Chet Holmgren,Over,15.5,-139,2026-05-06T23:34:34Z
Los Angeles Lakers at Oklahoma City Thunder,BetRivers,player_points,Chet Holmgren,Under,15.5,102,2026-05-06T23:34:34Z
Los Angeles Lakers at Oklahoma City Thunder,BetRivers,player_points,Luguentz Dort,Over,6.5,-127,2026-05-06T23:34:34Z
Los Angeles Lakers at Oklahoma City Thunder,BetRivers,player_points,Luguentz Dort,Under,6.5,-107,2026-05-06T23:34:34Z
Los Angeles Lakers at Oklahoma City Thunder,BetRivers,player_points,Isaiah Joe,Over,6.5,-105,2026-05-06T23:34:34Z
Los Angeles Lakers at Oklahoma City Thunder,BetRivers,player_points,Isaiah Joe,Under,6.5,-130,2026-05-06T23:34:34Z
Los Angeles Lakers at Oklahoma City Thunder,BetRivers,player_points,Shai Gilgeous-Alexander,Over,28.5,-125,2026-05-06T23:34:34Z
Los Angeles Lakers at Oklahoma City Thunder,BetRivers,player_points,Shai Gilgeous-Alexander,Under,28.5,-109,2026-05-06T23:34:34Z
Los Angeles Lakers at Oklahoma City Thunder,BetRivers,player_points,Cason Wallace,Over,7.5,112,2026-05-06T23:34:34Z
Los Angeles Lakers at Oklahoma City Thunder,BetRivers,player_points,Cason Wallace,Under,7.5,-155,2026-05-06T23:34:34Z
Los Angeles Lakers at Oklahoma City Thunder,BetRivers,player_points,Isaiah Joe,Over,7.5,115,2026-05-06T23:34:34Z
Los Angeles Lakers at Oklahoma City Thunder,BetRivers,player_points,Isaiah Joe,Under,7.5,-157,2026-05-06T23:34:34Z
Los Angeles Lakers at Oklahoma City Thunder,BetRivers,player_points,Alex Caruso,Over,6.5,-109,2026-05-06T23:34:34Z
Los Angeles Lakers at Oklahoma City Thunder,BetRivers,player_points,Alex Caruso,Under,6.5,-125,2026-05-06T23:34:34Z
Los Angeles Lakers at Oklahoma City Thunder,BetRivers,player_points,Isaiah Hartenstein,Over,8.5,120,2026-05-06T23:34:34Z
Los Angeles Lakers at Oklahoma City Thunder,BetRivers,player_points,Isaiah Hartenstein,Under,8.5,-167,2026-05-06T23:34:34Z
Los Angeles Lakers at Oklahoma City Thunder,BetRivers,player_points,LeBron James,Over,21.5,100,2026-05-06T23:34:34Z
Los Angeles Lakers at Oklahoma City Thunder,BetRivers,player_points,LeBron James,Under,21.5,-136,2026-05-06T23:34:34Z
Los Angeles Lakers at Oklahoma City Thunder,BetRivers,player_points,Isaiah Hartenstein,Over,7.5,-136,2026-05-06T23:34:34Z
Los Angeles Lakers at Oklahoma City Thunder,BetRivers,player_points,Isaiah Hartenstein,Under,7.5,100,2026-05-06T23:34:34Z
Los Angeles Lakers at Oklahoma City Thunder,BetRivers,player_rebounds,Deandre Ayton,Over,8.5,-134,2026-05-06T23:34:34Z
Los Angeles Lakers at Oklahoma City Thunder,BetRivers,player_rebounds,Deandre Ayton,Under,8.5,-103,2026-05-06T23:34:34Z
Los Angeles Lakers at Oklahoma City Thunder,BetRivers,player_rebounds,LeBron James,Over,6.5,-120,2026-05-06T23:34:34Z
Los Angeles Lakers at Oklahoma City Thunder,BetRivers,player_rebounds,LeBron James,Under,6.5,-114,2026-05-06T23:34:34Z
Los Angeles Lakers at Oklahoma City Thunder,BetRivers,player_rebounds,Luke Kennard,Over,2.5,-148,2026-05-06T23:34:34Z
Los Angeles Lakers at Oklahoma City Thunder,BetRivers,player_rebounds,Luke Kennard,Under,2.5,108,2026-05-06T23:34:34Z
Los Angeles Lakers at Oklahoma City Thunder,BetRivers,player_rebounds,Rui Hachimura,Over,3.5,-117,2026-05-06T23:34:34Z
Los Angeles Lakers at Oklahoma City Thunder,BetRivers,player_rebounds,Rui Hachimura,Under,3.5,-115,2026-05-06T23:34:34Z
Los Angeles Lakers at Oklahoma City Thunder,BetRivers,player_rebounds,Jaxson Hayes,Over,3.5,-148,2026-05-06T23:34:34Z
Los Angeles Lakers at Oklahoma City Thunder,BetRivers,player_rebounds,Jaxson Hayes,Under,3.5,108,2026-05-06T23:34:34Z
Los Angeles Lakers at Oklahoma City Thunder,BetRivers,player_rebounds,Austin Reaves,Over,4.5,107,2026-05-06T23:34:34Z
Los Angeles Lakers at Oklahoma City Thunder,BetRivers,player_rebounds,Austin Reaves,Under,4.5,-143,2026-05-06T23:34:34Z
Los Angeles Lakers at Oklahoma City Thunder,BetRivers,player_rebounds,Alex Caruso,Over,2.5,-132,2026-05-06T23:34:34Z
Los Angeles Lakers at Oklahoma City Thunder,BetRivers,player_rebounds,Alex Caruso,Under,2.5,-104,2026-05-06T23:34:34Z
Los Angeles Lakers at Oklahoma City Thunder,BetRivers,player_rebounds,Chet Holmgren,Over,8.5,-130,2026-05-06T23:34:34Z
Los Angeles Lakers at Oklahoma City Thunder,BetRivers,player_rebounds,Chet Holmgren,Under,8.5,-105,2026-05-06T23:34:34Z
Los Angeles Lakers at Oklahoma City Thunder,BetRivers,player_rebounds,Ajay Mitchell,Over,3.5,-117,2026-05-06T23:34:34Z
Los Angeles Lakers at Oklahoma City Thunder,BetRivers,player_rebounds,Ajay Mitchell,Under,3.5,-117,2026-05-06T23:34:34Z
Los Angeles Lakers at Oklahoma City Thunder,BetRivers,player_rebounds,Luguentz Dort,Over,2.5,-182,2026-05-06T23:34:34Z
Los Angeles Lakers at Oklahoma City Thunder,BetRivers,player_rebounds,Luguentz Dort,Under,2.5,132,2026-05-06T23:34:34Z
Los Angeles Lakers at Oklahoma City Thunder,BetRivers,player_rebounds,Marcus Smart,Over,2.5,-180,2026-05-06T23:34:34Z
Los Angeles Lakers at Oklahoma City Thunder,BetRivers,player_rebounds,Marcus Smart,Under,2.5,132,2026-05-06T23:34:34Z
Los Angeles Lakers at Oklahoma City Thunder,BetRivers,player_rebounds,Shai Gilgeous-Alexander,Over,4.5,112,2026-05-06T23:34:34Z
Los Angeles Lakers at Oklahoma City Thunder,BetRivers,player_rebounds,Shai Gilgeous-Alexander,Under,4.5,-155,2026-05-06T23:34:34Z
Los Angeles Lakers at Oklahoma City Thunder,BetRivers,player_rebounds,Isaiah Hartenstein,Over,8.5,102,2026-05-06T23:34:34Z
Los Angeles Lakers at Oklahoma City Thunder,BetRivers,player_rebounds,Isaiah Hartenstein,Under,8.5,-139,2026-05-06T23:34:34Z
Los Angeles Lakers at Oklahoma City Thunder,BetRivers,player_threes,LeBron James,Over,1.5,118,2026-05-06T23:34:34Z
Los Angeles Lakers at Oklahoma City Thunder,BetRivers,player_threes,LeBron James,Under,1.5,-159,2026-05-06T23:34:34Z
Los Angeles Lakers at Oklahoma City Thunder,BetRivers,player_threes,Alex Caruso,Over,1.5,155,2026-05-06T23:34:34Z
Los Angeles Lakers at Oklahoma City Thunder,BetRivers,player_threes,Alex Caruso,Under,1.5,-215,2026-05-06T23:34:34Z
Los Angeles Lakers at Oklahoma City Thunder,BetRivers,player_threes,Luguentz Dort,Over,1.5,-143,2026-05-06T23:34:34Z
Los Angeles Lakers at Oklahoma City Thunder,BetRivers,player_threes,Luguentz Dort,Under,1.5,105,2026-05-06T23:34:34Z
Los Angeles Lakers at Oklahoma City Thunder,BetRivers,player_threes,Shai Gilgeous-Alexander,Over,1.5,-109,2026-05-06T23:34:34Z
Los Angeles Lakers at Oklahoma City Thunder,BetRivers,player_threes,Shai Gilgeous-Alexander,Under,1.5,-124,2026-05-06T23:34:34Z
Los Angeles Lakers at Oklahoma City Thunder,BetRivers,player_threes,Cason Wallace,Over,1.5,148,2026-05-06T23:34:34Z
Los Angeles Lakers at Oklahoma City Thunder,BetRivers,player_threes,Cason Wallace,Under,1.5,-210,2026-05-06T23:34:34Z
Los Angeles Lakers at Oklahoma City Thunder,BetRivers,player_threes,Austin Reaves,Over,1.5,-165,2026-05-06T23:34:34Z
Los Angeles Lakers at Oklahoma City Thunder,BetRivers,player_threes,Austin Reaves,Under,1.5,120,2026-05-06T23:34:34Z
Los Angeles Lakers at Oklahoma City Thunder,BetRivers,player_threes,Marcus Smart,Over,1.5,-162,2026-05-06T23:34:34Z
Los Angeles Lakers at Oklahoma City Thunder,BetRivers,player_threes,Marcus Smart,Under,1.5,118,2026-05-06T23:34:34Z
Los Angeles Lakers at Oklahoma City Thunder,BetRivers,player_threes,Ajay Mitchell,Over,1.5,112,2026-05-06T23:34:34Z
Los Angeles Lakers at Oklahoma City Thunder,BetRivers,player_threes,Ajay Mitchell,Under,1.5,-155,2026-05-06T23:34:34Z
Los Angeles Lakers at Oklahoma City Thunder,BetRivers,player_threes,Chet Holmgren,Over,1.5,120,2026-05-06T23:34:34Z
Los Angeles Lakers at Oklahoma City Thunder,BetRivers,player_threes,Chet Holmgren,Under,1.5,-165,2026-05-06T23:34:34Z
Los Angeles Lakers at Oklahoma City Thunder,BetRivers,player_threes,Isaiah Joe,Over,1.5,-124,2026-05-06T23:34:34Z
Los Angeles Lakers at Oklahoma City Thunder,BetRivers,player_threes,Isaiah Joe,Under,1.5,-110,2026-05-06T23:34:34Z
Los Angeles Lakers at Oklahoma City Thunder,BetRivers,player_threes,Rui Hachimura,Over,1.5,-177,2026-05-06T23:34:34Z
Los Angeles Lakers at Oklahoma City Thunder,BetRivers,player_threes,Rui Hachimura,Under,1.5,128,2026-05-06T23:34:34Z
Los Angeles Lakers at Oklahoma City Thunder,BetRivers,player_threes,LeBron James,Over,1.5,118,2026-05-06T23:34:34Z
Los Angeles Lakers at Oklahoma City Thunder,BetRivers,player_threes,LeBron James,Under,1.5,-159,2026-05-06T23:34:34Z
Los Angeles Lakers at Oklahoma City Thunder,BetRivers,player_threes,Alex Caruso,Over,1.5,155,2026-05-06T23:34:34Z
Los Angeles Lakers at Oklahoma City Thunder,BetRivers,player_threes,Alex Caruso,Under,1.5,-215,2026-05-06T23:34:34Z
Los Angeles Lakers at Oklahoma City Thunder,BetRivers,player_threes,Luguentz Dort,Over,1.5,-143,2026-05-06T23:34:34Z
Los Angeles Lakers at Oklahoma City Thunder,BetRivers,player_threes,Luguentz Dort,Under,1.5,105,2026-05-06T23:34:34Z
Los Angeles Lakers at Oklahoma City Thunder,BetRivers,player_threes,Shai Gilgeous-Alexander,Over,1.5,-109,2026-05-06T23:34:34Z
Los Angeles Lakers at Oklahoma City Thunder,BetRivers,player_threes,Shai Gilgeous-Alexander,Under,1.5,-124,2026-05-06T23:34:34Z
Los Angeles Lakers at Oklahoma City Thunder,BetRivers,player_threes,Cason Wallace,Over,1.5,148,2026-05-06T23:34:34Z
Los Angeles Lakers at Oklahoma City Thunder,BetRivers,player_threes,Cason Wallace,Under,1.5,-210,2026-05-06T23:34:34Z
Los Angeles Lakers at Oklahoma City Thunder,BetRivers,player_threes,Austin Reaves,Over,1.5,-165,2026-05-06T23:34:34Z
Los Angeles Lakers at Oklahoma City Thunder,BetRivers,player_threes,Austin Reaves,Under,1.5,120,2026-05-06T23:34:34Z
Los Angeles Lakers at Oklahoma City Thunder,BetRivers,player_threes,Marcus Smart,Over,1.5,-162,2026-05-06T23:34:34Z
Los Angeles Lakers at Oklahoma City Thunder,BetRivers,player_threes,Marcus Smart,Under,1.5,118,2026-05-06T23:34:34Z
Los Angeles Lakers at Oklahoma City Thunder,BetRivers,player_threes,Ajay Mitchell,Over,1.5,112,2026-05-06T23:34:34Z
Los Angeles Lakers at Oklahoma City Thunder,BetRivers,player_threes,Ajay Mitchell,Under,1.5,-155,2026-05-06T23:34:34Z
Los Angeles Lakers at Oklahoma City Thunder,BetRivers,player_threes,Chet Holmgren,Over,1.5,120,2026-05-06T23:34:34Z
Los Angeles Lakers at Oklahoma City Thunder,BetRivers,player_threes,Chet Holmgren,Under,1.5,-165,2026-05-06T23:34:34Z
Los Angeles Lakers at Oklahoma City Thunder,BetRivers,player_threes,Isaiah Joe,Over,1.5,-124,2026-05-06T23:34:34Z
Los Angeles Lakers at Oklahoma City Thunder,BetRivers,player_threes,Isaiah Joe,Under,1.5,-110,2026-05-06T23:34:34Z
Los Angeles Lakers at Oklahoma City Thunder,BetRivers,player_threes,Rui Hachimura,Over,1.5,-177,2026-05-06T23:34:34Z
Los Angeles Lakers at Oklahoma City Thunder,BetRivers,player_threes,Rui Hachimura,Under,1.5,128,2026-05-06T23:34:34Z
Los Angeles Lakers at Oklahoma City Thunder,BetOnline.ag,player_assists,LeBron James,Over,7.5,-112,2026-05-06T23:33:54Z
Los Angeles Lakers at Oklahoma City Thunder,BetOnline.ag,player_assists,LeBron James,Under,7.5,-115,2026-05-06T23:33:54Z
Los Angeles Lakers at Oklahoma City Thunder,BetOnline.ag,player_assists,Austin Reaves,Over,5.5,117,2026-05-06T23:33:54Z
Los Angeles Lakers at Oklahoma City Thunder,BetOnline.ag,player_assists,Austin Reaves,Under,5.5,-152,2026-05-06T23:33:54Z
Los Angeles Lakers at Oklahoma City Thunder,BetOnline.ag,player_assists,Isaiah Hartenstein,Over,2.5,-167,2026-05-06T23:33:54Z
Los Angeles Lakers at Oklahoma City Thunder,BetOnline.ag,player_assists,Isaiah Hartenstein,Under,2.5,128,2026-05-06T23:33:54Z
Los Angeles Lakers at Oklahoma City Thunder,BetOnline.ag,player_assists,Ajay Mitchell,Over,3.5,-139,2026-05-06T23:33:54Z
Los Angeles Lakers at Oklahoma City Thunder,BetOnline.ag,player_assists,Ajay Mitchell,Under,3.5,107,2026-05-06T23:33:54Z
Los Angeles Lakers at Oklahoma City Thunder,BetOnline.ag,player_assists,Marcus Smart,Over,3.5,-116,2026-05-06T23:33:54Z
Los Angeles Lakers at Oklahoma City Thunder,BetOnline.ag,player_assists,Marcus Smart,Under,3.5,-111,2026-05-06T23:33:54Z
Los Angeles Lakers at Oklahoma City Thunder,BetOnline.ag,player_assists,Shai Gilgeous-Alexander,Over,7.5,112,2026-05-06T23:33:54Z
Los Angeles Lakers at Oklahoma City Thunder,BetOnline.ag,player_assists,Shai Gilgeous-Alexander,Under,7.5,-145,2026-05-06T23:33:54Z
Los Angeles Lakers at Oklahoma City Thunder,BetOnline.ag,player_assists,Cason Wallace,Over,2.5,136,2026-05-06T23:33:54Z
Los Angeles Lakers at Oklahoma City Thunder,BetOnline.ag,player_assists,Cason Wallace,Under,2.5,-179,2026-05-06T23:33:54Z
Los Angeles Lakers at Oklahoma City Thunder,BetOnline.ag,player_assists,Luke Kennard,Over,2.5,139,2026-05-06T23:33:54Z
Los Angeles Lakers at Oklahoma City Thunder,BetOnline.ag,player_assists,Luke Kennard,Under,2.5,-182,2026-05-06T23:33:54Z
Los Angeles Lakers at Oklahoma City Thunder,BetOnline.ag,player_points,Alex Caruso,Over,6.5,-111,2026-05-06T23:33:54Z
Los Angeles Lakers at Oklahoma City Thunder,BetOnline.ag,player_points,Alex Caruso,Under,6.5,-116,2026-05-06T23:33:54Z
Los Angeles Lakers at Oklahoma City Thunder,BetOnline.ag,player_points,LeBron James,Over,20.5,-123,2026-05-06T23:33:54Z
Los Angeles Lakers at Oklahoma City Thunder,BetOnline.ag,player_points,LeBron James,Under,20.5,-105,2026-05-06T23:33:54Z
Los Angeles Lakers at Oklahoma City Thunder,BetOnline.ag,player_points,Luguentz Dort,Over,6.5,-120,2026-05-06T23:33:54Z
Los Angeles Lakers at Oklahoma City Thunder,BetOnline.ag,player_points,Luguentz Dort,Under,6.5,-108,2026-05-06T23:33:54Z
Los Angeles Lakers at Oklahoma City Thunder,BetOnline.ag,player_points,Shai Gilgeous-Alexander,Over,28.5,-120,2026-05-06T23:33:54Z
Los Angeles Lakers at Oklahoma City Thunder,BetOnline.ag,player_points,Shai Gilgeous-Alexander,Under,28.5,-108,2026-05-06T23:33:54Z
Los Angeles Lakers at Oklahoma City Thunder,BetOnline.ag,player_points,Austin Reaves,Over,18.5,-114,2026-05-06T23:33:54Z
Los Angeles Lakers at Oklahoma City Thunder,BetOnline.ag,player_points,Austin Reaves,Under,18.5,-114,2026-05-06T23:33:54Z
Los Angeles Lakers at Oklahoma City Thunder,BetOnline.ag,player_points,Chet Holmgren,Over,16.5,-105,2026-05-06T23:33:54Z
Los Angeles Lakers at Oklahoma City Thunder,BetOnline.ag,player_points,Chet Holmgren,Under,16.5,-123,2026-05-06T23:33:54Z
Los Angeles Lakers at Oklahoma City Thunder,BetOnline.ag,player_points,Isaiah Joe,Over,6.5,-109,2026-05-06T23:33:54Z
Los Angeles Lakers at Oklahoma City Thunder,BetOnline.ag,player_points,Isaiah Joe,Under,6.5,-119,2026-05-06T23:33:54Z
Los Angeles Lakers at Oklahoma City Thunder,BetOnline.ag,player_points,Cason Wallace,Over,6.5,-123,2026-05-06T23:33:54Z
Los Angeles Lakers at Oklahoma City Thunder,BetOnline.ag,player_points,Cason Wallace,Under,6.5,-104,2026-05-06T23:33:54Z
Los Angeles Lakers at Oklahoma City Thunder,BetOnline.ag,player_points,Luke Kennard,Over,7.5,-119,2026-05-06T23:33:54Z
Los Angeles Lakers at Oklahoma City Thunder,BetOnline.ag,player_points,Luke Kennard,Under,7.5,-109,2026-05-06T23:33:54Z
Los Angeles Lakers at Oklahoma City Thunder,BetOnline.ag,player_points,Deandre Ayton,Over,9.5,-123,2026-05-06T23:33:54Z
Los Angeles Lakers at Oklahoma City Thunder,BetOnline.ag,player_points,Deandre Ayton,Under,9.5,-104,2026-05-06T23:33:54Z
Los Angeles Lakers at Oklahoma City Thunder,BetOnline.ag,player_points,Isaiah Hartenstein,Over,7.5,-119,2026-05-06T23:33:54Z
Los Angeles Lakers at Oklahoma City Thunder,BetOnline.ag,player_points,Isaiah Hartenstein,Under,7.5,-109,2026-05-06T23:33:54Z
Los Angeles Lakers at Oklahoma City Thunder,BetOnline.ag,player_points,Rui Hachimura,Over,12.5,-116,2026-05-06T23:33:54Z
Los Angeles Lakers at Oklahoma City Thunder,BetOnline.ag,player_points,Rui Hachimura,Under,12.5,-111,2026-05-06T23:33:54Z
Los Angeles Lakers at Oklahoma City Thunder,BetOnline.ag,player_points,Marcus Smart,Over,10.5,-106,2026-05-06T23:33:54Z
Los Angeles Lakers at Oklahoma City Thunder,BetOnline.ag,player_points,Marcus Smart,Under,10.5,-122,2026-05-06T23:33:54Z
Los Angeles Lakers at Oklahoma City Thunder,BetOnline.ag,player_points,Ajay Mitchell,Over,16.5,-109,2026-05-06T23:33:54Z
Los Angeles Lakers at Oklahoma City Thunder,BetOnline.ag,player_points,Ajay Mitchell,Under,16.5,-119,2026-05-06T23:33:54Z
Los Angeles Lakers at Oklahoma City Thunder,BetOnline.ag,player_rebounds,LeBron James,Over,6.5,-118,2026-05-06T23:34:01Z
Los Angeles Lakers at Oklahoma City Thunder,BetOnline.ag,player_rebounds,LeBron James,Under,6.5,-110,2026-05-06T23:34:01Z
Los Angeles Lakers at Oklahoma City Thunder,BetOnline.ag,player_rebounds,Alex Caruso,Over,2.5,-135,2026-05-06T23:34:01Z
Los Angeles Lakers at Oklahoma City Thunder,BetOnline.ag,player_rebounds,Alex Caruso,Under,2.5,104,2026-05-06T23:34:01Z
Los Angeles Lakers at Oklahoma City Thunder,BetOnline.ag,player_rebounds,Austin Reaves,Over,4.5,-101,2026-05-06T23:34:01Z
Los Angeles Lakers at Oklahoma City Thunder,BetOnline.ag,player_rebounds,Austin Reaves,Under,4.5,-128,2026-05-06T23:34:01Z
Los Angeles Lakers at Oklahoma City Thunder,BetOnline.ag,player_rebounds,Shai Gilgeous-Alexander,Over,4.5,128,2026-05-06T23:34:01Z
Los Angeles Lakers at Oklahoma City Thunder,BetOnline.ag,player_rebounds,Shai Gilgeous-Alexander,Under,4.5,-167,2026-05-06T23:34:01Z
Los Angeles Lakers at Oklahoma City Thunder,BetOnline.ag,player_rebounds,Luguentz Dort,Over,2.5,-156,2026-05-06T23:34:01Z
Los Angeles Lakers at Oklahoma City Thunder,BetOnline.ag,player_rebounds,Luguentz Dort,Under,2.5,121,2026-05-06T23:34:01Z
Los Angeles Lakers at Oklahoma City Thunder,BetOnline.ag,player_rebounds,Chet Holmgren,Over,8.5,-125,2026-05-06T23:34:01Z
Los Angeles Lakers at Oklahoma City Thunder,BetOnline.ag,player_rebounds,Chet Holmgren,Under,8.5,-103,2026-05-06T23:34:01Z
Los Angeles Lakers at Oklahoma City Thunder,BetOnline.ag,player_rebounds,Rui Hachimura,Over,3.5,-125,2026-05-06T23:34:01Z
Los Angeles Lakers at Oklahoma City Thunder,BetOnline.ag,player_rebounds,Rui Hachimura,Under,3.5,-103,2026-05-06T23:34:01Z
Los Angeles Lakers at Oklahoma City Thunder,BetOnline.ag,player_rebounds,Luke Kennard,Over,2.5,-154,2026-05-06T23:34:01Z
Los Angeles Lakers at Oklahoma City Thunder,BetOnline.ag,player_rebounds,Luke Kennard,Under,2.5,119,2026-05-06T23:34:01Z
Los Angeles Lakers at Oklahoma City Thunder,BetOnline.ag,player_rebounds,Ajay Mitchell,Over,3.5,-102,2026-05-06T23:34:01Z
Los Angeles Lakers at Oklahoma City Thunder,BetOnline.ag,player_rebounds,Ajay Mitchell,Under,3.5,-127,2026-05-06T23:34:01Z
Los Angeles Lakers at Oklahoma City Thunder,BetOnline.ag,player_rebounds,Isaiah Hartenstein,Over,8.5,112,2026-05-06T23:34:01Z
Los Angeles Lakers at Oklahoma City Thunder,BetOnline.ag,player_rebounds,Isaiah Hartenstein,Under,8.5,-145,2026-05-06T23:34:01Z
Los Angeles Lakers at Oklahoma City Thunder,BetOnline.ag,player_rebounds,Deandre Ayton,Over,8.5,-122,2026-05-06T23:34:01Z
Los Angeles Lakers at Oklahoma City Thunder,BetOnline.ag,player_rebounds,Deandre Ayton,Under,8.5,-106,2026-05-06T23:34:01Z
Los Angeles Lakers at Oklahoma City Thunder,BetOnline.ag,player_rebounds,Isaiah Joe,Over,1.5,-133,2026-05-06T23:34:01Z
Los Angeles Lakers at Oklahoma City Thunder,BetOnline.ag,player_rebounds,Isaiah Joe,Under,1.5,103,2026-05-06T23:34:01Z
Los Angeles Lakers at Oklahoma City Thunder,BetOnline.ag,player_rebounds,Cason Wallace,Over,2.5,-119,2026-05-06T23:34:01Z
Los Angeles Lakers at Oklahoma City Thunder,BetOnline.ag,player_rebounds,Cason Wallace,Under,2.5,-109,2026-05-06T23:34:01Z
Los Angeles Lakers at Oklahoma City Thunder,BetOnline.ag,player_rebounds,Marcus Smart,Over,3.5,130,2026-05-06T23:34:01Z
Los Angeles Lakers at Oklahoma City Thunder,BetOnline.ag,player_rebounds,Marcus Smart,Under,3.5,-169,2026-05-06T23:34:01Z
Los Angeles Lakers at Oklahoma City Thunder,BetOnline.ag,player_threes,Alex Caruso,Over,1.5,152,2026-05-06T23:34:01Z
Los Angeles Lakers at Oklahoma City Thunder,BetOnline.ag,player_threes,Alex Caruso,Under,1.5,-200,2026-05-06T23:34:01Z
Los Angeles Lakers at Oklahoma City Thunder,BetOnline.ag,player_threes,LeBron James,Over,1.5,128,2026-05-06T23:34:01Z
Los Angeles Lakers at Oklahoma City Thunder,BetOnline.ag,player_threes,LeBron James,Under,1.5,-167,2026-05-06T23:34:01Z
Los Angeles Lakers at Oklahoma City Thunder,BetOnline.ag,player_threes,Luguentz Dort,Over,1.5,-139,2026-05-06T23:34:01Z
Los Angeles Lakers at Oklahoma City Thunder,BetOnline.ag,player_threes,Luguentz Dort,Under,1.5,107,2026-05-06T23:34:01Z
Los Angeles Lakers at Oklahoma City Thunder,BetOnline.ag,player_threes,Shai Gilgeous-Alexander,Over,1.5,-108,2026-05-06T23:34:01Z
Los Angeles Lakers at Oklahoma City Thunder,BetOnline.ag,player_threes,Shai Gilgeous-Alexander,Under,1.5,-120,2026-05-06T23:34:01Z
Los Angeles Lakers at Oklahoma City Thunder,BetOnline.ag,player_threes,Austin Reaves,Over,1.5,-167,2026-05-06T23:34:01Z
Los Angeles Lakers at Oklahoma City Thunder,BetOnline.ag,player_threes,Austin Reaves,Under,1.5,128,2026-05-06T23:34:01Z
Los Angeles Lakers at Oklahoma City Thunder,BetOnline.ag,player_threes,Isaiah Joe,Over,1.5,-120,2026-05-06T23:34:01Z
Los Angeles Lakers at Oklahoma City Thunder,BetOnline.ag,player_threes,Isaiah Joe,Under,1.5,-108,2026-05-06T23:34:01Z
Los Angeles Lakers at Oklahoma City Thunder,BetOnline.ag,player_threes,Chet Holmgren,Over,1.5,126,2026-05-06T23:34:01Z
Los Angeles Lakers at Oklahoma City Thunder,BetOnline.ag,player_threes,Chet Holmgren,Under,1.5,-164,2026-05-06T23:34:01Z
Los Angeles Lakers at Oklahoma City Thunder,BetOnline.ag,player_threes,Cason Wallace,Over,1.5,158,2026-05-06T23:34:01Z
Los Angeles Lakers at Oklahoma City Thunder,BetOnline.ag,player_threes,Cason Wallace,Under,1.5,-208,2026-05-06T23:34:01Z
Los Angeles Lakers at Oklahoma City Thunder,BetOnline.ag,player_threes,Rui Hachimura,Over,1.5,-167,2026-05-06T23:34:01Z
Los Angeles Lakers at Oklahoma City Thunder,BetOnline.ag,player_threes,Rui Hachimura,Under,1.5,128,2026-05-06T23:34:01Z
Los Angeles Lakers at Oklahoma City Thunder,BetOnline.ag,player_threes,Ajay Mitchell,Over,1.5,107,2026-05-06T23:34:01Z
Los Angeles Lakers at Oklahoma City Thunder,BetOnline.ag,player_threes,Ajay Mitchell,Under,1.5,-139,2026-05-06T23:34:01Z
Los Angeles Lakers at Oklahoma City Thunder,BetOnline.ag,player_threes,Marcus Smart,Over,1.5,-145,2026-05-06T23:34:01Z
Los Angeles Lakers at Oklahoma City Thunder,BetOnline.ag,player_threes,Marcus Smart,Under,1.5,112,2026-05-06T23:34:01Z
Los Angeles Lakers at Oklahoma City Thunder,BetOnline.ag,player_threes,Luke Kennard,Over,1.5,139,2026-05-06T23:34:01Z
Los Angeles Lakers at Oklahoma City Thunder,BetOnline.ag,player_threes,Luke Kennard,Under,1.5,-182,2026-05-06T23:34:01Z
Los Angeles Lakers at Oklahoma City Thunder,Bovada,player_assists,Ajay Mitchell,Over,3.5,-135,2026-05-06T23:33:08Z
Los Angeles Lakers at Oklahoma City Thunder,Bovada,player_assists,Ajay Mitchell,Under,3.5,105,2026-05-06T23:33:08Z
Los Angeles Lakers at Oklahoma City Thunder,Bovada,player_assists,Ajay Mitchell,Over,4.5,155,2026-05-06T23:33:08Z
Los Angeles Lakers at Oklahoma City Thunder,Bovada,player_assists,Ajay Mitchell,Under,4.5,-210,2026-05-06T23:33:08Z
Los Angeles Lakers at Oklahoma City Thunder,Bovada,player_assists,Austin Reaves,Over,4.5,-170,2026-05-06T23:33:08Z
Los Angeles Lakers at Oklahoma City Thunder,Bovada,player_assists,Austin Reaves,Under,4.5,130,2026-05-06T23:33:08Z
Los Angeles Lakers at Oklahoma City Thunder,Bovada,player_assists,Austin Reaves,Over,5.5,115,2026-05-06T23:33:08Z
Los Angeles Lakers at Oklahoma City Thunder,Bovada,player_assists,Austin Reaves,Under,5.5,-150,2026-05-06T23:33:08Z
Los Angeles Lakers at Oklahoma City Thunder,Bovada,player_assists,Chet Holmgren,Over,1.5,120,2026-05-06T23:33:08Z
Los Angeles Lakers at Oklahoma City Thunder,Bovada,player_assists,Chet Holmgren,Under,1.5,-160,2026-05-06T23:33:08Z
Los Angeles Lakers at Oklahoma City Thunder,Bovada,player_assists,Deandre Ayton,Over,0.5,-135,2026-05-06T23:33:08Z
Los Angeles Lakers at Oklahoma City Thunder,Bovada,player_assists,Deandre Ayton,Under,0.5,105,2026-05-06T23:33:08Z
Los Angeles Lakers at Oklahoma City Thunder,Bovada,player_assists,Isaiah Hartenstein,Over,2.5,-165,2026-05-06T23:33:08Z
Los Angeles Lakers at Oklahoma City Thunder,Bovada,player_assists,Isaiah Hartenstein,Under,2.5,125,2026-05-06T23:33:08Z
Los Angeles Lakers at Oklahoma City Thunder,Bovada,player_assists,Isaiah Hartenstein,Over,3.5,145,2026-05-06T23:33:08Z
Los Angeles Lakers at Oklahoma City Thunder,Bovada,player_assists,Isaiah Hartenstein,Under,3.5,-190,2026-05-06T23:33:08Z
Los Angeles Lakers at Oklahoma City Thunder,Bovada,player_assists,LeBron James,Over,6.5,-215,2026-05-06T23:33:08Z
Los Angeles Lakers at Oklahoma City Thunder,Bovada,player_assists,LeBron James,Under,6.5,160,2026-05-06T23:33:08Z
Los Angeles Lakers at Oklahoma City Thunder,Bovada,player_assists,LeBron James,Over,7.5,-120,2026-05-06T23:33:08Z
Los Angeles Lakers at Oklahoma City Thunder,Bovada,player_assists,LeBron James,Under,7.5,-110,2026-05-06T23:33:08Z
Los Angeles Lakers at Oklahoma City Thunder,Bovada,player_assists,LeBron James,Over,8.5,145,2026-05-06T23:33:08Z
Los Angeles Lakers at Oklahoma City Thunder,Bovada,player_assists,LeBron James,Under,8.5,-190,2026-05-06T23:33:08Z
Los Angeles Lakers at Oklahoma City Thunder,Bovada,player_assists,Luguentz Dort,Over,0.5,-250,2026-05-06T23:33:08Z
Los Angeles Lakers at Oklahoma City Thunder,Bovada,player_assists,Luguentz Dort,Under,0.5,185,2026-05-06T23:33:08Z
Los Angeles Lakers at Oklahoma City Thunder,Bovada,player_assists,Luguentz Dort,Over,1.5,180,2026-05-06T23:33:08Z
Los Angeles Lakers at Oklahoma City Thunder,Bovada,player_assists,Luguentz Dort,Under,1.5,-245,2026-05-06T23:33:08Z
Los Angeles Lakers at Oklahoma City Thunder,Bovada,player_assists,Marcus Smart,Over,3.5,-125,2026-05-06T23:33:08Z
Los Angeles Lakers at Oklahoma City Thunder,Bovada,player_assists,Marcus Smart,Under,3.5,-105,2026-05-06T23:33:08Z
Los Angeles Lakers at Oklahoma City Thunder,Bovada,player_assists,Marcus Smart,Over,4.5,170,2026-05-06T23:33:08Z
Los Angeles Lakers at Oklahoma City Thunder,Bovada,player_assists,Marcus Smart,Under,4.5,-230,2026-05-06T23:33:08Z
Los Angeles Lakers at Oklahoma City Thunder,Bovada,player_assists,Rui Hachimura,Over,0.5,-180,2026-05-06T23:33:08Z
Los Angeles Lakers at Oklahoma City Thunder,Bovada,player_assists,Rui Hachimura,Under,0.5,135,2026-05-06T23:33:08Z
Los Angeles Lakers at Oklahoma City Thunder,Bovada,player_assists,Shai Gilgeous-Alexander,Over,6.5,-160,2026-05-06T23:33:08Z
Los Angeles Lakers at Oklahoma City Thunder,Bovada,player_assists,Shai Gilgeous-Alexander,Under,6.5,120,2026-05-06T23:33:08Z
Los Angeles Lakers at Oklahoma City Thunder,Bovada,player_assists,Shai Gilgeous-Alexander,Over,7.5,115,2026-05-06T23:33:08Z
Los Angeles Lakers at Oklahoma City Thunder,Bovada,player_assists,Shai Gilgeous-Alexander,Under,7.5,-150,2026-05-06T23:33:08Z
Los Angeles Lakers at Oklahoma City Thunder,Bovada,player_assists,Shai Gilgeous-Alexander,Over,8.5,200,2026-05-06T23:33:08Z
Los Angeles Lakers at Oklahoma City Thunder,Bovada,player_assists,Shai Gilgeous-Alexander,Under,8.5,-275,2026-05-06T23:33:08Z
Los Angeles Lakers at Oklahoma City Thunder,Bovada,player_points,Ajay Mitchell,Over,13.5,-245,2026-05-06T23:33:08Z
Los Angeles Lakers at Oklahoma City Thunder,Bovada,player_points,Ajay Mitchell,Under,13.5,180,2026-05-06T23:33:08Z
Los Angeles Lakers at Oklahoma City Thunder,Bovada,player_points,Ajay Mitchell,Over,14.5,-185,2026-05-06T23:33:08Z
Los Angeles Lakers at Oklahoma City Thunder,Bovada,player_points,Ajay Mitchell,Under,14.5,140,2026-05-06T23:33:08Z
Los Angeles Lakers at Oklahoma City Thunder,Bovada,player_points,Ajay Mitchell,Over,15.5,-145,2026-05-06T23:33:08Z
Los Angeles Lakers at Oklahoma City Thunder,Bovada,player_points,Ajay Mitchell,Under,15.5,110,2026-05-06T23:33:08Z
Los Angeles Lakers at Oklahoma City Thunder,Bovada,player_points,Ajay Mitchell,Over,16.5,-110,2026-05-06T23:33:08Z
Los Angeles Lakers at Oklahoma City Thunder,Bovada,player_points,Ajay Mitchell,Under,16.5,-120,2026-05-06T23:33:08Z
Los Angeles Lakers at Oklahoma City Thunder,Bovada,player_points,Ajay Mitchell,Over,17.5,115,2026-05-06T23:33:08Z
Los Angeles Lakers at Oklahoma City Thunder,Bovada,player_points,Ajay Mitchell,Under,17.5,-150,2026-05-06T23:33:08Z
Los Angeles Lakers at Oklahoma City Thunder,Bovada,player_points,Ajay Mitchell,Over,18.5,145,2026-05-06T23:33:08Z
Los Angeles Lakers at Oklahoma City Thunder,Bovada,player_points,Ajay Mitchell,Under,18.5,-190,2026-05-06T23:33:08Z
Los Angeles Lakers at Oklahoma City Thunder,Bovada,player_points,Ajay Mitchell,Over,19.5,180,2026-05-06T23:33:08Z
Los Angeles Lakers at Oklahoma City Thunder,Bovada,player_points,Ajay Mitchell,Under,19.5,-245,2026-05-06T23:33:08Z
Los Angeles Lakers at Oklahoma City Thunder,Bovada,player_points,Alex Caruso,Over,4.5,-275,2026-05-06T23:33:08Z
Los Angeles Lakers at Oklahoma City Thunder,Bovada,player_points,Alex Caruso,Under,4.5,200,2026-05-06T23:33:08Z
Los Angeles Lakers at Oklahoma City Thunder,Bovada,player_points,Alex Caruso,Over,5.5,-170,2026-05-06T23:33:08Z
Los Angeles Lakers at Oklahoma City Thunder,Bovada,player_points,Alex Caruso,Under,5.5,130,2026-05-06T23:33:08Z
Los Angeles Lakers at Oklahoma City Thunder,Bovada,player_points,Alex Caruso,Over,6.5,-115,2026-05-06T23:33:08Z
Los Angeles Lakers at Oklahoma City Thunder,Bovada,player_points,Alex Caruso,Under,6.5,-115,2026-05-06T23:33:08Z
Los Angeles Lakers at Oklahoma City Thunder,Bovada,player_points,Alex Caruso,Over,7.5,125,2026-05-06T23:33:08Z
Los Angeles Lakers at Oklahoma City Thunder,Bovada,player_points,Alex Caruso,Under,7.5,-165,2026-05-06T23:33:08Z
Los Angeles Lakers at Oklahoma City Thunder,Bovada,player_points,Alex Caruso,Over,8.5,170,2026-05-06T23:33:08Z
Los Angeles Lakers at Oklahoma City Thunder,Bovada,player_points,Alex Caruso,Under,8.5,-230,2026-05-06T23:33:08Z
Los Angeles Lakers at Oklahoma City Thunder,Bovada,player_points,Austin Reaves,Over,15.5,-250,2026-05-06T23:33:08Z
Los Angeles Lakers at Oklahoma City Thunder,Bovada,player_points,Austin Reaves,Under,15.5,185,2026-05-06T23:33:08Z
Los Angeles Lakers at Oklahoma City Thunder,Bovada,player_points,Austin Reaves,Over,16.5,-190,2026-05-06T23:33:08Z
Los Angeles Lakers at Oklahoma City Thunder,Bovada,player_points,Austin Reaves,Under,16.5,145,2026-05-06T23:33:08Z
Los Angeles Lakers at Oklahoma City Thunder,Bovada,player_points,Austin Reaves,Over,17.5,-150,2026-05-06T23:33:08Z
Los Angeles Lakers at Oklahoma City Thunder,Bovada,player_points,Austin Reaves,Under,17.5,115,2026-05-06T23:33:08Z
Los Angeles Lakers at Oklahoma City Thunder,Bovada,player_points,Austin Reaves,Over,18.5,-120,2026-05-06T23:33:08Z
Los Angeles Lakers at Oklahoma City Thunder,Bovada,player_points,Austin Reaves,Under,18.5,-110,2026-05-06T23:33:08Z
Los Angeles Lakers at Oklahoma City Thunder,Bovada,player_points,Austin Reaves,Over,19.5,105,2026-05-06T23:33:08Z
Los Angeles Lakers at Oklahoma City Thunder,Bovada,player_points,Austin Reaves,Under,19.5,-135,2026-05-06T23:33:08Z
Los Angeles Lakers at Oklahoma City Thunder,Bovada,player_points,Austin Reaves,Over,20.5,130,2026-05-06T23:33:08Z
Los Angeles Lakers at Oklahoma City Thunder,Bovada,player_points,Austin Reaves,Under,20.5,-170,2026-05-06T23:33:08Z
Los Angeles Lakers at Oklahoma City Thunder,Bovada,player_points,Austin Reaves,Over,21.5,160,2026-05-06T23:33:08Z
Los Angeles Lakers at Oklahoma City Thunder,Bovada,player_points,Austin Reaves,Under,21.5,-215,2026-05-06T23:33:08Z
Los Angeles Lakers at Oklahoma City Thunder,Bovada,player_points,Austin Reaves,Over,22.5,200,2026-05-06T23:33:08Z
Los Angeles Lakers at Oklahoma City Thunder,Bovada,player_points,Austin Reaves,Under,22.5,-275,2026-05-06T23:33:08Z
Los Angeles Lakers at Oklahoma City Thunder,Bovada,player_points,Cason Wallace,Over,5.5,-180,2026-05-06T23:33:08Z
Los Angeles Lakers at Oklahoma City Thunder,Bovada,player_points,Cason Wallace,Under,5.5,135,2026-05-06T23:33:08Z
Los Angeles Lakers at Oklahoma City Thunder,Bovada,player_points,Cason Wallace,Over,6.5,-120,2026-05-06T23:33:08Z
Los Angeles Lakers at Oklahoma City Thunder,Bovada,player_points,Cason Wallace,Under,6.5,-110,2026-05-06T23:33:08Z
Los Angeles Lakers at Oklahoma City Thunder,Bovada,player_points,Cason Wallace,Over,7.5,120,2026-05-06T23:33:08Z
Los Angeles Lakers at Oklahoma City Thunder,Bovada,player_points,Cason Wallace,Under,7.5,-160,2026-05-06T23:33:08Z
Los Angeles Lakers at Oklahoma City Thunder,Bovada,player_points,Cason Wallace,Over,8.5,165,2026-05-06T23:33:08Z
Los Angeles Lakers at Oklahoma City Thunder,Bovada,player_points,Cason Wallace,Under,8.5,-220,2026-05-06T23:33:08Z
Los Angeles Lakers at Oklahoma City Thunder,Bovada,player_points,Chet Holmgren,Over,13.5,-220,2026-05-06T23:33:08Z
Los Angeles Lakers at Oklahoma City Thunder,Bovada,player_points,Chet Holmgren,Under,13.5,165,2026-05-06T23:33:08Z
Los Angeles Lakers at Oklahoma City Thunder,Bovada,player_points,Chet Holmgren,Over,14.5,-165,2026-05-06T23:33:08Z
Los Angeles Lakers at Oklahoma City Thunder,Bovada,player_points,Chet Holmgren,Under,14.5,125,2026-05-06T23:33:08Z
Los Angeles Lakers at Oklahoma City Thunder,Bovada,player_points,Chet Holmgren,Over,15.5,-130,2026-05-06T23:33:08Z
Los Angeles Lakers at Oklahoma City Thunder,Bovada,player_points,Chet Holmgren,Under,15.5,100,2026-05-06T23:33:08Z
Los Angeles Lakers at Oklahoma City Thunder,Bovada,player_points,Chet Holmgren,Over,16.5,100,2026-05-06T23:33:08Z
Los Angeles Lakers at Oklahoma City Thunder,Bovada,player_points,Chet Holmgren,Under,16.5,-130,2026-05-06T23:33:08Z
Los Angeles Lakers at Oklahoma City Thunder,Bovada,player_points,Chet Holmgren,Over,17.5,125,2026-05-06T23:33:08Z
Los Angeles Lakers at Oklahoma City Thunder,Bovada,player_points,Chet Holmgren,Under,17.5,-165,2026-05-06T23:33:08Z
Los Angeles Lakers at Oklahoma City Thunder,Bovada,player_points,Chet Holmgren,Over,18.5,160,2026-05-06T23:33:08Z
Los Angeles Lakers at Oklahoma City Thunder,Bovada,player_points,Chet Holmgren,Under,18.5,-215,2026-05-06T23:33:08Z
Los Angeles Lakers at Oklahoma City Thunder,Bovada,player_points,Chet Holmgren,Over,19.5,200,2026-05-06T23:33:08Z
Los Angeles Lakers at Oklahoma City Thunder,Bovada,player_points,Chet Holmgren,Under,19.5,-275,2026-05-06T23:33:08Z
Los Angeles Lakers at Oklahoma City Thunder,Bovada,player_points,Deandre Ayton,Over,7.5,-280,2026-05-06T23:33:08Z
Los Angeles Lakers at Oklahoma City Thunder,Bovada,player_points,Deandre Ayton,Under,7.5,205,2026-05-06T23:33:08Z
Los Angeles Lakers at Oklahoma City Thunder,Bovada,player_points,Deandre Ayton,Over,8.5,-190,2026-05-06T23:33:08Z
Los Angeles Lakers at Oklahoma City Thunder,Bovada,player_points,Deandre Ayton,Under,8.5,145,2026-05-06T23:33:08Z
Los Angeles Lakers at Oklahoma City Thunder,Bovada,player_points,Deandre Ayton,Over,9.5,-135,2026-05-06T23:33:08Z
Los Angeles Lakers at Oklahoma City Thunder,Bovada,player_points,Deandre Ayton,Under,9.5,105,2026-05-06T23:33:08Z
Los Angeles Lakers at Oklahoma City Thunder,Bovada,player_points,Deandre Ayton,Over,10.5,100,2026-05-06T23:33:08Z
Los Angeles Lakers at Oklahoma City Thunder,Bovada,player_points,Deandre Ayton,Under,10.5,-130,2026-05-06T23:33:08Z
Los Angeles Lakers at Oklahoma City Thunder,Bovada,player_points,Deandre Ayton,Over,11.5,135,2026-05-06T23:33:08Z
Los Angeles Lakers at Oklahoma City Thunder,Bovada,player_points,Deandre Ayton,Under,11.5,-180,2026-05-06T23:33:08Z
Los Angeles Lakers at Oklahoma City Thunder,Bovada,player_points,Deandre Ayton,Over,12.5,175,2026-05-06T23:33:08Z
Los Angeles Lakers at Oklahoma City Thunder,Bovada,player_points,Deandre Ayton,Under,12.5,-240,2026-05-06T23:33:08Z
Los Angeles Lakers at Oklahoma City Thunder,Bovada,player_points,Isaiah Hartenstein,Over,5.5,-260,2026-05-06T23:33:08Z
Los Angeles Lakers at Oklahoma City Thunder,Bovada,player_points,Isaiah Hartenstein,Under,5.5,190,2026-05-06T23:33:08Z
Los Angeles Lakers at Oklahoma City Thunder,Bovada,player_points,Isaiah Hartenstein,Over,6.5,-170,2026-05-06T23:33:08Z
Los Angeles Lakers at Oklahoma City Thunder,Bovada,player_points,Isaiah Hartenstein,Under,6.5,130,2026-05-06T23:33:08Z
Los Angeles Lakers at Oklahoma City Thunder,Bovada,player_points,Isaiah Hartenstein,Over,7.5,-120,2026-05-06T23:33:08Z
Los Angeles Lakers at Oklahoma City Thunder,Bovada,player_points,Isaiah Hartenstein,Under,7.5,-110,2026-05-06T23:33:08Z
Los Angeles Lakers at Oklahoma City Thunder,Bovada,player_points,Isaiah Hartenstein,Over,8.5,115,2026-05-06T23:33:08Z
Los Angeles Lakers at Oklahoma City Thunder,Bovada,player_points,Isaiah Hartenstein,Under,8.5,-150,2026-05-06T23:33:08Z
Los Angeles Lakers at Oklahoma City Thunder,Bovada,player_points,Isaiah Hartenstein,Over,9.5,160,2026-05-06T23:33:08Z
Los Angeles Lakers at Oklahoma City Thunder,Bovada,player_points,Isaiah Hartenstein,Under,9.5,-215,2026-05-06T23:33:08Z
Los Angeles Lakers at Oklahoma City Thunder,Bovada,player_points,Isaiah Joe,Over,4.5,-280,2026-05-06T23:33:08Z
Los Angeles Lakers at Oklahoma City Thunder,Bovada,player_points,Isaiah Joe,Under,4.5,205,2026-05-06T23:33:08Z
Los Angeles Lakers at Oklahoma City Thunder,Bovada,player_points,Isaiah Joe,Over,5.5,-180,2026-05-06T23:33:08Z
Los Angeles Lakers at Oklahoma City Thunder,Bovada,player_points,Isaiah Joe,Under,5.5,135,2026-05-06T23:33:08Z
Los Angeles Lakers at Oklahoma City Thunder,Bovada,player_points,Isaiah Joe,Over,6.5,-120,2026-05-06T23:33:08Z
Los Angeles Lakers at Oklahoma City Thunder,Bovada,player_points,Isaiah Joe,Under,6.5,-110,2026-05-06T23:33:08Z
Los Angeles Lakers at Oklahoma City Thunder,Bovada,player_points,Isaiah Joe,Over,7.5,120,2026-05-06T23:33:08Z
Los Angeles Lakers at Oklahoma City Thunder,Bovada,player_points,Isaiah Joe,Under,7.5,-160,2026-05-06T23:33:08Z
Los Angeles Lakers at Oklahoma City Thunder,Bovada,player_points,Isaiah Joe,Over,8.5,165,2026-05-06T23:33:08Z
Los Angeles Lakers at Oklahoma City Thunder,Bovada,player_points,Isaiah Joe,Under,8.5,-220,2026-05-06T23:33:08Z
Los Angeles Lakers at Oklahoma City Thunder,Bovada,player_points,Jake LaRavia,Over,2.5,-180,2026-05-06T23:33:08Z
Los Angeles Lakers at Oklahoma City Thunder,Bovada,player_points,Jake LaRavia,Under,2.5,135,2026-05-06T23:33:08Z
Los Angeles Lakers at Oklahoma City Thunder,Bovada,player_points,Jake LaRavia,Over,3.5,-105,2026-05-06T23:33:08Z
Los Angeles Lakers at Oklahoma City Thunder,Bovada,player_points,Jake LaRavia,Under,3.5,-125,2026-05-06T23:33:08Z
Los Angeles Lakers at Oklahoma City Thunder,Bovada,player_points,Jake LaRavia,Over,4.5,150,2026-05-06T23:33:08Z
Los Angeles Lakers at Oklahoma City Thunder,Bovada,player_points,Jake LaRavia,Under,4.5,-200,2026-05-06T23:33:08Z
Los Angeles Lakers at Oklahoma City Thunder,Bovada,player_points,Jared McCain,Over,2.5,-150,2026-05-06T23:33:08Z
Los Angeles Lakers at Oklahoma City Thunder,Bovada,player_points,Jared McCain,Under,2.5,115,2026-05-06T23:33:08Z
Los Angeles Lakers at Oklahoma City Thunder,Bovada,player_points,Jared McCain,Over,3.5,110,2026-05-06T23:33:08Z
Los Angeles Lakers at Oklahoma City Thunder,Bovada,player_points,Jared McCain,Under,3.5,-145,2026-05-06T23:33:08Z
Los Angeles Lakers at Oklahoma City Thunder,Bovada,player_points,Jared McCain,Over,4.5,170,2026-05-06T23:33:08Z
Los Angeles Lakers at Oklahoma City Thunder,Bovada,player_points,Jared McCain,Under,4.5,-230,2026-05-06T23:33:08Z
Los Angeles Lakers at Oklahoma City Thunder,Bovada,player_points,Jaxson Hayes,Over,2.5,-275,2026-05-06T23:33:08Z
Los Angeles Lakers at Oklahoma City Thunder,Bovada,player_points,Jaxson Hayes,Under,2.5,200,2026-05-06T23:33:08Z
Los Angeles Lakers at Oklahoma City Thunder,Bovada,player_points,Jaxson Hayes,Over,3.5,-150,2026-05-06T23:33:08Z
Los Angeles Lakers at Oklahoma City Thunder,Bovada,player_points,Jaxson Hayes,Under,3.5,115,2026-05-06T23:33:08Z
Los Angeles Lakers at Oklahoma City Thunder,Bovada,player_points,Jaxson Hayes,Over,4.5,105,2026-05-06T23:33:08Z
Los Angeles Lakers at Oklahoma City Thunder,Bovada,player_points,Jaxson Hayes,Under,4.5,-135,2026-05-06T23:33:08Z
Los Angeles Lakers at Oklahoma City Thunder,Bovada,player_points,Jaxson Hayes,Over,5.5,155,2026-05-06T23:33:08Z
Los Angeles Lakers at Oklahoma City Thunder,Bovada,player_points,Jaxson Hayes,Under,5.5,-210,2026-05-06T23:33:08Z
Los Angeles Lakers at Oklahoma City Thunder,Bovada,player_points,Jaylin Williams,Over,2.5,-200,2026-05-06T23:33:08Z
Los Angeles Lakers at Oklahoma City Thunder,Bovada,player_points,Jaylin Williams,Under,2.5,150,2026-05-06T23:33:08Z
Los Angeles Lakers at Oklahoma City Thunder,Bovada,player_points,Jaylin Williams,Over,3.5,-115,2026-05-06T23:33:08Z
Los Angeles Lakers at Oklahoma City Thunder,Bovada,player_points,Jaylin Williams,Under,3.5,-115,2026-05-06T23:33:08Z
Los Angeles Lakers at Oklahoma City Thunder,Bovada,player_points,Jaylin Williams,Over,4.5,135,2026-05-06T23:33:08Z
Los Angeles Lakers at Oklahoma City Thunder,Bovada,player_points,Jaylin Williams,Under,4.5,-180,2026-05-06T23:33:08Z
Los Angeles Lakers at Oklahoma City Thunder,Bovada,player_points,Jaylin Williams,Over,5.5,205,2026-05-06T23:33:08Z
Los Angeles Lakers at Oklahoma City Thunder,Bovada,player_points,Jaylin Williams,Under,5.5,-280,2026-05-06T23:33:08Z
Los Angeles Lakers at Oklahoma City Thunder,Bovada,player_points,LeBron James,Over,17.5,-260,2026-05-06T23:33:08Z
Los Angeles Lakers at Oklahoma City Thunder,Bovada,player_points,LeBron James,Under,17.5,190,2026-05-06T23:33:08Z
Los Angeles Lakers at Oklahoma City Thunder,Bovada,player_points,LeBron James,Over,18.5,-200,2026-05-06T23:33:08Z
Los Angeles Lakers at Oklahoma City Thunder,Bovada,player_points,LeBron James,Under,18.5,150,2026-05-06T23:33:08Z
Los Angeles Lakers at Oklahoma City Thunder,Bovada,player_points,LeBron James,Over,19.5,-160,2026-05-06T23:33:08Z
Los Angeles Lakers at Oklahoma City Thunder,Bovada,player_points,LeBron James,Under,19.5,120,2026-05-06T23:33:08Z
Los Angeles Lakers at Oklahoma City Thunder,Bovada,player_points,LeBron James,Over,20.5,-125,2026-05-06T23:33:08Z
Los Angeles Lakers at Oklahoma City Thunder,Bovada,player_points,LeBron James,Under,20.5,-105,2026-05-06T23:33:08Z
Los Angeles Lakers at Oklahoma City Thunder,Bovada,player_points,LeBron James,Over,21.5,100,2026-05-06T23:33:08Z
Los Angeles Lakers at Oklahoma City Thunder,Bovada,player_points,LeBron James,Under,21.5,-130,2026-05-06T23:33:08Z
Los Angeles Lakers at Oklahoma City Thunder,Bovada,player_points,LeBron James,Over,22.5,120,2026-05-06T23:33:08Z
Los Angeles Lakers at Oklahoma City Thunder,Bovada,player_points,LeBron James,Under,22.5,-160,2026-05-06T23:33:08Z
Los Angeles Lakers at Oklahoma City Thunder,Bovada,player_points,LeBron James,Over,23.5,150,2026-05-06T23:33:08Z
Los Angeles Lakers at Oklahoma City Thunder,Bovada,player_points,LeBron James,Under,23.5,-200,2026-05-06T23:33:08Z
Los Angeles Lakers at Oklahoma City Thunder,Bovada,player_points,LeBron James,Over,24.5,180,2026-05-06T23:33:08Z
Los Angeles Lakers at Oklahoma City Thunder,Bovada,player_points,LeBron James,Under,24.5,-245,2026-05-06T23:33:08Z
Los Angeles Lakers at Oklahoma City Thunder,Bovada,player_points,Luguentz Dort,Over,4.5,-280,2026-05-06T23:33:08Z
Los Angeles Lakers at Oklahoma City Thunder,Bovada,player_points,Luguentz Dort,Under,4.5,205,2026-05-06T23:33:08Z
Los Angeles Lakers at Oklahoma City Thunder,Bovada,player_points,Luguentz Dort,Over,5.5,-180,2026-05-06T23:33:08Z
Los Angeles Lakers at Oklahoma City Thunder,Bovada,player_points,Luguentz Dort,Under,5.5,135,2026-05-06T23:33:08Z
Los Angeles Lakers at Oklahoma City Thunder,Bovada,player_points,Luguentz Dort,Over,6.5,-120,2026-05-06T23:33:08Z
Los Angeles Lakers at Oklahoma City Thunder,Bovada,player_points,Luguentz Dort,Under,6.5,-110,2026-05-06T23:33:08Z
Los Angeles Lakers at Oklahoma City Thunder,Bovada,player_points,Luguentz Dort,Over,7.5,120,2026-05-06T23:33:08Z
Los Angeles Lakers at Oklahoma City Thunder,Bovada,player_points,Luguentz Dort,Under,7.5,-160,2026-05-06T23:33:08Z
Los Angeles Lakers at Oklahoma City Thunder,Bovada,player_points,Luguentz Dort,Over,8.5,165,2026-05-06T23:33:08Z
Los Angeles Lakers at Oklahoma City Thunder,Bovada,player_points,Luguentz Dort,Under,8.5,-220,2026-05-06T23:33:08Z
Los Angeles Lakers at Oklahoma City Thunder,Bovada,player_points,Luke Kennard,Over,5.5,-260,2026-05-06T23:33:08Z
Los Angeles Lakers at Oklahoma City Thunder,Bovada,player_points,Luke Kennard,Under,5.5,190,2026-05-06T23:33:08Z
Los Angeles Lakers at Oklahoma City Thunder,Bovada,player_points,Luke Kennard,Over,6.5,-170,2026-05-06T23:33:08Z
Los Angeles Lakers at Oklahoma City Thunder,Bovada,player_points,Luke Kennard,Under,6.5,130,2026-05-06T23:33:08Z
Los Angeles Lakers at Oklahoma City Thunder,Bovada,player_points,Luke Kennard,Over,7.5,-120,2026-05-06T23:33:08Z
Los Angeles Lakers at Oklahoma City Thunder,Bovada,player_points,Luke Kennard,Under,7.5,-110,2026-05-06T23:33:08Z
Los Angeles Lakers at Oklahoma City Thunder,Bovada,player_points,Luke Kennard,Over,8.5,115,2026-05-06T23:33:08Z
Los Angeles Lakers at Oklahoma City Thunder,Bovada,player_points,Luke Kennard,Under,8.5,-150,2026-05-06T23:33:08Z
Los Angeles Lakers at Oklahoma City Thunder,Bovada,player_points,Luke Kennard,Over,9.5,160,2026-05-06T23:33:08Z
Los Angeles Lakers at Oklahoma City Thunder,Bovada,player_points,Luke Kennard,Under,9.5,-215,2026-05-06T23:33:08Z
Los Angeles Lakers at Oklahoma City Thunder,Bovada,player_points,Marcus Smart,Over,8.5,-210,2026-05-06T23:33:08Z
Los Angeles Lakers at Oklahoma City Thunder,Bovada,player_points,Marcus Smart,Under,8.5,155,2026-05-06T23:33:08Z
Los Angeles Lakers at Oklahoma City Thunder,Bovada,player_points,Marcus Smart,Over,9.5,-150,2026-05-06T23:33:08Z
Los Angeles Lakers at Oklahoma City Thunder,Bovada,player_points,Marcus Smart,Under,9.5,115,2026-05-06T23:33:08Z
Los Angeles Lakers at Oklahoma City Thunder,Bovada,player_points,Marcus Smart,Over,10.5,-110,2026-05-06T23:33:08Z
Los Angeles Lakers at Oklahoma City Thunder,Bovada,player_points,Marcus Smart,Under,10.5,-120,2026-05-06T23:33:08Z
Los Angeles Lakers at Oklahoma City Thunder,Bovada,player_points,Marcus Smart,Over,11.5,120,2026-05-06T23:33:08Z
Los Angeles Lakers at Oklahoma City Thunder,Bovada,player_points,Marcus Smart,Under,11.5,-160,2026-05-06T23:33:08Z
Los Angeles Lakers at Oklahoma City Thunder,Bovada,player_points,Marcus Smart,Over,12.5,160,2026-05-06T23:33:08Z
Los Angeles Lakers at Oklahoma City Thunder,Bovada,player_points,Marcus Smart,Under,12.5,-215,2026-05-06T23:33:08Z
Los Angeles Lakers at Oklahoma City Thunder,Bovada,player_points,Marcus Smart,Over,13.5,210,2026-05-06T23:33:08Z
Los Angeles Lakers at Oklahoma City Thunder,Bovada,player_points,Marcus Smart,Under,13.5,-290,2026-05-06T23:33:08Z
Los Angeles Lakers at Oklahoma City Thunder,Bovada,player_points,Rui Hachimura,Over,9.5,-280,2026-05-06T23:33:08Z
Los Angeles Lakers at Oklahoma City Thunder,Bovada,player_points,Rui Hachimura,Under,9.5,205,2026-05-06T23:33:08Z
Los Angeles Lakers at Oklahoma City Thunder,Bovada,player_points,Rui Hachimura,Over,10.5,-200,2026-05-06T23:33:08Z
Los Angeles Lakers at Oklahoma City Thunder,Bovada,player_points,Rui Hachimura,Under,10.5,150,2026-05-06T23:33:08Z
Los Angeles Lakers at Oklahoma City Thunder,Bovada,player_points,Rui Hachimura,Over,11.5,-145,2026-05-06T23:33:08Z
Los Angeles Lakers at Oklahoma City Thunder,Bovada,player_points,Rui Hachimura,Under,11.5,110,2026-05-06T23:33:08Z
Los Angeles Lakers at Oklahoma City Thunder,Bovada,player_points,Rui Hachimura,Over,12.5,-110,2026-05-06T23:33:08Z
Los Angeles Lakers at Oklahoma City Thunder,Bovada,player_points,Rui Hachimura,Under,12.5,-120,2026-05-06T23:33:08Z
Los Angeles Lakers at Oklahoma City Thunder,Bovada,player_points,Rui Hachimura,Over,13.5,120,2026-05-06T23:33:08Z
Los Angeles Lakers at Oklahoma City Thunder,Bovada,player_points,Rui Hachimura,Under,13.5,-160,2026-05-06T23:33:08Z
Los Angeles Lakers at Oklahoma City Thunder,Bovada,player_points,Rui Hachimura,Over,14.5,155,2026-05-06T23:33:08Z
Los Angeles Lakers at Oklahoma City Thunder,Bovada,player_points,Rui Hachimura,Under,14.5,-210,2026-05-06T23:33:08Z
Los Angeles Lakers at Oklahoma City Thunder,Bovada,player_points,Rui Hachimura,Over,15.5,200,2026-05-06T23:33:08Z
Los Angeles Lakers at Oklahoma City Thunder,Bovada,player_points,Rui Hachimura,Under,15.5,-275,2026-05-06T23:33:08Z
Los Angeles Lakers at Oklahoma City Thunder,Bovada,player_points,Shai Gilgeous-Alexander,Over,24.5,-290,2026-05-06T23:33:08Z
Los Angeles Lakers at Oklahoma City Thunder,Bovada,player_points,Shai Gilgeous-Alexander,Under,24.5,210,2026-05-06T23:33:08Z
Los Angeles Lakers at Oklahoma City Thunder,Bovada,player_points,Shai Gilgeous-Alexander,Over,25.5,-230,2026-05-06T23:33:08Z
Los Angeles Lakers at Oklahoma City Thunder,Bovada,player_points,Shai Gilgeous-Alexander,Under,25.5,170,2026-05-06T23:33:08Z
Los Angeles Lakers at Oklahoma City Thunder,Bovada,player_points,Shai Gilgeous-Alexander,Over,26.5,-185,2026-05-06T23:33:08Z
Los Angeles Lakers at Oklahoma City Thunder,Bovada,player_points,Shai Gilgeous-Alexander,Under,26.5,140,2026-05-06T23:33:08Z
Los Angeles Lakers at Oklahoma City Thunder,Bovada,player_points,Shai Gilgeous-Alexander,Over,27.5,-150,2026-05-06T23:33:08Z
Los Angeles Lakers at Oklahoma City Thunder,Bovada,player_points,Shai Gilgeous-Alexander,Under,27.5,115,2026-05-06T23:33:08Z
Los Angeles Lakers at Oklahoma City Thunder,Bovada,player_points,Shai Gilgeous-Alexander,Over,28.5,-125,2026-05-06T23:33:08Z
Los Angeles Lakers at Oklahoma City Thunder,Bovada,player_points,Shai Gilgeous-Alexander,Under,28.5,-105,2026-05-06T23:33:08Z
Los Angeles Lakers at Oklahoma City Thunder,Bovada,player_points,Shai Gilgeous-Alexander,Over,29.5,-105,2026-05-06T23:33:08Z
Los Angeles Lakers at Oklahoma City Thunder,Bovada,player_points,Shai Gilgeous-Alexander,Under,29.5,-125,2026-05-06T23:33:08Z
Los Angeles Lakers at Oklahoma City Thunder,Bovada,player_points,Shai Gilgeous-Alexander,Over,30.5,115,2026-05-06T23:33:08Z
Los Angeles Lakers at Oklahoma City Thunder,Bovada,player_points,Shai Gilgeous-Alexander,Under,30.5,-150,2026-05-06T23:33:08Z
Los Angeles Lakers at Oklahoma City Thunder,Bovada,player_points,Shai Gilgeous-Alexander,Over,31.5,135,2026-05-06T23:33:08Z
Los Angeles Lakers at Oklahoma City Thunder,Bovada,player_points,Shai Gilgeous-Alexander,Under,31.5,-180,2026-05-06T23:33:08Z
Los Angeles Lakers at Oklahoma City Thunder,Bovada,player_points,Shai Gilgeous-Alexander,Over,32.5,160,2026-05-06T23:33:08Z
Los Angeles Lakers at Oklahoma City Thunder,Bovada,player_points,Shai Gilgeous-Alexander,Under,32.5,-215,2026-05-06T23:33:08Z
Los Angeles Lakers at Oklahoma City Thunder,Bovada,player_points,Shai Gilgeous-Alexander,Over,33.5,190,2026-05-06T23:33:08Z
Los Angeles Lakers at Oklahoma City Thunder,Bovada,player_points,Shai Gilgeous-Alexander,Under,33.5,-260,2026-05-06T23:33:08Z
Los Angeles Lakers at Oklahoma City Thunder,Bovada,player_rebounds,Ajay Mitchell,Over,2.5,-275,2026-05-06T23:33:08Z
Los Angeles Lakers at Oklahoma City Thunder,Bovada,player_rebounds,Ajay Mitchell,Under,2.5,200,2026-05-06T23:33:08Z
Los Angeles Lakers at Oklahoma City Thunder,Bovada,player_rebounds,Ajay Mitchell,Over,3.5,-110,2026-05-06T23:33:08Z
Los Angeles Lakers at Oklahoma City Thunder,Bovada,player_rebounds,Ajay Mitchell,Under,3.5,-120,2026-05-06T23:33:08Z
Los Angeles Lakers at Oklahoma City Thunder,Bovada,player_rebounds,Ajay Mitchell,Over,4.5,180,2026-05-06T23:33:08Z
Los Angeles Lakers at Oklahoma City Thunder,Bovada,player_rebounds,Ajay Mitchell,Under,4.5,-245,2026-05-06T23:33:08Z
Los Angeles Lakers at Oklahoma City Thunder,Bovada,player_rebounds,Alex Caruso,Over,2.5,-130,2026-05-06T23:33:08Z
Los Angeles Lakers at Oklahoma City Thunder,Bovada,player_rebounds,Alex Caruso,Under,2.5,100,2026-05-06T23:33:08Z
Los Angeles Lakers at Oklahoma City Thunder,Bovada,player_rebounds,Alex Caruso,Over,3.5,175,2026-05-06T23:33:08Z
Los Angeles Lakers at Oklahoma City Thunder,Bovada,player_rebounds,Alex Caruso,Under,3.5,-240,2026-05-06T23:33:08Z
Los Angeles Lakers at Oklahoma City Thunder,Bovada,player_rebounds,Austin Reaves,Over,3.5,-230,2026-05-06T23:33:08Z
Los Angeles Lakers at Oklahoma City Thunder,Bovada,player_rebounds,Austin Reaves,Under,3.5,170,2026-05-06T23:33:08Z
Los Angeles Lakers at Oklahoma City Thunder,Bovada,player_rebounds,Austin Reaves,Over,4.5,-110,2026-05-06T23:33:08Z
Los Angeles Lakers at Oklahoma City Thunder,Bovada,player_rebounds,Austin Reaves,Under,4.5,-120,2026-05-06T23:33:08Z
Los Angeles Lakers at Oklahoma City Thunder,Bovada,player_rebounds,Austin Reaves,Over,5.5,175,2026-05-06T23:33:08Z
Los Angeles Lakers at Oklahoma City Thunder,Bovada,player_rebounds,Austin Reaves,Under,5.5,-240,2026-05-06T23:33:08Z
Los Angeles Lakers at Oklahoma City Thunder,Bovada,player_rebounds,Chet Holmgren,Over,7.5,-220,2026-05-06T23:33:08Z
Los Angeles Lakers at Oklahoma City Thunder,Bovada,player_rebounds,Chet Holmgren,Under,7.5,165,2026-05-06T23:33:08Z
Los Angeles Lakers at Oklahoma City Thunder,Bovada,player_rebounds,Chet Holmgren,Over,8.5,-130,2026-05-06T23:33:08Z
Los Angeles Lakers at Oklahoma City Thunder,Bovada,player_rebounds,Chet Holmgren,Under,8.5,100,2026-05-06T23:33:08Z
Los Angeles Lakers at Oklahoma City Thunder,Bovada,player_rebounds,Chet Holmgren,Over,9.5,125,2026-05-06T23:33:08Z
Los Angeles Lakers at Oklahoma City Thunder,Bovada,player_rebounds,Chet Holmgren,Under,9.5,-165,2026-05-06T23:33:08Z
Los Angeles Lakers at Oklahoma City Thunder,Bovada,player_rebounds,Chet Holmgren,Over,10.5,200,2026-05-06T23:33:08Z
Los Angeles Lakers at Oklahoma City Thunder,Bovada,player_rebounds,Chet Holmgren,Under,10.5,-275,2026-05-06T23:33:08Z
Los Angeles Lakers at Oklahoma City Thunder,Bovada,player_rebounds,Deandre Ayton,Over,7.5,-220,2026-05-06T23:33:08Z
Los Angeles Lakers at Oklahoma City Thunder,Bovada,player_rebounds,Deandre Ayton,Under,7.5,165,2026-05-06T23:33:08Z
Los Angeles Lakers at Oklahoma City Thunder,Bovada,player_rebounds,Deandre Ayton,Over,8.5,-130,2026-05-06T23:33:08Z
Los Angeles Lakers at Oklahoma City Thunder,Bovada,player_rebounds,Deandre Ayton,Under,8.5,100,2026-05-06T23:33:08Z
Los Angeles Lakers at Oklahoma City Thunder,Bovada,player_rebounds,Deandre Ayton,Over,9.5,125,2026-05-06T23:33:08Z
Los Angeles Lakers at Oklahoma City Thunder,Bovada,player_rebounds,Deandre Ayton,Under,9.5,-165,2026-05-06T23:33:08Z
Los Angeles Lakers at Oklahoma City Thunder,Bovada,player_rebounds,Deandre Ayton,Over,10.5,200,2026-05-06T23:33:08Z
Los Angeles Lakers at Oklahoma City Thunder,Bovada,player_rebounds,Deandre Ayton,Under,10.5,-275,2026-05-06T23:33:08Z
Los Angeles Lakers at Oklahoma City Thunder,Bovada,player_rebounds,Isaiah Hartenstein,Over,6.5,-275,2026-05-06T23:33:08Z
Los Angeles Lakers at Oklahoma City Thunder,Bovada,player_rebounds,Isaiah Hartenstein,Under,6.5,200,2026-05-06T23:33:08Z
Los Angeles Lakers at Oklahoma City Thunder,Bovada,player_rebounds,Isaiah Hartenstein,Over,7.5,-150,2026-05-06T23:33:08Z
Los Angeles Lakers at Oklahoma City Thunder,Bovada,player_rebounds,Isaiah Hartenstein,Under,7.5,115,2026-05-06T23:33:08Z
Los Angeles Lakers at Oklahoma City Thunder,Bovada,player_rebounds,Isaiah Hartenstein,Over,8.5,110,2026-05-06T23:33:08Z
Los Angeles Lakers at Oklahoma City Thunder,Bovada,player_rebounds,Isaiah Hartenstein,Under,8.5,-145,2026-05-06T23:33:08Z
Los Angeles Lakers at Oklahoma City Thunder,Bovada,player_rebounds,Isaiah Hartenstein,Over,9.5,180,2026-05-06T23:33:08Z
Los Angeles Lakers at Oklahoma City Thunder,Bovada,player_rebounds,Isaiah Hartenstein,Under,9.5,-245,2026-05-06T23:33:08Z
Los Angeles Lakers at Oklahoma City Thunder,Bovada,player_rebounds,Jaxson Hayes,Over,3.5,-160,2026-05-06T23:33:08Z
Los Angeles Lakers at Oklahoma City Thunder,Bovada,player_rebounds,Jaxson Hayes,Under,3.5,120,2026-05-06T23:33:08Z
Los Angeles Lakers at Oklahoma City Thunder,Bovada,player_rebounds,Jaxson Hayes,Over,4.5,130,2026-05-06T23:33:08Z
Los Angeles Lakers at Oklahoma City Thunder,Bovada,player_rebounds,Jaxson Hayes,Under,4.5,-170,2026-05-06T23:33:08Z
Los Angeles Lakers at Oklahoma City Thunder,Bovada,player_rebounds,Jaylin Williams,Over,2.5,-220,2026-05-06T23:33:08Z
Los Angeles Lakers at Oklahoma City Thunder,Bovada,player_rebounds,Jaylin Williams,Under,2.5,165,2026-05-06T23:33:08Z
Los Angeles Lakers at Oklahoma City Thunder,Bovada,player_rebounds,Jaylin Williams,Over,3.5,105,2026-05-06T23:33:08Z
Los Angeles Lakers at Oklahoma City Thunder,Bovada,player_rebounds,Jaylin Williams,Under,3.5,-135,2026-05-06T23:33:08Z
Los Angeles Lakers at Oklahoma City Thunder,Bovada,player_rebounds,Jaylin Williams,Over,4.5,215,2026-05-06T23:33:08Z
Los Angeles Lakers at Oklahoma City Thunder,Bovada,player_rebounds,Jaylin Williams,Under,4.5,-300,2026-05-06T23:33:08Z
Los Angeles Lakers at Oklahoma City Thunder,Bovada,player_rebounds,LeBron James,Over,5.5,-220,2026-05-06T23:33:08Z
Los Angeles Lakers at Oklahoma City Thunder,Bovada,player_rebounds,LeBron James,Under,5.5,165,2026-05-06T23:33:08Z
Los Angeles Lakers at Oklahoma City Thunder,Bovada,player_rebounds,LeBron James,Over,6.5,-120,2026-05-06T23:33:08Z
Los Angeles Lakers at Oklahoma City Thunder,Bovada,player_rebounds,LeBron James,Under,6.5,-110,2026-05-06T23:33:08Z
Los Angeles Lakers at Oklahoma City Thunder,Bovada,player_rebounds,LeBron James,Over,7.5,145,2026-05-06T23:33:08Z
Los Angeles Lakers at Oklahoma City Thunder,Bovada,player_rebounds,LeBron James,Under,7.5,-190,2026-05-06T23:33:08Z
Los Angeles Lakers at Oklahoma City Thunder,Bovada,player_rebounds,Luguentz Dort,Over,2.5,-150,2026-05-06T23:33:08Z
Los Angeles Lakers at Oklahoma City Thunder,Bovada,player_rebounds,Luguentz Dort,Under,2.5,115,2026-05-06T23:33:08Z
Los Angeles Lakers at Oklahoma City Thunder,Bovada,player_rebounds,Luguentz Dort,Over,3.5,150,2026-05-06T23:33:08Z
Los Angeles Lakers at Oklahoma City Thunder,Bovada,player_rebounds,Luguentz Dort,Under,3.5,-200,2026-05-06T23:33:08Z
Los Angeles Lakers at Oklahoma City Thunder,Bovada,player_rebounds,Luke Kennard,Over,2.5,-165,2026-05-06T23:33:08Z
Los Angeles Lakers at Oklahoma City Thunder,Bovada,player_rebounds,Luke Kennard,Under,2.5,125,2026-05-06T23:33:08Z
Los Angeles Lakers at Oklahoma City Thunder,Bovada,player_rebounds,Luke Kennard,Over,3.5,140,2026-05-06T23:33:08Z
Los Angeles Lakers at Oklahoma City Thunder,Bovada,player_rebounds,Luke Kennard,Under,3.5,-185,2026-05-06T23:33:08Z
Los Angeles Lakers at Oklahoma City Thunder,Bovada,player_rebounds,Marcus Smart,Over,2.5,-180,2026-05-06T23:33:08Z
Los Angeles Lakers at Oklahoma City Thunder,Bovada,player_rebounds,Marcus Smart,Under,2.5,135,2026-05-06T23:33:08Z
Los Angeles Lakers at Oklahoma City Thunder,Bovada,player_rebounds,Marcus Smart,Over,3.5,130,2026-05-06T23:33:08Z
Los Angeles Lakers at Oklahoma City Thunder,Bovada,player_rebounds,Marcus Smart,Under,3.5,-170,2026-05-06T23:33:08Z
Los Angeles Lakers at Oklahoma City Thunder,Bovada,player_rebounds,Rui Hachimura,Over,3.5,-145,2026-05-06T23:33:08Z
Los Angeles Lakers at Oklahoma City Thunder,Bovada,player_rebounds,Rui Hachimura,Under,3.5,110,2026-05-06T23:33:08Z
Los Angeles Lakers at Oklahoma City Thunder,Bovada,player_rebounds,Rui Hachimura,Over,4.5,140,2026-05-06T23:33:08Z
Los Angeles Lakers at Oklahoma City Thunder,Bovada,player_rebounds,Rui Hachimura,Under,4.5,-185,2026-05-06T23:33:08Z
Los Angeles Lakers at Oklahoma City Thunder,Bovada,player_rebounds,Shai Gilgeous-Alexander,Over,3.5,-165,2026-05-06T23:33:08Z
Los Angeles Lakers at Oklahoma City Thunder,Bovada,player_rebounds,Shai Gilgeous-Alexander,Under,3.5,125,2026-05-06T23:33:08Z
Los Angeles Lakers at Oklahoma City Thunder,Bovada,player_rebounds,Shai Gilgeous-Alexander,Over,4.5,125,2026-05-06T23:33:08Z
Los Angeles Lakers at Oklahoma City Thunder,Bovada,player_rebounds,Shai Gilgeous-Alexander,Under,4.5,-165,2026-05-06T23:33:08Z
Los Angeles Lakers at Oklahoma City Thunder,Bovada,player_threes,Ajay Mitchell,Over,1.5,-105,2026-05-06T23:33:08Z
Los Angeles Lakers at Oklahoma City Thunder,Bovada,player_threes,Ajay Mitchell,Under,1.5,-125,2026-05-06T23:33:08Z
Los Angeles Lakers at Oklahoma City Thunder,Bovada,player_threes,Austin Reaves,Over,1.5,-170,2026-05-06T23:33:08Z
Los Angeles Lakers at Oklahoma City Thunder,Bovada,player_threes,Austin Reaves,Under,1.5,130,2026-05-06T23:33:08Z
Los Angeles Lakers at Oklahoma City Thunder,Bovada,player_threes,Austin Reaves,Over,2.5,175,2026-05-06T23:33:08Z
Los Angeles Lakers at Oklahoma City Thunder,Bovada,player_threes,Austin Reaves,Under,2.5,-240,2026-05-06T23:33:08Z
Los Angeles Lakers at Oklahoma City Thunder,Bovada,player_threes,Chet Holmgren,Over,1.5,125,2026-05-06T23:33:08Z
Los Angeles Lakers at Oklahoma City Thunder,Bovada,player_threes,Chet Holmgren,Under,1.5,-165,2026-05-06T23:33:08Z
Los Angeles Lakers at Oklahoma City Thunder,Bovada,player_threes,LeBron James,Over,1.5,120,2026-05-06T23:33:08Z
Los Angeles Lakers at Oklahoma City Thunder,Bovada,player_threes,LeBron James,Under,1.5,-160,2026-05-06T23:33:08Z
Los Angeles Lakers at Oklahoma City Thunder,Bovada,player_threes,Luguentz Dort,Over,1.5,-150,2026-05-06T23:33:08Z
Los Angeles Lakers at Oklahoma City Thunder,Bovada,player_threes,Luguentz Dort,Under,1.5,115,2026-05-06T23:33:08Z
Los Angeles Lakers at Oklahoma City Thunder,Bovada,player_threes,Luguentz Dort,Over,2.5,190,2026-05-06T23:33:08Z
Los Angeles Lakers at Oklahoma City Thunder,Bovada,player_threes,Luguentz Dort,Under,2.5,-260,2026-05-06T23:33:08Z
Los Angeles Lakers at Oklahoma City Thunder,Bovada,player_threes,Marcus Smart,Over,1.5,-150,2026-05-06T23:33:08Z
Los Angeles Lakers at Oklahoma City Thunder,Bovada,player_threes,Marcus Smart,Under,1.5,115,2026-05-06T23:33:08Z
Los Angeles Lakers at Oklahoma City Thunder,Bovada,player_threes,Marcus Smart,Over,2.5,190,2026-05-06T23:33:08Z
Los Angeles Lakers at Oklahoma City Thunder,Bovada,player_threes,Marcus Smart,Under,2.5,-260,2026-05-06T23:33:08Z
Los Angeles Lakers at Oklahoma City Thunder,Bovada,player_threes,Rui Hachimura,Over,1.5,-185,2026-05-06T23:33:08Z
Los Angeles Lakers at Oklahoma City Thunder,Bovada,player_threes,Rui Hachimura,Under,1.5,140,2026-05-06T23:33:08Z
Los Angeles Lakers at Oklahoma City Thunder,Bovada,player_threes,Rui Hachimura,Over,2.5,165,2026-05-06T23:33:08Z
Los Angeles Lakers at Oklahoma City Thunder,Bovada,player_threes,Rui Hachimura,Under,2.5,-220,2026-05-06T23:33:08Z
Los Angeles Lakers at Oklahoma City Thunder,Bovada,player_threes,Shai Gilgeous-Alexander,Over,1.5,-125,2026-05-06T23:33:08Z
Los Angeles Lakers at Oklahoma City Thunder,Bovada,player_threes,Shai Gilgeous-Alexander,Under,1.5,-105,2026-05-06T23:33:08Z
