player,market,line,odds,book,matchup,recent_average,hit_rate_last_10,matchup_rating,prop_confidence
Paul George,player_assists,3.5,-122,FanDuel,Philadelphia 76ers at New York Knicks,3.8,62,Strong Matchup,MEDIUM
Paul George,player_assists,3.5,-104,FanDuel,Philadelphia 76ers at New York Knicks,3.1,62,Strong Matchup,MEDIUM
Karl-Anthony Towns,player_assists,4.5,120,FanDuel,Philadelphia 76ers at New York Knicks,4.1,61,Strong Matchup,MEDIUM
Karl-Anthony Towns,player_assists,4.5,-154,FanDuel,Philadelphia 76ers at New York Knicks,4.9,79,Weak Matchup,HIGH
Kelly Oubre Jr,player_assists,1.5,120,FanDuel,Philadelphia 76ers at New York Knicks,1.4,77,Neutral Matchup,HIGH
Kelly Oubre Jr,player_assists,1.5,-154,FanDuel,Philadelphia 76ers at New York Knicks,1.5,75,Strong Matchup,HIGH
VJ Edgecombe,player_assists,3.5,-138,FanDuel,Philadelphia 76ers at New York Knicks,3.4,79,Neutral Matchup,HIGH
VJ Edgecombe,player_assists,3.5,108,FanDuel,Philadelphia 76ers at New York Knicks,3.8,80,Strong Matchup,HIGH
Quentin Grimes,player_assists,1.5,-172,FanDuel,Philadelphia 76ers at New York Knicks,1.5,51,Strong Matchup,LOW
Quentin Grimes,player_assists,1.5,134,FanDuel,Philadelphia 76ers at New York Knicks,1.7,46,Weak Matchup,LOW
Jalen Brunson,player_assists,6.5,102,FanDuel,Philadelphia 76ers at New York Knicks,6.1,69,Weak Matchup,MEDIUM
Jalen Brunson,player_assists,6.5,-130,FanDuel,Philadelphia 76ers at New York Knicks,6.8,64,Strong Matchup,MEDIUM
Josh Hart,player_assists,4.5,-162,FanDuel,Philadelphia 76ers at New York Knicks,3.9,82,Neutral Matchup,HIGH
Josh Hart,player_assists,4.5,126,FanDuel,Philadelphia 76ers at New York Knicks,4.6,48,Strong Matchup,LOW
Mikal Bridges,player_assists,2.5,-118,FanDuel,Philadelphia 76ers at New York Knicks,2.8,52,Neutral Matchup,LOW
Mikal Bridges,player_assists,2.5,-108,FanDuel,Philadelphia 76ers at New York Knicks,2.7,47,Weak Matchup,LOW
Tyrese Maxey,player_assists,6.5,126,FanDuel,Philadelphia 76ers at New York Knicks,7.2,82,Neutral Matchup,HIGH
Tyrese Maxey,player_assists,6.5,-162,FanDuel,Philadelphia 76ers at New York Knicks,5.6,73,Strong Matchup,HIGH
Tyrese Maxey,player_blocks,0.5,-114,FanDuel,Philadelphia 76ers at New York Knicks,0.5,61,Neutral Matchup,MEDIUM
Tyrese Maxey,player_blocks,0.5,-114,FanDuel,Philadelphia 76ers at New York Knicks,0.4,73,Neutral Matchup,HIGH
Andre Drummond,player_points,6.5,-120,FanDuel,Philadelphia 76ers at New York Knicks,5.7,81,Strong Matchup,HIGH
Andre Drummond,player_points,6.5,-108,FanDuel,Philadelphia 76ers at New York Knicks,7.4,55,Strong Matchup,MEDIUM
Jordan Clarkson,player_points,5.5,-104,FanDuel,Philadelphia 76ers at New York Knicks,5.5,70,Weak Matchup,HIGH
Jordan Clarkson,player_points,5.5,-122,FanDuel,Philadelphia 76ers at New York Knicks,5.8,84,Weak Matchup,HIGH
Paul George,player_points,17.5,-128,FanDuel,Philadelphia 76ers at New York Knicks,18.5,50,Strong Matchup,LOW
Paul George,player_points,17.5,100,FanDuel,Philadelphia 76ers at New York Knicks,19.8,56,Strong Matchup,MEDIUM
Karl-Anthony Towns,player_points,18.5,-128,FanDuel,Philadelphia 76ers at New York Knicks,20.0,46,Strong Matchup,LOW
Karl-Anthony Towns,player_points,18.5,100,FanDuel,Philadelphia 76ers at New York Knicks,16.5,53,Weak Matchup,LOW
VJ Edgecombe,player_points,15.5,100,FanDuel,Philadelphia 76ers at New York Knicks,13.6,64,Weak Matchup,MEDIUM
VJ Edgecombe,player_points,15.5,-128,FanDuel,Philadelphia 76ers at New York Knicks,14.0,72,Neutral Matchup,HIGH
Kelly Oubre Jr,player_points,13.5,102,FanDuel,Philadelphia 76ers at New York Knicks,13.1,63,Strong Matchup,MEDIUM
Kelly Oubre Jr,player_points,13.5,-130,FanDuel,Philadelphia 76ers at New York Knicks,12.4,70,Neutral Matchup,HIGH
Adem Bona,player_points,3.5,-130,FanDuel,Philadelphia 76ers at New York Knicks,3.6,82,Strong Matchup,HIGH
Adem Bona,player_points,3.5,102,FanDuel,Philadelphia 76ers at New York Knicks,3.4,51,Strong Matchup,LOW
Quentin Grimes,player_points,8.5,102,FanDuel,Philadelphia 76ers at New York Knicks,7.5,52,Weak Matchup,LOW
Quentin Grimes,player_points,8.5,-130,FanDuel,Philadelphia 76ers at New York Knicks,9.3,63,Strong Matchup,MEDIUM
Miles McBride,player_points,7.5,100,FanDuel,Philadelphia 76ers at New York Knicks,8.4,55,Strong Matchup,MEDIUM
Miles McBride,player_points,7.5,-128,FanDuel,Philadelphia 76ers at New York Knicks,7.5,50,Weak Matchup,LOW
Jalen Brunson,player_points,26.5,-115,FanDuel,Philadelphia 76ers at New York Knicks,22.7,59,Strong Matchup,MEDIUM
Jalen Brunson,player_points,26.5,-111,FanDuel,Philadelphia 76ers at New York Knicks,30.5,83,Neutral Matchup,HIGH
Josh Hart,player_points,11.5,-106,FanDuel,Philadelphia 76ers at New York Knicks,11.0,60,Weak Matchup,MEDIUM
Josh Hart,player_points,11.5,-120,FanDuel,Philadelphia 76ers at New York Knicks,12.5,64,Strong Matchup,MEDIUM
Mikal Bridges,player_points,11.5,-113,FanDuel,Philadelphia 76ers at New York Knicks,10.8,59,Strong Matchup,MEDIUM
Mikal Bridges,player_points,11.5,-113,FanDuel,Philadelphia 76ers at New York Knicks,9.8,78,Neutral Matchup,HIGH
OG Anunoby,player_points,17.5,-106,FanDuel,Philadelphia 76ers at New York Knicks,20.0,51,Strong Matchup,LOW
OG Anunoby,player_points,17.5,-120,FanDuel,Philadelphia 76ers at New York Knicks,16.6,57,Neutral Matchup,MEDIUM
Mitchell Robinson,player_points,4.5,-113,FanDuel,Philadelphia 76ers at New York Knicks,4.5,74,Neutral Matchup,HIGH
Mitchell Robinson,player_points,4.5,-113,FanDuel,Philadelphia 76ers at New York Knicks,4.2,72,Neutral Matchup,HIGH
Tyrese Maxey,player_points,27.5,-104,FanDuel,Philadelphia 76ers at New York Knicks,24.3,50,Neutral Matchup,LOW
Tyrese Maxey,player_points,27.5,-122,FanDuel,Philadelphia 76ers at New York Knicks,29.8,55,Strong Matchup,MEDIUM
Kelly Oubre Jr,player_rebounds,5.5,-104,FanDuel,Philadelphia 76ers at New York Knicks,5.2,49,Neutral Matchup,LOW
Kelly Oubre Jr,player_rebounds,5.5,-122,FanDuel,Philadelphia 76ers at New York Knicks,5.3,73,Neutral Matchup,HIGH
Paul George,player_rebounds,5.5,-104,FanDuel,Philadelphia 76ers at New York Knicks,5.3,58,Weak Matchup,MEDIUM
Paul George,player_rebounds,5.5,-122,FanDuel,Philadelphia 76ers at New York Knicks,5.5,75,Strong Matchup,HIGH
Karl-Anthony Towns,player_rebounds,11.5,-111,FanDuel,Philadelphia 76ers at New York Knicks,13.1,76,Strong Matchup,HIGH
Karl-Anthony Towns,player_rebounds,11.5,-115,FanDuel,Philadelphia 76ers at New York Knicks,11.1,49,Strong Matchup,LOW
Jalen Brunson,player_rebounds,2.5,-146,FanDuel,Philadelphia 76ers at New York Knicks,2.6,47,Weak Matchup,LOW
Jalen Brunson,player_rebounds,2.5,114,FanDuel,Philadelphia 76ers at New York Knicks,2.8,45,Neutral Matchup,LOW
Adem Bona,player_rebounds,3.5,-154,FanDuel,Philadelphia 76ers at New York Knicks,3.2,72,Weak Matchup,HIGH
Adem Bona,player_rebounds,3.5,120,FanDuel,Philadelphia 76ers at New York Knicks,4.0,52,Strong Matchup,LOW
VJ Edgecombe,player_rebounds,5.5,122,FanDuel,Philadelphia 76ers at New York Knicks,6.1,52,Neutral Matchup,LOW
VJ Edgecombe,player_rebounds,5.5,-154,FanDuel,Philadelphia 76ers at New York Knicks,5.3,61,Weak Matchup,MEDIUM
Josh Hart,player_rebounds,8.5,-136,FanDuel,Philadelphia 76ers at New York Knicks,9.3,77,Neutral Matchup,HIGH
Josh Hart,player_rebounds,8.5,106,FanDuel,Philadelphia 76ers at New York Knicks,8.2,71,Neutral Matchup,HIGH
Mikal Bridges,player_rebounds,2.5,-118,FanDuel,Philadelphia 76ers at New York Knicks,2.5,74,Weak Matchup,HIGH
Mikal Bridges,player_rebounds,2.5,-108,FanDuel,Philadelphia 76ers at New York Knicks,2.7,68,Weak Matchup,MEDIUM
Mitchell Robinson,player_rebounds,6.5,-113,FanDuel,Philadelphia 76ers at New York Knicks,6.3,49,Strong Matchup,LOW
Mitchell Robinson,player_rebounds,6.5,-113,FanDuel,Philadelphia 76ers at New York Knicks,7.5,65,Neutral Matchup,MEDIUM
OG Anunoby,player_rebounds,5.5,-120,FanDuel,Philadelphia 76ers at New York Knicks,5.6,70,Strong Matchup,HIGH
OG Anunoby,player_rebounds,5.5,-106,FanDuel,Philadelphia 76ers at New York Knicks,4.8,66,Strong Matchup,MEDIUM
Tyrese Maxey,player_rebounds,3.5,-146,FanDuel,Philadelphia 76ers at New York Knicks,3.4,56,Weak Matchup,MEDIUM
Tyrese Maxey,player_rebounds,3.5,114,FanDuel,Philadelphia 76ers at New York Knicks,3.1,45,Strong Matchup,LOW
Kelly Oubre Jr,player_steals,0.5,-245,FanDuel,Philadelphia 76ers at New York Knicks,0.5,85,Weak Matchup,HIGH
Kelly Oubre Jr,player_steals,0.5,178,FanDuel,Philadelphia 76ers at New York Knicks,0.5,57,Strong Matchup,MEDIUM
Paul George,player_steals,1.5,138,FanDuel,Philadelphia 76ers at New York Knicks,1.6,53,Neutral Matchup,LOW
Paul George,player_steals,1.5,-186,FanDuel,Philadelphia 76ers at New York Knicks,1.5,74,Weak Matchup,HIGH
VJ Edgecombe,player_steals,0.5,-245,FanDuel,Philadelphia 76ers at New York Knicks,0.5,77,Strong Matchup,HIGH
VJ Edgecombe,player_steals,0.5,178,FanDuel,Philadelphia 76ers at New York Knicks,0.4,49,Strong Matchup,LOW
Jalen Brunson,player_steals,0.5,-174,FanDuel,Philadelphia 76ers at New York Knicks,0.4,69,Strong Matchup,MEDIUM
Jalen Brunson,player_steals,0.5,130,FanDuel,Philadelphia 76ers at New York Knicks,0.4,51,Weak Matchup,LOW
OG Anunoby,player_steals,1.5,138,FanDuel,Philadelphia 76ers at New York Knicks,1.4,61,Neutral Matchup,MEDIUM
OG Anunoby,player_steals,1.5,-186,FanDuel,Philadelphia 76ers at New York Knicks,1.6,77,Strong Matchup,HIGH
Tyrese Maxey,player_steals,1.5,148,FanDuel,Philadelphia 76ers at New York Knicks,1.3,53,Weak Matchup,LOW
Tyrese Maxey,player_steals,1.5,-200,FanDuel,Philadelphia 76ers at New York Knicks,1.6,68,Neutral Matchup,MEDIUM
Kelly Oubre Jr,player_threes,1.5,-106,FanDuel,Philadelphia 76ers at New York Knicks,1.5,65,Neutral Matchup,MEDIUM
Kelly Oubre Jr,player_threes,1.5,-120,FanDuel,Philadelphia 76ers at New York Knicks,1.6,80,Strong Matchup,HIGH
Paul George,player_threes,2.5,-154,FanDuel,Philadelphia 76ers at New York Knicks,2.6,57,Strong Matchup,MEDIUM
Paul George,player_threes,2.5,120,FanDuel,Philadelphia 76ers at New York Knicks,2.8,60,Neutral Matchup,MEDIUM
Karl-Anthony Towns,player_threes,1.5,112,FanDuel,Philadelphia 76ers at New York Knicks,1.3,50,Weak Matchup,LOW
Karl-Anthony Towns,player_threes,1.5,-142,FanDuel,Philadelphia 76ers at New York Knicks,1.3,75,Strong Matchup,HIGH
Jalen Brunson,player_threes,2.5,-102,FanDuel,Philadelphia 76ers at New York Knicks,2.8,51,Neutral Matchup,LOW
Jalen Brunson,player_threes,2.5,-125,FanDuel,Philadelphia 76ers at New York Knicks,2.3,63,Strong Matchup,MEDIUM
Miles McBride,player_threes,1.5,-125,FanDuel,Philadelphia 76ers at New York Knicks,1.5,50,Neutral Matchup,LOW
Miles McBride,player_threes,1.5,-102,FanDuel,Philadelphia 76ers at New York Knicks,1.4,46,Weak Matchup,LOW
VJ Edgecombe,player_threes,1.5,-184,FanDuel,Philadelphia 76ers at New York Knicks,1.4,59,Weak Matchup,MEDIUM
VJ Edgecombe,player_threes,1.5,142,FanDuel,Philadelphia 76ers at New York Knicks,1.3,53,Weak Matchup,LOW
OG Anunoby,player_threes,2.5,116,FanDuel,Philadelphia 76ers at New York Knicks,2.9,69,Neutral Matchup,MEDIUM
OG Anunoby,player_threes,2.5,-148,FanDuel,Philadelphia 76ers at New York Knicks,2.4,71,Neutral Matchup,HIGH
Mikal Bridges,player_threes,1.5,102,FanDuel,Philadelphia 76ers at New York Knicks,1.6,53,Strong Matchup,LOW
Mikal Bridges,player_threes,1.5,-130,FanDuel,Philadelphia 76ers at New York Knicks,1.7,70,Neutral Matchup,HIGH
Tyrese Maxey,player_threes,2.5,-138,FanDuel,Philadelphia 76ers at New York Knicks,2.6,47,Strong Matchup,LOW
Tyrese Maxey,player_threes,2.5,108,FanDuel,Philadelphia 76ers at New York Knicks,2.2,65,Strong Matchup,MEDIUM
Jalen Brunson,player_assists,6.5,103,DraftKings,Philadelphia 76ers at New York Knicks,5.6,77,Weak Matchup,HIGH
Jalen Brunson,player_assists,6.5,-135,DraftKings,Philadelphia 76ers at New York Knicks,6.1,49,Strong Matchup,LOW
Tyrese Maxey,player_assists,5.5,-153,DraftKings,Philadelphia 76ers at New York Knicks,6.0,52,Strong Matchup,LOW
Tyrese Maxey,player_assists,5.5,116,DraftKings,Philadelphia 76ers at New York Knicks,5.0,48,Neutral Matchup,LOW
Josh Hart,player_assists,4.5,-150,DraftKings,Philadelphia 76ers at New York Knicks,4.6,81,Strong Matchup,HIGH
Josh Hart,player_assists,4.5,114,DraftKings,Philadelphia 76ers at New York Knicks,4.0,46,Neutral Matchup,LOW
Karl-Anthony Towns,player_assists,4.5,109,DraftKings,Philadelphia 76ers at New York Knicks,4.8,57,Strong Matchup,MEDIUM
Karl-Anthony Towns,player_assists,4.5,-144,DraftKings,Philadelphia 76ers at New York Knicks,4.3,69,Weak Matchup,MEDIUM
VJ Edgecombe,player_assists,3.5,-141,DraftKings,Philadelphia 76ers at New York Knicks,4.0,75,Neutral Matchup,HIGH
VJ Edgecombe,player_assists,3.5,107,DraftKings,Philadelphia 76ers at New York Knicks,3.2,58,Strong Matchup,MEDIUM
Paul George,player_assists,3.5,-133,DraftKings,Philadelphia 76ers at New York Knicks,3.9,47,Neutral Matchup,LOW
Paul George,player_assists,3.5,101,DraftKings,Philadelphia 76ers at New York Knicks,3.2,56,Weak Matchup,MEDIUM
Mikal Bridges,player_assists,2.5,-128,DraftKings,Philadelphia 76ers at New York Knicks,2.4,59,Neutral Matchup,MEDIUM
Mikal Bridges,player_assists,2.5,-103,DraftKings,Philadelphia 76ers at New York Knicks,2.3,71,Weak Matchup,HIGH
Quentin Grimes,player_assists,2.5,146,DraftKings,Philadelphia 76ers at New York Knicks,2.5,81,Neutral Matchup,HIGH
Quentin Grimes,player_assists,2.5,-194,DraftKings,Philadelphia 76ers at New York Knicks,2.7,50,Strong Matchup,LOW
OG Anunoby,player_assists,1.5,-127,DraftKings,Philadelphia 76ers at New York Knicks,1.4,85,Neutral Matchup,HIGH
OG Anunoby,player_assists,1.5,-104,DraftKings,Philadelphia 76ers at New York Knicks,1.5,68,Strong Matchup,MEDIUM
Miles McBride,player_assists,1.5,-106,DraftKings,Philadelphia 76ers at New York Knicks,1.4,62,Strong Matchup,MEDIUM
Miles McBride,player_assists,1.5,-124,DraftKings,Philadelphia 76ers at New York Knicks,1.5,63,Weak Matchup,MEDIUM
Kelly Oubre Jr,player_assists,1.5,122,DraftKings,Philadelphia 76ers at New York Knicks,1.4,71,Weak Matchup,HIGH
Kelly Oubre Jr,player_assists,1.5,-161,DraftKings,Philadelphia 76ers at New York Knicks,1.3,71,Strong Matchup,HIGH
Karl-Anthony Towns,player_blocks,1.5,164,DraftKings,Philadelphia 76ers at New York Knicks,1.4,47,Strong Matchup,LOW
Karl-Anthony Towns,player_blocks,1.5,-221,DraftKings,Philadelphia 76ers at New York Knicks,1.7,47,Strong Matchup,LOW
OG Anunoby,player_blocks,1.5,167,DraftKings,Philadelphia 76ers at New York Knicks,1.5,77,Weak Matchup,HIGH
OG Anunoby,player_blocks,1.5,-226,DraftKings,Philadelphia 76ers at New York Knicks,1.5,60,Weak Matchup,MEDIUM
Mitchell Robinson,player_blocks,0.5,-205,DraftKings,Philadelphia 76ers at New York Knicks,0.4,78,Strong Matchup,HIGH
Mitchell Robinson,player_blocks,0.5,153,DraftKings,Philadelphia 76ers at New York Knicks,0.5,61,Weak Matchup,MEDIUM
Andre Drummond,player_blocks,0.5,-186,DraftKings,Philadelphia 76ers at New York Knicks,0.5,54,Strong Matchup,LOW
Andre Drummond,player_blocks,0.5,139,DraftKings,Philadelphia 76ers at New York Knicks,0.5,64,Neutral Matchup,MEDIUM
Tyrese Maxey,player_blocks,0.5,-119,DraftKings,Philadelphia 76ers at New York Knicks,0.5,57,Strong Matchup,MEDIUM
Tyrese Maxey,player_blocks,0.5,-112,DraftKings,Philadelphia 76ers at New York Knicks,0.4,56,Strong Matchup,MEDIUM
Kelly Oubre Jr,player_blocks,0.5,100,DraftKings,Philadelphia 76ers at New York Knicks,0.6,48,Strong Matchup,LOW
Kelly Oubre Jr,player_blocks,0.5,-133,DraftKings,Philadelphia 76ers at New York Knicks,0.5,47,Strong Matchup,LOW
Mikal Bridges,player_blocks,0.5,109,DraftKings,Philadelphia 76ers at New York Knicks,0.5,80,Neutral Matchup,HIGH
Mikal Bridges,player_blocks,0.5,-144,DraftKings,Philadelphia 76ers at New York Knicks,0.5,72,Weak Matchup,HIGH
Paul George,player_blocks,0.5,119,DraftKings,Philadelphia 76ers at New York Knicks,0.5,58,Strong Matchup,MEDIUM
Paul George,player_blocks,0.5,-158,DraftKings,Philadelphia 76ers at New York Knicks,0.5,81,Strong Matchup,HIGH
VJ Edgecombe,player_blocks,0.5,150,DraftKings,Philadelphia 76ers at New York Knicks,0.4,70,Neutral Matchup,HIGH
VJ Edgecombe,player_blocks,0.5,-201,DraftKings,Philadelphia 76ers at New York Knicks,0.5,77,Strong Matchup,HIGH
Josh Hart,player_blocks,0.5,220,DraftKings,Philadelphia 76ers at New York Knicks,0.5,85,Neutral Matchup,HIGH
Josh Hart,player_blocks,0.5,-302,DraftKings,Philadelphia 76ers at New York Knicks,0.6,69,Strong Matchup,MEDIUM
Jalen Brunson,player_blocks,0.5,329,DraftKings,Philadelphia 76ers at New York Knicks,0.5,49,Strong Matchup,LOW
Jalen Brunson,player_blocks,0.5,-469,DraftKings,Philadelphia 76ers at New York Knicks,0.5,66,Strong Matchup,MEDIUM
Tyrese Maxey,player_points,27.5,-108,DraftKings,Philadelphia 76ers at New York Knicks,30.1,81,Weak Matchup,HIGH
Tyrese Maxey,player_points,27.5,-118,DraftKings,Philadelphia 76ers at New York Knicks,28.0,84,Strong Matchup,HIGH
Jalen Brunson,player_points,26.5,-114,DraftKings,Philadelphia 76ers at New York Knicks,28.5,57,Neutral Matchup,MEDIUM
Jalen Brunson,player_points,26.5,-112,DraftKings,Philadelphia 76ers at New York Knicks,24.3,69,Weak Matchup,MEDIUM
Karl-Anthony Towns,player_points,19.5,-102,DraftKings,Philadelphia 76ers at New York Knicks,21.7,66,Neutral Matchup,MEDIUM
Karl-Anthony Towns,player_points,19.5,-125,DraftKings,Philadelphia 76ers at New York Knicks,19.3,66,Neutral Matchup,MEDIUM
Paul George,player_points,17.5,-125,DraftKings,Philadelphia 76ers at New York Knicks,16.8,82,Strong Matchup,HIGH
Paul George,player_points,17.5,-102,DraftKings,Philadelphia 76ers at New York Knicks,15.4,77,Neutral Matchup,HIGH
OG Anunoby,player_points,17.5,-114,DraftKings,Philadelphia 76ers at New York Knicks,17.7,80,Strong Matchup,HIGH
OG Anunoby,player_points,17.5,-112,DraftKings,Philadelphia 76ers at New York Knicks,20.1,78,Weak Matchup,HIGH
VJ Edgecombe,player_points,14.5,-126,DraftKings,Philadelphia 76ers at New York Knicks,13.2,76,Neutral Matchup,HIGH
VJ Edgecombe,player_points,14.5,-102,DraftKings,Philadelphia 76ers at New York Knicks,16.0,78,Neutral Matchup,HIGH
Kelly Oubre Jr,player_points,12.5,-119,DraftKings,Philadelphia 76ers at New York Knicks,10.7,72,Neutral Matchup,HIGH
Kelly Oubre Jr,player_points,12.5,-107,DraftKings,Philadelphia 76ers at New York Knicks,13.2,49,Neutral Matchup,LOW
Mikal Bridges,player_points,12.5,101,DraftKings,Philadelphia 76ers at New York Knicks,12.1,48,Strong Matchup,LOW
Mikal Bridges,player_points,12.5,-128,DraftKings,Philadelphia 76ers at New York Knicks,14.3,47,Strong Matchup,LOW
Josh Hart,player_points,11.5,-108,DraftKings,Philadelphia 76ers at New York Knicks,12.6,67,Weak Matchup,MEDIUM
Josh Hart,player_points,11.5,-118,DraftKings,Philadelphia 76ers at New York Knicks,11.0,53,Weak Matchup,LOW
Quentin Grimes,player_points,8.5,-104,DraftKings,Philadelphia 76ers at New York Knicks,7.9,61,Weak Matchup,MEDIUM
Quentin Grimes,player_points,8.5,-122,DraftKings,Philadelphia 76ers at New York Knicks,8.1,51,Weak Matchup,LOW
Miles McBride,player_points,7.5,-108,DraftKings,Philadelphia 76ers at New York Knicks,8.1,56,Strong Matchup,MEDIUM
Miles McBride,player_points,7.5,-118,DraftKings,Philadelphia 76ers at New York Knicks,7.2,50,Weak Matchup,LOW
Andre Drummond,player_points,6.5,-115,DraftKings,Philadelphia 76ers at New York Knicks,5.9,54,Neutral Matchup,LOW
Andre Drummond,player_points,6.5,-110,DraftKings,Philadelphia 76ers at New York Knicks,7.0,54,Strong Matchup,LOW
Jordan Clarkson,player_points,5.5,-114,DraftKings,Philadelphia 76ers at New York Knicks,5.5,76,Strong Matchup,HIGH
Jordan Clarkson,player_points,5.5,-112,DraftKings,Philadelphia 76ers at New York Knicks,6.3,52,Neutral Matchup,LOW
Mitchell Robinson,player_points,4.5,-114,DraftKings,Philadelphia 76ers at New York Knicks,5.1,55,Strong Matchup,MEDIUM
Mitchell Robinson,player_points,4.5,-112,DraftKings,Philadelphia 76ers at New York Knicks,4.2,57,Weak Matchup,MEDIUM
Adem Bona,player_points,3.5,-133,DraftKings,Philadelphia 76ers at New York Knicks,3.1,49,Neutral Matchup,LOW
Adem Bona,player_points,3.5,104,DraftKings,Philadelphia 76ers at New York Knicks,3.4,45,Neutral Matchup,LOW
Karl-Anthony Towns,player_rebounds,11.5,-109,DraftKings,Philadelphia 76ers at New York Knicks,9.9,73,Strong Matchup,HIGH
Karl-Anthony Towns,player_rebounds,11.5,-121,DraftKings,Philadelphia 76ers at New York Knicks,12.7,64,Strong Matchup,MEDIUM
Josh Hart,player_rebounds,8.5,-139,DraftKings,Philadelphia 76ers at New York Knicks,8.4,77,Weak Matchup,HIGH
Josh Hart,player_rebounds,8.5,106,DraftKings,Philadelphia 76ers at New York Knicks,7.6,51,Neutral Matchup,LOW
Andre Drummond,player_rebounds,8.5,-105,DraftKings,Philadelphia 76ers at New York Knicks,9.3,78,Weak Matchup,HIGH
Andre Drummond,player_rebounds,8.5,-125,DraftKings,Philadelphia 76ers at New York Knicks,8.5,80,Neutral Matchup,HIGH
Mitchell Robinson,player_rebounds,6.5,-119,DraftKings,Philadelphia 76ers at New York Knicks,6.3,80,Weak Matchup,HIGH
Mitchell Robinson,player_rebounds,6.5,-110,DraftKings,Philadelphia 76ers at New York Knicks,6.3,75,Strong Matchup,HIGH
OG Anunoby,player_rebounds,5.5,-116,DraftKings,Philadelphia 76ers at New York Knicks,5.9,73,Strong Matchup,HIGH
OG Anunoby,player_rebounds,5.5,-113,DraftKings,Philadelphia 76ers at New York Knicks,5.1,47,Weak Matchup,LOW
Kelly Oubre Jr,player_rebounds,5.5,-108,DraftKings,Philadelphia 76ers at New York Knicks,5.7,49,Weak Matchup,LOW
Kelly Oubre Jr,player_rebounds,5.5,-122,DraftKings,Philadelphia 76ers at New York Knicks,5.9,63,Strong Matchup,MEDIUM
Paul George,player_rebounds,5.5,-108,DraftKings,Philadelphia 76ers at New York Knicks,5.9,72,Strong Matchup,HIGH
Paul George,player_rebounds,5.5,-122,DraftKings,Philadelphia 76ers at New York Knicks,5.6,61,Strong Matchup,MEDIUM
VJ Edgecombe,player_rebounds,5.5,103,DraftKings,Philadelphia 76ers at New York Knicks,6.0,48,Weak Matchup,LOW
VJ Edgecombe,player_rebounds,5.5,-136,DraftKings,Philadelphia 76ers at New York Knicks,6.0,66,Strong Matchup,MEDIUM
Adem Bona,player_rebounds,3.5,-161,DraftKings,Philadelphia 76ers at New York Knicks,3.7,46,Weak Matchup,LOW
Adem Bona,player_rebounds,3.5,122,DraftKings,Philadelphia 76ers at New York Knicks,3.2,74,Strong Matchup,HIGH
Tyrese Maxey,player_rebounds,3.5,-133,DraftKings,Philadelphia 76ers at New York Knicks,3.5,83,Neutral Matchup,HIGH
Tyrese Maxey,player_rebounds,3.5,101,DraftKings,Philadelphia 76ers at New York Knicks,3.6,54,Weak Matchup,LOW
Jalen Brunson,player_rebounds,2.5,-147,DraftKings,Philadelphia 76ers at New York Knicks,2.2,52,Neutral Matchup,LOW
Jalen Brunson,player_rebounds,2.5,111,DraftKings,Philadelphia 76ers at New York Knicks,2.6,72,Neutral Matchup,HIGH
Mikal Bridges,player_rebounds,2.5,-126,DraftKings,Philadelphia 76ers at New York Knicks,2.8,58,Strong Matchup,MEDIUM
Mikal Bridges,player_rebounds,2.5,-104,DraftKings,Philadelphia 76ers at New York Knicks,2.5,51,Strong Matchup,LOW
Quentin Grimes,player_rebounds,2.5,-123,DraftKings,Philadelphia 76ers at New York Knicks,2.3,45,Neutral Matchup,LOW
Quentin Grimes,player_rebounds,2.5,-107,DraftKings,Philadelphia 76ers at New York Knicks,2.7,72,Neutral Matchup,HIGH
Miles McBride,player_rebounds,1.5,-101,DraftKings,Philadelphia 76ers at New York Knicks,1.4,55,Strong Matchup,MEDIUM
Miles McBride,player_rebounds,1.5,-130,DraftKings,Philadelphia 76ers at New York Knicks,1.3,68,Strong Matchup,MEDIUM
OG Anunoby,player_steals,1.5,123,DraftKings,Philadelphia 76ers at New York Knicks,1.4,64,Strong Matchup,MEDIUM
OG Anunoby,player_steals,1.5,-163,DraftKings,Philadelphia 76ers at New York Knicks,1.5,84,Weak Matchup,HIGH
Paul George,player_steals,1.5,137,DraftKings,Philadelphia 76ers at New York Knicks,1.4,60,Weak Matchup,MEDIUM
Paul George,player_steals,1.5,-184,DraftKings,Philadelphia 76ers at New York Knicks,1.3,62,Strong Matchup,MEDIUM
Tyrese Maxey,player_steals,1.5,137,DraftKings,Philadelphia 76ers at New York Knicks,1.4,78,Weak Matchup,HIGH
Tyrese Maxey,player_steals,1.5,-183,DraftKings,Philadelphia 76ers at New York Knicks,1.6,48,Weak Matchup,LOW
VJ Edgecombe,player_steals,1.5,155,DraftKings,Philadelphia 76ers at New York Knicks,1.7,81,Neutral Matchup,HIGH
VJ Edgecombe,player_steals,1.5,-208,DraftKings,Philadelphia 76ers at New York Knicks,1.3,76,Weak Matchup,HIGH
Josh Hart,player_steals,1.5,161,DraftKings,Philadelphia 76ers at New York Knicks,1.4,68,Weak Matchup,MEDIUM
Josh Hart,player_steals,1.5,-217,DraftKings,Philadelphia 76ers at New York Knicks,1.7,84,Strong Matchup,HIGH
Kelly Oubre Jr,player_steals,0.5,-244,DraftKings,Philadelphia 76ers at New York Knicks,0.4,48,Strong Matchup,LOW
Kelly Oubre Jr,player_steals,0.5,180,DraftKings,Philadelphia 76ers at New York Knicks,0.4,76,Strong Matchup,HIGH
Karl-Anthony Towns,player_steals,0.5,-192,DraftKings,Philadelphia 76ers at New York Knicks,0.5,73,Weak Matchup,HIGH
Karl-Anthony Towns,player_steals,0.5,144,DraftKings,Philadelphia 76ers at New York Knicks,0.5,85,Strong Matchup,HIGH
Jalen Brunson,player_steals,0.5,-180,DraftKings,Philadelphia 76ers at New York Knicks,0.6,67,Neutral Matchup,MEDIUM
Jalen Brunson,player_steals,0.5,135,DraftKings,Philadelphia 76ers at New York Knicks,0.6,53,Weak Matchup,LOW
Mikal Bridges,player_steals,0.5,-160,DraftKings,Philadelphia 76ers at New York Knicks,0.5,59,Weak Matchup,MEDIUM
Mikal Bridges,player_steals,0.5,120,DraftKings,Philadelphia 76ers at New York Knicks,0.6,66,Neutral Matchup,MEDIUM
Andre Drummond,player_steals,0.5,-121,DraftKings,Philadelphia 76ers at New York Knicks,0.5,55,Strong Matchup,MEDIUM
Andre Drummond,player_steals,0.5,-110,DraftKings,Philadelphia 76ers at New York Knicks,0.5,71,Weak Matchup,HIGH
Paul George,player_threes,2.5,-141,DraftKings,Philadelphia 76ers at New York Knicks,2.8,70,Strong Matchup,HIGH
Paul George,player_threes,2.5,107,DraftKings,Philadelphia 76ers at New York Knicks,2.3,77,Neutral Matchup,HIGH
Tyrese Maxey,player_threes,2.5,-139,DraftKings,Philadelphia 76ers at New York Knicks,2.2,52,Neutral Matchup,LOW
Tyrese Maxey,player_threes,2.5,106,DraftKings,Philadelphia 76ers at New York Knicks,2.3,50,Weak Matchup,LOW
Jalen Brunson,player_threes,2.5,-106,DraftKings,Philadelphia 76ers at New York Knicks,2.5,52,Weak Matchup,LOW
Jalen Brunson,player_threes,2.5,-125,DraftKings,Philadelphia 76ers at New York Knicks,2.1,62,Strong Matchup,MEDIUM
OG Anunoby,player_threes,2.5,-101,DraftKings,Philadelphia 76ers at New York Knicks,2.7,56,Neutral Matchup,MEDIUM
OG Anunoby,player_threes,2.5,-130,DraftKings,Philadelphia 76ers at New York Knicks,2.5,52,Neutral Matchup,LOW
VJ Edgecombe,player_threes,1.5,-178,DraftKings,Philadelphia 76ers at New York Knicks,1.7,67,Weak Matchup,MEDIUM
VJ Edgecombe,player_threes,1.5,134,DraftKings,Philadelphia 76ers at New York Knicks,1.5,47,Strong Matchup,LOW
Miles McBride,player_threes,1.5,-134,DraftKings,Philadelphia 76ers at New York Knicks,1.5,79,Neutral Matchup,HIGH
Miles McBride,player_threes,1.5,102,DraftKings,Philadelphia 76ers at New York Knicks,1.7,66,Neutral Matchup,MEDIUM
Mikal Bridges,player_threes,1.5,-114,DraftKings,Philadelphia 76ers at New York Knicks,1.5,68,Weak Matchup,MEDIUM
Mikal Bridges,player_threes,1.5,-115,DraftKings,Philadelphia 76ers at New York Knicks,1.4,50,Strong Matchup,LOW
Karl-Anthony Towns,player_threes,1.5,-104,DraftKings,Philadelphia 76ers at New York Knicks,1.7,79,Weak Matchup,HIGH
Karl-Anthony Towns,player_threes,1.5,-126,DraftKings,Philadelphia 76ers at New York Knicks,1.7,76,Weak Matchup,HIGH
Kelly Oubre Jr,player_threes,1.5,103,DraftKings,Philadelphia 76ers at New York Knicks,1.4,60,Strong Matchup,MEDIUM
Kelly Oubre Jr,player_threes,1.5,-136,DraftKings,Philadelphia 76ers at New York Knicks,1.4,58,Neutral Matchup,MEDIUM
Josh Hart,player_threes,1.5,111,DraftKings,Philadelphia 76ers at New York Knicks,1.4,52,Neutral Matchup,LOW
Josh Hart,player_threes,1.5,-146,DraftKings,Philadelphia 76ers at New York Knicks,1.3,57,Strong Matchup,MEDIUM
Quentin Grimes,player_threes,1.5,167,DraftKings,Philadelphia 76ers at New York Knicks,1.3,76,Neutral Matchup,HIGH
Quentin Grimes,player_threes,1.5,-223,DraftKings,Philadelphia 76ers at New York Knicks,1.6,65,Neutral Matchup,MEDIUM
Andre Drummond,player_threes,0.5,110,DraftKings,Philadelphia 76ers at New York Knicks,0.5,55,Strong Matchup,MEDIUM
Andre Drummond,player_threes,0.5,-145,DraftKings,Philadelphia 76ers at New York Knicks,0.5,47,Strong Matchup,LOW
Jordan Clarkson,player_threes,0.5,125,DraftKings,Philadelphia 76ers at New York Knicks,0.5,56,Neutral Matchup,MEDIUM
Jordan Clarkson,player_threes,0.5,-165,DraftKings,Philadelphia 76ers at New York Knicks,0.5,47,Neutral Matchup,LOW
Jalen Brunson,player_assists,6.5,-105,BetMGM,Philadelphia 76ers at New York Knicks,6.4,63,Weak Matchup,MEDIUM
Jalen Brunson,player_assists,6.5,-125,BetMGM,Philadelphia 76ers at New York Knicks,7.4,82,Neutral Matchup,HIGH
VJ Edgecombe,player_assists,3.5,-150,BetMGM,Philadelphia 76ers at New York Knicks,3.2,68,Strong Matchup,MEDIUM
VJ Edgecombe,player_assists,3.5,110,BetMGM,Philadelphia 76ers at New York Knicks,3.6,47,Weak Matchup,LOW
Karl-Anthony Towns,player_assists,4.5,100,BetMGM,Philadelphia 76ers at New York Knicks,4.8,78,Strong Matchup,HIGH
Karl-Anthony Towns,player_assists,4.5,-135,BetMGM,Philadelphia 76ers at New York Knicks,5.1,82,Strong Matchup,HIGH
Mikal Bridges,player_assists,2.5,-130,BetMGM,Philadelphia 76ers at New York Knicks,2.1,74,Strong Matchup,HIGH
Mikal Bridges,player_assists,2.5,-105,BetMGM,Philadelphia 76ers at New York Knicks,2.4,76,Strong Matchup,HIGH
Paul George,player_assists,3.5,-120,BetMGM,Philadelphia 76ers at New York Knicks,3.9,56,Strong Matchup,MEDIUM
Paul George,player_assists,3.5,-110,BetMGM,Philadelphia 76ers at New York Knicks,4.0,47,Weak Matchup,LOW
Tyrese Maxey,player_assists,6.5,120,BetMGM,Philadelphia 76ers at New York Knicks,6.8,72,Weak Matchup,HIGH
Tyrese Maxey,player_assists,6.5,-160,BetMGM,Philadelphia 76ers at New York Knicks,7.3,53,Weak Matchup,LOW
OG Anunoby,player_assists,1.5,-145,BetMGM,Philadelphia 76ers at New York Knicks,1.6,56,Weak Matchup,MEDIUM
OG Anunoby,player_assists,1.5,110,BetMGM,Philadelphia 76ers at New York Knicks,1.4,49,Strong Matchup,LOW
Kelly Oubre Jr,player_assists,1.5,105,BetMGM,Philadelphia 76ers at New York Knicks,1.4,79,Weak Matchup,HIGH
Kelly Oubre Jr,player_assists,1.5,-140,BetMGM,Philadelphia 76ers at New York Knicks,1.4,62,Neutral Matchup,MEDIUM
Josh Hart,player_assists,5.5,110,BetMGM,Philadelphia 76ers at New York Knicks,5.2,60,Neutral Matchup,MEDIUM
Josh Hart,player_assists,5.5,-145,BetMGM,Philadelphia 76ers at New York Knicks,5.1,77,Neutral Matchup,HIGH
Miles McBride,player_assists,1.5,-135,BetMGM,Philadelphia 76ers at New York Knicks,1.4,73,Weak Matchup,HIGH
Miles McBride,player_assists,1.5,100,BetMGM,Philadelphia 76ers at New York Knicks,1.5,66,Neutral Matchup,MEDIUM
Quentin Grimes,player_assists,1.5,-160,BetMGM,Philadelphia 76ers at New York Knicks,1.4,76,Neutral Matchup,HIGH
Quentin Grimes,player_assists,1.5,120,BetMGM,Philadelphia 76ers at New York Knicks,1.3,62,Neutral Matchup,MEDIUM
Josh Hart,player_blocks,0.5,185,BetMGM,Philadelphia 76ers at New York Knicks,0.4,78,Weak Matchup,HIGH
Josh Hart,player_blocks,0.5,-275,BetMGM,Philadelphia 76ers at New York Knicks,0.5,56,Strong Matchup,MEDIUM
Paul George,player_blocks,0.5,120,BetMGM,Philadelphia 76ers at New York Knicks,0.6,65,Neutral Matchup,MEDIUM
Paul George,player_blocks,0.5,-165,BetMGM,Philadelphia 76ers at New York Knicks,0.5,75,Weak Matchup,HIGH
Tyrese Maxey,player_blocks,0.5,-135,BetMGM,Philadelphia 76ers at New York Knicks,0.5,51,Neutral Matchup,LOW
Tyrese Maxey,player_blocks,0.5,-105,BetMGM,Philadelphia 76ers at New York Knicks,0.5,61,Weak Matchup,MEDIUM
Mikal Bridges,player_blocks,0.5,-105,BetMGM,Philadelphia 76ers at New York Knicks,0.5,52,Weak Matchup,LOW
Mikal Bridges,player_blocks,0.5,-130,BetMGM,Philadelphia 76ers at New York Knicks,0.5,67,Weak Matchup,MEDIUM
Kelly Oubre Jr,player_blocks,0.5,105,BetMGM,Philadelphia 76ers at New York Knicks,0.6,55,Weak Matchup,MEDIUM
Kelly Oubre Jr,player_blocks,0.5,-145,BetMGM,Philadelphia 76ers at New York Knicks,0.6,84,Neutral Matchup,HIGH
Jalen Brunson,player_blocks,0.5,350,BetMGM,Philadelphia 76ers at New York Knicks,0.5,83,Strong Matchup,HIGH
Jalen Brunson,player_blocks,0.5,-600,BetMGM,Philadelphia 76ers at New York Knicks,0.5,72,Weak Matchup,HIGH
VJ Edgecombe,player_blocks,0.5,120,BetMGM,Philadelphia 76ers at New York Knicks,0.5,84,Strong Matchup,HIGH
VJ Edgecombe,player_blocks,0.5,-165,BetMGM,Philadelphia 76ers at New York Knicks,0.5,57,Weak Matchup,MEDIUM
Karl-Anthony Towns,player_blocks,1.5,155,BetMGM,Philadelphia 76ers at New York Knicks,1.7,56,Strong Matchup,MEDIUM
Karl-Anthony Towns,player_blocks,1.5,-220,BetMGM,Philadelphia 76ers at New York Knicks,1.6,79,Weak Matchup,HIGH
OG Anunoby,player_blocks,1.5,170,BetMGM,Philadelphia 76ers at New York Knicks,1.3,72,Strong Matchup,HIGH
OG Anunoby,player_blocks,1.5,-235,BetMGM,Philadelphia 76ers at New York Knicks,1.6,78,Weak Matchup,HIGH
Josh Hart,player_points,11.5,-115,BetMGM,Philadelphia 76ers at New York Knicks,11.8,47,Strong Matchup,LOW
Josh Hart,player_points,11.5,-115,BetMGM,Philadelphia 76ers at New York Knicks,13.0,52,Strong Matchup,LOW
Karl-Anthony Towns,player_points,19.5,-111,BetMGM,Philadelphia 76ers at New York Knicks,22.3,63,Neutral Matchup,MEDIUM
Karl-Anthony Towns,player_points,19.5,-120,BetMGM,Philadelphia 76ers at New York Knicks,20.5,83,Weak Matchup,HIGH
Jalen Brunson,player_points,26.5,-110,BetMGM,Philadelphia 76ers at New York Knicks,25.5,64,Neutral Matchup,MEDIUM
Jalen Brunson,player_points,26.5,-120,BetMGM,Philadelphia 76ers at New York Knicks,28.4,77,Weak Matchup,HIGH
OG Anunoby,player_points,17.5,-120,BetMGM,Philadelphia 76ers at New York Knicks,15.5,47,Strong Matchup,LOW
OG Anunoby,player_points,17.5,-110,BetMGM,Philadelphia 76ers at New York Knicks,17.6,61,Weak Matchup,MEDIUM
Mikal Bridges,player_points,11.5,-120,BetMGM,Philadelphia 76ers at New York Knicks,12.2,75,Strong Matchup,HIGH
Mikal Bridges,player_points,11.5,-110,BetMGM,Philadelphia 76ers at New York Knicks,12.9,82,Weak Matchup,HIGH
Mitchell Robinson,player_points,4.5,-105,BetMGM,Philadelphia 76ers at New York Knicks,4.0,63,Weak Matchup,MEDIUM
Mitchell Robinson,player_points,4.5,-125,BetMGM,Philadelphia 76ers at New York Knicks,4.9,50,Strong Matchup,LOW
Jordan Clarkson,player_points,5.5,-120,BetMGM,Philadelphia 76ers at New York Knicks,5.8,50,Neutral Matchup,LOW
Jordan Clarkson,player_points,5.5,-110,BetMGM,Philadelphia 76ers at New York Knicks,4.9,56,Neutral Matchup,MEDIUM
Miles McBride,player_points,7.5,-130,BetMGM,Philadelphia 76ers at New York Knicks,7.2,52,Weak Matchup,LOW
Miles McBride,player_points,7.5,-105,BetMGM,Philadelphia 76ers at New York Knicks,8.6,58,Neutral Matchup,MEDIUM
Kelly Oubre Jr,player_points,12.5,-135,BetMGM,Philadelphia 76ers at New York Knicks,10.8,71,Neutral Matchup,HIGH
Kelly Oubre Jr,player_points,12.5,100,BetMGM,Philadelphia 76ers at New York Knicks,11.4,52,Strong Matchup,LOW
Andre Drummond,player_points,6.5,-120,BetMGM,Philadelphia 76ers at New York Knicks,6.9,58,Neutral Matchup,MEDIUM
Andre Drummond,player_points,6.5,-110,BetMGM,Philadelphia 76ers at New York Knicks,6.9,72,Neutral Matchup,HIGH
Paul George,player_points,18.5,-105,BetMGM,Philadelphia 76ers at New York Knicks,17.1,50,Neutral Matchup,LOW
Paul George,player_points,18.5,-125,BetMGM,Philadelphia 76ers at New York Knicks,19.2,77,Weak Matchup,HIGH
Tyrese Maxey,player_points,27.5,-125,BetMGM,Philadelphia 76ers at New York Knicks,29.4,74,Strong Matchup,HIGH
Tyrese Maxey,player_points,27.5,-105,BetMGM,Philadelphia 76ers at New York Knicks,31.0,55,Strong Matchup,MEDIUM
Quentin Grimes,player_points,7.5,-125,BetMGM,Philadelphia 76ers at New York Knicks,8.1,56,Neutral Matchup,MEDIUM
Quentin Grimes,player_points,7.5,-105,BetMGM,Philadelphia 76ers at New York Knicks,8.3,85,Strong Matchup,HIGH
VJ Edgecombe,player_points,15.5,-111,BetMGM,Philadelphia 76ers at New York Knicks,16.3,73,Strong Matchup,HIGH
VJ Edgecombe,player_points,15.5,-120,BetMGM,Philadelphia 76ers at New York Knicks,16.7,60,Weak Matchup,MEDIUM
Adem Bona,player_points,4.5,130,BetMGM,Philadelphia 76ers at New York Knicks,5.1,63,Weak Matchup,MEDIUM
Adem Bona,player_points,4.5,-175,BetMGM,Philadelphia 76ers at New York Knicks,4.8,85,Weak Matchup,HIGH
Josh Hart,player_rebounds,8.5,-145,BetMGM,Philadelphia 76ers at New York Knicks,8.0,49,Neutral Matchup,LOW
Josh Hart,player_rebounds,8.5,105,BetMGM,Philadelphia 76ers at New York Knicks,7.4,72,Weak Matchup,HIGH
Paul George,player_rebounds,5.5,-120,BetMGM,Philadelphia 76ers at New York Knicks,4.7,54,Strong Matchup,LOW
Paul George,player_rebounds,5.5,-110,BetMGM,Philadelphia 76ers at New York Knicks,5.9,64,Neutral Matchup,MEDIUM
Tyrese Maxey,player_rebounds,3.5,-140,BetMGM,Philadelphia 76ers at New York Knicks,4.0,51,Weak Matchup,LOW
Tyrese Maxey,player_rebounds,3.5,105,BetMGM,Philadelphia 76ers at New York Knicks,3.5,82,Weak Matchup,HIGH
Kelly Oubre Jr,player_rebounds,5.5,-111,BetMGM,Philadelphia 76ers at New York Knicks,4.9,76,Strong Matchup,HIGH
Kelly Oubre Jr,player_rebounds,5.5,-120,BetMGM,Philadelphia 76ers at New York Knicks,5.1,77,Strong Matchup,HIGH
OG Anunoby,player_rebounds,5.5,-140,BetMGM,Philadelphia 76ers at New York Knicks,5.5,70,Weak Matchup,HIGH
OG Anunoby,player_rebounds,5.5,105,BetMGM,Philadelphia 76ers at New York Knicks,5.7,82,Strong Matchup,HIGH
Karl-Anthony Towns,player_rebounds,11.5,-125,BetMGM,Philadelphia 76ers at New York Knicks,12.3,48,Weak Matchup,LOW
Karl-Anthony Towns,player_rebounds,11.5,-105,BetMGM,Philadelphia 76ers at New York Knicks,9.9,68,Strong Matchup,MEDIUM
VJ Edgecombe,player_rebounds,5.5,100,BetMGM,Philadelphia 76ers at New York Knicks,6.0,63,Weak Matchup,MEDIUM
VJ Edgecombe,player_rebounds,5.5,-135,BetMGM,Philadelphia 76ers at New York Knicks,5.9,65,Strong Matchup,MEDIUM
Mikal Bridges,player_rebounds,2.5,-140,BetMGM,Philadelphia 76ers at New York Knicks,2.3,67,Neutral Matchup,MEDIUM
Mikal Bridges,player_rebounds,2.5,105,BetMGM,Philadelphia 76ers at New York Knicks,2.6,55,Weak Matchup,MEDIUM
Jalen Brunson,player_rebounds,2.5,-160,BetMGM,Philadelphia 76ers at New York Knicks,2.4,63,Neutral Matchup,MEDIUM
Jalen Brunson,player_rebounds,2.5,120,BetMGM,Philadelphia 76ers at New York Knicks,2.5,54,Weak Matchup,LOW
Quentin Grimes,player_rebounds,2.5,105,BetMGM,Philadelphia 76ers at New York Knicks,2.8,76,Weak Matchup,HIGH
Quentin Grimes,player_rebounds,2.5,-140,BetMGM,Philadelphia 76ers at New York Knicks,2.4,71,Neutral Matchup,HIGH
Andre Drummond,player_rebounds,8.5,-120,BetMGM,Philadelphia 76ers at New York Knicks,8.2,52,Neutral Matchup,LOW
Andre Drummond,player_rebounds,8.5,-110,BetMGM,Philadelphia 76ers at New York Knicks,7.6,75,Neutral Matchup,HIGH
Adem Bona,player_rebounds,3.5,-140,BetMGM,Philadelphia 76ers at New York Knicks,3.3,49,Weak Matchup,LOW
Adem Bona,player_rebounds,3.5,105,BetMGM,Philadelphia 76ers at New York Knicks,3.0,66,Strong Matchup,MEDIUM
Mitchell Robinson,player_rebounds,5.5,-160,BetMGM,Philadelphia 76ers at New York Knicks,5.8,79,Neutral Matchup,HIGH
Mitchell Robinson,player_rebounds,5.5,120,BetMGM,Philadelphia 76ers at New York Knicks,5.9,45,Neutral Matchup,LOW
OG Anunoby,player_threes,2.5,105,BetMGM,Philadelphia 76ers at New York Knicks,2.7,58,Neutral Matchup,MEDIUM
OG Anunoby,player_threes,2.5,-140,BetMGM,Philadelphia 76ers at New York Knicks,2.6,60,Neutral Matchup,MEDIUM
Josh Hart,player_threes,1.5,120,BetMGM,Philadelphia 76ers at New York Knicks,1.7,68,Strong Matchup,MEDIUM
Josh Hart,player_threes,1.5,-160,BetMGM,Philadelphia 76ers at New York Knicks,1.4,78,Strong Matchup,HIGH
Kelly Oubre Jr,player_threes,1.5,-105,BetMGM,Philadelphia 76ers at New York Knicks,1.4,77,Weak Matchup,HIGH
Kelly Oubre Jr,player_threes,1.5,-125,BetMGM,Philadelphia 76ers at New York Knicks,1.4,76,Strong Matchup,HIGH
Mikal Bridges,player_threes,1.5,-105,BetMGM,Philadelphia 76ers at New York Knicks,1.3,49,Strong Matchup,LOW
Mikal Bridges,player_threes,1.5,-125,BetMGM,Philadelphia 76ers at New York Knicks,1.4,50,Neutral Matchup,LOW
VJ Edgecombe,player_threes,1.5,-155,BetMGM,Philadelphia 76ers at New York Knicks,1.4,74,Weak Matchup,HIGH
VJ Edgecombe,player_threes,1.5,115,BetMGM,Philadelphia 76ers at New York Knicks,1.4,78,Strong Matchup,HIGH
Jalen Brunson,player_threes,2.5,-105,BetMGM,Philadelphia 76ers at New York Knicks,2.1,51,Weak Matchup,LOW
Jalen Brunson,player_threes,2.5,-125,BetMGM,Philadelphia 76ers at New York Knicks,2.6,59,Neutral Matchup,MEDIUM
Karl-Anthony Towns,player_threes,1.5,-105,BetMGM,Philadelphia 76ers at New York Knicks,1.5,56,Strong Matchup,MEDIUM
Karl-Anthony Towns,player_threes,1.5,-125,BetMGM,Philadelphia 76ers at New York Knicks,1.5,84,Strong Matchup,HIGH
Tyrese Maxey,player_threes,2.5,-135,BetMGM,Philadelphia 76ers at New York Knicks,2.3,74,Neutral Matchup,HIGH
Tyrese Maxey,player_threes,2.5,100,BetMGM,Philadelphia 76ers at New York Knicks,2.2,84,Neutral Matchup,HIGH
Paul George,player_threes,2.5,-125,BetMGM,Philadelphia 76ers at New York Knicks,2.8,73,Neutral Matchup,HIGH
Paul George,player_threes,2.5,-105,BetMGM,Philadelphia 76ers at New York Knicks,2.2,47,Neutral Matchup,LOW
Miles McBride,player_threes,1.5,-140,BetMGM,Philadelphia 76ers at New York Knicks,1.5,75,Strong Matchup,HIGH
Miles McBride,player_threes,1.5,105,BetMGM,Philadelphia 76ers at New York Knicks,1.4,69,Neutral Matchup,MEDIUM
Quentin Grimes,player_threes,0.5,-220,BetMGM,Philadelphia 76ers at New York Knicks,0.6,55,Strong Matchup,MEDIUM
Quentin Grimes,player_threes,0.5,165,BetMGM,Philadelphia 76ers at New York Knicks,0.4,54,Weak Matchup,LOW
Jordan Clarkson,player_threes,0.5,105,BetMGM,Philadelphia 76ers at New York Knicks,0.5,70,Strong Matchup,HIGH
Jordan Clarkson,player_threes,0.5,-140,BetMGM,Philadelphia 76ers at New York Knicks,0.4,60,Weak Matchup,MEDIUM
Jalen Brunson,player_assists,6.5,104,BetOnline.ag,Philadelphia 76ers at New York Knicks,7.2,64,Strong Matchup,MEDIUM
Jalen Brunson,player_assists,6.5,-135,BetOnline.ag,Philadelphia 76ers at New York Knicks,7.2,81,Neutral Matchup,HIGH
Tyrese Maxey,player_assists,5.5,-154,BetOnline.ag,Philadelphia 76ers at New York Knicks,5.5,51,Weak Matchup,LOW
Tyrese Maxey,player_assists,5.5,119,BetOnline.ag,Philadelphia 76ers at New York Knicks,5.4,58,Neutral Matchup,MEDIUM
Mikal Bridges,player_assists,2.5,-123,BetOnline.ag,Philadelphia 76ers at New York Knicks,2.1,77,Weak Matchup,HIGH
Mikal Bridges,player_assists,2.5,-105,BetOnline.ag,Philadelphia 76ers at New York Knicks,2.7,72,Strong Matchup,HIGH
Karl-Anthony Towns,player_assists,4.5,115,BetOnline.ag,Philadelphia 76ers at New York Knicks,4.2,80,Neutral Matchup,HIGH
Karl-Anthony Towns,player_assists,4.5,-149,BetOnline.ag,Philadelphia 76ers at New York Knicks,4.6,57,Strong Matchup,MEDIUM
Paul George,player_assists,3.5,-127,BetOnline.ag,Philadelphia 76ers at New York Knicks,3.9,53,Strong Matchup,LOW
Paul George,player_assists,3.5,-102,BetOnline.ag,Philadelphia 76ers at New York Knicks,3.6,51,Strong Matchup,LOW
Josh Hart,player_assists,5.5,115,BetOnline.ag,Philadelphia 76ers at New York Knicks,6.1,71,Strong Matchup,HIGH
Josh Hart,player_assists,5.5,-149,BetOnline.ag,Philadelphia 76ers at New York Knicks,5.7,48,Neutral Matchup,LOW
VJ Edgecombe,player_assists,3.5,-143,BetOnline.ag,Philadelphia 76ers at New York Knicks,4.0,83,Neutral Matchup,HIGH
VJ Edgecombe,player_assists,3.5,110,BetOnline.ag,Philadelphia 76ers at New York Knicks,3.3,52,Strong Matchup,LOW
OG Anunoby,player_assists,1.5,-125,BetOnline.ag,Philadelphia 76ers at New York Knicks,1.3,65,Weak Matchup,MEDIUM
OG Anunoby,player_assists,1.5,-103,BetOnline.ag,Philadelphia 76ers at New York Knicks,1.4,54,Weak Matchup,LOW
Kelly Oubre Jr,player_assists,1.5,122,BetOnline.ag,Philadelphia 76ers at New York Knicks,1.5,84,Strong Matchup,HIGH
Kelly Oubre Jr,player_assists,1.5,-159,BetOnline.ag,Philadelphia 76ers at New York Knicks,1.5,56,Neutral Matchup,MEDIUM
Miles McBride,player_assists,1.5,-108,BetOnline.ag,Philadelphia 76ers at New York Knicks,1.5,55,Strong Matchup,MEDIUM
Miles McBride,player_assists,1.5,-120,BetOnline.ag,Philadelphia 76ers at New York Knicks,1.5,56,Strong Matchup,MEDIUM
Quentin Grimes,player_assists,2.5,150,BetOnline.ag,Philadelphia 76ers at New York Knicks,2.9,51,Strong Matchup,LOW
Quentin Grimes,player_assists,2.5,-196,BetOnline.ag,Philadelphia 76ers at New York Knicks,2.6,82,Strong Matchup,HIGH
Jalen Brunson,player_points,26.5,-125,BetOnline.ag,Philadelphia 76ers at New York Knicks,27.0,55,Neutral Matchup,MEDIUM
Jalen Brunson,player_points,26.5,-103,BetOnline.ag,Philadelphia 76ers at New York Knicks,26.7,83,Strong Matchup,HIGH
Miles McBride,player_points,7.5,-109,BetOnline.ag,Philadelphia 76ers at New York Knicks,7.2,82,Strong Matchup,HIGH
Miles McBride,player_points,7.5,-119,BetOnline.ag,Philadelphia 76ers at New York Knicks,8.6,45,Weak Matchup,LOW
Josh Hart,player_points,11.5,-111,BetOnline.ag,Philadelphia 76ers at New York Knicks,12.3,83,Weak Matchup,HIGH
Josh Hart,player_points,11.5,-116,BetOnline.ag,Philadelphia 76ers at New York Knicks,11.5,58,Weak Matchup,MEDIUM
OG Anunoby,player_points,17.5,-111,BetOnline.ag,Philadelphia 76ers at New York Knicks,16.4,53,Weak Matchup,LOW
OG Anunoby,player_points,17.5,-116,BetOnline.ag,Philadelphia 76ers at New York Knicks,16.0,73,Neutral Matchup,HIGH
Karl-Anthony Towns,player_points,19.5,-108,BetOnline.ag,Philadelphia 76ers at New York Knicks,21.7,46,Neutral Matchup,LOW
Karl-Anthony Towns,player_points,19.5,-120,BetOnline.ag,Philadelphia 76ers at New York Knicks,20.4,58,Strong Matchup,MEDIUM
Jordan Clarkson,player_points,5.5,-108,BetOnline.ag,Philadelphia 76ers at New York Knicks,5.1,83,Weak Matchup,HIGH
Jordan Clarkson,player_points,5.5,-120,BetOnline.ag,Philadelphia 76ers at New York Knicks,5.1,77,Weak Matchup,HIGH
Mitchell Robinson,player_points,4.5,-105,BetOnline.ag,Philadelphia 76ers at New York Knicks,5.0,81,Weak Matchup,HIGH
Mitchell Robinson,player_points,4.5,-123,BetOnline.ag,Philadelphia 76ers at New York Knicks,4.8,59,Neutral Matchup,MEDIUM
Kelly Oubre Jr,player_points,13.5,-108,BetOnline.ag,Philadelphia 76ers at New York Knicks,12.4,60,Weak Matchup,MEDIUM
Kelly Oubre Jr,player_points,13.5,-120,BetOnline.ag,Philadelphia 76ers at New York Knicks,12.5,75,Strong Matchup,HIGH
Quentin Grimes,player_points,8.5,-103,BetOnline.ag,Philadelphia 76ers at New York Knicks,9.1,67,Strong Matchup,MEDIUM
Quentin Grimes,player_points,8.5,-125,BetOnline.ag,Philadelphia 76ers at New York Knicks,7.4,54,Strong Matchup,LOW
Tyrese Maxey,player_points,27.5,-120,BetOnline.ag,Philadelphia 76ers at New York Knicks,26.9,85,Neutral Matchup,HIGH
Tyrese Maxey,player_points,27.5,-108,BetOnline.ag,Philadelphia 76ers at New York Knicks,28.1,52,Weak Matchup,LOW
VJ Edgecombe,player_points,15.5,-120,BetOnline.ag,Philadelphia 76ers at New York Knicks,17.2,55,Strong Matchup,MEDIUM
VJ Edgecombe,player_points,15.5,-108,BetOnline.ag,Philadelphia 76ers at New York Knicks,14.7,83,Neutral Matchup,HIGH
Andre Drummond,player_points,6.5,-116,BetOnline.ag,Philadelphia 76ers at New York Knicks,6.5,64,Weak Matchup,MEDIUM
Andre Drummond,player_points,6.5,-111,BetOnline.ag,Philadelphia 76ers at New York Knicks,6.2,53,Weak Matchup,LOW
Paul George,player_points,17.5,-125,BetOnline.ag,Philadelphia 76ers at New York Knicks,19.2,75,Strong Matchup,HIGH
Paul George,player_points,17.5,-103,BetOnline.ag,Philadelphia 76ers at New York Knicks,15.7,60,Neutral Matchup,MEDIUM
Adem Bona,player_points,3.5,-130,BetOnline.ag,Philadelphia 76ers at New York Knicks,3.7,63,Neutral Matchup,MEDIUM
Adem Bona,player_points,3.5,100,BetOnline.ag,Philadelphia 76ers at New York Knicks,3.5,58,Weak Matchup,MEDIUM
Mikal Bridges,player_points,12.5,-101,BetOnline.ag,Philadelphia 76ers at New York Knicks,12.2,53,Weak Matchup,LOW
Mikal Bridges,player_points,12.5,-128,BetOnline.ag,Philadelphia 76ers at New York Knicks,14.4,61,Strong Matchup,MEDIUM
Mitchell Robinson,player_rebounds,6.5,-112,BetOnline.ag,Philadelphia 76ers at New York Knicks,6.9,57,Neutral Matchup,MEDIUM
Mitchell Robinson,player_rebounds,6.5,-115,BetOnline.ag,Philadelphia 76ers at New York Knicks,6.6,53,Weak Matchup,LOW
Tyrese Maxey,player_rebounds,3.5,-137,BetOnline.ag,Philadelphia 76ers at New York Knicks,3.9,54,Strong Matchup,LOW
Tyrese Maxey,player_rebounds,3.5,106,BetOnline.ag,Philadelphia 76ers at New York Knicks,3.0,73,Neutral Matchup,HIGH
Jalen Brunson,player_rebounds,2.5,-147,BetOnline.ag,Philadelphia 76ers at New York Knicks,2.3,59,Weak Matchup,MEDIUM
Jalen Brunson,player_rebounds,2.5,113,BetOnline.ag,Philadelphia 76ers at New York Knicks,2.5,84,Neutral Matchup,HIGH
OG Anunoby,player_rebounds,5.5,-125,BetOnline.ag,Philadelphia 76ers at New York Knicks,4.9,61,Weak Matchup,MEDIUM
OG Anunoby,player_rebounds,5.5,-103,BetOnline.ag,Philadelphia 76ers at New York Knicks,5.7,45,Strong Matchup,LOW
Josh Hart,player_rebounds,8.5,-125,BetOnline.ag,Philadelphia 76ers at New York Knicks,8.2,73,Neutral Matchup,HIGH
Josh Hart,player_rebounds,8.5,-103,BetOnline.ag,Philadelphia 76ers at New York Knicks,7.4,85,Strong Matchup,HIGH
Kelly Oubre Jr,player_rebounds,5.5,-108,BetOnline.ag,Philadelphia 76ers at New York Knicks,5.0,73,Strong Matchup,HIGH
Kelly Oubre Jr,player_rebounds,5.5,-120,BetOnline.ag,Philadelphia 76ers at New York Knicks,5.1,68,Weak Matchup,MEDIUM
Mikal Bridges,player_rebounds,2.5,-125,BetOnline.ag,Philadelphia 76ers at New York Knicks,2.2,70,Neutral Matchup,HIGH
Mikal Bridges,player_rebounds,2.5,-103,BetOnline.ag,Philadelphia 76ers at New York Knicks,2.8,78,Neutral Matchup,HIGH
Paul George,player_rebounds,5.5,-109,BetOnline.ag,Philadelphia 76ers at New York Knicks,6.3,46,Weak Matchup,LOW
Paul George,player_rebounds,5.5,-119,BetOnline.ag,Philadelphia 76ers at New York Knicks,5.2,58,Weak Matchup,MEDIUM
Karl-Anthony Towns,player_rebounds,11.5,-112,BetOnline.ag,Philadelphia 76ers at New York Knicks,10.6,74,Neutral Matchup,HIGH
Karl-Anthony Towns,player_rebounds,11.5,-115,BetOnline.ag,Philadelphia 76ers at New York Knicks,10.9,59,Neutral Matchup,MEDIUM
VJ Edgecombe,player_rebounds,5.5,120,BetOnline.ag,Philadelphia 76ers at New York Knicks,5.1,81,Strong Matchup,HIGH
VJ Edgecombe,player_rebounds,5.5,-156,BetOnline.ag,Philadelphia 76ers at New York Knicks,5.1,77,Neutral Matchup,HIGH
Quentin Grimes,player_rebounds,2.5,-109,BetOnline.ag,Philadelphia 76ers at New York Knicks,2.8,78,Neutral Matchup,HIGH
Quentin Grimes,player_rebounds,2.5,-119,BetOnline.ag,Philadelphia 76ers at New York Knicks,2.5,50,Strong Matchup,LOW
Miles McBride,player_rebounds,1.5,103,BetOnline.ag,Philadelphia 76ers at New York Knicks,1.7,70,Strong Matchup,HIGH
Miles McBride,player_rebounds,1.5,-133,BetOnline.ag,Philadelphia 76ers at New York Knicks,1.6,67,Weak Matchup,MEDIUM
Adem Bona,player_rebounds,3.5,-147,BetOnline.ag,Philadelphia 76ers at New York Knicks,3.1,56,Neutral Matchup,MEDIUM
Adem Bona,player_rebounds,3.5,113,BetOnline.ag,Philadelphia 76ers at New York Knicks,3.6,84,Weak Matchup,HIGH
Andre Drummond,player_rebounds,8.5,-106,BetOnline.ag,Philadelphia 76ers at New York Knicks,8.8,84,Weak Matchup,HIGH
Andre Drummond,player_rebounds,8.5,-122,BetOnline.ag,Philadelphia 76ers at New York Knicks,8.5,47,Weak Matchup,LOW
Jalen Brunson,player_threes,2.5,-101,BetOnline.ag,Philadelphia 76ers at New York Knicks,2.3,63,Weak Matchup,MEDIUM
Jalen Brunson,player_threes,2.5,-128,BetOnline.ag,Philadelphia 76ers at New York Knicks,2.8,85,Strong Matchup,HIGH
Tyrese Maxey,player_threes,2.5,-149,BetOnline.ag,Philadelphia 76ers at New York Knicks,2.7,67,Neutral Matchup,MEDIUM
Tyrese Maxey,player_threes,2.5,115,BetOnline.ag,Philadelphia 76ers at New York Knicks,2.5,68,Weak Matchup,MEDIUM
Miles McBride,player_threes,1.5,-130,BetOnline.ag,Philadelphia 76ers at New York Knicks,1.7,73,Strong Matchup,HIGH
Miles McBride,player_threes,1.5,101,BetOnline.ag,Philadelphia 76ers at New York Knicks,1.5,48,Strong Matchup,LOW
Kelly Oubre Jr,player_threes,1.5,-101,BetOnline.ag,Philadelphia 76ers at New York Knicks,1.3,65,Strong Matchup,MEDIUM
Kelly Oubre Jr,player_threes,1.5,-128,BetOnline.ag,Philadelphia 76ers at New York Knicks,1.6,50,Neutral Matchup,LOW
OG Anunoby,player_threes,2.5,110,BetOnline.ag,Philadelphia 76ers at New York Knicks,2.8,65,Neutral Matchup,MEDIUM
OG Anunoby,player_threes,2.5,-143,BetOnline.ag,Philadelphia 76ers at New York Knicks,2.2,47,Strong Matchup,LOW
Josh Hart,player_threes,1.5,117,BetOnline.ag,Philadelphia 76ers at New York Knicks,1.3,82,Weak Matchup,HIGH
Josh Hart,player_threes,1.5,-152,BetOnline.ag,Philadelphia 76ers at New York Knicks,1.5,45,Neutral Matchup,LOW
Mikal Bridges,player_threes,1.5,-106,BetOnline.ag,Philadelphia 76ers at New York Knicks,1.7,85,Weak Matchup,HIGH
Mikal Bridges,player_threes,1.5,-122,BetOnline.ag,Philadelphia 76ers at New York Knicks,1.6,51,Weak Matchup,LOW
Karl-Anthony Towns,player_threes,1.5,100,BetOnline.ag,Philadelphia 76ers at New York Knicks,1.6,75,Neutral Matchup,HIGH
Karl-Anthony Towns,player_threes,1.5,-130,BetOnline.ag,Philadelphia 76ers at New York Knicks,1.7,79,Strong Matchup,HIGH
Paul George,player_threes,2.5,-156,BetOnline.ag,Philadelphia 76ers at New York Knicks,2.6,52,Weak Matchup,LOW
Paul George,player_threes,2.5,120,BetOnline.ag,Philadelphia 76ers at New York Knicks,2.7,48,Neutral Matchup,LOW
VJ Edgecombe,player_threes,1.5,-172,BetOnline.ag,Philadelphia 76ers at New York Knicks,1.3,50,Weak Matchup,LOW
VJ Edgecombe,player_threes,1.5,131,BetOnline.ag,Philadelphia 76ers at New York Knicks,1.7,46,Neutral Matchup,LOW
Jordan Clarkson,player_threes,0.5,135,BetOnline.ag,Philadelphia 76ers at New York Knicks,0.6,82,Weak Matchup,HIGH
Jordan Clarkson,player_threes,0.5,-175,BetOnline.ag,Philadelphia 76ers at New York Knicks,0.4,80,Weak Matchup,HIGH
Quentin Grimes,player_threes,1.5,178,BetOnline.ag,Philadelphia 76ers at New York Knicks,1.7,45,Neutral Matchup,LOW
Quentin Grimes,player_threes,1.5,-238,BetOnline.ag,Philadelphia 76ers at New York Knicks,1.5,56,Strong Matchup,MEDIUM
Andre Drummond,player_threes,0.5,130,BetOnline.ag,Philadelphia 76ers at New York Knicks,0.5,63,Weak Matchup,MEDIUM
Andre Drummond,player_threes,0.5,-169,BetOnline.ag,Philadelphia 76ers at New York Knicks,0.5,71,Neutral Matchup,HIGH
Jalen Brunson,player_assists,5.5,-185,Bovada,Philadelphia 76ers at New York Knicks,5.5,60,Neutral Matchup,MEDIUM
Jalen Brunson,player_assists,5.5,140,Bovada,Philadelphia 76ers at New York Knicks,5.0,61,Strong Matchup,MEDIUM
Jalen Brunson,player_assists,6.5,105,Bovada,Philadelphia 76ers at New York Knicks,6.6,51,Weak Matchup,LOW
Jalen Brunson,player_assists,6.5,-135,Bovada,Philadelphia 76ers at New York Knicks,5.9,78,Neutral Matchup,HIGH
Jalen Brunson,player_assists,7.5,185,Bovada,Philadelphia 76ers at New York Knicks,7.0,61,Neutral Matchup,MEDIUM
Jalen Brunson,player_assists,7.5,-250,Bovada,Philadelphia 76ers at New York Knicks,7.3,62,Weak Matchup,MEDIUM
Josh Hart,player_assists,4.5,-135,Bovada,Philadelphia 76ers at New York Knicks,4.0,85,Strong Matchup,HIGH
Josh Hart,player_assists,4.5,105,Bovada,Philadelphia 76ers at New York Knicks,4.0,55,Neutral Matchup,MEDIUM
Josh Hart,player_assists,5.5,145,Bovada,Philadelphia 76ers at New York Knicks,6.3,47,Neutral Matchup,LOW
Josh Hart,player_assists,5.5,-190,Bovada,Philadelphia 76ers at New York Knicks,4.8,73,Strong Matchup,HIGH
Karl-Anthony Towns,player_assists,3.5,-180,Bovada,Philadelphia 76ers at New York Knicks,3.4,48,Neutral Matchup,LOW
Karl-Anthony Towns,player_assists,3.5,135,Bovada,Philadelphia 76ers at New York Knicks,3.8,82,Neutral Matchup,HIGH
Karl-Anthony Towns,player_assists,4.5,120,Bovada,Philadelphia 76ers at New York Knicks,3.9,61,Strong Matchup,MEDIUM
Karl-Anthony Towns,player_assists,4.5,-160,Bovada,Philadelphia 76ers at New York Knicks,5.1,67,Neutral Matchup,MEDIUM
Kelly Oubre Jr,player_assists,1.5,105,Bovada,Philadelphia 76ers at New York Knicks,1.7,52,Strong Matchup,LOW
Kelly Oubre Jr,player_assists,1.5,-135,Bovada,Philadelphia 76ers at New York Knicks,1.6,73,Strong Matchup,HIGH
Mikal Bridges,player_assists,2.5,-125,Bovada,Philadelphia 76ers at New York Knicks,2.8,47,Weak Matchup,LOW
Mikal Bridges,player_assists,2.5,-105,Bovada,Philadelphia 76ers at New York Knicks,2.2,76,Strong Matchup,HIGH
Mikal Bridges,player_assists,3.5,190,Bovada,Philadelphia 76ers at New York Knicks,3.7,54,Weak Matchup,LOW
Mikal Bridges,player_assists,3.5,-260,Bovada,Philadelphia 76ers at New York Knicks,3.1,79,Strong Matchup,HIGH
Miles McBride,player_assists,1.5,-105,Bovada,Philadelphia 76ers at New York Knicks,1.4,48,Weak Matchup,LOW
Miles McBride,player_assists,1.5,-125,Bovada,Philadelphia 76ers at New York Knicks,1.5,56,Neutral Matchup,MEDIUM
OG Anunoby,player_assists,1.5,-125,Bovada,Philadelphia 76ers at New York Knicks,1.6,57,Weak Matchup,MEDIUM
OG Anunoby,player_assists,1.5,-105,Bovada,Philadelphia 76ers at New York Knicks,1.7,62,Neutral Matchup,MEDIUM
Paul George,player_assists,3.5,-130,Bovada,Philadelphia 76ers at New York Knicks,3.2,49,Neutral Matchup,LOW
Paul George,player_assists,3.5,100,Bovada,Philadelphia 76ers at New York Knicks,3.2,78,Strong Matchup,HIGH
Paul George,player_assists,4.5,165,Bovada,Philadelphia 76ers at New York Knicks,4.8,81,Strong Matchup,HIGH
Paul George,player_assists,4.5,-220,Bovada,Philadelphia 76ers at New York Knicks,5.0,50,Strong Matchup,LOW
Quentin Grimes,player_assists,1.5,-210,Bovada,Philadelphia 76ers at New York Knicks,1.5,47,Weak Matchup,LOW
Quentin Grimes,player_assists,1.5,155,Bovada,Philadelphia 76ers at New York Knicks,1.5,76,Neutral Matchup,HIGH
Quentin Grimes,player_assists,2.5,140,Bovada,Philadelphia 76ers at New York Knicks,2.3,52,Neutral Matchup,LOW
Quentin Grimes,player_assists,2.5,-185,Bovada,Philadelphia 76ers at New York Knicks,2.7,47,Strong Matchup,LOW
Tyrese Maxey,player_assists,5.5,-150,Bovada,Philadelphia 76ers at New York Knicks,5.4,67,Weak Matchup,MEDIUM
Tyrese Maxey,player_assists,5.5,115,Bovada,Philadelphia 76ers at New York Knicks,4.9,85,Weak Matchup,HIGH
Tyrese Maxey,player_assists,6.5,125,Bovada,Philadelphia 76ers at New York Knicks,6.0,52,Strong Matchup,LOW
Tyrese Maxey,player_assists,6.5,-165,Bovada,Philadelphia 76ers at New York Knicks,6.7,63,Weak Matchup,MEDIUM
VJ Edgecombe,player_assists,3.5,-130,Bovada,Philadelphia 76ers at New York Knicks,3.9,52,Strong Matchup,LOW
VJ Edgecombe,player_assists,3.5,100,Bovada,Philadelphia 76ers at New York Knicks,3.2,60,Neutral Matchup,MEDIUM
VJ Edgecombe,player_assists,4.5,165,Bovada,Philadelphia 76ers at New York Knicks,4.1,61,Weak Matchup,MEDIUM
VJ Edgecombe,player_assists,4.5,-220,Bovada,Philadelphia 76ers at New York Knicks,4.2,83,Strong Matchup,HIGH
Jalen Brunson,player_blocks,0.5,300,Bovada,Philadelphia 76ers at New York Knicks,0.5,60,Weak Matchup,MEDIUM
Jalen Brunson,player_blocks,0.5,-450,Bovada,Philadelphia 76ers at New York Knicks,0.5,56,Strong Matchup,MEDIUM
Josh Hart,player_blocks,0.5,215,Bovada,Philadelphia 76ers at New York Knicks,0.6,81,Weak Matchup,HIGH
Josh Hart,player_blocks,0.5,-300,Bovada,Philadelphia 76ers at New York Knicks,0.5,49,Neutral Matchup,LOW
Karl-Anthony Towns,player_blocks,1.5,160,Bovada,Philadelphia 76ers at New York Knicks,1.5,62,Strong Matchup,MEDIUM
Karl-Anthony Towns,player_blocks,1.5,-215,Bovada,Philadelphia 76ers at New York Knicks,1.5,57,Neutral Matchup,MEDIUM
Kelly Oubre Jr,player_blocks,0.5,100,Bovada,Philadelphia 76ers at New York Knicks,0.5,54,Strong Matchup,LOW
Kelly Oubre Jr,player_blocks,0.5,-130,Bovada,Philadelphia 76ers at New York Knicks,0.4,68,Neutral Matchup,MEDIUM
Mikal Bridges,player_blocks,0.5,110,Bovada,Philadelphia 76ers at New York Knicks,0.5,56,Neutral Matchup,MEDIUM
Mikal Bridges,player_blocks,0.5,-145,Bovada,Philadelphia 76ers at New York Knicks,0.6,49,Neutral Matchup,LOW
Mitchell Robinson,player_blocks,0.5,-200,Bovada,Philadelphia 76ers at New York Knicks,0.4,65,Neutral Matchup,MEDIUM
Mitchell Robinson,player_blocks,0.5,150,Bovada,Philadelphia 76ers at New York Knicks,0.4,53,Neutral Matchup,LOW
OG Anunoby,player_blocks,0.5,-210,Bovada,Philadelphia 76ers at New York Knicks,0.5,52,Strong Matchup,LOW
OG Anunoby,player_blocks,0.5,155,Bovada,Philadelphia 76ers at New York Knicks,0.5,57,Neutral Matchup,MEDIUM
OG Anunoby,player_blocks,1.5,205,Bovada,Philadelphia 76ers at New York Knicks,1.5,85,Weak Matchup,HIGH
OG Anunoby,player_blocks,1.5,-280,Bovada,Philadelphia 76ers at New York Knicks,1.4,79,Neutral Matchup,HIGH
Paul George,player_blocks,0.5,120,Bovada,Philadelphia 76ers at New York Knicks,0.5,82,Weak Matchup,HIGH
Paul George,player_blocks,0.5,-160,Bovada,Philadelphia 76ers at New York Knicks,0.5,74,Neutral Matchup,HIGH
Tyrese Maxey,player_blocks,0.5,-120,Bovada,Philadelphia 76ers at New York Knicks,0.5,79,Strong Matchup,HIGH
Tyrese Maxey,player_blocks,0.5,-110,Bovada,Philadelphia 76ers at New York Knicks,0.5,57,Strong Matchup,MEDIUM
VJ Edgecombe,player_blocks,0.5,150,Bovada,Philadelphia 76ers at New York Knicks,0.5,70,Strong Matchup,HIGH
VJ Edgecombe,player_blocks,0.5,-200,Bovada,Philadelphia 76ers at New York Knicks,0.5,62,Neutral Matchup,MEDIUM
Adem Bona,player_points,2.5,-240,Bovada,Philadelphia 76ers at New York Knicks,2.4,50,Strong Matchup,LOW
Adem Bona,player_points,2.5,175,Bovada,Philadelphia 76ers at New York Knicks,2.4,70,Neutral Matchup,HIGH
Adem Bona,player_points,3.5,-135,Bovada,Philadelphia 76ers at New York Knicks,3.0,66,Weak Matchup,MEDIUM
Adem Bona,player_points,3.5,105,Bovada,Philadelphia 76ers at New York Knicks,3.5,56,Neutral Matchup,MEDIUM
Adem Bona,player_points,4.5,115,Bovada,Philadelphia 76ers at New York Knicks,4.2,64,Weak Matchup,MEDIUM
Adem Bona,player_points,4.5,-150,Bovada,Philadelphia 76ers at New York Knicks,4.4,81,Strong Matchup,HIGH
Adem Bona,player_points,5.5,170,Bovada,Philadelphia 76ers at New York Knicks,4.8,62,Neutral Matchup,MEDIUM
Adem Bona,player_points,5.5,-230,Bovada,Philadelphia 76ers at New York Knicks,5.0,85,Strong Matchup,HIGH
Andre Drummond,player_points,4.5,-280,Bovada,Philadelphia 76ers at New York Knicks,4.9,63,Strong Matchup,MEDIUM
Andre Drummond,player_points,4.5,205,Bovada,Philadelphia 76ers at New York Knicks,4.9,59,Neutral Matchup,MEDIUM
Andre Drummond,player_points,5.5,-180,Bovada,Philadelphia 76ers at New York Knicks,5.7,85,Weak Matchup,HIGH
Andre Drummond,player_points,5.5,135,Bovada,Philadelphia 76ers at New York Knicks,6.2,80,Neutral Matchup,HIGH
Andre Drummond,player_points,6.5,-120,Bovada,Philadelphia 76ers at New York Knicks,5.8,78,Neutral Matchup,HIGH
Andre Drummond,player_points,6.5,-110,Bovada,Philadelphia 76ers at New York Knicks,5.5,59,Strong Matchup,MEDIUM
Andre Drummond,player_points,7.5,120,Bovada,Philadelphia 76ers at New York Knicks,8.6,58,Neutral Matchup,MEDIUM
Andre Drummond,player_points,7.5,-160,Bovada,Philadelphia 76ers at New York Knicks,7.8,55,Strong Matchup,MEDIUM
Andre Drummond,player_points,8.5,165,Bovada,Philadelphia 76ers at New York Knicks,8.4,84,Neutral Matchup,HIGH
Andre Drummond,player_points,8.5,-220,Bovada,Philadelphia 76ers at New York Knicks,9.2,73,Strong Matchup,HIGH
Jalen Brunson,player_points,22.5,-250,Bovada,Philadelphia 76ers at New York Knicks,24.0,57,Neutral Matchup,MEDIUM
Jalen Brunson,player_points,22.5,185,Bovada,Philadelphia 76ers at New York Knicks,25.3,48,Weak Matchup,LOW
Jalen Brunson,player_points,23.5,-200,Bovada,Philadelphia 76ers at New York Knicks,23.5,66,Weak Matchup,MEDIUM
Jalen Brunson,player_points,23.5,150,Bovada,Philadelphia 76ers at New York Knicks,24.0,64,Neutral Matchup,MEDIUM
Jalen Brunson,player_points,24.5,-165,Bovada,Philadelphia 76ers at New York Knicks,26.4,80,Weak Matchup,HIGH
Jalen Brunson,player_points,24.5,125,Bovada,Philadelphia 76ers at New York Knicks,21.1,81,Weak Matchup,HIGH
Jalen Brunson,player_points,25.5,-135,Bovada,Philadelphia 76ers at New York Knicks,28.7,75,Weak Matchup,HIGH
Jalen Brunson,player_points,25.5,105,Bovada,Philadelphia 76ers at New York Knicks,23.4,57,Neutral Matchup,MEDIUM
Jalen Brunson,player_points,26.5,-110,Bovada,Philadelphia 76ers at New York Knicks,29.0,71,Weak Matchup,HIGH
Jalen Brunson,player_points,26.5,-120,Bovada,Philadelphia 76ers at New York Knicks,24.8,61,Weak Matchup,MEDIUM
Jalen Brunson,player_points,27.5,110,Bovada,Philadelphia 76ers at New York Knicks,29.7,59,Neutral Matchup,MEDIUM
Jalen Brunson,player_points,27.5,-145,Bovada,Philadelphia 76ers at New York Knicks,27.2,72,Neutral Matchup,HIGH
Jalen Brunson,player_points,28.5,135,Bovada,Philadelphia 76ers at New York Knicks,27.9,85,Strong Matchup,HIGH
Jalen Brunson,player_points,28.5,-180,Bovada,Philadelphia 76ers at New York Knicks,28.1,73,Neutral Matchup,HIGH
Jalen Brunson,player_points,29.5,160,Bovada,Philadelphia 76ers at New York Knicks,33.9,51,Weak Matchup,LOW
Jalen Brunson,player_points,29.5,-215,Bovada,Philadelphia 76ers at New York Knicks,31.0,46,Strong Matchup,LOW
Jalen Brunson,player_points,30.5,190,Bovada,Philadelphia 76ers at New York Knicks,30.9,51,Weak Matchup,LOW
Jalen Brunson,player_points,30.5,-260,Bovada,Philadelphia 76ers at New York Knicks,27.8,85,Weak Matchup,HIGH
Jordan Clarkson,player_points,3.5,-280,Bovada,Philadelphia 76ers at New York Knicks,3.3,81,Neutral Matchup,HIGH
Jordan Clarkson,player_points,3.5,205,Bovada,Philadelphia 76ers at New York Knicks,3.7,46,Strong Matchup,LOW
Jordan Clarkson,player_points,4.5,-170,Bovada,Philadelphia 76ers at New York Knicks,4.1,52,Neutral Matchup,LOW
Jordan Clarkson,player_points,4.5,130,Bovada,Philadelphia 76ers at New York Knicks,4.8,80,Strong Matchup,HIGH
Jordan Clarkson,player_points,5.5,-110,Bovada,Philadelphia 76ers at New York Knicks,5.9,83,Neutral Matchup,HIGH
Jordan Clarkson,player_points,5.5,-120,Bovada,Philadelphia 76ers at New York Knicks,5.7,49,Weak Matchup,LOW
Jordan Clarkson,player_points,6.5,135,Bovada,Philadelphia 76ers at New York Knicks,5.9,66,Strong Matchup,MEDIUM
Jordan Clarkson,player_points,6.5,-180,Bovada,Philadelphia 76ers at New York Knicks,6.4,74,Weak Matchup,HIGH
Jordan Clarkson,player_points,7.5,190,Bovada,Philadelphia 76ers at New York Knicks,8.1,62,Strong Matchup,MEDIUM
Jordan Clarkson,player_points,7.5,-260,Bovada,Philadelphia 76ers at New York Knicks,7.4,58,Strong Matchup,MEDIUM
Josh Hart,player_points,8.5,-290,Bovada,Philadelphia 76ers at New York Knicks,9.5,53,Strong Matchup,LOW
Josh Hart,player_points,8.5,210,Bovada,Philadelphia 76ers at New York Knicks,8.0,60,Strong Matchup,MEDIUM
Josh Hart,player_points,9.5,-200,Bovada,Philadelphia 76ers at New York Knicks,9.2,46,Weak Matchup,LOW
Josh Hart,player_points,9.5,150,Bovada,Philadelphia 76ers at New York Knicks,10.5,82,Neutral Matchup,HIGH
Josh Hart,player_points,10.5,-150,Bovada,Philadelphia 76ers at New York Knicks,10.0,64,Weak Matchup,MEDIUM
Josh Hart,player_points,10.5,115,Bovada,Philadelphia 76ers at New York Knicks,10.5,51,Weak Matchup,LOW
Josh Hart,player_points,11.5,-110,Bovada,Philadelphia 76ers at New York Knicks,10.0,73,Neutral Matchup,HIGH
Josh Hart,player_points,11.5,-120,Bovada,Philadelphia 76ers at New York Knicks,11.7,77,Neutral Matchup,HIGH
Josh Hart,player_points,12.5,120,Bovada,Philadelphia 76ers at New York Knicks,12.9,75,Neutral Matchup,HIGH
Josh Hart,player_points,12.5,-160,Bovada,Philadelphia 76ers at New York Knicks,12.9,48,Strong Matchup,LOW
Josh Hart,player_points,13.5,155,Bovada,Philadelphia 76ers at New York Knicks,15.2,85,Strong Matchup,HIGH
Josh Hart,player_points,13.5,-210,Bovada,Philadelphia 76ers at New York Knicks,14.9,47,Strong Matchup,LOW
Josh Hart,player_points,14.5,200,Bovada,Philadelphia 76ers at New York Knicks,12.4,69,Neutral Matchup,MEDIUM
Josh Hart,player_points,14.5,-275,Bovada,Philadelphia 76ers at New York Knicks,16.6,73,Strong Matchup,HIGH
Karl-Anthony Towns,player_points,15.5,-300,Bovada,Philadelphia 76ers at New York Knicks,17.5,48,Weak Matchup,LOW
Karl-Anthony Towns,player_points,15.5,215,Bovada,Philadelphia 76ers at New York Knicks,13.4,67,Weak Matchup,MEDIUM
Karl-Anthony Towns,player_points,16.5,-220,Bovada,Philadelphia 76ers at New York Knicks,16.2,63,Strong Matchup,MEDIUM
Karl-Anthony Towns,player_points,16.5,165,Bovada,Philadelphia 76ers at New York Knicks,17.3,51,Neutral Matchup,LOW
Karl-Anthony Towns,player_points,17.5,-170,Bovada,Philadelphia 76ers at New York Knicks,17.3,72,Strong Matchup,HIGH
Karl-Anthony Towns,player_points,17.5,130,Bovada,Philadelphia 76ers at New York Knicks,15.2,78,Neutral Matchup,HIGH
Karl-Anthony Towns,player_points,18.5,-135,Bovada,Philadelphia 76ers at New York Knicks,16.8,59,Weak Matchup,MEDIUM
Karl-Anthony Towns,player_points,18.5,105,Bovada,Philadelphia 76ers at New York Knicks,21.0,80,Strong Matchup,HIGH
Karl-Anthony Towns,player_points,19.5,-110,Bovada,Philadelphia 76ers at New York Knicks,18.8,50,Strong Matchup,LOW
Karl-Anthony Towns,player_points,19.5,-120,Bovada,Philadelphia 76ers at New York Knicks,20.6,50,Weak Matchup,LOW
Karl-Anthony Towns,player_points,20.5,115,Bovada,Philadelphia 76ers at New York Knicks,19.4,62,Strong Matchup,MEDIUM
Karl-Anthony Towns,player_points,20.5,-150,Bovada,Philadelphia 76ers at New York Knicks,22.1,52,Weak Matchup,LOW
Karl-Anthony Towns,player_points,21.5,140,Bovada,Philadelphia 76ers at New York Knicks,22.4,83,Neutral Matchup,HIGH
Karl-Anthony Towns,player_points,21.5,-185,Bovada,Philadelphia 76ers at New York Knicks,20.4,77,Weak Matchup,HIGH
Karl-Anthony Towns,player_points,22.5,175,Bovada,Philadelphia 76ers at New York Knicks,23.8,84,Strong Matchup,HIGH
Karl-Anthony Towns,player_points,22.5,-240,Bovada,Philadelphia 76ers at New York Knicks,24.4,75,Neutral Matchup,HIGH
Kelly Oubre Jr,player_points,10.5,-230,Bovada,Philadelphia 76ers at New York Knicks,11.6,48,Weak Matchup,LOW
Kelly Oubre Jr,player_points,10.5,170,Bovada,Philadelphia 76ers at New York Knicks,11.2,59,Weak Matchup,MEDIUM
Kelly Oubre Jr,player_points,11.5,-165,Bovada,Philadelphia 76ers at New York Knicks,10.2,63,Strong Matchup,MEDIUM
Kelly Oubre Jr,player_points,11.5,125,Bovada,Philadelphia 76ers at New York Knicks,13.2,72,Strong Matchup,HIGH
Kelly Oubre Jr,player_points,12.5,-125,Bovada,Philadelphia 76ers at New York Knicks,12.4,79,Neutral Matchup,HIGH
Kelly Oubre Jr,player_points,12.5,-105,Bovada,Philadelphia 76ers at New York Knicks,13.3,52,Weak Matchup,LOW
Kelly Oubre Jr,player_points,13.5,105,Bovada,Philadelphia 76ers at New York Knicks,13.6,60,Neutral Matchup,MEDIUM
Kelly Oubre Jr,player_points,13.5,-135,Bovada,Philadelphia 76ers at New York Knicks,15.2,52,Strong Matchup,LOW
Kelly Oubre Jr,player_points,14.5,135,Bovada,Philadelphia 76ers at New York Knicks,12.7,45,Strong Matchup,LOW
Kelly Oubre Jr,player_points,14.5,-180,Bovada,Philadelphia 76ers at New York Knicks,14.8,47,Strong Matchup,LOW
Kelly Oubre Jr,player_points,15.5,170,Bovada,Philadelphia 76ers at New York Knicks,16.4,74,Strong Matchup,HIGH
Kelly Oubre Jr,player_points,15.5,-230,Bovada,Philadelphia 76ers at New York Knicks,13.2,83,Weak Matchup,HIGH
Mikal Bridges,player_points,9.5,-250,Bovada,Philadelphia 76ers at New York Knicks,8.6,56,Neutral Matchup,MEDIUM
Mikal Bridges,player_points,9.5,185,Bovada,Philadelphia 76ers at New York Knicks,9.7,68,Strong Matchup,MEDIUM
Mikal Bridges,player_points,10.5,-180,Bovada,Philadelphia 76ers at New York Knicks,11.4,46,Neutral Matchup,LOW
Mikal Bridges,player_points,10.5,135,Bovada,Philadelphia 76ers at New York Knicks,10.0,46,Weak Matchup,LOW
Mikal Bridges,player_points,11.5,-130,Bovada,Philadelphia 76ers at New York Knicks,10.2,74,Strong Matchup,HIGH
Mikal Bridges,player_points,11.5,100,Bovada,Philadelphia 76ers at New York Knicks,12.2,60,Weak Matchup,MEDIUM
Mikal Bridges,player_points,12.5,100,Bovada,Philadelphia 76ers at New York Knicks,11.0,83,Neutral Matchup,HIGH
Mikal Bridges,player_points,12.5,-130,Bovada,Philadelphia 76ers at New York Knicks,11.1,76,Weak Matchup,HIGH
Mikal Bridges,player_points,13.5,130,Bovada,Philadelphia 76ers at New York Knicks,15.3,57,Weak Matchup,MEDIUM
Mikal Bridges,player_points,13.5,-170,Bovada,Philadelphia 76ers at New York Knicks,14.8,50,Neutral Matchup,LOW
Mikal Bridges,player_points,14.5,170,Bovada,Philadelphia 76ers at New York Knicks,13.1,70,Neutral Matchup,HIGH
Mikal Bridges,player_points,14.5,-230,Bovada,Philadelphia 76ers at New York Knicks,14.2,73,Weak Matchup,HIGH
Miles McBride,player_points,5.5,-210,Bovada,Philadelphia 76ers at New York Knicks,4.9,62,Neutral Matchup,MEDIUM
Miles McBride,player_points,5.5,155,Bovada,Philadelphia 76ers at New York Knicks,5.7,84,Neutral Matchup,HIGH
Miles McBride,player_points,6.5,-135,Bovada,Philadelphia 76ers at New York Knicks,6.0,70,Weak Matchup,HIGH
Miles McBride,player_points,6.5,105,Bovada,Philadelphia 76ers at New York Knicks,5.7,54,Neutral Matchup,LOW
Miles McBride,player_points,7.5,105,Bovada,Philadelphia 76ers at New York Knicks,6.7,49,Weak Matchup,LOW
Miles McBride,player_points,7.5,-135,Bovada,Philadelphia 76ers at New York Knicks,8.4,62,Neutral Matchup,MEDIUM
Miles McBride,player_points,8.5,145,Bovada,Philadelphia 76ers at New York Knicks,7.5,61,Weak Matchup,MEDIUM
Miles McBride,player_points,8.5,-190,Bovada,Philadelphia 76ers at New York Knicks,8.1,45,Weak Matchup,LOW
Miles McBride,player_points,9.5,200,Bovada,Philadelphia 76ers at New York Knicks,8.5,65,Weak Matchup,MEDIUM
Miles McBride,player_points,9.5,-275,Bovada,Philadelphia 76ers at New York Knicks,10.1,83,Neutral Matchup,HIGH
Mitchell Robinson,player_points,3.5,-180,Bovada,Philadelphia 76ers at New York Knicks,3.2,61,Neutral Matchup,MEDIUM
Mitchell Robinson,player_points,3.5,135,Bovada,Philadelphia 76ers at New York Knicks,3.6,73,Neutral Matchup,HIGH
Mitchell Robinson,player_points,4.5,-110,Bovada,Philadelphia 76ers at New York Knicks,4.1,71,Strong Matchup,HIGH
Mitchell Robinson,player_points,4.5,-120,Bovada,Philadelphia 76ers at New York Knicks,4.9,68,Weak Matchup,MEDIUM
Mitchell Robinson,player_points,5.5,135,Bovada,Philadelphia 76ers at New York Knicks,6.1,67,Neutral Matchup,MEDIUM
Mitchell Robinson,player_points,5.5,-180,Bovada,Philadelphia 76ers at New York Knicks,6.0,65,Neutral Matchup,MEDIUM
Mitchell Robinson,player_points,6.5,200,Bovada,Philadelphia 76ers at New York Knicks,7.5,47,Strong Matchup,LOW
Mitchell Robinson,player_points,6.5,-275,Bovada,Philadelphia 76ers at New York Knicks,5.6,69,Strong Matchup,MEDIUM
OG Anunoby,player_points,14.5,-250,Bovada,Philadelphia 76ers at New York Knicks,13.4,58,Weak Matchup,MEDIUM
OG Anunoby,player_points,14.5,185,Bovada,Philadelphia 76ers at New York Knicks,14.5,85,Strong Matchup,HIGH
OG Anunoby,player_points,15.5,-190,Bovada,Philadelphia 76ers at New York Knicks,17.2,64,Weak Matchup,MEDIUM
OG Anunoby,player_points,15.5,145,Bovada,Philadelphia 76ers at New York Knicks,14.9,59,Neutral Matchup,MEDIUM
OG Anunoby,player_points,16.5,-150,Bovada,Philadelphia 76ers at New York Knicks,18.4,49,Weak Matchup,LOW
OG Anunoby,player_points,16.5,115,Bovada,Philadelphia 76ers at New York Knicks,17.6,67,Neutral Matchup,MEDIUM
OG Anunoby,player_points,17.5,-115,Bovada,Philadelphia 76ers at New York Knicks,16.6,53,Neutral Matchup,LOW
OG Anunoby,player_points,17.5,-115,Bovada,Philadelphia 76ers at New York Knicks,17.8,65,Strong Matchup,MEDIUM
OG Anunoby,player_points,18.5,110,Bovada,Philadelphia 76ers at New York Knicks,18.8,59,Strong Matchup,MEDIUM
OG Anunoby,player_points,18.5,-145,Bovada,Philadelphia 76ers at New York Knicks,20.6,48,Strong Matchup,LOW
OG Anunoby,player_points,19.5,135,Bovada,Philadelphia 76ers at New York Knicks,19.9,80,Strong Matchup,HIGH
OG Anunoby,player_points,19.5,-180,Bovada,Philadelphia 76ers at New York Knicks,19.8,52,Weak Matchup,LOW
OG Anunoby,player_points,20.5,170,Bovada,Philadelphia 76ers at New York Knicks,19.0,66,Neutral Matchup,MEDIUM
OG Anunoby,player_points,20.5,-230,Bovada,Philadelphia 76ers at New York Knicks,23.0,64,Weak Matchup,MEDIUM
OG Anunoby,player_points,21.5,210,Bovada,Philadelphia 76ers at New York Knicks,22.8,57,Strong Matchup,MEDIUM
OG Anunoby,player_points,21.5,-290,Bovada,Philadelphia 76ers at New York Knicks,22.4,47,Neutral Matchup,LOW
Paul George,player_points,14.5,-275,Bovada,Philadelphia 76ers at New York Knicks,15.3,75,Strong Matchup,HIGH
Paul George,player_points,14.5,200,Bovada,Philadelphia 76ers at New York Knicks,16.5,74,Strong Matchup,HIGH
Paul George,player_points,15.5,-210,Bovada,Philadelphia 76ers at New York Knicks,16.2,77,Strong Matchup,HIGH
Paul George,player_points,15.5,155,Bovada,Philadelphia 76ers at New York Knicks,17.0,50,Strong Matchup,LOW
Paul George,player_points,16.5,-160,Bovada,Philadelphia 76ers at New York Knicks,17.9,45,Neutral Matchup,LOW
Paul George,player_points,16.5,120,Bovada,Philadelphia 76ers at New York Knicks,17.7,68,Strong Matchup,MEDIUM
Paul George,player_points,17.5,-125,Bovada,Philadelphia 76ers at New York Knicks,16.3,76,Strong Matchup,HIGH
Paul George,player_points,17.5,-105,Bovada,Philadelphia 76ers at New York Knicks,19.4,45,Weak Matchup,LOW
Paul George,player_points,18.5,100,Bovada,Philadelphia 76ers at New York Knicks,20.0,48,Neutral Matchup,LOW
Paul George,player_points,18.5,-130,Bovada,Philadelphia 76ers at New York Knicks,17.5,61,Weak Matchup,MEDIUM
Paul George,player_points,19.5,125,Bovada,Philadelphia 76ers at New York Knicks,18.7,53,Weak Matchup,LOW
Paul George,player_points,19.5,-165,Bovada,Philadelphia 76ers at New York Knicks,19.2,76,Weak Matchup,HIGH
Paul George,player_points,20.5,155,Bovada,Philadelphia 76ers at New York Knicks,19.7,62,Strong Matchup,MEDIUM
Paul George,player_points,20.5,-210,Bovada,Philadelphia 76ers at New York Knicks,23.0,47,Neutral Matchup,LOW
Paul George,player_points,21.5,190,Bovada,Philadelphia 76ers at New York Knicks,20.9,81,Strong Matchup,HIGH
Paul George,player_points,21.5,-260,Bovada,Philadelphia 76ers at New York Knicks,21.0,63,Weak Matchup,MEDIUM
Quentin Grimes,player_points,6.5,-215,Bovada,Philadelphia 76ers at New York Knicks,5.5,63,Neutral Matchup,MEDIUM
Quentin Grimes,player_points,6.5,160,Bovada,Philadelphia 76ers at New York Knicks,6.6,52,Weak Matchup,LOW
Quentin Grimes,player_points,7.5,-145,Bovada,Philadelphia 76ers at New York Knicks,8.6,48,Weak Matchup,LOW
Quentin Grimes,player_points,7.5,110,Bovada,Philadelphia 76ers at New York Knicks,7.8,52,Strong Matchup,LOW
Quentin Grimes,player_points,8.5,-105,Bovada,Philadelphia 76ers at New York Knicks,9.6,75,Weak Matchup,HIGH
Quentin Grimes,player_points,8.5,-125,Bovada,Philadelphia 76ers at New York Knicks,8.0,74,Neutral Matchup,HIGH
Quentin Grimes,player_points,9.5,130,Bovada,Philadelphia 76ers at New York Knicks,10.6,79,Neutral Matchup,HIGH
Quentin Grimes,player_points,9.5,-170,Bovada,Philadelphia 76ers at New York Knicks,9.0,55,Neutral Matchup,MEDIUM
Quentin Grimes,player_points,10.5,175,Bovada,Philadelphia 76ers at New York Knicks,10.9,75,Strong Matchup,HIGH
Quentin Grimes,player_points,10.5,-240,Bovada,Philadelphia 76ers at New York Knicks,10.1,58,Neutral Matchup,MEDIUM
Tyrese Maxey,player_points,23.5,-250,Bovada,Philadelphia 76ers at New York Knicks,21.0,57,Weak Matchup,MEDIUM
Tyrese Maxey,player_points,23.5,185,Bovada,Philadelphia 76ers at New York Knicks,20.7,77,Neutral Matchup,HIGH
Tyrese Maxey,player_points,24.5,-200,Bovada,Philadelphia 76ers at New York Knicks,26.9,85,Strong Matchup,HIGH
Tyrese Maxey,player_points,24.5,150,Bovada,Philadelphia 76ers at New York Knicks,26.9,58,Strong Matchup,MEDIUM
Tyrese Maxey,player_points,25.5,-165,Bovada,Philadelphia 76ers at New York Knicks,26.3,69,Neutral Matchup,MEDIUM
Tyrese Maxey,player_points,25.5,125,Bovada,Philadelphia 76ers at New York Knicks,23.7,64,Strong Matchup,MEDIUM
Tyrese Maxey,player_points,26.5,-130,Bovada,Philadelphia 76ers at New York Knicks,29.2,45,Weak Matchup,LOW
Tyrese Maxey,player_points,26.5,100,Bovada,Philadelphia 76ers at New York Knicks,30.1,46,Neutral Matchup,LOW
Tyrese Maxey,player_points,27.5,-110,Bovada,Philadelphia 76ers at New York Knicks,28.9,46,Weak Matchup,LOW
Tyrese Maxey,player_points,27.5,-120,Bovada,Philadelphia 76ers at New York Knicks,24.5,64,Strong Matchup,MEDIUM
Tyrese Maxey,player_points,28.5,110,Bovada,Philadelphia 76ers at New York Knicks,31.7,74,Strong Matchup,HIGH
Tyrese Maxey,player_points,28.5,-145,Bovada,Philadelphia 76ers at New York Knicks,30.8,80,Strong Matchup,HIGH
Tyrese Maxey,player_points,29.5,130,Bovada,Philadelphia 76ers at New York Knicks,26.0,77,Strong Matchup,HIGH
Tyrese Maxey,player_points,29.5,-170,Bovada,Philadelphia 76ers at New York Knicks,30.1,59,Neutral Matchup,MEDIUM
Tyrese Maxey,player_points,30.5,155,Bovada,Philadelphia 76ers at New York Knicks,27.6,67,Strong Matchup,MEDIUM
Tyrese Maxey,player_points,30.5,-210,Bovada,Philadelphia 76ers at New York Knicks,32.7,63,Strong Matchup,MEDIUM
Tyrese Maxey,player_points,31.5,190,Bovada,Philadelphia 76ers at New York Knicks,26.8,47,Neutral Matchup,LOW
Tyrese Maxey,player_points,31.5,-260,Bovada,Philadelphia 76ers at New York Knicks,32.2,75,Neutral Matchup,HIGH
VJ Edgecombe,player_points,12.5,-220,Bovada,Philadelphia 76ers at New York Knicks,13.3,48,Neutral Matchup,LOW
VJ Edgecombe,player_points,12.5,165,Bovada,Philadelphia 76ers at New York Knicks,12.2,51,Strong Matchup,LOW
VJ Edgecombe,player_points,13.5,-165,Bovada,Philadelphia 76ers at New York Knicks,14.3,53,Strong Matchup,LOW
VJ Edgecombe,player_points,13.5,125,Bovada,Philadelphia 76ers at New York Knicks,15.1,50,Weak Matchup,LOW
VJ Edgecombe,player_points,14.5,-125,Bovada,Philadelphia 76ers at New York Knicks,16.3,59,Weak Matchup,MEDIUM
VJ Edgecombe,player_points,14.5,-105,Bovada,Philadelphia 76ers at New York Knicks,12.6,54,Neutral Matchup,LOW
VJ Edgecombe,player_points,15.5,105,Bovada,Philadelphia 76ers at New York Knicks,16.8,60,Strong Matchup,MEDIUM
VJ Edgecombe,player_points,15.5,-135,Bovada,Philadelphia 76ers at New York Knicks,16.2,52,Neutral Matchup,LOW
VJ Edgecombe,player_points,16.5,130,Bovada,Philadelphia 76ers at New York Knicks,16.2,47,Strong Matchup,LOW
VJ Edgecombe,player_points,16.5,-170,Bovada,Philadelphia 76ers at New York Knicks,16.8,53,Neutral Matchup,LOW
VJ Edgecombe,player_points,17.5,165,Bovada,Philadelphia 76ers at New York Knicks,15.8,62,Neutral Matchup,MEDIUM
VJ Edgecombe,player_points,17.5,-220,Bovada,Philadelphia 76ers at New York Knicks,19.4,63,Weak Matchup,MEDIUM
VJ Edgecombe,player_points,18.5,210,Bovada,Philadelphia 76ers at New York Knicks,20.0,85,Strong Matchup,HIGH
VJ Edgecombe,player_points,18.5,-290,Bovada,Philadelphia 76ers at New York Knicks,18.9,62,Weak Matchup,MEDIUM
Andre Drummond,player_rebounds,7.5,-180,Bovada,Philadelphia 76ers at New York Knicks,8.3,79,Strong Matchup,HIGH
Andre Drummond,player_rebounds,7.5,135,Bovada,Philadelphia 76ers at New York Knicks,6.9,45,Strong Matchup,LOW
Andre Drummond,player_rebounds,8.5,-105,Bovada,Philadelphia 76ers at New York Knicks,8.9,69,Weak Matchup,MEDIUM
Andre Drummond,player_rebounds,8.5,-125,Bovada,Philadelphia 76ers at New York Knicks,9.5,60,Strong Matchup,MEDIUM
Andre Drummond,player_rebounds,9.5,155,Bovada,Philadelphia 76ers at New York Knicks,8.8,50,Strong Matchup,LOW
Andre Drummond,player_rebounds,9.5,-210,Bovada,Philadelphia 76ers at New York Knicks,8.7,77,Weak Matchup,HIGH
Jalen Brunson,player_rebounds,2.5,-145,Bovada,Philadelphia 76ers at New York Knicks,2.4,82,Neutral Matchup,HIGH
Jalen Brunson,player_rebounds,2.5,110,Bovada,Philadelphia 76ers at New York Knicks,2.4,55,Neutral Matchup,MEDIUM
Jalen Brunson,player_rebounds,3.5,155,Bovada,Philadelphia 76ers at New York Knicks,3.5,73,Weak Matchup,HIGH
Jalen Brunson,player_rebounds,3.5,-210,Bovada,Philadelphia 76ers at New York Knicks,3.2,59,Weak Matchup,MEDIUM
Josh Hart,player_rebounds,7.5,-250,Bovada,Philadelphia 76ers at New York Knicks,7.7,75,Strong Matchup,HIGH
Josh Hart,player_rebounds,7.5,185,Bovada,Philadelphia 76ers at New York Knicks,7.3,58,Strong Matchup,MEDIUM
Josh Hart,player_rebounds,8.5,-145,Bovada,Philadelphia 76ers at New York Knicks,9.0,75,Weak Matchup,HIGH
Josh Hart,player_rebounds,8.5,110,Bovada,Philadelphia 76ers at New York Knicks,8.3,56,Neutral Matchup,MEDIUM
Josh Hart,player_rebounds,9.5,110,Bovada,Philadelphia 76ers at New York Knicks,9.1,45,Neutral Matchup,LOW
Josh Hart,player_rebounds,9.5,-145,Bovada,Philadelphia 76ers at New York Knicks,8.7,85,Strong Matchup,HIGH
Josh Hart,player_rebounds,10.5,175,Bovada,Philadelphia 76ers at New York Knicks,10.5,78,Strong Matchup,HIGH
Josh Hart,player_rebounds,10.5,-240,Bovada,Philadelphia 76ers at New York Knicks,9.3,76,Strong Matchup,HIGH
Karl-Anthony Towns,player_rebounds,10.5,-180,Bovada,Philadelphia 76ers at New York Knicks,11.2,50,Neutral Matchup,LOW
Karl-Anthony Towns,player_rebounds,10.5,135,Bovada,Philadelphia 76ers at New York Knicks,11.5,81,Neutral Matchup,HIGH
Karl-Anthony Towns,player_rebounds,11.5,-115,Bovada,Philadelphia 76ers at New York Knicks,12.7,62,Weak Matchup,MEDIUM
Karl-Anthony Towns,player_rebounds,11.5,-115,Bovada,Philadelphia 76ers at New York Knicks,12.5,50,Weak Matchup,LOW
Karl-Anthony Towns,player_rebounds,12.5,130,Bovada,Philadelphia 76ers at New York Knicks,13.6,74,Neutral Matchup,HIGH
Karl-Anthony Towns,player_rebounds,12.5,-170,Bovada,Philadelphia 76ers at New York Knicks,13.8,45,Neutral Matchup,LOW
Karl-Anthony Towns,player_rebounds,13.5,190,Bovada,Philadelphia 76ers at New York Knicks,15.0,54,Weak Matchup,LOW
Karl-Anthony Towns,player_rebounds,13.5,-260,Bovada,Philadelphia 76ers at New York Knicks,15.3,79,Strong Matchup,HIGH
Kelly Oubre Jr,player_rebounds,4.5,-215,Bovada,Philadelphia 76ers at New York Knicks,4.8,55,Neutral Matchup,MEDIUM
Kelly Oubre Jr,player_rebounds,4.5,160,Bovada,Philadelphia 76ers at New York Knicks,5.1,67,Weak Matchup,MEDIUM
Kelly Oubre Jr,player_rebounds,5.5,-110,Bovada,Philadelphia 76ers at New York Knicks,5.2,54,Strong Matchup,LOW
Kelly Oubre Jr,player_rebounds,5.5,-120,Bovada,Philadelphia 76ers at New York Knicks,5.7,79,Weak Matchup,HIGH
Kelly Oubre Jr,player_rebounds,6.5,165,Bovada,Philadelphia 76ers at New York Knicks,7.4,70,Neutral Matchup,HIGH
Kelly Oubre Jr,player_rebounds,6.5,-220,Bovada,Philadelphia 76ers at New York Knicks,7.4,55,Neutral Matchup,MEDIUM
Mikal Bridges,player_rebounds,2.5,-125,Bovada,Philadelphia 76ers at New York Knicks,2.6,61,Strong Matchup,MEDIUM
Mikal Bridges,player_rebounds,2.5,-105,Bovada,Philadelphia 76ers at New York Knicks,2.6,46,Neutral Matchup,LOW
Mikal Bridges,player_rebounds,3.5,185,Bovada,Philadelphia 76ers at New York Knicks,3.8,84,Neutral Matchup,HIGH
Mikal Bridges,player_rebounds,3.5,-250,Bovada,Philadelphia 76ers at New York Knicks,3.3,45,Strong Matchup,LOW
Miles McBride,player_rebounds,1.5,-105,Bovada,Philadelphia 76ers at New York Knicks,1.3,82,Neutral Matchup,HIGH
Miles McBride,player_rebounds,1.5,-125,Bovada,Philadelphia 76ers at New York Knicks,1.5,74,Weak Matchup,HIGH
Mitchell Robinson,player_rebounds,5.5,-210,Bovada,Philadelphia 76ers at New York Knicks,6.0,69,Strong Matchup,MEDIUM
Mitchell Robinson,player_rebounds,5.5,155,Bovada,Philadelphia 76ers at New York Knicks,4.8,84,Weak Matchup,HIGH
Mitchell Robinson,player_rebounds,6.5,-115,Bovada,Philadelphia 76ers at New York Knicks,6.2,75,Strong Matchup,HIGH
Mitchell Robinson,player_rebounds,6.5,-115,Bovada,Philadelphia 76ers at New York Knicks,6.5,62,Strong Matchup,MEDIUM
Mitchell Robinson,player_rebounds,7.5,150,Bovada,Philadelphia 76ers at New York Knicks,7.4,79,Weak Matchup,HIGH
Mitchell Robinson,player_rebounds,7.5,-200,Bovada,Philadelphia 76ers at New York Knicks,7.0,72,Neutral Matchup,HIGH
OG Anunoby,player_rebounds,4.5,-220,Bovada,Philadelphia 76ers at New York Knicks,4.1,66,Neutral Matchup,MEDIUM
OG Anunoby,player_rebounds,4.5,165,Bovada,Philadelphia 76ers at New York Knicks,4.0,60,Strong Matchup,MEDIUM
OG Anunoby,player_rebounds,5.5,-115,Bovada,Philadelphia 76ers at New York Knicks,4.8,81,Strong Matchup,HIGH
OG Anunoby,player_rebounds,5.5,-115,Bovada,Philadelphia 76ers at New York Knicks,5.5,58,Neutral Matchup,MEDIUM
OG Anunoby,player_rebounds,6.5,155,Bovada,Philadelphia 76ers at New York Knicks,5.5,84,Neutral Matchup,HIGH
OG Anunoby,player_rebounds,6.5,-210,Bovada,Philadelphia 76ers at New York Knicks,6.0,73,Neutral Matchup,HIGH
Paul George,player_rebounds,4.5,-220,Bovada,Philadelphia 76ers at New York Knicks,3.9,78,Strong Matchup,HIGH
Paul George,player_rebounds,4.5,165,Bovada,Philadelphia 76ers at New York Knicks,4.9,72,Weak Matchup,HIGH
Paul George,player_rebounds,5.5,-115,Bovada,Philadelphia 76ers at New York Knicks,5.9,64,Weak Matchup,MEDIUM
Paul George,player_rebounds,5.5,-115,Bovada,Philadelphia 76ers at New York Knicks,5.9,61,Weak Matchup,MEDIUM
Paul George,player_rebounds,6.5,155,Bovada,Philadelphia 76ers at New York Knicks,7.3,76,Strong Matchup,HIGH
Paul George,player_rebounds,6.5,-210,Bovada,Philadelphia 76ers at New York Knicks,5.9,49,Strong Matchup,LOW
Quentin Grimes,player_rebounds,2.5,-125,Bovada,Philadelphia 76ers at New York Knicks,2.3,66,Weak Matchup,MEDIUM
Quentin Grimes,player_rebounds,2.5,-105,Bovada,Philadelphia 76ers at New York Knicks,2.6,48,Neutral Matchup,LOW
Quentin Grimes,player_rebounds,3.5,185,Bovada,Philadelphia 76ers at New York Knicks,3.6,69,Weak Matchup,MEDIUM
Quentin Grimes,player_rebounds,3.5,-250,Bovada,Philadelphia 76ers at New York Knicks,3.1,72,Neutral Matchup,HIGH
Tyrese Maxey,player_rebounds,3.5,-135,Bovada,Philadelphia 76ers at New York Knicks,3.0,71,Neutral Matchup,HIGH
Tyrese Maxey,player_rebounds,3.5,105,Bovada,Philadelphia 76ers at New York Knicks,3.7,80,Neutral Matchup,HIGH
Tyrese Maxey,player_rebounds,4.5,150,Bovada,Philadelphia 76ers at New York Knicks,5.1,73,Strong Matchup,HIGH
Tyrese Maxey,player_rebounds,4.5,-200,Bovada,Philadelphia 76ers at New York Knicks,4.6,64,Weak Matchup,MEDIUM
VJ Edgecombe,player_rebounds,4.5,-165,Bovada,Philadelphia 76ers at New York Knicks,4.3,50,Strong Matchup,LOW
VJ Edgecombe,player_rebounds,4.5,125,Bovada,Philadelphia 76ers at New York Knicks,5.0,74,Neutral Matchup,HIGH
VJ Edgecombe,player_rebounds,5.5,115,Bovada,Philadelphia 76ers at New York Knicks,5.1,77,Neutral Matchup,HIGH
VJ Edgecombe,player_rebounds,5.5,-150,Bovada,Philadelphia 76ers at New York Knicks,6.1,82,Weak Matchup,HIGH
VJ Edgecombe,player_rebounds,6.5,205,Bovada,Philadelphia 76ers at New York Knicks,5.7,55,Weak Matchup,MEDIUM
VJ Edgecombe,player_rebounds,6.5,-280,Bovada,Philadelphia 76ers at New York Knicks,6.7,79,Strong Matchup,HIGH
Jalen Brunson,player_steals,0.5,-180,Bovada,Philadelphia 76ers at New York Knicks,0.5,65,Strong Matchup,MEDIUM
Jalen Brunson,player_steals,0.5,135,Bovada,Philadelphia 76ers at New York Knicks,0.5,82,Weak Matchup,HIGH
Josh Hart,player_steals,1.5,160,Bovada,Philadelphia 76ers at New York Knicks,1.4,48,Strong Matchup,LOW
Josh Hart,player_steals,1.5,-215,Bovada,Philadelphia 76ers at New York Knicks,1.6,71,Weak Matchup,HIGH
Karl-Anthony Towns,player_steals,0.5,-190,Bovada,Philadelphia 76ers at New York Knicks,0.4,76,Weak Matchup,HIGH
Karl-Anthony Towns,player_steals,0.5,145,Bovada,Philadelphia 76ers at New York Knicks,0.5,61,Weak Matchup,MEDIUM
Kelly Oubre Jr,player_steals,1.5,180,Bovada,Philadelphia 76ers at New York Knicks,1.5,60,Neutral Matchup,MEDIUM
Kelly Oubre Jr,player_steals,1.5,-245,Bovada,Philadelphia 76ers at New York Knicks,1.5,67,Strong Matchup,MEDIUM
Mikal Bridges,player_steals,0.5,-150,Bovada,Philadelphia 76ers at New York Knicks,0.5,56,Weak Matchup,MEDIUM
Mikal Bridges,player_steals,0.5,115,Bovada,Philadelphia 76ers at New York Knicks,0.5,58,Weak Matchup,MEDIUM
OG Anunoby,player_steals,1.5,120,Bovada,Philadelphia 76ers at New York Knicks,1.7,70,Weak Matchup,HIGH
OG Anunoby,player_steals,1.5,-160,Bovada,Philadelphia 76ers at New York Knicks,1.6,85,Weak Matchup,HIGH
Paul George,player_steals,1.5,135,Bovada,Philadelphia 76ers at New York Knicks,1.5,60,Strong Matchup,MEDIUM
Paul George,player_steals,1.5,-180,Bovada,Philadelphia 76ers at New York Knicks,1.4,81,Weak Matchup,HIGH
Tyrese Maxey,player_steals,1.5,135,Bovada,Philadelphia 76ers at New York Knicks,1.3,82,Neutral Matchup,HIGH
Tyrese Maxey,player_steals,1.5,-180,Bovada,Philadelphia 76ers at New York Knicks,1.4,61,Weak Matchup,MEDIUM
VJ Edgecombe,player_steals,1.5,155,Bovada,Philadelphia 76ers at New York Knicks,1.5,69,Neutral Matchup,MEDIUM
VJ Edgecombe,player_steals,1.5,-210,Bovada,Philadelphia 76ers at New York Knicks,1.7,78,Strong Matchup,HIGH
Jalen Brunson,player_threes,2.5,-105,Bovada,Philadelphia 76ers at New York Knicks,2.6,57,Weak Matchup,MEDIUM
Jalen Brunson,player_threes,2.5,-125,Bovada,Philadelphia 76ers at New York Knicks,2.4,61,Neutral Matchup,MEDIUM
Jordan Clarkson,player_threes,0.5,125,Bovada,Philadelphia 76ers at New York Knicks,0.5,46,Weak Matchup,LOW
Jordan Clarkson,player_threes,0.5,-165,Bovada,Philadelphia 76ers at New York Knicks,0.5,71,Weak Matchup,HIGH
Josh Hart,player_threes,1.5,110,Bovada,Philadelphia 76ers at New York Knicks,1.6,72,Weak Matchup,HIGH
Josh Hart,player_threes,1.5,-145,Bovada,Philadelphia 76ers at New York Knicks,1.6,59,Weak Matchup,MEDIUM
Karl-Anthony Towns,player_threes,1.5,-105,Bovada,Philadelphia 76ers at New York Knicks,1.4,68,Weak Matchup,MEDIUM
Karl-Anthony Towns,player_threes,1.5,-125,Bovada,Philadelphia 76ers at New York Knicks,1.6,68,Weak Matchup,MEDIUM
Kelly Oubre Jr,player_threes,1.5,105,Bovada,Philadelphia 76ers at New York Knicks,1.5,80,Strong Matchup,HIGH
Kelly Oubre Jr,player_threes,1.5,-135,Bovada,Philadelphia 76ers at New York Knicks,1.5,58,Weak Matchup,MEDIUM
Mikal Bridges,player_threes,1.5,-115,Bovada,Philadelphia 76ers at New York Knicks,1.5,81,Strong Matchup,HIGH
Mikal Bridges,player_threes,1.5,-115,Bovada,Philadelphia 76ers at New York Knicks,1.6,84,Strong Matchup,HIGH
Miles McBride,player_threes,1.5,-135,Bovada,Philadelphia 76ers at New York Knicks,1.6,61,Strong Matchup,MEDIUM
Miles McBride,player_threes,1.5,105,Bovada,Philadelphia 76ers at New York Knicks,1.6,66,Neutral Matchup,MEDIUM
OG Anunoby,player_threes,2.5,100,Bovada,Philadelphia 76ers at New York Knicks,2.7,76,Strong Matchup,HIGH
OG Anunoby,player_threes,2.5,-130,Bovada,Philadelphia 76ers at New York Knicks,2.4,74,Weak Matchup,HIGH
Paul George,player_threes,2.5,-145,Bovada,Philadelphia 76ers at New York Knicks,2.6,76,Weak Matchup,HIGH
Paul George,player_threes,2.5,110,Bovada,Philadelphia 76ers at New York Knicks,2.2,55,Neutral Matchup,MEDIUM
Paul George,player_threes,3.5,170,Bovada,Philadelphia 76ers at New York Knicks,3.9,77,Neutral Matchup,HIGH
Paul George,player_threes,3.5,-230,Bovada,Philadelphia 76ers at New York Knicks,3.1,70,Neutral Matchup,HIGH
Quentin Grimes,player_threes,0.5,-280,Bovada,Philadelphia 76ers at New York Knicks,0.5,47,Weak Matchup,LOW
Quentin Grimes,player_threes,0.5,205,Bovada,Philadelphia 76ers at New York Knicks,0.5,67,Neutral Matchup,MEDIUM
Quentin Grimes,player_threes,1.5,165,Bovada,Philadelphia 76ers at New York Knicks,1.3,78,Weak Matchup,HIGH
Quentin Grimes,player_threes,1.5,-220,Bovada,Philadelphia 76ers at New York Knicks,1.7,66,Neutral Matchup,MEDIUM
Tyrese Maxey,player_threes,2.5,-135,Bovada,Philadelphia 76ers at New York Knicks,2.1,64,Strong Matchup,MEDIUM
Tyrese Maxey,player_threes,2.5,105,Bovada,Philadelphia 76ers at New York Knicks,2.7,61,Strong Matchup,MEDIUM
Tyrese Maxey,player_threes,3.5,180,Bovada,Philadelphia 76ers at New York Knicks,3.8,73,Weak Matchup,HIGH
Tyrese Maxey,player_threes,3.5,-245,Bovada,Philadelphia 76ers at New York Knicks,4.0,52,Neutral Matchup,LOW
VJ Edgecombe,player_threes,1.5,-180,Bovada,Philadelphia 76ers at New York Knicks,1.4,77,Strong Matchup,HIGH
VJ Edgecombe,player_threes,1.5,135,Bovada,Philadelphia 76ers at New York Knicks,1.4,66,Strong Matchup,MEDIUM
VJ Edgecombe,player_threes,2.5,170,Bovada,Philadelphia 76ers at New York Knicks,2.3,73,Weak Matchup,HIGH
VJ Edgecombe,player_threes,2.5,-230,Bovada,Philadelphia 76ers at New York Knicks,2.4,62,Weak Matchup,MEDIUM
Paul George,player_assists,3.5,-121,BetRivers,Philadelphia 76ers at New York Knicks,3.0,76,Weak Matchup,HIGH
Paul George,player_assists,3.5,-113,BetRivers,Philadelphia 76ers at New York Knicks,4.0,65,Neutral Matchup,MEDIUM
VJ Edgecombe,player_assists,3.5,-127,BetRivers,Philadelphia 76ers at New York Knicks,3.4,46,Neutral Matchup,LOW
VJ Edgecombe,player_assists,3.5,-107,BetRivers,Philadelphia 76ers at New York Knicks,4.0,83,Neutral Matchup,HIGH
Jalen Brunson,player_assists,6.5,107,BetRivers,Philadelphia 76ers at New York Knicks,7.1,66,Neutral Matchup,MEDIUM
Jalen Brunson,player_assists,6.5,-143,BetRivers,Philadelphia 76ers at New York Knicks,6.8,79,Strong Matchup,HIGH
Mikal Bridges,player_assists,2.5,-121,BetRivers,Philadelphia 76ers at New York Knicks,2.8,50,Weak Matchup,LOW
Mikal Bridges,player_assists,2.5,-113,BetRivers,Philadelphia 76ers at New York Knicks,2.6,64,Neutral Matchup,MEDIUM
Josh Hart,player_assists,4.5,-167,BetRivers,Philadelphia 76ers at New York Knicks,3.9,80,Weak Matchup,HIGH
Josh Hart,player_assists,4.5,123,BetRivers,Philadelphia 76ers at New York Knicks,4.5,57,Strong Matchup,MEDIUM
Tyrese Maxey,player_assists,5.5,-143,BetRivers,Philadelphia 76ers at New York Knicks,5.1,60,Weak Matchup,MEDIUM
Tyrese Maxey,player_assists,5.5,105,BetRivers,Philadelphia 76ers at New York Knicks,5.5,60,Neutral Matchup,MEDIUM
Karl-Anthony Towns,player_assists,4.5,116,BetRivers,Philadelphia 76ers at New York Knicks,4.6,78,Weak Matchup,HIGH
Karl-Anthony Towns,player_assists,4.5,-157,BetRivers,Philadelphia 76ers at New York Knicks,4.1,51,Strong Matchup,LOW
Mikal Bridges,player_points,12.5,112,BetRivers,Philadelphia 76ers at New York Knicks,12.8,49,Weak Matchup,LOW
Mikal Bridges,player_points,12.5,-152,BetRivers,Philadelphia 76ers at New York Knicks,12.7,60,Weak Matchup,MEDIUM
Tyrese Maxey,player_points,26.5,-136,BetRivers,Philadelphia 76ers at New York Knicks,23.9,81,Strong Matchup,HIGH
Tyrese Maxey,player_points,26.5,100,BetRivers,Philadelphia 76ers at New York Knicks,30.3,48,Strong Matchup,LOW
Karl-Anthony Towns,player_points,18.5,-127,BetRivers,Philadelphia 76ers at New York Knicks,16.3,80,Strong Matchup,HIGH
Karl-Anthony Towns,player_points,18.5,-108,BetRivers,Philadelphia 76ers at New York Knicks,20.7,72,Weak Matchup,HIGH
Jalen Brunson,player_points,26.5,-113,BetRivers,Philadelphia 76ers at New York Knicks,28.3,47,Strong Matchup,LOW
Jalen Brunson,player_points,26.5,-121,BetRivers,Philadelphia 76ers at New York Knicks,23.9,73,Weak Matchup,HIGH
Josh Hart,player_points,11.5,-110,BetRivers,Philadelphia 76ers at New York Knicks,12.9,80,Neutral Matchup,HIGH
Josh Hart,player_points,11.5,-122,BetRivers,Philadelphia 76ers at New York Knicks,11.3,67,Weak Matchup,MEDIUM
Miles McBride,player_points,6.5,-130,BetRivers,Philadelphia 76ers at New York Knicks,5.6,56,Neutral Matchup,MEDIUM
Miles McBride,player_points,6.5,-105,BetRivers,Philadelphia 76ers at New York Knicks,5.5,79,Neutral Matchup,HIGH
OG Anunoby,player_points,17.5,-120,BetRivers,Philadelphia 76ers at New York Knicks,15.0,60,Weak Matchup,MEDIUM
OG Anunoby,player_points,17.5,-114,BetRivers,Philadelphia 76ers at New York Knicks,16.3,53,Neutral Matchup,LOW
Mitchell Robinson,player_points,4.5,-105,BetRivers,Philadelphia 76ers at New York Knicks,4.5,79,Neutral Matchup,HIGH
Mitchell Robinson,player_points,4.5,-129,BetRivers,Philadelphia 76ers at New York Knicks,5.0,83,Strong Matchup,HIGH
OG Anunoby,player_points,16.5,-157,BetRivers,Philadelphia 76ers at New York Knicks,16.9,74,Neutral Matchup,HIGH
OG Anunoby,player_points,16.5,114,BetRivers,Philadelphia 76ers at New York Knicks,14.0,45,Strong Matchup,LOW
Andre Drummond,player_points,6.5,-114,BetRivers,Philadelphia 76ers at New York Knicks,7.0,75,Neutral Matchup,HIGH
Andre Drummond,player_points,6.5,-118,BetRivers,Philadelphia 76ers at New York Knicks,6.0,61,Weak Matchup,MEDIUM
Andre Drummond,player_points,7.5,120,BetRivers,Philadelphia 76ers at New York Knicks,7.7,80,Weak Matchup,HIGH
Andre Drummond,player_points,7.5,-167,BetRivers,Philadelphia 76ers at New York Knicks,7.2,74,Strong Matchup,HIGH
Karl-Anthony Towns,player_points,19.5,100,BetRivers,Philadelphia 76ers at New York Knicks,20.3,77,Weak Matchup,HIGH
Karl-Anthony Towns,player_points,19.5,-137,BetRivers,Philadelphia 76ers at New York Knicks,21.8,75,Neutral Matchup,HIGH
Tyrese Maxey,player_points,28.5,110,BetRivers,Philadelphia 76ers at New York Knicks,25.9,46,Neutral Matchup,LOW
Tyrese Maxey,player_points,28.5,-150,BetRivers,Philadelphia 76ers at New York Knicks,24.6,70,Weak Matchup,HIGH
VJ Edgecombe,player_points,15.5,-106,BetRivers,Philadelphia 76ers at New York Knicks,14.6,80,Neutral Matchup,HIGH
VJ Edgecombe,player_points,15.5,-129,BetRivers,Philadelphia 76ers at New York Knicks,13.7,74,Weak Matchup,HIGH
Paul George,player_points,17.5,-125,BetRivers,Philadelphia 76ers at New York Knicks,19.8,80,Strong Matchup,HIGH
Paul George,player_points,17.5,-109,BetRivers,Philadelphia 76ers at New York Knicks,19.9,81,Weak Matchup,HIGH
Quentin Grimes,player_points,8.5,-105,BetRivers,Philadelphia 76ers at New York Knicks,9.7,54,Neutral Matchup,LOW
Quentin Grimes,player_points,8.5,-129,BetRivers,Philadelphia 76ers at New York Knicks,9.2,63,Weak Matchup,MEDIUM
OG Anunoby,player_points,18.5,108,BetRivers,Philadelphia 76ers at New York Knicks,21.2,62,Neutral Matchup,MEDIUM
OG Anunoby,player_points,18.5,-148,BetRivers,Philadelphia 76ers at New York Knicks,21.1,51,Weak Matchup,LOW
Quentin Grimes,player_points,7.5,-157,BetRivers,Philadelphia 76ers at New York Knicks,7.0,54,Weak Matchup,LOW
Quentin Grimes,player_points,7.5,114,BetRivers,Philadelphia 76ers at New York Knicks,6.5,79,Strong Matchup,HIGH
Kelly Oubre Jr,player_points,12.5,-136,BetRivers,Philadelphia 76ers at New York Knicks,13.0,56,Strong Matchup,MEDIUM
Kelly Oubre Jr,player_points,12.5,100,BetRivers,Philadelphia 76ers at New York Knicks,11.9,82,Strong Matchup,HIGH
Kelly Oubre Jr,player_points,13.5,100,BetRivers,Philadelphia 76ers at New York Knicks,14.6,48,Neutral Matchup,LOW
Kelly Oubre Jr,player_points,13.5,-134,BetRivers,Philadelphia 76ers at New York Knicks,11.9,69,Weak Matchup,MEDIUM
Paul George,player_points,16.5,-167,BetRivers,Philadelphia 76ers at New York Knicks,16.1,50,Neutral Matchup,LOW
Paul George,player_points,16.5,120,BetRivers,Philadelphia 76ers at New York Knicks,18.3,85,Strong Matchup,HIGH
Josh Hart,player_points,10.5,-157,BetRivers,Philadelphia 76ers at New York Knicks,10.9,79,Weak Matchup,HIGH
Josh Hart,player_points,10.5,114,BetRivers,Philadelphia 76ers at New York Knicks,10.6,51,Strong Matchup,LOW
Karl-Anthony Towns,player_points,17.5,-167,BetRivers,Philadelphia 76ers at New York Knicks,19.3,81,Strong Matchup,HIGH
Karl-Anthony Towns,player_points,17.5,120,BetRivers,Philadelphia 76ers at New York Knicks,15.9,74,Neutral Matchup,HIGH
Mikal Bridges,player_points,11.5,-122,BetRivers,Philadelphia 76ers at New York Knicks,13.0,54,Weak Matchup,LOW
Mikal Bridges,player_points,11.5,-110,BetRivers,Philadelphia 76ers at New York Knicks,10.0,68,Neutral Matchup,MEDIUM
Jalen Brunson,player_points,25.5,-141,BetRivers,Philadelphia 76ers at New York Knicks,27.7,70,Weak Matchup,HIGH
Jalen Brunson,player_points,25.5,105,BetRivers,Philadelphia 76ers at New York Knicks,27.9,54,Weak Matchup,LOW
Adem Bona,player_points,3.5,-122,BetRivers,Philadelphia 76ers at New York Knicks,3.1,71,Strong Matchup,HIGH
Adem Bona,player_points,3.5,-112,BetRivers,Philadelphia 76ers at New York Knicks,3.1,58,Strong Matchup,MEDIUM
Tyrese Maxey,player_points,27.5,-112,BetRivers,Philadelphia 76ers at New York Knicks,24.2,65,Weak Matchup,MEDIUM
Tyrese Maxey,player_points,27.5,-122,BetRivers,Philadelphia 76ers at New York Knicks,29.7,85,Strong Matchup,HIGH
VJ Edgecombe,player_points,14.5,-137,BetRivers,Philadelphia 76ers at New York Knicks,15.6,46,Neutral Matchup,LOW
VJ Edgecombe,player_points,14.5,102,BetRivers,Philadelphia 76ers at New York Knicks,13.9,65,Neutral Matchup,MEDIUM
Jalen Brunson,player_points,27.5,112,BetRivers,Philadelphia 76ers at New York Knicks,26.7,61,Weak Matchup,MEDIUM
Jalen Brunson,player_points,27.5,-152,BetRivers,Philadelphia 76ers at New York Knicks,29.1,73,Weak Matchup,HIGH
Paul George,player_points,18.5,100,BetRivers,Philadelphia 76ers at New York Knicks,19.6,70,Weak Matchup,HIGH
Paul George,player_points,18.5,-137,BetRivers,Philadelphia 76ers at New York Knicks,16.0,61,Strong Matchup,MEDIUM
Miles McBride,player_points,7.5,-105,BetRivers,Philadelphia 76ers at New York Knicks,8.1,82,Neutral Matchup,HIGH
Miles McBride,player_points,7.5,-130,BetRivers,Philadelphia 76ers at New York Knicks,7.9,55,Weak Matchup,MEDIUM
Mitchell Robinson,player_rebounds,6.5,-141,BetRivers,Philadelphia 76ers at New York Knicks,7.2,72,Neutral Matchup,HIGH
Mitchell Robinson,player_rebounds,6.5,104,BetRivers,Philadelphia 76ers at New York Knicks,6.0,71,Neutral Matchup,HIGH
Tyrese Maxey,player_rebounds,3.5,-157,BetRivers,Philadelphia 76ers at New York Knicks,3.9,79,Weak Matchup,HIGH
Tyrese Maxey,player_rebounds,3.5,114,BetRivers,Philadelphia 76ers at New York Knicks,3.8,60,Weak Matchup,MEDIUM
Andre Drummond,player_rebounds,8.5,-109,BetRivers,Philadelphia 76ers at New York Knicks,9.0,58,Weak Matchup,MEDIUM
Andre Drummond,player_rebounds,8.5,-125,BetRivers,Philadelphia 76ers at New York Knicks,7.4,82,Neutral Matchup,HIGH
Adem Bona,player_rebounds,3.5,-148,BetRivers,Philadelphia 76ers at New York Knicks,4.0,60,Strong Matchup,MEDIUM
Adem Bona,player_rebounds,3.5,108,BetRivers,Philadelphia 76ers at New York Knicks,3.2,81,Strong Matchup,HIGH
Josh Hart,player_rebounds,9.5,112,BetRivers,Philadelphia 76ers at New York Knicks,8.4,58,Weak Matchup,MEDIUM
Josh Hart,player_rebounds,9.5,-150,BetRivers,Philadelphia 76ers at New York Knicks,10.4,80,Weak Matchup,HIGH
Jalen Brunson,player_rebounds,2.5,-159,BetRivers,Philadelphia 76ers at New York Knicks,2.5,51,Strong Matchup,LOW
Jalen Brunson,player_rebounds,2.5,117,BetRivers,Philadelphia 76ers at New York Knicks,2.5,76,Strong Matchup,HIGH
VJ Edgecombe,player_rebounds,5.5,117,BetRivers,Philadelphia 76ers at New York Knicks,4.9,70,Weak Matchup,HIGH
VJ Edgecombe,player_rebounds,5.5,-159,BetRivers,Philadelphia 76ers at New York Knicks,5.9,69,Weak Matchup,MEDIUM
Kelly Oubre Jr,player_rebounds,5.5,-114,BetRivers,Philadelphia 76ers at New York Knicks,4.9,49,Strong Matchup,LOW
Kelly Oubre Jr,player_rebounds,5.5,-120,BetRivers,Philadelphia 76ers at New York Knicks,6.1,82,Neutral Matchup,HIGH
Karl-Anthony Towns,player_rebounds,11.5,-109,BetRivers,Philadelphia 76ers at New York Knicks,12.3,64,Neutral Matchup,MEDIUM
Karl-Anthony Towns,player_rebounds,11.5,-125,BetRivers,Philadelphia 76ers at New York Knicks,11.1,56,Neutral Matchup,MEDIUM
Paul George,player_rebounds,5.5,-129,BetRivers,Philadelphia 76ers at New York Knicks,5.8,67,Strong Matchup,MEDIUM
Paul George,player_rebounds,5.5,-105,BetRivers,Philadelphia 76ers at New York Knicks,5.4,84,Weak Matchup,HIGH
OG Anunoby,player_rebounds,5.5,-129,BetRivers,Philadelphia 76ers at New York Knicks,6.1,49,Weak Matchup,LOW
OG Anunoby,player_rebounds,5.5,-106,BetRivers,Philadelphia 76ers at New York Knicks,6.3,65,Strong Matchup,MEDIUM
Mikal Bridges,player_rebounds,2.5,-134,BetRivers,Philadelphia 76ers at New York Knicks,2.5,59,Strong Matchup,MEDIUM
Mikal Bridges,player_rebounds,2.5,-103,BetRivers,Philadelphia 76ers at New York Knicks,2.8,54,Strong Matchup,LOW
VJ Edgecombe,player_threes,1.5,-186,BetRivers,Philadelphia 76ers at New York Knicks,1.7,82,Neutral Matchup,HIGH
VJ Edgecombe,player_threes,1.5,135,BetRivers,Philadelphia 76ers at New York Knicks,1.4,60,Weak Matchup,MEDIUM
Paul George,player_threes,2.5,-165,BetRivers,Philadelphia 76ers at New York Knicks,2.8,45,Weak Matchup,LOW
Paul George,player_threes,2.5,120,BetRivers,Philadelphia 76ers at New York Knicks,2.3,63,Neutral Matchup,MEDIUM
Tyrese Maxey,player_threes,2.5,-143,BetRivers,Philadelphia 76ers at New York Knicks,2.4,70,Neutral Matchup,HIGH
Tyrese Maxey,player_threes,2.5,105,BetRivers,Philadelphia 76ers at New York Knicks,2.5,61,Neutral Matchup,MEDIUM
Kelly Oubre Jr,player_threes,1.5,-117,BetRivers,Philadelphia 76ers at New York Knicks,1.5,47,Strong Matchup,LOW
Kelly Oubre Jr,player_threes,1.5,-117,BetRivers,Philadelphia 76ers at New York Knicks,1.7,72,Weak Matchup,HIGH
Mikal Bridges,player_threes,1.5,100,BetRivers,Philadelphia 76ers at New York Knicks,1.4,75,Weak Matchup,HIGH
Mikal Bridges,player_threes,1.5,-134,BetRivers,Philadelphia 76ers at New York Knicks,1.5,51,Neutral Matchup,LOW
Jalen Brunson,player_threes,2.5,-107,BetRivers,Philadelphia 76ers at New York Knicks,2.3,72,Strong Matchup,HIGH
Jalen Brunson,player_threes,2.5,-127,BetRivers,Philadelphia 76ers at New York Knicks,2.3,50,Weak Matchup,LOW
Karl-Anthony Towns,player_threes,1.5,-112,BetRivers,Philadelphia 76ers at New York Knicks,1.4,74,Neutral Matchup,HIGH
Karl-Anthony Towns,player_threes,1.5,-122,BetRivers,Philadelphia 76ers at New York Knicks,1.4,48,Weak Matchup,LOW
Miles McBride,player_threes,1.5,-132,BetRivers,Philadelphia 76ers at New York Knicks,1.4,84,Neutral Matchup,HIGH
Miles McBride,player_threes,1.5,-104,BetRivers,Philadelphia 76ers at New York Knicks,1.7,46,Strong Matchup,LOW
OG Anunoby,player_threes,2.5,-103,BetRivers,Philadelphia 76ers at New York Knicks,2.3,78,Weak Matchup,HIGH
OG Anunoby,player_threes,2.5,-134,BetRivers,Philadelphia 76ers at New York Knicks,2.3,84,Weak Matchup,HIGH
VJ Edgecombe,player_threes,1.5,-186,BetRivers,Philadelphia 76ers at New York Knicks,1.5,82,Strong Matchup,HIGH
VJ Edgecombe,player_threes,1.5,135,BetRivers,Philadelphia 76ers at New York Knicks,1.6,50,Strong Matchup,LOW
Paul George,player_threes,2.5,-165,BetRivers,Philadelphia 76ers at New York Knicks,2.6,55,Strong Matchup,MEDIUM
Paul George,player_threes,2.5,120,BetRivers,Philadelphia 76ers at New York Knicks,2.7,51,Weak Matchup,LOW
Tyrese Maxey,player_threes,2.5,-143,BetRivers,Philadelphia 76ers at New York Knicks,2.8,76,Strong Matchup,HIGH
Tyrese Maxey,player_threes,2.5,105,BetRivers,Philadelphia 76ers at New York Knicks,2.3,62,Weak Matchup,MEDIUM
Kelly Oubre Jr,player_threes,1.5,-117,BetRivers,Philadelphia 76ers at New York Knicks,1.4,49,Weak Matchup,LOW
Kelly Oubre Jr,player_threes,1.5,-117,BetRivers,Philadelphia 76ers at New York Knicks,1.4,66,Strong Matchup,MEDIUM
Mikal Bridges,player_threes,1.5,100,BetRivers,Philadelphia 76ers at New York Knicks,1.5,74,Strong Matchup,HIGH
Mikal Bridges,player_threes,1.5,-134,BetRivers,Philadelphia 76ers at New York Knicks,1.6,48,Neutral Matchup,LOW
Jalen Brunson,player_threes,2.5,-107,BetRivers,Philadelphia 76ers at New York Knicks,2.9,56,Neutral Matchup,MEDIUM
Jalen Brunson,player_threes,2.5,-127,BetRivers,Philadelphia 76ers at New York Knicks,2.2,52,Strong Matchup,LOW
Karl-Anthony Towns,player_threes,1.5,-112,BetRivers,Philadelphia 76ers at New York Knicks,1.6,79,Strong Matchup,HIGH
Karl-Anthony Towns,player_threes,1.5,-122,BetRivers,Philadelphia 76ers at New York Knicks,1.5,84,Neutral Matchup,HIGH
Miles McBride,player_threes,1.5,-132,BetRivers,Philadelphia 76ers at New York Knicks,1.6,85,Strong Matchup,HIGH
Miles McBride,player_threes,1.5,-104,BetRivers,Philadelphia 76ers at New York Knicks,1.5,59,Neutral Matchup,MEDIUM
OG Anunoby,player_threes,2.5,-103,BetRivers,Philadelphia 76ers at New York Knicks,2.6,46,Neutral Matchup,LOW
OG Anunoby,player_threes,2.5,-134,BetRivers,Philadelphia 76ers at New York Knicks,2.2,49,Strong Matchup,LOW
Stephon Castle,player_assists,6.5,-128,DraftKings,Minnesota Timberwolves at San Antonio Spurs,6.2,70,Neutral Matchup,HIGH
Stephon Castle,player_assists,6.5,-103,DraftKings,Minnesota Timberwolves at San Antonio Spurs,6.2,48,Strong Matchup,LOW
De'Aaron Fox,player_assists,5.5,-149,DraftKings,Minnesota Timberwolves at San Antonio Spurs,6.3,75,Neutral Matchup,HIGH
De'Aaron Fox,player_assists,5.5,113,DraftKings,Minnesota Timberwolves at San Antonio Spurs,4.8,52,Neutral Matchup,LOW
Julius Randle,player_assists,4.5,120,DraftKings,Minnesota Timberwolves at San Antonio Spurs,4.9,83,Weak Matchup,HIGH
Julius Randle,player_assists,4.5,-158,DraftKings,Minnesota Timberwolves at San Antonio Spurs,4.5,72,Strong Matchup,HIGH
Victor Wembanyama,player_assists,3.5,-101,DraftKings,Minnesota Timberwolves at San Antonio Spurs,3.7,55,Strong Matchup,MEDIUM
Victor Wembanyama,player_assists,3.5,-130,DraftKings,Minnesota Timberwolves at San Antonio Spurs,3.4,55,Strong Matchup,MEDIUM
Dylan Harper,player_assists,3.5,130,DraftKings,Minnesota Timberwolves at San Antonio Spurs,3.5,59,Neutral Matchup,MEDIUM
Dylan Harper,player_assists,3.5,-171,DraftKings,Minnesota Timberwolves at San Antonio Spurs,3.6,48,Neutral Matchup,LOW
Ayo Dosunmu,player_assists,3.5,133,DraftKings,Minnesota Timberwolves at San Antonio Spurs,3.6,84,Weak Matchup,HIGH
Ayo Dosunmu,player_assists,3.5,-177,DraftKings,Minnesota Timberwolves at San Antonio Spurs,3.0,67,Strong Matchup,MEDIUM
Anthony Edwards,player_assists,2.5,-174,DraftKings,Minnesota Timberwolves at San Antonio Spurs,2.4,84,Neutral Matchup,HIGH
Anthony Edwards,player_assists,2.5,131,DraftKings,Minnesota Timberwolves at San Antonio Spurs,2.7,51,Weak Matchup,LOW
Mike Conley,player_assists,2.5,-167,DraftKings,Minnesota Timberwolves at San Antonio Spurs,2.4,70,Strong Matchup,HIGH
Mike Conley,player_assists,2.5,126,DraftKings,Minnesota Timberwolves at San Antonio Spurs,2.1,78,Weak Matchup,HIGH
Jaden McDaniels,player_assists,2.5,107,DraftKings,Minnesota Timberwolves at San Antonio Spurs,2.5,52,Neutral Matchup,LOW
Jaden McDaniels,player_assists,2.5,-140,DraftKings,Minnesota Timberwolves at San Antonio Spurs,2.2,78,Neutral Matchup,HIGH
Devin Vassell,player_assists,2.5,132,DraftKings,Minnesota Timberwolves at San Antonio Spurs,2.5,76,Weak Matchup,HIGH
Devin Vassell,player_assists,2.5,-174,DraftKings,Minnesota Timberwolves at San Antonio Spurs,2.6,55,Neutral Matchup,MEDIUM
Rudy Gobert,player_assists,1.5,-139,DraftKings,Minnesota Timberwolves at San Antonio Spurs,1.6,80,Neutral Matchup,HIGH
Rudy Gobert,player_assists,1.5,105,DraftKings,Minnesota Timberwolves at San Antonio Spurs,1.4,54,Weak Matchup,LOW
Naz Reid,player_assists,1.5,-133,DraftKings,Minnesota Timberwolves at San Antonio Spurs,1.6,77,Weak Matchup,HIGH
Naz Reid,player_assists,1.5,101,DraftKings,Minnesota Timberwolves at San Antonio Spurs,1.4,47,Neutral Matchup,LOW
Julian Champagnie,player_assists,1.5,172,DraftKings,Minnesota Timberwolves at San Antonio Spurs,1.6,72,Weak Matchup,HIGH
Julian Champagnie,player_assists,1.5,-231,DraftKings,Minnesota Timberwolves at San Antonio Spurs,1.6,70,Strong Matchup,HIGH
Victor Wembanyama,player_blocks,4.5,121,DraftKings,Minnesota Timberwolves at San Antonio Spurs,4.8,77,Neutral Matchup,HIGH
Victor Wembanyama,player_blocks,4.5,-162,DraftKings,Minnesota Timberwolves at San Antonio Spurs,4.1,53,Strong Matchup,LOW
Rudy Gobert,player_blocks,1.5,113,DraftKings,Minnesota Timberwolves at San Antonio Spurs,1.6,71,Strong Matchup,HIGH
Rudy Gobert,player_blocks,1.5,-150,DraftKings,Minnesota Timberwolves at San Antonio Spurs,1.4,69,Strong Matchup,MEDIUM
Jaden McDaniels,player_blocks,0.5,-172,DraftKings,Minnesota Timberwolves at San Antonio Spurs,0.5,85,Neutral Matchup,HIGH
Jaden McDaniels,player_blocks,0.5,129,DraftKings,Minnesota Timberwolves at San Antonio Spurs,0.5,64,Weak Matchup,MEDIUM
Naz Reid,player_blocks,0.5,-161,DraftKings,Minnesota Timberwolves at San Antonio Spurs,0.5,75,Strong Matchup,HIGH
Naz Reid,player_blocks,0.5,121,DraftKings,Minnesota Timberwolves at San Antonio Spurs,0.6,78,Strong Matchup,HIGH
Anthony Edwards,player_blocks,0.5,-105,DraftKings,Minnesota Timberwolves at San Antonio Spurs,0.5,63,Neutral Matchup,MEDIUM
Anthony Edwards,player_blocks,0.5,-126,DraftKings,Minnesota Timberwolves at San Antonio Spurs,0.5,76,Weak Matchup,HIGH
Devin Vassell,player_blocks,0.5,131,DraftKings,Minnesota Timberwolves at San Antonio Spurs,0.5,49,Strong Matchup,LOW
Devin Vassell,player_blocks,0.5,-175,DraftKings,Minnesota Timberwolves at San Antonio Spurs,0.6,85,Weak Matchup,HIGH
Julian Champagnie,player_blocks,0.5,156,DraftKings,Minnesota Timberwolves at San Antonio Spurs,0.4,77,Strong Matchup,HIGH
Julian Champagnie,player_blocks,0.5,-209,DraftKings,Minnesota Timberwolves at San Antonio Spurs,0.5,53,Strong Matchup,LOW
Dylan Harper,player_blocks,0.5,268,DraftKings,Minnesota Timberwolves at San Antonio Spurs,0.6,67,Weak Matchup,MEDIUM
Dylan Harper,player_blocks,0.5,-374,DraftKings,Minnesota Timberwolves at San Antonio Spurs,0.6,74,Neutral Matchup,HIGH
Julius Randle,player_blocks,0.5,291,DraftKings,Minnesota Timberwolves at San Antonio Spurs,0.6,64,Neutral Matchup,MEDIUM
Julius Randle,player_blocks,0.5,-408,DraftKings,Minnesota Timberwolves at San Antonio Spurs,0.5,48,Neutral Matchup,LOW
Ayo Dosunmu,player_blocks,0.5,292,DraftKings,Minnesota Timberwolves at San Antonio Spurs,0.4,83,Weak Matchup,HIGH
Ayo Dosunmu,player_blocks,0.5,-411,DraftKings,Minnesota Timberwolves at San Antonio Spurs,0.6,65,Neutral Matchup,MEDIUM
De'Aaron Fox,player_blocks,0.5,300,DraftKings,Minnesota Timberwolves at San Antonio Spurs,0.5,48,Strong Matchup,LOW
De'Aaron Fox,player_blocks,0.5,-423,DraftKings,Minnesota Timberwolves at San Antonio Spurs,0.5,59,Strong Matchup,MEDIUM
Stephon Castle,player_blocks,0.5,305,DraftKings,Minnesota Timberwolves at San Antonio Spurs,0.5,71,Neutral Matchup,HIGH
Stephon Castle,player_blocks,0.5,-431,DraftKings,Minnesota Timberwolves at San Antonio Spurs,0.4,84,Neutral Matchup,HIGH
Mike Conley,player_blocks,0.5,429,DraftKings,Minnesota Timberwolves at San Antonio Spurs,0.5,66,Strong Matchup,MEDIUM
Mike Conley,player_blocks,0.5,-640,DraftKings,Minnesota Timberwolves at San Antonio Spurs,0.5,72,Neutral Matchup,HIGH
Victor Wembanyama,player_points,27.5,-104,DraftKings,Minnesota Timberwolves at San Antonio Spurs,26.7,61,Strong Matchup,MEDIUM
Victor Wembanyama,player_points,27.5,-123,DraftKings,Minnesota Timberwolves at San Antonio Spurs,24.9,58,Strong Matchup,MEDIUM
Anthony Edwards,player_points,20.5,-119,DraftKings,Minnesota Timberwolves at San Antonio Spurs,19.7,57,Strong Matchup,MEDIUM
Anthony Edwards,player_points,20.5,-107,DraftKings,Minnesota Timberwolves at San Antonio Spurs,20.7,76,Weak Matchup,HIGH
Julius Randle,player_points,18.5,-109,DraftKings,Minnesota Timberwolves at San Antonio Spurs,19.6,83,Neutral Matchup,HIGH
Julius Randle,player_points,18.5,-117,DraftKings,Minnesota Timberwolves at San Antonio Spurs,16.5,50,Weak Matchup,LOW
De'Aaron Fox,player_points,17.5,-101,DraftKings,Minnesota Timberwolves at San Antonio Spurs,15.3,79,Strong Matchup,HIGH
De'Aaron Fox,player_points,17.5,-127,DraftKings,Minnesota Timberwolves at San Antonio Spurs,18.4,65,Weak Matchup,MEDIUM
Stephon Castle,player_points,16.5,-128,DraftKings,Minnesota Timberwolves at San Antonio Spurs,15.1,71,Strong Matchup,HIGH
Stephon Castle,player_points,16.5,101,DraftKings,Minnesota Timberwolves at San Antonio Spurs,15.3,58,Weak Matchup,MEDIUM
Jaden McDaniels,player_points,14.5,101,DraftKings,Minnesota Timberwolves at San Antonio Spurs,15.7,48,Neutral Matchup,LOW
Jaden McDaniels,player_points,14.5,-128,DraftKings,Minnesota Timberwolves at San Antonio Spurs,13.5,77,Weak Matchup,HIGH
Devin Vassell,player_points,12.5,-120,DraftKings,Minnesota Timberwolves at San Antonio Spurs,13.7,84,Weak Matchup,HIGH
Devin Vassell,player_points,12.5,-106,DraftKings,Minnesota Timberwolves at San Antonio Spurs,12.0,73,Neutral Matchup,HIGH
Naz Reid,player_points,12.5,-107,DraftKings,Minnesota Timberwolves at San Antonio Spurs,11.1,57,Weak Matchup,MEDIUM
Naz Reid,player_points,12.5,-119,DraftKings,Minnesota Timberwolves at San Antonio Spurs,11.8,81,Strong Matchup,HIGH
Dylan Harper,player_points,11.5,-111,DraftKings,Minnesota Timberwolves at San Antonio Spurs,13.2,72,Neutral Matchup,HIGH
Dylan Harper,player_points,11.5,-114,DraftKings,Minnesota Timberwolves at San Antonio Spurs,12.1,85,Neutral Matchup,HIGH
Ayo Dosunmu,player_points,11.5,-101,DraftKings,Minnesota Timberwolves at San Antonio Spurs,10.0,65,Weak Matchup,MEDIUM
Ayo Dosunmu,player_points,11.5,-126,DraftKings,Minnesota Timberwolves at San Antonio Spurs,11.8,56,Strong Matchup,MEDIUM
Keldon Johnson,player_points,9.5,-106,DraftKings,Minnesota Timberwolves at San Antonio Spurs,10.3,46,Neutral Matchup,LOW
Keldon Johnson,player_points,9.5,-120,DraftKings,Minnesota Timberwolves at San Antonio Spurs,8.4,79,Weak Matchup,HIGH
Julian Champagnie,player_points,8.5,-120,DraftKings,Minnesota Timberwolves at San Antonio Spurs,8.0,71,Weak Matchup,HIGH
Julian Champagnie,player_points,8.5,-106,DraftKings,Minnesota Timberwolves at San Antonio Spurs,9.0,59,Neutral Matchup,MEDIUM
Rudy Gobert,player_points,7.5,-130,DraftKings,Minnesota Timberwolves at San Antonio Spurs,7.9,49,Strong Matchup,LOW
Rudy Gobert,player_points,7.5,102,DraftKings,Minnesota Timberwolves at San Antonio Spurs,7.6,58,Strong Matchup,MEDIUM
Mike Conley,player_points,4.5,-110,DraftKings,Minnesota Timberwolves at San Antonio Spurs,3.9,53,Strong Matchup,LOW
Mike Conley,player_points,4.5,-115,DraftKings,Minnesota Timberwolves at San Antonio Spurs,4.2,54,Neutral Matchup,LOW
Luke Kornet,player_points,3.5,-106,DraftKings,Minnesota Timberwolves at San Antonio Spurs,3.1,50,Strong Matchup,LOW
Luke Kornet,player_points,3.5,-120,DraftKings,Minnesota Timberwolves at San Antonio Spurs,3.7,78,Weak Matchup,HIGH
Victor Wembanyama,player_rebounds,12.5,-103,DraftKings,Minnesota Timberwolves at San Antonio Spurs,14.2,53,Weak Matchup,LOW
Victor Wembanyama,player_rebounds,12.5,-127,DraftKings,Minnesota Timberwolves at San Antonio Spurs,11.7,46,Weak Matchup,LOW
Rudy Gobert,player_rebounds,10.5,-128,DraftKings,Minnesota Timberwolves at San Antonio Spurs,9.4,58,Strong Matchup,MEDIUM
Rudy Gobert,player_rebounds,10.5,-103,DraftKings,Minnesota Timberwolves at San Antonio Spurs,12.1,73,Neutral Matchup,HIGH
Julius Randle,player_rebounds,6.5,-109,DraftKings,Minnesota Timberwolves at San Antonio Spurs,7.2,55,Weak Matchup,MEDIUM
Julius Randle,player_rebounds,6.5,-120,DraftKings,Minnesota Timberwolves at San Antonio Spurs,5.8,84,Strong Matchup,HIGH
Naz Reid,player_rebounds,6.5,-103,DraftKings,Minnesota Timberwolves at San Antonio Spurs,5.6,68,Strong Matchup,MEDIUM
Naz Reid,player_rebounds,6.5,-128,DraftKings,Minnesota Timberwolves at San Antonio Spurs,6.3,70,Strong Matchup,HIGH
Stephon Castle,player_rebounds,5.5,104,DraftKings,Minnesota Timberwolves at San Antonio Spurs,6.0,63,Weak Matchup,MEDIUM
Stephon Castle,player_rebounds,5.5,-137,DraftKings,Minnesota Timberwolves at San Antonio Spurs,5.8,67,Weak Matchup,MEDIUM
Julian Champagnie,player_rebounds,5.5,112,DraftKings,Minnesota Timberwolves at San Antonio Spurs,5.5,55,Strong Matchup,MEDIUM
Julian Champagnie,player_rebounds,5.5,-148,DraftKings,Minnesota Timberwolves at San Antonio Spurs,5.9,46,Neutral Matchup,LOW
Jaden McDaniels,player_rebounds,4.5,-122,DraftKings,Minnesota Timberwolves at San Antonio Spurs,5.1,69,Weak Matchup,MEDIUM
Jaden McDaniels,player_rebounds,4.5,-108,DraftKings,Minnesota Timberwolves at San Antonio Spurs,4.4,66,Weak Matchup,MEDIUM
Devin Vassell,player_rebounds,3.5,-164,DraftKings,Minnesota Timberwolves at San Antonio Spurs,3.0,61,Weak Matchup,MEDIUM
Devin Vassell,player_rebounds,3.5,124,DraftKings,Minnesota Timberwolves at San Antonio Spurs,3.9,61,Neutral Matchup,MEDIUM
Anthony Edwards,player_rebounds,3.5,-163,DraftKings,Minnesota Timberwolves at San Antonio Spurs,3.5,76,Neutral Matchup,HIGH
Anthony Edwards,player_rebounds,3.5,124,DraftKings,Minnesota Timberwolves at San Antonio Spurs,3.0,59,Strong Matchup,MEDIUM
Keldon Johnson,player_rebounds,3.5,-123,DraftKings,Minnesota Timberwolves at San Antonio Spurs,3.8,66,Neutral Matchup,MEDIUM
Keldon Johnson,player_rebounds,3.5,-107,DraftKings,Minnesota Timberwolves at San Antonio Spurs,3.9,76,Neutral Matchup,HIGH
De'Aaron Fox,player_rebounds,3.5,-118,DraftKings,Minnesota Timberwolves at San Antonio Spurs,3.0,62,Weak Matchup,MEDIUM
De'Aaron Fox,player_rebounds,3.5,-111,DraftKings,Minnesota Timberwolves at San Antonio Spurs,3.4,45,Neutral Matchup,LOW
Luke Kornet,player_rebounds,3.5,105,DraftKings,Minnesota Timberwolves at San Antonio Spurs,4.0,49,Weak Matchup,LOW
Luke Kornet,player_rebounds,3.5,-138,DraftKings,Minnesota Timberwolves at San Antonio Spurs,4.0,56,Neutral Matchup,MEDIUM
Dylan Harper,player_rebounds,3.5,107,DraftKings,Minnesota Timberwolves at San Antonio Spurs,3.4,76,Neutral Matchup,HIGH
Dylan Harper,player_rebounds,3.5,-140,DraftKings,Minnesota Timberwolves at San Antonio Spurs,3.0,46,Weak Matchup,LOW
Ayo Dosunmu,player_rebounds,2.5,-141,DraftKings,Minnesota Timberwolves at San Antonio Spurs,2.3,71,Strong Matchup,HIGH
Ayo Dosunmu,player_rebounds,2.5,107,DraftKings,Minnesota Timberwolves at San Antonio Spurs,2.2,67,Weak Matchup,MEDIUM
Mike Conley,player_rebounds,1.5,-153,DraftKings,Minnesota Timberwolves at San Antonio Spurs,1.6,57,Weak Matchup,MEDIUM
Mike Conley,player_rebounds,1.5,116,DraftKings,Minnesota Timberwolves at San Antonio Spurs,1.5,51,Neutral Matchup,LOW
De'Aaron Fox,player_steals,1.5,149,DraftKings,Minnesota Timberwolves at San Antonio Spurs,1.3,65,Neutral Matchup,MEDIUM
De'Aaron Fox,player_steals,1.5,-200,DraftKings,Minnesota Timberwolves at San Antonio Spurs,1.5,83,Weak Matchup,HIGH
Victor Wembanyama,player_steals,1.5,160,DraftKings,Minnesota Timberwolves at San Antonio Spurs,1.3,58,Weak Matchup,MEDIUM
Victor Wembanyama,player_steals,1.5,-215,DraftKings,Minnesota Timberwolves at San Antonio Spurs,1.5,49,Weak Matchup,LOW
Stephon Castle,player_steals,1.5,180,DraftKings,Minnesota Timberwolves at San Antonio Spurs,1.3,75,Strong Matchup,HIGH
Stephon Castle,player_steals,1.5,-244,DraftKings,Minnesota Timberwolves at San Antonio Spurs,1.6,53,Weak Matchup,LOW
Devin Vassell,player_steals,0.5,-238,DraftKings,Minnesota Timberwolves at San Antonio Spurs,0.5,58,Weak Matchup,MEDIUM
Devin Vassell,player_steals,0.5,176,DraftKings,Minnesota Timberwolves at San Antonio Spurs,0.5,70,Weak Matchup,HIGH
Jaden McDaniels,player_steals,0.5,-220,DraftKings,Minnesota Timberwolves at San Antonio Spurs,0.5,69,Neutral Matchup,MEDIUM
Jaden McDaniels,player_steals,0.5,163,DraftKings,Minnesota Timberwolves at San Antonio Spurs,0.5,63,Weak Matchup,MEDIUM
Anthony Edwards,player_steals,0.5,-210,DraftKings,Minnesota Timberwolves at San Antonio Spurs,0.5,59,Strong Matchup,MEDIUM
Anthony Edwards,player_steals,0.5,156,DraftKings,Minnesota Timberwolves at San Antonio Spurs,0.5,58,Weak Matchup,MEDIUM
Julius Randle,player_steals,0.5,-181,DraftKings,Minnesota Timberwolves at San Antonio Spurs,0.5,57,Strong Matchup,MEDIUM
Julius Randle,player_steals,0.5,136,DraftKings,Minnesota Timberwolves at San Antonio Spurs,0.4,52,Neutral Matchup,LOW
Naz Reid,player_steals,0.5,-164,DraftKings,Minnesota Timberwolves at San Antonio Spurs,0.5,78,Weak Matchup,HIGH
Naz Reid,player_steals,0.5,123,DraftKings,Minnesota Timberwolves at San Antonio Spurs,0.5,56,Weak Matchup,MEDIUM
Julian Champagnie,player_steals,0.5,-152,DraftKings,Minnesota Timberwolves at San Antonio Spurs,0.4,72,Neutral Matchup,HIGH
Julian Champagnie,player_steals,0.5,114,DraftKings,Minnesota Timberwolves at San Antonio Spurs,0.4,67,Strong Matchup,MEDIUM
Dylan Harper,player_steals,0.5,-148,DraftKings,Minnesota Timberwolves at San Antonio Spurs,0.5,53,Neutral Matchup,LOW
Dylan Harper,player_steals,0.5,111,DraftKings,Minnesota Timberwolves at San Antonio Spurs,0.5,70,Strong Matchup,HIGH
Rudy Gobert,player_steals,0.5,-133,DraftKings,Minnesota Timberwolves at San Antonio Spurs,0.5,80,Weak Matchup,HIGH
Rudy Gobert,player_steals,0.5,100,DraftKings,Minnesota Timberwolves at San Antonio Spurs,0.4,63,Neutral Matchup,MEDIUM
Mike Conley,player_steals,0.5,-114,DraftKings,Minnesota Timberwolves at San Antonio Spurs,0.6,63,Strong Matchup,MEDIUM
Mike Conley,player_steals,0.5,-117,DraftKings,Minnesota Timberwolves at San Antonio Spurs,0.5,85,Weak Matchup,HIGH
Ayo Dosunmu,player_steals,0.5,-111,DraftKings,Minnesota Timberwolves at San Antonio Spurs,0.6,51,Neutral Matchup,LOW
Ayo Dosunmu,player_steals,0.5,-119,DraftKings,Minnesota Timberwolves at San Antonio Spurs,0.6,70,Neutral Matchup,HIGH
Anthony Edwards,player_threes,2.5,-107,DraftKings,Minnesota Timberwolves at San Antonio Spurs,2.6,59,Neutral Matchup,MEDIUM
Anthony Edwards,player_threes,2.5,-123,DraftKings,Minnesota Timberwolves at San Antonio Spurs,2.8,61,Neutral Matchup,MEDIUM
Victor Wembanyama,player_threes,2.5,112,DraftKings,Minnesota Timberwolves at San Antonio Spurs,2.8,46,Neutral Matchup,LOW
Victor Wembanyama,player_threes,2.5,-147,DraftKings,Minnesota Timberwolves at San Antonio Spurs,2.4,83,Strong Matchup,HIGH
Devin Vassell,player_threes,2.5,142,DraftKings,Minnesota Timberwolves at San Antonio Spurs,2.6,62,Strong Matchup,MEDIUM
Devin Vassell,player_threes,2.5,-188,DraftKings,Minnesota Timberwolves at San Antonio Spurs,2.2,51,Weak Matchup,LOW
Julian Champagnie,player_threes,1.5,-163,DraftKings,Minnesota Timberwolves at San Antonio Spurs,1.4,70,Strong Matchup,HIGH
Julian Champagnie,player_threes,1.5,123,DraftKings,Minnesota Timberwolves at San Antonio Spurs,1.5,83,Neutral Matchup,HIGH
Naz Reid,player_threes,1.5,-135,DraftKings,Minnesota Timberwolves at San Antonio Spurs,1.4,76,Weak Matchup,HIGH
Naz Reid,player_threes,1.5,102,DraftKings,Minnesota Timberwolves at San Antonio Spurs,1.4,55,Strong Matchup,MEDIUM
De'Aaron Fox,player_threes,1.5,101,DraftKings,Minnesota Timberwolves at San Antonio Spurs,1.3,82,Weak Matchup,HIGH
De'Aaron Fox,player_threes,1.5,-133,DraftKings,Minnesota Timberwolves at San Antonio Spurs,1.7,82,Strong Matchup,HIGH
Stephon Castle,player_threes,1.5,114,DraftKings,Minnesota Timberwolves at San Antonio Spurs,1.6,79,Weak Matchup,HIGH
Stephon Castle,player_threes,1.5,-150,DraftKings,Minnesota Timberwolves at San Antonio Spurs,1.4,64,Strong Matchup,MEDIUM
Ayo Dosunmu,player_threes,1.5,126,DraftKings,Minnesota Timberwolves at San Antonio Spurs,1.6,54,Neutral Matchup,LOW
Ayo Dosunmu,player_threes,1.5,-166,DraftKings,Minnesota Timberwolves at San Antonio Spurs,1.7,75,Neutral Matchup,HIGH
Jaden McDaniels,player_threes,1.5,149,DraftKings,Minnesota Timberwolves at San Antonio Spurs,1.4,48,Strong Matchup,LOW
Jaden McDaniels,player_threes,1.5,-199,DraftKings,Minnesota Timberwolves at San Antonio Spurs,1.4,58,Strong Matchup,MEDIUM
Julius Randle,player_threes,1.5,154,DraftKings,Minnesota Timberwolves at San Antonio Spurs,1.6,71,Strong Matchup,HIGH
Julius Randle,player_threes,1.5,-205,DraftKings,Minnesota Timberwolves at San Antonio Spurs,1.7,77,Weak Matchup,HIGH
Mike Conley,player_threes,1.5,177,DraftKings,Minnesota Timberwolves at San Antonio Spurs,1.5,62,Neutral Matchup,MEDIUM
Mike Conley,player_threes,1.5,-238,DraftKings,Minnesota Timberwolves at San Antonio Spurs,1.3,54,Weak Matchup,LOW
Keldon Johnson,player_threes,0.5,-172,DraftKings,Minnesota Timberwolves at San Antonio Spurs,0.5,74,Strong Matchup,HIGH
Keldon Johnson,player_threes,0.5,130,DraftKings,Minnesota Timberwolves at San Antonio Spurs,0.6,51,Strong Matchup,LOW
Dylan Harper,player_threes,0.5,-149,DraftKings,Minnesota Timberwolves at San Antonio Spurs,0.6,45,Neutral Matchup,LOW
Dylan Harper,player_threes,0.5,113,DraftKings,Minnesota Timberwolves at San Antonio Spurs,0.5,72,Strong Matchup,HIGH
Devin Vassell,player_assists,2.5,130,BetOnline.ag,Minnesota Timberwolves at San Antonio Spurs,2.8,83,Neutral Matchup,HIGH
Devin Vassell,player_assists,2.5,-169,BetOnline.ag,Minnesota Timberwolves at San Antonio Spurs,2.3,54,Weak Matchup,LOW
Jaden McDaniels,player_assists,2.5,100,BetOnline.ag,Minnesota Timberwolves at San Antonio Spurs,2.3,48,Neutral Matchup,LOW
Jaden McDaniels,player_assists,2.5,-130,BetOnline.ag,Minnesota Timberwolves at San Antonio Spurs,2.9,51,Neutral Matchup,LOW
Victor Wembanyama,player_assists,3.5,102,BetOnline.ag,Minnesota Timberwolves at San Antonio Spurs,3.8,70,Neutral Matchup,HIGH
Victor Wembanyama,player_assists,3.5,-132,BetOnline.ag,Minnesota Timberwolves at San Antonio Spurs,3.9,63,Strong Matchup,MEDIUM
Stephon Castle,player_assists,6.5,-127,BetOnline.ag,Minnesota Timberwolves at San Antonio Spurs,6.2,79,Strong Matchup,HIGH
Stephon Castle,player_assists,6.5,-102,BetOnline.ag,Minnesota Timberwolves at San Antonio Spurs,7.2,80,Strong Matchup,HIGH
Julius Randle,player_assists,4.5,124,BetOnline.ag,Minnesota Timberwolves at San Antonio Spurs,4.4,63,Neutral Matchup,MEDIUM
Julius Randle,player_assists,4.5,-161,BetOnline.ag,Minnesota Timberwolves at San Antonio Spurs,4.9,70,Weak Matchup,HIGH
Dylan Harper,player_assists,3.5,134,BetOnline.ag,Minnesota Timberwolves at San Antonio Spurs,3.6,61,Weak Matchup,MEDIUM
Dylan Harper,player_assists,3.5,-175,BetOnline.ag,Minnesota Timberwolves at San Antonio Spurs,3.6,46,Neutral Matchup,LOW
De'Aaron Fox,player_assists,5.5,-147,BetOnline.ag,Minnesota Timberwolves at San Antonio Spurs,6.0,46,Weak Matchup,LOW
De'Aaron Fox,player_assists,5.5,113,BetOnline.ag,Minnesota Timberwolves at San Antonio Spurs,5.0,59,Weak Matchup,MEDIUM
Anthony Edwards,player_assists,2.5,-172,BetOnline.ag,Minnesota Timberwolves at San Antonio Spurs,2.3,66,Neutral Matchup,MEDIUM
Anthony Edwards,player_assists,2.5,132,BetOnline.ag,Minnesota Timberwolves at San Antonio Spurs,2.2,47,Weak Matchup,LOW
Ayo Dosunmu,player_assists,3.5,132,BetOnline.ag,Minnesota Timberwolves at San Antonio Spurs,4.0,70,Weak Matchup,HIGH
Ayo Dosunmu,player_assists,3.5,-172,BetOnline.ag,Minnesota Timberwolves at San Antonio Spurs,3.5,57,Weak Matchup,MEDIUM
Mike Conley,player_assists,2.5,-149,BetOnline.ag,Minnesota Timberwolves at San Antonio Spurs,2.2,62,Strong Matchup,MEDIUM
Mike Conley,player_assists,2.5,115,BetOnline.ag,Minnesota Timberwolves at San Antonio Spurs,2.9,65,Strong Matchup,MEDIUM
Devin Vassell,player_points,12.5,-123,BetOnline.ag,Minnesota Timberwolves at San Antonio Spurs,14.3,47,Weak Matchup,LOW
Devin Vassell,player_points,12.5,-105,BetOnline.ag,Minnesota Timberwolves at San Antonio Spurs,13.5,50,Neutral Matchup,LOW
Naz Reid,player_points,12.5,-106,BetOnline.ag,Minnesota Timberwolves at San Antonio Spurs,13.4,77,Weak Matchup,HIGH
Naz Reid,player_points,12.5,-122,BetOnline.ag,Minnesota Timberwolves at San Antonio Spurs,14.2,79,Strong Matchup,HIGH
Jaden McDaniels,player_points,14.5,-103,BetOnline.ag,Minnesota Timberwolves at San Antonio Spurs,15.2,69,Weak Matchup,MEDIUM
Jaden McDaniels,player_points,14.5,-125,BetOnline.ag,Minnesota Timberwolves at San Antonio Spurs,16.2,82,Weak Matchup,HIGH
Rudy Gobert,player_points,7.5,-123,BetOnline.ag,Minnesota Timberwolves at San Antonio Spurs,7.9,64,Neutral Matchup,MEDIUM
Rudy Gobert,player_points,7.5,-105,BetOnline.ag,Minnesota Timberwolves at San Antonio Spurs,8.3,49,Strong Matchup,LOW
Stephon Castle,player_points,16.5,-127,BetOnline.ag,Minnesota Timberwolves at San Antonio Spurs,16.8,45,Strong Matchup,LOW
Stephon Castle,player_points,16.5,-102,BetOnline.ag,Minnesota Timberwolves at San Antonio Spurs,14.8,85,Strong Matchup,HIGH
Victor Wembanyama,player_points,27.5,-108,BetOnline.ag,Minnesota Timberwolves at San Antonio Spurs,26.4,58,Strong Matchup,MEDIUM
Victor Wembanyama,player_points,27.5,-120,BetOnline.ag,Minnesota Timberwolves at San Antonio Spurs,27.2,62,Weak Matchup,MEDIUM
Julius Randle,player_points,18.5,-108,BetOnline.ag,Minnesota Timberwolves at San Antonio Spurs,17.6,59,Weak Matchup,MEDIUM
Julius Randle,player_points,18.5,-120,BetOnline.ag,Minnesota Timberwolves at San Antonio Spurs,19.4,77,Weak Matchup,HIGH
Keldon Johnson,player_points,8.5,-130,BetOnline.ag,Minnesota Timberwolves at San Antonio Spurs,8.9,58,Neutral Matchup,MEDIUM
Keldon Johnson,player_points,8.5,100,BetOnline.ag,Minnesota Timberwolves at San Antonio Spurs,9.3,71,Weak Matchup,HIGH
Mike Conley,player_points,4.5,-114,BetOnline.ag,Minnesota Timberwolves at San Antonio Spurs,5.1,76,Strong Matchup,HIGH
Mike Conley,player_points,4.5,-114,BetOnline.ag,Minnesota Timberwolves at San Antonio Spurs,4.7,83,Strong Matchup,HIGH
De'Aaron Fox,player_points,17.5,-109,BetOnline.ag,Minnesota Timberwolves at San Antonio Spurs,19.5,67,Weak Matchup,MEDIUM
De'Aaron Fox,player_points,17.5,-119,BetOnline.ag,Minnesota Timberwolves at San Antonio Spurs,19.1,48,Neutral Matchup,LOW
Ayo Dosunmu,player_points,11.5,-105,BetOnline.ag,Minnesota Timberwolves at San Antonio Spurs,12.8,60,Neutral Matchup,MEDIUM
Ayo Dosunmu,player_points,11.5,-123,BetOnline.ag,Minnesota Timberwolves at San Antonio Spurs,12.8,85,Neutral Matchup,HIGH
Julian Champagnie,player_points,9.5,-105,BetOnline.ag,Minnesota Timberwolves at San Antonio Spurs,10.4,58,Strong Matchup,MEDIUM
Julian Champagnie,player_points,9.5,-123,BetOnline.ag,Minnesota Timberwolves at San Antonio Spurs,10.7,47,Strong Matchup,LOW
Anthony Edwards,player_points,21.5,100,BetOnline.ag,Minnesota Timberwolves at San Antonio Spurs,21.3,81,Weak Matchup,HIGH
Anthony Edwards,player_points,21.5,-130,BetOnline.ag,Minnesota Timberwolves at San Antonio Spurs,23.2,67,Strong Matchup,MEDIUM
Dylan Harper,player_points,11.5,-105,BetOnline.ag,Minnesota Timberwolves at San Antonio Spurs,12.1,65,Strong Matchup,MEDIUM
Dylan Harper,player_points,11.5,-123,BetOnline.ag,Minnesota Timberwolves at San Antonio Spurs,12.6,50,Weak Matchup,LOW
Keldon Johnson,player_rebounds,3.5,-120,BetOnline.ag,Minnesota Timberwolves at San Antonio Spurs,3.8,81,Strong Matchup,HIGH
Keldon Johnson,player_rebounds,3.5,-108,BetOnline.ag,Minnesota Timberwolves at San Antonio Spurs,4.0,69,Strong Matchup,MEDIUM
Naz Reid,player_rebounds,6.5,104,BetOnline.ag,Minnesota Timberwolves at San Antonio Spurs,7.2,76,Strong Matchup,HIGH
Naz Reid,player_rebounds,6.5,-135,BetOnline.ag,Minnesota Timberwolves at San Antonio Spurs,5.6,79,Neutral Matchup,HIGH
Jaden McDaniels,player_rebounds,4.5,-114,BetOnline.ag,Minnesota Timberwolves at San Antonio Spurs,4.8,51,Weak Matchup,LOW
Jaden McDaniels,player_rebounds,4.5,-114,BetOnline.ag,Minnesota Timberwolves at San Antonio Spurs,4.4,62,Neutral Matchup,MEDIUM
Devin Vassell,player_rebounds,4.5,122,BetOnline.ag,Minnesota Timberwolves at San Antonio Spurs,4.2,76,Neutral Matchup,HIGH
Devin Vassell,player_rebounds,4.5,-159,BetOnline.ag,Minnesota Timberwolves at San Antonio Spurs,5.0,57,Weak Matchup,MEDIUM
Anthony Edwards,player_rebounds,3.5,-161,BetOnline.ag,Minnesota Timberwolves at San Antonio Spurs,3.3,64,Strong Matchup,MEDIUM
Anthony Edwards,player_rebounds,3.5,123,BetOnline.ag,Minnesota Timberwolves at San Antonio Spurs,3.2,60,Neutral Matchup,MEDIUM
Victor Wembanyama,player_rebounds,12.5,-108,BetOnline.ag,Minnesota Timberwolves at San Antonio Spurs,13.0,76,Weak Matchup,HIGH
Victor Wembanyama,player_rebounds,12.5,-120,BetOnline.ag,Minnesota Timberwolves at San Antonio Spurs,11.3,45,Weak Matchup,LOW
Julian Champagnie,player_rebounds,5.5,113,BetOnline.ag,Minnesota Timberwolves at San Antonio Spurs,5.2,49,Strong Matchup,LOW
Julian Champagnie,player_rebounds,5.5,-147,BetOnline.ag,Minnesota Timberwolves at San Antonio Spurs,6.1,56,Neutral Matchup,MEDIUM
Stephon Castle,player_rebounds,5.5,109,BetOnline.ag,Minnesota Timberwolves at San Antonio Spurs,5.9,46,Weak Matchup,LOW
Stephon Castle,player_rebounds,5.5,-141,BetOnline.ag,Minnesota Timberwolves at San Antonio Spurs,6.1,53,Neutral Matchup,LOW
Julius Randle,player_rebounds,6.5,-102,BetOnline.ag,Minnesota Timberwolves at San Antonio Spurs,7.4,72,Strong Matchup,HIGH
Julius Randle,player_rebounds,6.5,-127,BetOnline.ag,Minnesota Timberwolves at San Antonio Spurs,6.9,69,Strong Matchup,MEDIUM
De'Aaron Fox,player_rebounds,3.5,-115,BetOnline.ag,Minnesota Timberwolves at San Antonio Spurs,4.0,59,Neutral Matchup,MEDIUM
De'Aaron Fox,player_rebounds,3.5,-112,BetOnline.ag,Minnesota Timberwolves at San Antonio Spurs,3.9,66,Weak Matchup,MEDIUM
Dylan Harper,player_rebounds,3.5,109,BetOnline.ag,Minnesota Timberwolves at San Antonio Spurs,3.4,54,Strong Matchup,LOW
Dylan Harper,player_rebounds,3.5,-141,BetOnline.ag,Minnesota Timberwolves at San Antonio Spurs,3.8,77,Strong Matchup,HIGH
Mike Conley,player_rebounds,1.5,-154,BetOnline.ag,Minnesota Timberwolves at San Antonio Spurs,1.3,75,Strong Matchup,HIGH
Mike Conley,player_rebounds,1.5,118,BetOnline.ag,Minnesota Timberwolves at San Antonio Spurs,1.4,57,Neutral Matchup,MEDIUM
Rudy Gobert,player_rebounds,10.5,-127,BetOnline.ag,Minnesota Timberwolves at San Antonio Spurs,10.3,85,Strong Matchup,HIGH
Rudy Gobert,player_rebounds,10.5,-102,BetOnline.ag,Minnesota Timberwolves at San Antonio Spurs,9.2,65,Neutral Matchup,MEDIUM
Ayo Dosunmu,player_rebounds,2.5,-141,BetOnline.ag,Minnesota Timberwolves at San Antonio Spurs,2.2,76,Strong Matchup,HIGH
Ayo Dosunmu,player_rebounds,2.5,109,BetOnline.ag,Minnesota Timberwolves at San Antonio Spurs,2.2,56,Strong Matchup,MEDIUM
Luke Kornet,player_rebounds,3.5,110,BetOnline.ag,Minnesota Timberwolves at San Antonio Spurs,3.5,47,Strong Matchup,LOW
Luke Kornet,player_rebounds,3.5,-143,BetOnline.ag,Minnesota Timberwolves at San Antonio Spurs,3.2,59,Strong Matchup,MEDIUM
Naz Reid,player_threes,1.5,-137,BetOnline.ag,Minnesota Timberwolves at San Antonio Spurs,1.4,66,Strong Matchup,MEDIUM
Naz Reid,player_threes,1.5,106,BetOnline.ag,Minnesota Timberwolves at San Antonio Spurs,1.3,60,Neutral Matchup,MEDIUM
Keldon Johnson,player_threes,0.5,-167,BetOnline.ag,Minnesota Timberwolves at San Antonio Spurs,0.5,78,Neutral Matchup,HIGH
Keldon Johnson,player_threes,0.5,127,BetOnline.ag,Minnesota Timberwolves at San Antonio Spurs,0.4,85,Neutral Matchup,HIGH
Jaden McDaniels,player_threes,1.5,152,BetOnline.ag,Minnesota Timberwolves at San Antonio Spurs,1.7,67,Neutral Matchup,MEDIUM
Jaden McDaniels,player_threes,1.5,-200,BetOnline.ag,Minnesota Timberwolves at San Antonio Spurs,1.4,60,Neutral Matchup,MEDIUM
Devin Vassell,player_threes,2.5,152,BetOnline.ag,Minnesota Timberwolves at San Antonio Spurs,2.8,71,Neutral Matchup,HIGH
Devin Vassell,player_threes,2.5,-200,BetOnline.ag,Minnesota Timberwolves at San Antonio Spurs,2.5,48,Neutral Matchup,LOW
Anthony Edwards,player_threes,2.5,-102,BetOnline.ag,Minnesota Timberwolves at San Antonio Spurs,2.8,70,Strong Matchup,HIGH
Anthony Edwards,player_threes,2.5,-127,BetOnline.ag,Minnesota Timberwolves at San Antonio Spurs,2.5,55,Strong Matchup,MEDIUM
Victor Wembanyama,player_threes,2.5,117,BetOnline.ag,Minnesota Timberwolves at San Antonio Spurs,2.6,71,Weak Matchup,HIGH
Victor Wembanyama,player_threes,2.5,-152,BetOnline.ag,Minnesota Timberwolves at San Antonio Spurs,2.8,65,Weak Matchup,MEDIUM
Mike Conley,player_threes,1.5,167,BetOnline.ag,Minnesota Timberwolves at San Antonio Spurs,1.6,80,Strong Matchup,HIGH
Mike Conley,player_threes,1.5,-222,BetOnline.ag,Minnesota Timberwolves at San Antonio Spurs,1.4,58,Strong Matchup,MEDIUM
Julian Champagnie,player_threes,1.5,-167,BetOnline.ag,Minnesota Timberwolves at San Antonio Spurs,1.5,51,Neutral Matchup,LOW
Julian Champagnie,player_threes,1.5,128,BetOnline.ag,Minnesota Timberwolves at San Antonio Spurs,1.3,80,Strong Matchup,HIGH
Stephon Castle,player_threes,1.5,122,BetOnline.ag,Minnesota Timberwolves at San Antonio Spurs,1.6,58,Neutral Matchup,MEDIUM
Stephon Castle,player_threes,1.5,-159,BetOnline.ag,Minnesota Timberwolves at San Antonio Spurs,1.7,52,Weak Matchup,LOW
Julius Randle,player_threes,1.5,152,BetOnline.ag,Minnesota Timberwolves at San Antonio Spurs,1.4,71,Strong Matchup,HIGH
Julius Randle,player_threes,1.5,-200,BetOnline.ag,Minnesota Timberwolves at San Antonio Spurs,1.4,82,Neutral Matchup,HIGH
Dylan Harper,player_threes,0.5,-152,BetOnline.ag,Minnesota Timberwolves at San Antonio Spurs,0.5,57,Neutral Matchup,MEDIUM
Dylan Harper,player_threes,0.5,116,BetOnline.ag,Minnesota Timberwolves at San Antonio Spurs,0.5,73,Weak Matchup,HIGH
De'Aaron Fox,player_threes,1.5,103,BetOnline.ag,Minnesota Timberwolves at San Antonio Spurs,1.6,59,Weak Matchup,MEDIUM
De'Aaron Fox,player_threes,1.5,-133,BetOnline.ag,Minnesota Timberwolves at San Antonio Spurs,1.3,73,Strong Matchup,HIGH
Ayo Dosunmu,player_threes,1.5,126,BetOnline.ag,Minnesota Timberwolves at San Antonio Spurs,1.3,52,Weak Matchup,LOW
Ayo Dosunmu,player_threes,1.5,-164,BetOnline.ag,Minnesota Timberwolves at San Antonio Spurs,1.4,78,Weak Matchup,HIGH
Victor Wembanyama,player_assists,3.5,114,FanDuel,Minnesota Timberwolves at San Antonio Spurs,3.4,52,Neutral Matchup,LOW
Victor Wembanyama,player_assists,3.5,-146,FanDuel,Minnesota Timberwolves at San Antonio Spurs,4.0,57,Strong Matchup,MEDIUM
Devin Vassell,player_assists,2.5,142,FanDuel,Minnesota Timberwolves at San Antonio Spurs,2.3,45,Neutral Matchup,LOW
Devin Vassell,player_assists,2.5,-184,FanDuel,Minnesota Timberwolves at San Antonio Spurs,2.7,75,Strong Matchup,HIGH
Stephon Castle,player_assists,6.5,-132,FanDuel,Minnesota Timberwolves at San Antonio Spurs,5.8,64,Strong Matchup,MEDIUM
Stephon Castle,player_assists,6.5,104,FanDuel,Minnesota Timberwolves at San Antonio Spurs,7.3,76,Weak Matchup,HIGH
Ayo Dosunmu,player_assists,3.5,136,FanDuel,Minnesota Timberwolves at San Antonio Spurs,3.6,76,Neutral Matchup,HIGH
Ayo Dosunmu,player_assists,3.5,-174,FanDuel,Minnesota Timberwolves at San Antonio Spurs,3.4,77,Weak Matchup,HIGH
Jaden McDaniels,player_assists,2.5,-102,FanDuel,Minnesota Timberwolves at San Antonio Spurs,2.9,79,Neutral Matchup,HIGH
Jaden McDaniels,player_assists,2.5,-125,FanDuel,Minnesota Timberwolves at San Antonio Spurs,2.3,59,Weak Matchup,MEDIUM
Anthony Edwards,player_assists,3.5,144,FanDuel,Minnesota Timberwolves at San Antonio Spurs,4.0,70,Neutral Matchup,HIGH
Anthony Edwards,player_assists,3.5,-186,FanDuel,Minnesota Timberwolves at San Antonio Spurs,3.8,56,Strong Matchup,MEDIUM
Dylan Harper,player_assists,3.5,144,FanDuel,Minnesota Timberwolves at San Antonio Spurs,3.5,57,Neutral Matchup,MEDIUM
Dylan Harper,player_assists,3.5,-186,FanDuel,Minnesota Timberwolves at San Antonio Spurs,3.3,85,Neutral Matchup,HIGH
Julius Randle,player_assists,4.5,130,FanDuel,Minnesota Timberwolves at San Antonio Spurs,4.5,52,Weak Matchup,LOW
Julius Randle,player_assists,4.5,-166,FanDuel,Minnesota Timberwolves at San Antonio Spurs,4.7,64,Weak Matchup,MEDIUM
Mike Conley,player_assists,2.5,-170,FanDuel,Minnesota Timberwolves at San Antonio Spurs,2.8,48,Strong Matchup,LOW
Mike Conley,player_assists,2.5,132,FanDuel,Minnesota Timberwolves at San Antonio Spurs,2.5,85,Weak Matchup,HIGH
De'Aaron Fox,player_assists,5.5,-136,FanDuel,Minnesota Timberwolves at San Antonio Spurs,5.0,47,Strong Matchup,LOW
De'Aaron Fox,player_assists,5.5,106,FanDuel,Minnesota Timberwolves at San Antonio Spurs,4.8,72,Weak Matchup,HIGH
Victor Wembanyama,player_blocks,4.5,114,FanDuel,Minnesota Timberwolves at San Antonio Spurs,5.0,82,Strong Matchup,HIGH
Victor Wembanyama,player_blocks,4.5,-152,FanDuel,Minnesota Timberwolves at San Antonio Spurs,5.1,72,Strong Matchup,HIGH
Rudy Gobert,player_blocks,1.5,138,FanDuel,Minnesota Timberwolves at San Antonio Spurs,1.7,59,Strong Matchup,MEDIUM
Rudy Gobert,player_blocks,1.5,-186,FanDuel,Minnesota Timberwolves at San Antonio Spurs,1.5,75,Neutral Matchup,HIGH
Rudy Gobert,player_points,7.5,-111,FanDuel,Minnesota Timberwolves at San Antonio Spurs,7.6,48,Weak Matchup,LOW
Rudy Gobert,player_points,7.5,-115,FanDuel,Minnesota Timberwolves at San Antonio Spurs,7.4,83,Neutral Matchup,HIGH
Naz Reid,player_points,12.5,-104,FanDuel,Minnesota Timberwolves at San Antonio Spurs,12.2,82,Neutral Matchup,HIGH
Naz Reid,player_points,12.5,-122,FanDuel,Minnesota Timberwolves at San Antonio Spurs,10.8,82,Weak Matchup,HIGH
Luke Kornet,player_points,3.5,100,FanDuel,Minnesota Timberwolves at San Antonio Spurs,3.1,70,Weak Matchup,HIGH
Luke Kornet,player_points,3.5,-128,FanDuel,Minnesota Timberwolves at San Antonio Spurs,3.4,77,Weak Matchup,HIGH
Devin Vassell,player_points,12.5,-128,FanDuel,Minnesota Timberwolves at San Antonio Spurs,10.6,83,Strong Matchup,HIGH
Devin Vassell,player_points,12.5,100,FanDuel,Minnesota Timberwolves at San Antonio Spurs,12.8,65,Strong Matchup,MEDIUM
Ayo Dosunmu,player_points,11.5,-106,FanDuel,Minnesota Timberwolves at San Antonio Spurs,12.8,51,Weak Matchup,LOW
Ayo Dosunmu,player_points,11.5,-120,FanDuel,Minnesota Timberwolves at San Antonio Spurs,12.7,63,Neutral Matchup,MEDIUM
Jaden McDaniels,player_points,14.5,-108,FanDuel,Minnesota Timberwolves at San Antonio Spurs,12.9,64,Neutral Matchup,MEDIUM
Jaden McDaniels,player_points,14.5,-118,FanDuel,Minnesota Timberwolves at San Antonio Spurs,13.4,69,Weak Matchup,MEDIUM
Stephon Castle,player_points,16.5,-125,FanDuel,Minnesota Timberwolves at San Antonio Spurs,15.5,65,Weak Matchup,MEDIUM
Stephon Castle,player_points,16.5,-102,FanDuel,Minnesota Timberwolves at San Antonio Spurs,18.7,76,Neutral Matchup,HIGH
Dylan Harper,player_points,11.5,104,FanDuel,Minnesota Timberwolves at San Antonio Spurs,11.1,72,Strong Matchup,HIGH
Dylan Harper,player_points,11.5,-132,FanDuel,Minnesota Timberwolves at San Antonio Spurs,10.7,60,Strong Matchup,MEDIUM
Keldon Johnson,player_points,9.5,100,FanDuel,Minnesota Timberwolves at San Antonio Spurs,9.9,58,Strong Matchup,MEDIUM
Keldon Johnson,player_points,9.5,-130,FanDuel,Minnesota Timberwolves at San Antonio Spurs,10.3,76,Weak Matchup,HIGH
Julius Randle,player_points,18.5,-104,FanDuel,Minnesota Timberwolves at San Antonio Spurs,21.1,74,Neutral Matchup,HIGH
Julius Randle,player_points,18.5,-122,FanDuel,Minnesota Timberwolves at San Antonio Spurs,18.2,61,Neutral Matchup,MEDIUM
Julian Champagnie,player_points,8.5,-130,FanDuel,Minnesota Timberwolves at San Antonio Spurs,8.7,67,Strong Matchup,MEDIUM
Julian Champagnie,player_points,8.5,102,FanDuel,Minnesota Timberwolves at San Antonio Spurs,9.5,46,Weak Matchup,LOW
Anthony Edwards,player_points,20.5,-125,FanDuel,Minnesota Timberwolves at San Antonio Spurs,20.6,68,Weak Matchup,MEDIUM
Anthony Edwards,player_points,20.5,-102,FanDuel,Minnesota Timberwolves at San Antonio Spurs,21.7,63,Weak Matchup,MEDIUM
Mike Conley,player_points,4.5,102,FanDuel,Minnesota Timberwolves at San Antonio Spurs,3.8,79,Neutral Matchup,HIGH
Mike Conley,player_points,4.5,-130,FanDuel,Minnesota Timberwolves at San Antonio Spurs,5.1,48,Neutral Matchup,LOW
De'Aaron Fox,player_points,17.5,-104,FanDuel,Minnesota Timberwolves at San Antonio Spurs,16.2,52,Strong Matchup,LOW
De'Aaron Fox,player_points,17.5,-122,FanDuel,Minnesota Timberwolves at San Antonio Spurs,15.6,53,Strong Matchup,LOW
Victor Wembanyama,player_points,26.5,-115,FanDuel,Minnesota Timberwolves at San Antonio Spurs,24.7,68,Neutral Matchup,MEDIUM
Victor Wembanyama,player_points,26.5,-111,FanDuel,Minnesota Timberwolves at San Antonio Spurs,30.3,66,Weak Matchup,MEDIUM
Rudy Gobert,player_rebounds,10.5,-132,FanDuel,Minnesota Timberwolves at San Antonio Spurs,10.3,59,Strong Matchup,MEDIUM
Rudy Gobert,player_rebounds,10.5,104,FanDuel,Minnesota Timberwolves at San Antonio Spurs,11.3,47,Neutral Matchup,LOW
Naz Reid,player_rebounds,6.5,106,FanDuel,Minnesota Timberwolves at San Antonio Spurs,6.6,53,Strong Matchup,LOW
Naz Reid,player_rebounds,6.5,-136,FanDuel,Minnesota Timberwolves at San Antonio Spurs,5.8,60,Neutral Matchup,MEDIUM
Luke Kornet,player_rebounds,3.5,102,FanDuel,Minnesota Timberwolves at San Antonio Spurs,3.6,70,Strong Matchup,HIGH
Luke Kornet,player_rebounds,3.5,-130,FanDuel,Minnesota Timberwolves at San Antonio Spurs,3.1,48,Weak Matchup,LOW
Victor Wembanyama,player_rebounds,12.5,100,FanDuel,Minnesota Timberwolves at San Antonio Spurs,14.1,46,Strong Matchup,LOW
Victor Wembanyama,player_rebounds,12.5,-128,FanDuel,Minnesota Timberwolves at San Antonio Spurs,13.3,48,Neutral Matchup,LOW
Devin Vassell,player_rebounds,3.5,-154,FanDuel,Minnesota Timberwolves at San Antonio Spurs,3.4,48,Neutral Matchup,LOW
Devin Vassell,player_rebounds,3.5,120,FanDuel,Minnesota Timberwolves at San Antonio Spurs,3.9,60,Strong Matchup,MEDIUM
Jaden McDaniels,player_rebounds,4.5,-113,FanDuel,Minnesota Timberwolves at San Antonio Spurs,4.6,50,Strong Matchup,LOW
Jaden McDaniels,player_rebounds,4.5,-113,FanDuel,Minnesota Timberwolves at San Antonio Spurs,4.4,85,Strong Matchup,HIGH
Stephon Castle,player_rebounds,5.5,112,FanDuel,Minnesota Timberwolves at San Antonio Spurs,5.2,71,Weak Matchup,HIGH
Stephon Castle,player_rebounds,5.5,-142,FanDuel,Minnesota Timberwolves at San Antonio Spurs,5.5,72,Strong Matchup,HIGH
Keldon Johnson,player_rebounds,3.5,-113,FanDuel,Minnesota Timberwolves at San Antonio Spurs,3.5,55,Strong Matchup,MEDIUM
Keldon Johnson,player_rebounds,3.5,-113,FanDuel,Minnesota Timberwolves at San Antonio Spurs,3.2,62,Strong Matchup,MEDIUM
Dylan Harper,player_rebounds,3.5,118,FanDuel,Minnesota Timberwolves at San Antonio Spurs,3.5,69,Neutral Matchup,MEDIUM
Dylan Harper,player_rebounds,3.5,-150,FanDuel,Minnesota Timberwolves at San Antonio Spurs,3.8,72,Neutral Matchup,HIGH
Julius Randle,player_rebounds,6.5,102,FanDuel,Minnesota Timberwolves at San Antonio Spurs,6.8,64,Neutral Matchup,MEDIUM
Julius Randle,player_rebounds,6.5,-130,FanDuel,Minnesota Timberwolves at San Antonio Spurs,6.6,66,Strong Matchup,MEDIUM
Julian Champagnie,player_rebounds,5.5,122,FanDuel,Minnesota Timberwolves at San Antonio Spurs,4.9,51,Neutral Matchup,LOW
Julian Champagnie,player_rebounds,5.5,-156,FanDuel,Minnesota Timberwolves at San Antonio Spurs,5.9,63,Neutral Matchup,MEDIUM
Anthony Edwards,player_rebounds,3.5,-160,FanDuel,Minnesota Timberwolves at San Antonio Spurs,3.3,55,Weak Matchup,MEDIUM
Anthony Edwards,player_rebounds,3.5,124,FanDuel,Minnesota Timberwolves at San Antonio Spurs,3.1,62,Strong Matchup,MEDIUM
De'Aaron Fox,player_rebounds,3.5,-113,FanDuel,Minnesota Timberwolves at San Antonio Spurs,3.6,49,Neutral Matchup,LOW
De'Aaron Fox,player_rebounds,3.5,-113,FanDuel,Minnesota Timberwolves at San Antonio Spurs,3.7,50,Weak Matchup,LOW
Victor Wembanyama,player_steals,1.5,162,FanDuel,Minnesota Timberwolves at San Antonio Spurs,1.4,57,Strong Matchup,MEDIUM
Victor Wembanyama,player_steals,1.5,-220,FanDuel,Minnesota Timberwolves at San Antonio Spurs,1.7,66,Strong Matchup,MEDIUM
De'Aaron Fox,player_steals,1.5,138,FanDuel,Minnesota Timberwolves at San Antonio Spurs,1.7,57,Strong Matchup,MEDIUM
De'Aaron Fox,player_steals,1.5,-186,FanDuel,Minnesota Timberwolves at San Antonio Spurs,1.3,45,Strong Matchup,LOW
Stephon Castle,player_steals,1.5,162,FanDuel,Minnesota Timberwolves at San Antonio Spurs,1.7,58,Weak Matchup,MEDIUM
Stephon Castle,player_steals,1.5,-220,FanDuel,Minnesota Timberwolves at San Antonio Spurs,1.4,62,Strong Matchup,MEDIUM
Naz Reid,player_threes,1.5,-156,FanDuel,Minnesota Timberwolves at San Antonio Spurs,1.6,64,Strong Matchup,MEDIUM
Naz Reid,player_threes,1.5,122,FanDuel,Minnesota Timberwolves at San Antonio Spurs,1.6,58,Weak Matchup,MEDIUM
Victor Wembanyama,player_threes,2.5,122,FanDuel,Minnesota Timberwolves at San Antonio Spurs,2.7,84,Neutral Matchup,HIGH
Victor Wembanyama,player_threes,2.5,-156,FanDuel,Minnesota Timberwolves at San Antonio Spurs,2.5,54,Weak Matchup,LOW
Devin Vassell,player_threes,2.5,154,FanDuel,Minnesota Timberwolves at San Antonio Spurs,2.6,83,Neutral Matchup,HIGH
Devin Vassell,player_threes,2.5,-200,FanDuel,Minnesota Timberwolves at San Antonio Spurs,2.2,60,Strong Matchup,MEDIUM
Jaden McDaniels,player_threes,1.5,142,FanDuel,Minnesota Timberwolves at San Antonio Spurs,1.4,63,Strong Matchup,MEDIUM
Jaden McDaniels,player_threes,1.5,-184,FanDuel,Minnesota Timberwolves at San Antonio Spurs,1.5,45,Weak Matchup,LOW
Stephon Castle,player_threes,1.5,126,FanDuel,Minnesota Timberwolves at San Antonio Spurs,1.5,69,Neutral Matchup,MEDIUM
Stephon Castle,player_threes,1.5,-162,FanDuel,Minnesota Timberwolves at San Antonio Spurs,1.4,63,Strong Matchup,MEDIUM
Anthony Edwards,player_threes,2.5,108,FanDuel,Minnesota Timberwolves at San Antonio Spurs,2.5,74,Weak Matchup,HIGH
Anthony Edwards,player_threes,2.5,-138,FanDuel,Minnesota Timberwolves at San Antonio Spurs,2.5,78,Strong Matchup,HIGH
Julius Randle,player_threes,1.5,148,FanDuel,Minnesota Timberwolves at San Antonio Spurs,1.7,49,Neutral Matchup,LOW
Julius Randle,player_threes,1.5,-192,FanDuel,Minnesota Timberwolves at San Antonio Spurs,1.4,56,Strong Matchup,MEDIUM
Julian Champagnie,player_threes,1.5,-186,FanDuel,Minnesota Timberwolves at San Antonio Spurs,1.5,50,Strong Matchup,LOW
Julian Champagnie,player_threes,1.5,144,FanDuel,Minnesota Timberwolves at San Antonio Spurs,1.3,71,Strong Matchup,HIGH
Mike Conley,player_threes,1.5,196,FanDuel,Minnesota Timberwolves at San Antonio Spurs,1.3,84,Neutral Matchup,HIGH
Mike Conley,player_threes,1.5,-260,FanDuel,Minnesota Timberwolves at San Antonio Spurs,1.7,50,Neutral Matchup,LOW
De'Aaron Fox,player_threes,1.5,108,FanDuel,Minnesota Timberwolves at San Antonio Spurs,1.6,70,Strong Matchup,HIGH
De'Aaron Fox,player_threes,1.5,-138,FanDuel,Minnesota Timberwolves at San Antonio Spurs,1.5,84,Strong Matchup,HIGH
Ayo Dosunmu,player_assists,3.5,133,BetRivers,Minnesota Timberwolves at San Antonio Spurs,3.0,64,Strong Matchup,MEDIUM
Ayo Dosunmu,player_assists,3.5,-186,BetRivers,Minnesota Timberwolves at San Antonio Spurs,3.5,49,Neutral Matchup,LOW
Julius Randle,player_assists,4.5,120,BetRivers,Minnesota Timberwolves at San Antonio Spurs,4.6,60,Weak Matchup,MEDIUM
Julius Randle,player_assists,4.5,-165,BetRivers,Minnesota Timberwolves at San Antonio Spurs,4.2,66,Neutral Matchup,MEDIUM
Jaden McDaniels,player_assists,2.5,-113,BetRivers,Minnesota Timberwolves at San Antonio Spurs,2.4,77,Weak Matchup,HIGH
Jaden McDaniels,player_assists,2.5,-121,BetRivers,Minnesota Timberwolves at San Antonio Spurs,2.2,50,Strong Matchup,LOW
Stephon Castle,player_assists,6.5,-137,BetRivers,Minnesota Timberwolves at San Antonio Spurs,7.0,46,Strong Matchup,LOW
Stephon Castle,player_assists,6.5,102,BetRivers,Minnesota Timberwolves at San Antonio Spurs,6.2,68,Neutral Matchup,MEDIUM
Anthony Edwards,player_assists,3.5,135,BetRivers,Minnesota Timberwolves at San Antonio Spurs,3.6,59,Weak Matchup,MEDIUM
Anthony Edwards,player_assists,3.5,-186,BetRivers,Minnesota Timberwolves at San Antonio Spurs,3.5,82,Neutral Matchup,HIGH
Victor Wembanyama,player_assists,3.5,-109,BetRivers,Minnesota Timberwolves at San Antonio Spurs,3.4,81,Strong Matchup,HIGH
Victor Wembanyama,player_assists,3.5,-125,BetRivers,Minnesota Timberwolves at San Antonio Spurs,3.3,58,Strong Matchup,MEDIUM
Devin Vassell,player_assists,2.5,120,BetRivers,Minnesota Timberwolves at San Antonio Spurs,2.7,61,Weak Matchup,MEDIUM
Devin Vassell,player_assists,2.5,-162,BetRivers,Minnesota Timberwolves at San Antonio Spurs,2.2,64,Neutral Matchup,MEDIUM
De'Aaron Fox,player_assists,5.5,-143,BetRivers,Minnesota Timberwolves at San Antonio Spurs,4.7,53,Strong Matchup,LOW
De'Aaron Fox,player_assists,5.5,107,BetRivers,Minnesota Timberwolves at San Antonio Spurs,5.7,68,Weak Matchup,MEDIUM
Dylan Harper,player_assists,3.5,114,BetRivers,Minnesota Timberwolves at San Antonio Spurs,3.2,45,Strong Matchup,LOW
Dylan Harper,player_assists,3.5,-155,BetRivers,Minnesota Timberwolves at San Antonio Spurs,3.1,62,Strong Matchup,MEDIUM
Naz Reid,player_points,12.5,-122,BetRivers,Minnesota Timberwolves at San Antonio Spurs,14.2,58,Neutral Matchup,MEDIUM
Naz Reid,player_points,12.5,-112,BetRivers,Minnesota Timberwolves at San Antonio Spurs,14.2,77,Strong Matchup,HIGH
Julius Randle,player_points,17.5,-129,BetRivers,Minnesota Timberwolves at San Antonio Spurs,17.2,66,Neutral Matchup,MEDIUM
Julius Randle,player_points,17.5,-106,BetRivers,Minnesota Timberwolves at San Antonio Spurs,19.7,71,Strong Matchup,HIGH
Anthony Edwards,player_points,21.5,-106,BetRivers,Minnesota Timberwolves at San Antonio Spurs,23.3,80,Strong Matchup,HIGH
Anthony Edwards,player_points,21.5,-129,BetRivers,Minnesota Timberwolves at San Antonio Spurs,24.2,54,Strong Matchup,LOW
De'Aaron Fox,player_points,18.5,120,BetRivers,Minnesota Timberwolves at San Antonio Spurs,19.4,85,Strong Matchup,HIGH
De'Aaron Fox,player_points,18.5,-167,BetRivers,Minnesota Timberwolves at San Antonio Spurs,20.0,56,Neutral Matchup,MEDIUM
Victor Wembanyama,player_points,25.5,-167,BetRivers,Minnesota Timberwolves at San Antonio Spurs,23.0,66,Weak Matchup,MEDIUM
Victor Wembanyama,player_points,25.5,120,BetRivers,Minnesota Timberwolves at San Antonio Spurs,21.9,77,Weak Matchup,HIGH
Dylan Harper,player_points,11.5,-106,BetRivers,Minnesota Timberwolves at San Antonio Spurs,12.4,51,Weak Matchup,LOW
Dylan Harper,player_points,11.5,-129,BetRivers,Minnesota Timberwolves at San Antonio Spurs,11.4,68,Strong Matchup,MEDIUM
Anthony Edwards,player_points,19.5,-167,BetRivers,Minnesota Timberwolves at San Antonio Spurs,18.9,63,Strong Matchup,MEDIUM
Anthony Edwards,player_points,19.5,120,BetRivers,Minnesota Timberwolves at San Antonio Spurs,17.1,75,Strong Matchup,HIGH
Stephon Castle,player_points,16.5,-134,BetRivers,Minnesota Timberwolves at San Antonio Spurs,16.6,71,Strong Matchup,HIGH
Stephon Castle,player_points,16.5,-103,BetRivers,Minnesota Timberwolves at San Antonio Spurs,16.1,55,Weak Matchup,MEDIUM
De'Aaron Fox,player_points,16.5,-139,BetRivers,Minnesota Timberwolves at San Antonio Spurs,18.4,53,Weak Matchup,LOW
De'Aaron Fox,player_points,16.5,102,BetRivers,Minnesota Timberwolves at San Antonio Spurs,18.2,72,Strong Matchup,HIGH
Keldon Johnson,player_points,8.5,-165,BetRivers,Minnesota Timberwolves at San Antonio Spurs,9.7,69,Weak Matchup,MEDIUM
Keldon Johnson,player_points,8.5,118,BetRivers,Minnesota Timberwolves at San Antonio Spurs,9.4,72,Neutral Matchup,HIGH
Victor Wembanyama,player_points,26.5,-134,BetRivers,Minnesota Timberwolves at San Antonio Spurs,26.5,55,Neutral Matchup,MEDIUM
Victor Wembanyama,player_points,26.5,-103,BetRivers,Minnesota Timberwolves at San Antonio Spurs,29.0,47,Neutral Matchup,LOW
Rudy Gobert,player_points,7.5,-132,BetRivers,Minnesota Timberwolves at San Antonio Spurs,8.3,77,Strong Matchup,HIGH
Rudy Gobert,player_points,7.5,-104,BetRivers,Minnesota Timberwolves at San Antonio Spurs,8.2,74,Strong Matchup,HIGH
Dylan Harper,player_points,10.5,-143,BetRivers,Minnesota Timberwolves at San Antonio Spurs,9.8,82,Neutral Matchup,HIGH
Dylan Harper,player_points,10.5,106,BetRivers,Minnesota Timberwolves at San Antonio Spurs,11.2,48,Weak Matchup,LOW
Naz Reid,player_points,13.5,112,BetRivers,Minnesota Timberwolves at San Antonio Spurs,13.0,64,Weak Matchup,MEDIUM
Naz Reid,player_points,13.5,-152,BetRivers,Minnesota Timberwolves at San Antonio Spurs,13.9,62,Weak Matchup,MEDIUM
De'Aaron Fox,player_points,17.5,-108,BetRivers,Minnesota Timberwolves at San Antonio Spurs,16.8,66,Weak Matchup,MEDIUM
De'Aaron Fox,player_points,17.5,-127,BetRivers,Minnesota Timberwolves at San Antonio Spurs,15.2,45,Neutral Matchup,LOW
Jaden McDaniels,player_points,14.5,-130,BetRivers,Minnesota Timberwolves at San Antonio Spurs,13.2,84,Strong Matchup,HIGH
Jaden McDaniels,player_points,14.5,-105,BetRivers,Minnesota Timberwolves at San Antonio Spurs,12.3,62,Weak Matchup,MEDIUM
Keldon Johnson,player_points,9.5,-113,BetRivers,Minnesota Timberwolves at San Antonio Spurs,10.6,48,Weak Matchup,LOW
Keldon Johnson,player_points,9.5,-121,BetRivers,Minnesota Timberwolves at San Antonio Spurs,9.1,74,Weak Matchup,HIGH
Ayo Dosunmu,player_points,11.5,-103,BetRivers,Minnesota Timberwolves at San Antonio Spurs,13.2,48,Strong Matchup,LOW
Ayo Dosunmu,player_points,11.5,-134,BetRivers,Minnesota Timberwolves at San Antonio Spurs,12.2,82,Strong Matchup,HIGH
Ayo Dosunmu,player_points,10.5,-139,BetRivers,Minnesota Timberwolves at San Antonio Spurs,9.7,67,Neutral Matchup,MEDIUM
Ayo Dosunmu,player_points,10.5,102,BetRivers,Minnesota Timberwolves at San Antonio Spurs,10.7,64,Weak Matchup,MEDIUM
Julian Champagnie,player_points,9.5,-105,BetRivers,Minnesota Timberwolves at San Antonio Spurs,10.4,81,Neutral Matchup,HIGH
Julian Champagnie,player_points,9.5,-130,BetRivers,Minnesota Timberwolves at San Antonio Spurs,10.6,78,Neutral Matchup,HIGH
Devin Vassell,player_points,13.5,-104,BetRivers,Minnesota Timberwolves at San Antonio Spurs,11.8,72,Weak Matchup,HIGH
Devin Vassell,player_points,13.5,-132,BetRivers,Minnesota Timberwolves at San Antonio Spurs,14.5,68,Neutral Matchup,MEDIUM
Julius Randle,player_points,18.5,100,BetRivers,Minnesota Timberwolves at San Antonio Spurs,19.2,76,Neutral Matchup,HIGH
Julius Randle,player_points,18.5,-136,BetRivers,Minnesota Timberwolves at San Antonio Spurs,17.6,67,Neutral Matchup,MEDIUM
Devin Vassell,player_points,12.5,-137,BetRivers,Minnesota Timberwolves at San Antonio Spurs,13.2,49,Neutral Matchup,LOW
Devin Vassell,player_points,12.5,100,BetRivers,Minnesota Timberwolves at San Antonio Spurs,11.1,57,Weak Matchup,MEDIUM
Stephon Castle,player_points,17.5,-104,BetRivers,Minnesota Timberwolves at San Antonio Spurs,19.9,81,Weak Matchup,HIGH
Stephon Castle,player_points,17.5,-132,BetRivers,Minnesota Timberwolves at San Antonio Spurs,16.0,49,Weak Matchup,LOW
Victor Wembanyama,player_points,27.5,-109,BetRivers,Minnesota Timberwolves at San Antonio Spurs,28.6,67,Neutral Matchup,MEDIUM
Victor Wembanyama,player_points,27.5,-125,BetRivers,Minnesota Timberwolves at San Antonio Spurs,31.1,54,Neutral Matchup,LOW
Victor Wembanyama,player_points,28.5,114,BetRivers,Minnesota Timberwolves at San Antonio Spurs,32.7,49,Weak Matchup,LOW
Victor Wembanyama,player_points,28.5,-157,BetRivers,Minnesota Timberwolves at San Antonio Spurs,26.8,73,Weak Matchup,HIGH
Jaden McDaniels,player_points,15.5,100,BetRivers,Minnesota Timberwolves at San Antonio Spurs,14.8,79,Weak Matchup,HIGH
Jaden McDaniels,player_points,15.5,-136,BetRivers,Minnesota Timberwolves at San Antonio Spurs,14.6,61,Neutral Matchup,MEDIUM
Anthony Edwards,player_points,20.5,-132,BetRivers,Minnesota Timberwolves at San Antonio Spurs,19.4,75,Weak Matchup,HIGH
Anthony Edwards,player_points,20.5,-104,BetRivers,Minnesota Timberwolves at San Antonio Spurs,21.4,79,Weak Matchup,HIGH
Anthony Edwards,player_points,22.5,118,BetRivers,Minnesota Timberwolves at San Antonio Spurs,22.5,81,Neutral Matchup,HIGH
Anthony Edwards,player_points,22.5,-165,BetRivers,Minnesota Timberwolves at San Antonio Spurs,25.6,73,Weak Matchup,HIGH
Julian Champagnie,player_points,8.5,-148,BetRivers,Minnesota Timberwolves at San Antonio Spurs,7.2,62,Strong Matchup,MEDIUM
Julian Champagnie,player_points,8.5,108,BetRivers,Minnesota Timberwolves at San Antonio Spurs,8.2,50,Weak Matchup,LOW
Naz Reid,player_points,11.5,-167,BetRivers,Minnesota Timberwolves at San Antonio Spurs,10.5,73,Strong Matchup,HIGH
Naz Reid,player_points,11.5,120,BetRivers,Minnesota Timberwolves at San Antonio Spurs,13.0,62,Weak Matchup,MEDIUM
Naz Reid,player_rebounds,6.5,-103,BetRivers,Minnesota Timberwolves at San Antonio Spurs,6.3,73,Neutral Matchup,HIGH
Naz Reid,player_rebounds,6.5,-134,BetRivers,Minnesota Timberwolves at San Antonio Spurs,6.9,51,Strong Matchup,LOW
Stephon Castle,player_rebounds,5.5,-105,BetRivers,Minnesota Timberwolves at San Antonio Spurs,5.3,78,Neutral Matchup,HIGH
Stephon Castle,player_rebounds,5.5,-129,BetRivers,Minnesota Timberwolves at San Antonio Spurs,5.6,56,Weak Matchup,MEDIUM
Dylan Harper,player_rebounds,3.5,105,BetRivers,Minnesota Timberwolves at San Antonio Spurs,3.2,63,Weak Matchup,MEDIUM
Dylan Harper,player_rebounds,3.5,-143,BetRivers,Minnesota Timberwolves at San Antonio Spurs,3.4,74,Neutral Matchup,HIGH
Anthony Edwards,player_rebounds,3.5,-167,BetRivers,Minnesota Timberwolves at San Antonio Spurs,3.8,53,Neutral Matchup,LOW
Anthony Edwards,player_rebounds,3.5,123,BetRivers,Minnesota Timberwolves at San Antonio Spurs,3.8,46,Strong Matchup,LOW
Rudy Gobert,player_rebounds,10.5,-141,BetRivers,Minnesota Timberwolves at San Antonio Spurs,10.5,56,Weak Matchup,MEDIUM
Rudy Gobert,player_rebounds,10.5,104,BetRivers,Minnesota Timberwolves at San Antonio Spurs,11.4,57,Weak Matchup,MEDIUM
Keldon Johnson,player_rebounds,3.5,-122,BetRivers,Minnesota Timberwolves at San Antonio Spurs,3.4,48,Neutral Matchup,LOW
Keldon Johnson,player_rebounds,3.5,-112,BetRivers,Minnesota Timberwolves at San Antonio Spurs,3.1,58,Weak Matchup,MEDIUM
Devin Vassell,player_rebounds,3.5,-175,BetRivers,Minnesota Timberwolves at San Antonio Spurs,3.2,49,Neutral Matchup,LOW
Devin Vassell,player_rebounds,3.5,125,BetRivers,Minnesota Timberwolves at San Antonio Spurs,3.7,82,Neutral Matchup,HIGH
De'Aaron Fox,player_rebounds,3.5,-121,BetRivers,Minnesota Timberwolves at San Antonio Spurs,3.1,63,Neutral Matchup,MEDIUM
De'Aaron Fox,player_rebounds,3.5,-112,BetRivers,Minnesota Timberwolves at San Antonio Spurs,3.4,84,Strong Matchup,HIGH
Julius Randle,player_rebounds,6.5,104,BetRivers,Minnesota Timberwolves at San Antonio Spurs,5.9,64,Strong Matchup,MEDIUM
Julius Randle,player_rebounds,6.5,-139,BetRivers,Minnesota Timberwolves at San Antonio Spurs,6.3,82,Neutral Matchup,HIGH
Jaden McDaniels,player_rebounds,4.5,-118,BetRivers,Minnesota Timberwolves at San Antonio Spurs,4.5,75,Weak Matchup,HIGH
Jaden McDaniels,player_rebounds,4.5,-115,BetRivers,Minnesota Timberwolves at San Antonio Spurs,5.0,64,Strong Matchup,MEDIUM
Victor Wembanyama,player_rebounds,12.5,-115,BetRivers,Minnesota Timberwolves at San Antonio Spurs,13.6,81,Neutral Matchup,HIGH
Victor Wembanyama,player_rebounds,12.5,-117,BetRivers,Minnesota Timberwolves at San Antonio Spurs,11.7,72,Weak Matchup,HIGH
Julian Champagnie,player_rebounds,5.5,108,BetRivers,Minnesota Timberwolves at San Antonio Spurs,5.4,49,Strong Matchup,LOW
Julian Champagnie,player_rebounds,5.5,-148,BetRivers,Minnesota Timberwolves at San Antonio Spurs,5.8,50,Strong Matchup,LOW
Jaden McDaniels,player_threes,1.5,120,BetRivers,Minnesota Timberwolves at San Antonio Spurs,1.4,66,Neutral Matchup,MEDIUM
Jaden McDaniels,player_threes,1.5,-167,BetRivers,Minnesota Timberwolves at San Antonio Spurs,1.3,65,Weak Matchup,MEDIUM
Ayo Dosunmu,player_threes,1.5,105,BetRivers,Minnesota Timberwolves at San Antonio Spurs,1.6,71,Weak Matchup,HIGH
Ayo Dosunmu,player_threes,1.5,-143,BetRivers,Minnesota Timberwolves at San Antonio Spurs,1.4,74,Neutral Matchup,HIGH
De'Aaron Fox,player_threes,1.5,-104,BetRivers,Minnesota Timberwolves at San Antonio Spurs,1.6,49,Strong Matchup,LOW
De'Aaron Fox,player_threes,1.5,-132,BetRivers,Minnesota Timberwolves at San Antonio Spurs,1.5,62,Weak Matchup,MEDIUM
Naz Reid,player_threes,1.5,-162,BetRivers,Minnesota Timberwolves at San Antonio Spurs,1.4,77,Weak Matchup,HIGH
Naz Reid,player_threes,1.5,120,BetRivers,Minnesota Timberwolves at San Antonio Spurs,1.7,67,Strong Matchup,MEDIUM
Julius Randle,player_threes,1.5,143,BetRivers,Minnesota Timberwolves at San Antonio Spurs,1.3,69,Neutral Matchup,MEDIUM
Julius Randle,player_threes,1.5,-200,BetRivers,Minnesota Timberwolves at San Antonio Spurs,1.4,45,Strong Matchup,LOW
Stephon Castle,player_threes,1.5,115,BetRivers,Minnesota Timberwolves at San Antonio Spurs,1.6,70,Weak Matchup,HIGH
Stephon Castle,player_threes,1.5,-157,BetRivers,Minnesota Timberwolves at San Antonio Spurs,1.6,46,Strong Matchup,LOW
Julian Champagnie,player_threes,2.5,148,BetRivers,Minnesota Timberwolves at San Antonio Spurs,2.2,47,Strong Matchup,LOW
Julian Champagnie,player_threes,2.5,-210,BetRivers,Minnesota Timberwolves at San Antonio Spurs,2.3,77,Strong Matchup,HIGH
Victor Wembanyama,player_threes,2.5,102,BetRivers,Minnesota Timberwolves at San Antonio Spurs,2.3,68,Neutral Matchup,MEDIUM
Victor Wembanyama,player_threes,2.5,-139,BetRivers,Minnesota Timberwolves at San Antonio Spurs,2.3,46,Weak Matchup,LOW
Devin Vassell,player_threes,2.5,140,BetRivers,Minnesota Timberwolves at San Antonio Spurs,2.3,69,Strong Matchup,MEDIUM
Devin Vassell,player_threes,2.5,-195,BetRivers,Minnesota Timberwolves at San Antonio Spurs,2.7,72,Weak Matchup,HIGH
Anthony Edwards,player_threes,2.5,104,BetRivers,Minnesota Timberwolves at San Antonio Spurs,2.4,73,Strong Matchup,HIGH
Anthony Edwards,player_threes,2.5,-141,BetRivers,Minnesota Timberwolves at San Antonio Spurs,2.5,66,Weak Matchup,MEDIUM
Jaden McDaniels,player_threes,1.5,120,BetRivers,Minnesota Timberwolves at San Antonio Spurs,1.5,75,Strong Matchup,HIGH
Jaden McDaniels,player_threes,1.5,-167,BetRivers,Minnesota Timberwolves at San Antonio Spurs,1.6,55,Weak Matchup,MEDIUM
Ayo Dosunmu,player_threes,1.5,105,BetRivers,Minnesota Timberwolves at San Antonio Spurs,1.6,62,Weak Matchup,MEDIUM
Ayo Dosunmu,player_threes,1.5,-143,BetRivers,Minnesota Timberwolves at San Antonio Spurs,1.4,63,Strong Matchup,MEDIUM
De'Aaron Fox,player_threes,1.5,-104,BetRivers,Minnesota Timberwolves at San Antonio Spurs,1.4,66,Weak Matchup,MEDIUM
De'Aaron Fox,player_threes,1.5,-132,BetRivers,Minnesota Timberwolves at San Antonio Spurs,1.3,63,Neutral Matchup,MEDIUM
Naz Reid,player_threes,1.5,-162,BetRivers,Minnesota Timberwolves at San Antonio Spurs,1.5,76,Neutral Matchup,HIGH
Naz Reid,player_threes,1.5,120,BetRivers,Minnesota Timberwolves at San Antonio Spurs,1.6,46,Weak Matchup,LOW
Julius Randle,player_threes,1.5,143,BetRivers,Minnesota Timberwolves at San Antonio Spurs,1.5,54,Strong Matchup,LOW
Julius Randle,player_threes,1.5,-200,BetRivers,Minnesota Timberwolves at San Antonio Spurs,1.6,64,Neutral Matchup,MEDIUM
Stephon Castle,player_threes,1.5,115,BetRivers,Minnesota Timberwolves at San Antonio Spurs,1.4,52,Strong Matchup,LOW
Stephon Castle,player_threes,1.5,-157,BetRivers,Minnesota Timberwolves at San Antonio Spurs,1.3,60,Strong Matchup,MEDIUM
Julian Champagnie,player_threes,2.5,148,BetRivers,Minnesota Timberwolves at San Antonio Spurs,2.3,71,Strong Matchup,HIGH
Julian Champagnie,player_threes,2.5,-210,BetRivers,Minnesota Timberwolves at San Antonio Spurs,2.9,84,Weak Matchup,HIGH
Victor Wembanyama,player_threes,2.5,102,BetRivers,Minnesota Timberwolves at San Antonio Spurs,2.8,67,Strong Matchup,MEDIUM
Victor Wembanyama,player_threes,2.5,-139,BetRivers,Minnesota Timberwolves at San Antonio Spurs,2.5,57,Weak Matchup,MEDIUM
Devin Vassell,player_threes,2.5,140,BetRivers,Minnesota Timberwolves at San Antonio Spurs,2.7,68,Weak Matchup,MEDIUM
Devin Vassell,player_threes,2.5,-195,BetRivers,Minnesota Timberwolves at San Antonio Spurs,2.5,46,Strong Matchup,LOW
Anthony Edwards,player_threes,2.5,104,BetRivers,Minnesota Timberwolves at San Antonio Spurs,2.6,77,Weak Matchup,HIGH
Anthony Edwards,player_threes,2.5,-141,BetRivers,Minnesota Timberwolves at San Antonio Spurs,2.6,72,Neutral Matchup,HIGH
Victor Wembanyama,player_assists,3.5,-105,BetMGM,Minnesota Timberwolves at San Antonio Spurs,3.3,82,Neutral Matchup,HIGH
Victor Wembanyama,player_assists,3.5,-125,BetMGM,Minnesota Timberwolves at San Antonio Spurs,3.6,77,Neutral Matchup,HIGH
Jaden McDaniels,player_assists,2.5,-105,BetMGM,Minnesota Timberwolves at San Antonio Spurs,2.1,73,Strong Matchup,HIGH
Jaden McDaniels,player_assists,2.5,-125,BetMGM,Minnesota Timberwolves at San Antonio Spurs,2.7,66,Neutral Matchup,MEDIUM
Julius Randle,player_assists,4.5,125,BetMGM,Minnesota Timberwolves at San Antonio Spurs,3.8,79,Strong Matchup,HIGH
Julius Randle,player_assists,4.5,-165,BetMGM,Minnesota Timberwolves at San Antonio Spurs,3.9,56,Weak Matchup,MEDIUM
Devin Vassell,player_assists,2.5,120,BetMGM,Minnesota Timberwolves at San Antonio Spurs,2.3,77,Neutral Matchup,HIGH
Devin Vassell,player_assists,2.5,-160,BetMGM,Minnesota Timberwolves at San Antonio Spurs,2.4,55,Weak Matchup,MEDIUM
Stephon Castle,player_assists,6.5,-130,BetMGM,Minnesota Timberwolves at San Antonio Spurs,7.3,67,Neutral Matchup,MEDIUM
Stephon Castle,player_assists,6.5,-105,BetMGM,Minnesota Timberwolves at San Antonio Spurs,5.9,74,Neutral Matchup,HIGH
Dylan Harper,player_assists,3.5,138,BetMGM,Minnesota Timberwolves at San Antonio Spurs,3.3,83,Strong Matchup,HIGH
Dylan Harper,player_assists,3.5,-185,BetMGM,Minnesota Timberwolves at San Antonio Spurs,3.8,81,Neutral Matchup,HIGH
Mike Conley,player_assists,3.5,125,BetMGM,Minnesota Timberwolves at San Antonio Spurs,3.0,57,Strong Matchup,MEDIUM
Mike Conley,player_assists,3.5,-165,BetMGM,Minnesota Timberwolves at San Antonio Spurs,3.6,45,Neutral Matchup,LOW
Rudy Gobert,player_assists,1.5,-155,BetMGM,Minnesota Timberwolves at San Antonio Spurs,1.5,53,Strong Matchup,LOW
Rudy Gobert,player_assists,1.5,115,BetMGM,Minnesota Timberwolves at San Antonio Spurs,1.7,85,Neutral Matchup,HIGH
Ayo Dosunmu,player_assists,3.5,120,BetMGM,Minnesota Timberwolves at San Antonio Spurs,3.2,75,Strong Matchup,HIGH
Ayo Dosunmu,player_assists,3.5,-160,BetMGM,Minnesota Timberwolves at San Antonio Spurs,3.8,84,Neutral Matchup,HIGH
Naz Reid,player_assists,1.5,-125,BetMGM,Minnesota Timberwolves at San Antonio Spurs,1.5,70,Strong Matchup,HIGH
Naz Reid,player_assists,1.5,-105,BetMGM,Minnesota Timberwolves at San Antonio Spurs,1.3,84,Weak Matchup,HIGH
De'Aaron Fox,player_assists,6.5,115,BetMGM,Minnesota Timberwolves at San Antonio Spurs,5.7,74,Strong Matchup,HIGH
De'Aaron Fox,player_assists,6.5,-155,BetMGM,Minnesota Timberwolves at San Antonio Spurs,6.7,52,Strong Matchup,LOW
Anthony Edwards,player_assists,3.5,130,BetMGM,Minnesota Timberwolves at San Antonio Spurs,3.3,57,Weak Matchup,MEDIUM
Anthony Edwards,player_assists,3.5,-175,BetMGM,Minnesota Timberwolves at San Antonio Spurs,3.9,58,Neutral Matchup,MEDIUM
Julian Champagnie,player_assists,1.5,130,BetMGM,Minnesota Timberwolves at San Antonio Spurs,1.6,53,Neutral Matchup,LOW
Julian Champagnie,player_assists,1.5,-175,BetMGM,Minnesota Timberwolves at San Antonio Spurs,1.7,74,Neutral Matchup,HIGH
Anthony Edwards,player_blocks,0.5,-145,BetMGM,Minnesota Timberwolves at San Antonio Spurs,0.5,78,Strong Matchup,HIGH
Anthony Edwards,player_blocks,0.5,105,BetMGM,Minnesota Timberwolves at San Antonio Spurs,0.5,82,Neutral Matchup,HIGH
Stephon Castle,player_blocks,0.5,290,BetMGM,Minnesota Timberwolves at San Antonio Spurs,0.5,53,Strong Matchup,LOW
Stephon Castle,player_blocks,0.5,-450,BetMGM,Minnesota Timberwolves at San Antonio Spurs,0.4,85,Weak Matchup,HIGH
Julian Champagnie,player_blocks,0.5,195,BetMGM,Minnesota Timberwolves at San Antonio Spurs,0.5,68,Strong Matchup,MEDIUM
Julian Champagnie,player_blocks,0.5,-285,BetMGM,Minnesota Timberwolves at San Antonio Spurs,0.4,75,Strong Matchup,HIGH
Jaden McDaniels,player_blocks,0.5,-190,BetMGM,Minnesota Timberwolves at San Antonio Spurs,0.6,81,Neutral Matchup,HIGH
Jaden McDaniels,player_blocks,0.5,135,BetMGM,Minnesota Timberwolves at San Antonio Spurs,0.5,69,Weak Matchup,MEDIUM
Victor Wembanyama,player_blocks,4.5,100,BetMGM,Minnesota Timberwolves at San Antonio Spurs,4.7,75,Weak Matchup,HIGH
Victor Wembanyama,player_blocks,4.5,-140,BetMGM,Minnesota Timberwolves at San Antonio Spurs,4.0,72,Strong Matchup,HIGH
Julius Randle,player_blocks,0.5,250,BetMGM,Minnesota Timberwolves at San Antonio Spurs,0.5,45,Neutral Matchup,LOW
Julius Randle,player_blocks,0.5,-375,BetMGM,Minnesota Timberwolves at San Antonio Spurs,0.5,72,Strong Matchup,HIGH
De'Aaron Fox,player_blocks,0.5,325,BetMGM,Minnesota Timberwolves at San Antonio Spurs,0.5,82,Strong Matchup,HIGH
De'Aaron Fox,player_blocks,0.5,-550,BetMGM,Minnesota Timberwolves at San Antonio Spurs,0.5,59,Strong Matchup,MEDIUM
Mike Conley,player_blocks,0.5,360,BetMGM,Minnesota Timberwolves at San Antonio Spurs,0.5,78,Weak Matchup,HIGH
Mike Conley,player_blocks,0.5,-625,BetMGM,Minnesota Timberwolves at San Antonio Spurs,0.4,58,Strong Matchup,MEDIUM
Devin Vassell,player_blocks,0.5,110,BetMGM,Minnesota Timberwolves at San Antonio Spurs,0.5,63,Weak Matchup,MEDIUM
Devin Vassell,player_blocks,0.5,-155,BetMGM,Minnesota Timberwolves at San Antonio Spurs,0.5,77,Strong Matchup,HIGH
Rudy Gobert,player_blocks,1.5,130,BetMGM,Minnesota Timberwolves at San Antonio Spurs,1.5,59,Weak Matchup,MEDIUM
Rudy Gobert,player_blocks,1.5,-185,BetMGM,Minnesota Timberwolves at San Antonio Spurs,1.6,71,Neutral Matchup,HIGH
Victor Wembanyama,player_points,27.5,-115,BetMGM,Minnesota Timberwolves at San Antonio Spurs,30.1,65,Weak Matchup,MEDIUM
Victor Wembanyama,player_points,27.5,-115,BetMGM,Minnesota Timberwolves at San Antonio Spurs,24.7,85,Neutral Matchup,HIGH
Julian Champagnie,player_points,8.5,-130,BetMGM,Minnesota Timberwolves at San Antonio Spurs,7.7,84,Weak Matchup,HIGH
Julian Champagnie,player_points,8.5,-105,BetMGM,Minnesota Timberwolves at San Antonio Spurs,8.9,79,Strong Matchup,HIGH
Devin Vassell,player_points,12.5,-120,BetMGM,Minnesota Timberwolves at San Antonio Spurs,14.2,59,Neutral Matchup,MEDIUM
Devin Vassell,player_points,12.5,-111,BetMGM,Minnesota Timberwolves at San Antonio Spurs,10.8,64,Neutral Matchup,MEDIUM
Dylan Harper,player_points,10.5,-140,BetMGM,Minnesota Timberwolves at San Antonio Spurs,11.1,50,Weak Matchup,LOW
Dylan Harper,player_points,10.5,105,BetMGM,Minnesota Timberwolves at San Antonio Spurs,10.3,81,Strong Matchup,HIGH
Rudy Gobert,player_points,8.5,105,BetMGM,Minnesota Timberwolves at San Antonio Spurs,9.2,71,Neutral Matchup,HIGH
Rudy Gobert,player_points,8.5,-140,BetMGM,Minnesota Timberwolves at San Antonio Spurs,7.4,47,Strong Matchup,LOW
Mike Conley,player_points,4.5,-120,BetMGM,Minnesota Timberwolves at San Antonio Spurs,4.5,79,Strong Matchup,HIGH
Mike Conley,player_points,4.5,-110,BetMGM,Minnesota Timberwolves at San Antonio Spurs,4.0,81,Weak Matchup,HIGH
Jaden McDaniels,player_points,14.5,-105,BetMGM,Minnesota Timberwolves at San Antonio Spurs,15.4,63,Weak Matchup,MEDIUM
Jaden McDaniels,player_points,14.5,-125,BetMGM,Minnesota Timberwolves at San Antonio Spurs,15.4,55,Strong Matchup,MEDIUM
De'Aaron Fox,player_points,17.5,-120,BetMGM,Minnesota Timberwolves at San Antonio Spurs,15.9,78,Strong Matchup,HIGH
De'Aaron Fox,player_points,17.5,-110,BetMGM,Minnesota Timberwolves at San Antonio Spurs,16.6,51,Strong Matchup,LOW
Stephon Castle,player_points,17.5,-105,BetMGM,Minnesota Timberwolves at San Antonio Spurs,16.3,51,Neutral Matchup,LOW
Stephon Castle,player_points,17.5,-125,BetMGM,Minnesota Timberwolves at San Antonio Spurs,15.4,65,Weak Matchup,MEDIUM
Naz Reid,player_points,11.5,-120,BetMGM,Minnesota Timberwolves at San Antonio Spurs,10.7,71,Strong Matchup,HIGH
Naz Reid,player_points,11.5,-110,BetMGM,Minnesota Timberwolves at San Antonio Spurs,10.6,81,Neutral Matchup,HIGH
Luke Kornet,player_points,3.5,-120,BetMGM,Minnesota Timberwolves at San Antonio Spurs,3.5,69,Weak Matchup,MEDIUM
Luke Kornet,player_points,3.5,-111,BetMGM,Minnesota Timberwolves at San Antonio Spurs,3.5,70,Weak Matchup,HIGH
Ayo Dosunmu,player_points,11.5,-115,BetMGM,Minnesota Timberwolves at San Antonio Spurs,10.2,55,Neutral Matchup,MEDIUM
Ayo Dosunmu,player_points,11.5,-115,BetMGM,Minnesota Timberwolves at San Antonio Spurs,12.9,60,Weak Matchup,MEDIUM
Keldon Johnson,player_points,9.5,-105,BetMGM,Minnesota Timberwolves at San Antonio Spurs,9.1,58,Strong Matchup,MEDIUM
Keldon Johnson,player_points,9.5,-125,BetMGM,Minnesota Timberwolves at San Antonio Spurs,10.3,70,Weak Matchup,HIGH
Anthony Edwards,player_points,21.5,-111,BetMGM,Minnesota Timberwolves at San Antonio Spurs,19.3,70,Strong Matchup,HIGH
Anthony Edwards,player_points,21.5,-118,BetMGM,Minnesota Timberwolves at San Antonio Spurs,20.2,80,Weak Matchup,HIGH
Julius Randle,player_points,17.5,-120,BetMGM,Minnesota Timberwolves at San Antonio Spurs,18.0,77,Weak Matchup,HIGH
Julius Randle,player_points,17.5,-110,BetMGM,Minnesota Timberwolves at San Antonio Spurs,19.0,51,Strong Matchup,LOW
Victor Wembanyama,player_rebounds,12.5,-125,BetMGM,Minnesota Timberwolves at San Antonio Spurs,12.7,60,Strong Matchup,MEDIUM
Victor Wembanyama,player_rebounds,12.5,-105,BetMGM,Minnesota Timberwolves at San Antonio Spurs,14.0,70,Strong Matchup,HIGH
De'Aaron Fox,player_rebounds,3.5,-120,BetMGM,Minnesota Timberwolves at San Antonio Spurs,4.0,75,Neutral Matchup,HIGH
De'Aaron Fox,player_rebounds,3.5,-110,BetMGM,Minnesota Timberwolves at San Antonio Spurs,3.5,85,Weak Matchup,HIGH
Devin Vassell,player_rebounds,4.5,115,BetMGM,Minnesota Timberwolves at San Antonio Spurs,5.0,65,Strong Matchup,MEDIUM
Devin Vassell,player_rebounds,4.5,-155,BetMGM,Minnesota Timberwolves at San Antonio Spurs,4.3,77,Weak Matchup,HIGH
Julius Randle,player_rebounds,6.5,-105,BetMGM,Minnesota Timberwolves at San Antonio Spurs,7.3,63,Strong Matchup,MEDIUM
Julius Randle,player_rebounds,6.5,-125,BetMGM,Minnesota Timberwolves at San Antonio Spurs,6.1,52,Weak Matchup,LOW
Jaden McDaniels,player_rebounds,4.5,-115,BetMGM,Minnesota Timberwolves at San Antonio Spurs,4.0,82,Neutral Matchup,HIGH
Jaden McDaniels,player_rebounds,4.5,-115,BetMGM,Minnesota Timberwolves at San Antonio Spurs,4.0,71,Neutral Matchup,HIGH
Dylan Harper,player_rebounds,3.5,105,BetMGM,Minnesota Timberwolves at San Antonio Spurs,3.4,46,Strong Matchup,LOW
Dylan Harper,player_rebounds,3.5,-140,BetMGM,Minnesota Timberwolves at San Antonio Spurs,3.2,55,Weak Matchup,MEDIUM
Stephon Castle,player_rebounds,5.5,105,BetMGM,Minnesota Timberwolves at San Antonio Spurs,5.3,50,Weak Matchup,LOW
Stephon Castle,player_rebounds,5.5,-140,BetMGM,Minnesota Timberwolves at San Antonio Spurs,5.9,62,Strong Matchup,MEDIUM
Julian Champagnie,player_rebounds,5.5,100,BetMGM,Minnesota Timberwolves at San Antonio Spurs,5.1,47,Strong Matchup,LOW
Julian Champagnie,player_rebounds,5.5,-135,BetMGM,Minnesota Timberwolves at San Antonio Spurs,5.6,48,Neutral Matchup,LOW
Keldon Johnson,player_rebounds,3.5,-140,BetMGM,Minnesota Timberwolves at San Antonio Spurs,3.5,61,Neutral Matchup,MEDIUM
Keldon Johnson,player_rebounds,3.5,105,BetMGM,Minnesota Timberwolves at San Antonio Spurs,3.7,79,Neutral Matchup,HIGH
Luke Kornet,player_rebounds,3.5,115,BetMGM,Minnesota Timberwolves at San Antonio Spurs,3.8,53,Weak Matchup,LOW
Luke Kornet,player_rebounds,3.5,-155,BetMGM,Minnesota Timberwolves at San Antonio Spurs,3.6,61,Strong Matchup,MEDIUM
Ayo Dosunmu,player_rebounds,2.5,-160,BetMGM,Minnesota Timberwolves at San Antonio Spurs,2.3,46,Weak Matchup,LOW
Ayo Dosunmu,player_rebounds,2.5,120,BetMGM,Minnesota Timberwolves at San Antonio Spurs,2.5,73,Neutral Matchup,HIGH
Anthony Edwards,player_rebounds,4.5,105,BetMGM,Minnesota Timberwolves at San Antonio Spurs,4.4,79,Weak Matchup,HIGH
Anthony Edwards,player_rebounds,4.5,-140,BetMGM,Minnesota Timberwolves at San Antonio Spurs,5.0,72,Neutral Matchup,HIGH
Naz Reid,player_rebounds,5.5,-150,BetMGM,Minnesota Timberwolves at San Antonio Spurs,5.0,64,Weak Matchup,MEDIUM
Naz Reid,player_rebounds,5.5,110,BetMGM,Minnesota Timberwolves at San Antonio Spurs,5.7,61,Neutral Matchup,MEDIUM
Rudy Gobert,player_rebounds,11.5,105,BetMGM,Minnesota Timberwolves at San Antonio Spurs,12.3,61,Weak Matchup,MEDIUM
Rudy Gobert,player_rebounds,11.5,-140,BetMGM,Minnesota Timberwolves at San Antonio Spurs,12.0,82,Neutral Matchup,HIGH
Mike Conley,player_rebounds,1.5,-185,BetMGM,Minnesota Timberwolves at San Antonio Spurs,1.7,55,Strong Matchup,MEDIUM
Mike Conley,player_rebounds,1.5,135,BetMGM,Minnesota Timberwolves at San Antonio Spurs,1.5,75,Strong Matchup,HIGH
De'Aaron Fox,player_threes,1.5,-105,BetMGM,Minnesota Timberwolves at San Antonio Spurs,1.4,59,Strong Matchup,MEDIUM
De'Aaron Fox,player_threes,1.5,-125,BetMGM,Minnesota Timberwolves at San Antonio Spurs,1.3,55,Strong Matchup,MEDIUM
Victor Wembanyama,player_threes,2.5,110,BetMGM,Minnesota Timberwolves at San Antonio Spurs,2.8,73,Weak Matchup,HIGH
Victor Wembanyama,player_threes,2.5,-150,BetMGM,Minnesota Timberwolves at San Antonio Spurs,2.2,83,Neutral Matchup,HIGH
Devin Vassell,player_threes,2.5,130,BetMGM,Minnesota Timberwolves at San Antonio Spurs,2.5,74,Neutral Matchup,HIGH
Devin Vassell,player_threes,2.5,-175,BetMGM,Minnesota Timberwolves at San Antonio Spurs,2.7,85,Strong Matchup,HIGH
Jaden McDaniels,player_threes,1.5,145,BetMGM,Minnesota Timberwolves at San Antonio Spurs,1.5,55,Strong Matchup,MEDIUM
Jaden McDaniels,player_threes,1.5,-200,BetMGM,Minnesota Timberwolves at San Antonio Spurs,1.7,82,Neutral Matchup,HIGH
Stephon Castle,player_threes,1.5,125,BetMGM,Minnesota Timberwolves at San Antonio Spurs,1.4,58,Neutral Matchup,MEDIUM
Stephon Castle,player_threes,1.5,-165,BetMGM,Minnesota Timberwolves at San Antonio Spurs,1.7,49,Strong Matchup,LOW
Anthony Edwards,player_threes,2.5,-115,BetMGM,Minnesota Timberwolves at San Antonio Spurs,2.6,60,Neutral Matchup,MEDIUM
Anthony Edwards,player_threes,2.5,-115,BetMGM,Minnesota Timberwolves at San Antonio Spurs,2.1,45,Strong Matchup,LOW
Julian Champagnie,player_threes,1.5,-165,BetMGM,Minnesota Timberwolves at San Antonio Spurs,1.5,63,Strong Matchup,MEDIUM
Julian Champagnie,player_threes,1.5,125,BetMGM,Minnesota Timberwolves at San Antonio Spurs,1.3,85,Strong Matchup,HIGH
Naz Reid,player_threes,1.5,-125,BetMGM,Minnesota Timberwolves at San Antonio Spurs,1.3,72,Neutral Matchup,HIGH
Naz Reid,player_threes,1.5,-105,BetMGM,Minnesota Timberwolves at San Antonio Spurs,1.6,50,Neutral Matchup,LOW
Julius Randle,player_threes,1.5,130,BetMGM,Minnesota Timberwolves at San Antonio Spurs,1.4,61,Neutral Matchup,MEDIUM
Julius Randle,player_threes,1.5,-175,BetMGM,Minnesota Timberwolves at San Antonio Spurs,1.6,50,Strong Matchup,LOW
Mike Conley,player_threes,1.5,150,BetMGM,Minnesota Timberwolves at San Antonio Spurs,1.6,49,Strong Matchup,LOW
Mike Conley,player_threes,1.5,-200,BetMGM,Minnesota Timberwolves at San Antonio Spurs,1.6,57,Neutral Matchup,MEDIUM
Ayo Dosunmu,player_threes,1.5,125,BetMGM,Minnesota Timberwolves at San Antonio Spurs,1.5,51,Weak Matchup,LOW
Ayo Dosunmu,player_threes,1.5,-165,BetMGM,Minnesota Timberwolves at San Antonio Spurs,1.6,45,Neutral Matchup,LOW
Anthony Edwards,player_assists,2.5,-170,Bovada,Minnesota Timberwolves at San Antonio Spurs,2.3,83,Strong Matchup,HIGH
Anthony Edwards,player_assists,2.5,130,Bovada,Minnesota Timberwolves at San Antonio Spurs,2.3,83,Strong Matchup,HIGH
Anthony Edwards,player_assists,3.5,140,Bovada,Minnesota Timberwolves at San Antonio Spurs,3.6,70,Weak Matchup,HIGH
Anthony Edwards,player_assists,3.5,-185,Bovada,Minnesota Timberwolves at San Antonio Spurs,3.1,72,Strong Matchup,HIGH
Ayo Dosunmu,player_assists,2.5,-185,Bovada,Minnesota Timberwolves at San Antonio Spurs,2.5,49,Weak Matchup,LOW
Ayo Dosunmu,player_assists,2.5,140,Bovada,Minnesota Timberwolves at San Antonio Spurs,2.7,63,Strong Matchup,MEDIUM
Ayo Dosunmu,player_assists,3.5,130,Bovada,Minnesota Timberwolves at San Antonio Spurs,3.2,63,Neutral Matchup,MEDIUM
Ayo Dosunmu,player_assists,3.5,-170,Bovada,Minnesota Timberwolves at San Antonio Spurs,3.9,56,Strong Matchup,MEDIUM
De'Aaron Fox,player_assists,5.5,-150,Bovada,Minnesota Timberwolves at San Antonio Spurs,5.3,79,Neutral Matchup,HIGH
De'Aaron Fox,player_assists,5.5,115,Bovada,Minnesota Timberwolves at San Antonio Spurs,4.8,68,Strong Matchup,MEDIUM
De'Aaron Fox,player_assists,6.5,125,Bovada,Minnesota Timberwolves at San Antonio Spurs,5.8,51,Neutral Matchup,LOW
De'Aaron Fox,player_assists,6.5,-165,Bovada,Minnesota Timberwolves at San Antonio Spurs,6.3,67,Neutral Matchup,MEDIUM
Devin Vassell,player_assists,1.5,-240,Bovada,Minnesota Timberwolves at San Antonio Spurs,1.5,85,Weak Matchup,HIGH
Devin Vassell,player_assists,1.5,175,Bovada,Minnesota Timberwolves at San Antonio Spurs,1.3,56,Weak Matchup,MEDIUM
Devin Vassell,player_assists,2.5,125,Bovada,Minnesota Timberwolves at San Antonio Spurs,2.6,75,Neutral Matchup,HIGH
Devin Vassell,player_assists,2.5,-165,Bovada,Minnesota Timberwolves at San Antonio Spurs,2.7,57,Weak Matchup,MEDIUM
Dylan Harper,player_assists,2.5,-200,Bovada,Minnesota Timberwolves at San Antonio Spurs,2.6,49,Neutral Matchup,LOW
Dylan Harper,player_assists,2.5,150,Bovada,Minnesota Timberwolves at San Antonio Spurs,2.8,55,Weak Matchup,MEDIUM
Dylan Harper,player_assists,3.5,125,Bovada,Minnesota Timberwolves at San Antonio Spurs,3.5,45,Strong Matchup,LOW
Dylan Harper,player_assists,3.5,-165,Bovada,Minnesota Timberwolves at San Antonio Spurs,4.0,58,Weak Matchup,MEDIUM
Jaden McDaniels,player_assists,1.5,-290,Bovada,Minnesota Timberwolves at San Antonio Spurs,1.7,46,Weak Matchup,LOW
Jaden McDaniels,player_assists,1.5,210,Bovada,Minnesota Timberwolves at San Antonio Spurs,1.4,54,Neutral Matchup,LOW
Jaden McDaniels,player_assists,2.5,105,Bovada,Minnesota Timberwolves at San Antonio Spurs,2.9,64,Neutral Matchup,MEDIUM
Jaden McDaniels,player_assists,2.5,-135,Bovada,Minnesota Timberwolves at San Antonio Spurs,2.8,66,Strong Matchup,MEDIUM
Julian Champagnie,player_assists,0.5,-260,Bovada,Minnesota Timberwolves at San Antonio Spurs,0.6,80,Neutral Matchup,HIGH
Julian Champagnie,player_assists,0.5,190,Bovada,Minnesota Timberwolves at San Antonio Spurs,0.4,81,Neutral Matchup,HIGH
Julian Champagnie,player_assists,1.5,170,Bovada,Minnesota Timberwolves at San Antonio Spurs,1.4,68,Strong Matchup,MEDIUM
Julian Champagnie,player_assists,1.5,-230,Bovada,Minnesota Timberwolves at San Antonio Spurs,1.5,81,Neutral Matchup,HIGH
Julius Randle,player_assists,3.5,-180,Bovada,Minnesota Timberwolves at San Antonio Spurs,3.0,57,Weak Matchup,MEDIUM
Julius Randle,player_assists,3.5,135,Bovada,Minnesota Timberwolves at San Antonio Spurs,3.5,53,Weak Matchup,LOW
Julius Randle,player_assists,4.5,120,Bovada,Minnesota Timberwolves at San Antonio Spurs,4.8,76,Strong Matchup,HIGH
Julius Randle,player_assists,4.5,-160,Bovada,Minnesota Timberwolves at San Antonio Spurs,4.6,76,Strong Matchup,HIGH
Mike Conley,player_assists,2.5,-165,Bovada,Minnesota Timberwolves at San Antonio Spurs,2.3,68,Weak Matchup,MEDIUM
Mike Conley,player_assists,2.5,125,Bovada,Minnesota Timberwolves at San Antonio Spurs,2.8,68,Weak Matchup,MEDIUM
Mike Conley,player_assists,3.5,145,Bovada,Minnesota Timberwolves at San Antonio Spurs,3.7,80,Strong Matchup,HIGH
Mike Conley,player_assists,3.5,-190,Bovada,Minnesota Timberwolves at San Antonio Spurs,3.9,81,Neutral Matchup,HIGH
Naz Reid,player_assists,1.5,-130,Bovada,Minnesota Timberwolves at San Antonio Spurs,1.5,58,Weak Matchup,MEDIUM
Naz Reid,player_assists,1.5,100,Bovada,Minnesota Timberwolves at San Antonio Spurs,1.3,53,Neutral Matchup,LOW
Rudy Gobert,player_assists,1.5,-135,Bovada,Minnesota Timberwolves at San Antonio Spurs,1.6,78,Weak Matchup,HIGH
Rudy Gobert,player_assists,1.5,105,Bovada,Minnesota Timberwolves at San Antonio Spurs,1.4,60,Strong Matchup,MEDIUM
Stephon Castle,player_assists,5.5,-230,Bovada,Minnesota Timberwolves at San Antonio Spurs,4.9,71,Strong Matchup,HIGH
Stephon Castle,player_assists,5.5,170,Bovada,Minnesota Timberwolves at San Antonio Spurs,4.7,61,Weak Matchup,MEDIUM
Stephon Castle,player_assists,6.5,-120,Bovada,Minnesota Timberwolves at San Antonio Spurs,6.9,67,Neutral Matchup,MEDIUM
Stephon Castle,player_assists,6.5,-110,Bovada,Minnesota Timberwolves at San Antonio Spurs,5.9,74,Strong Matchup,HIGH
Stephon Castle,player_assists,7.5,150,Bovada,Minnesota Timberwolves at San Antonio Spurs,7.5,45,Strong Matchup,LOW
Stephon Castle,player_assists,7.5,-200,Bovada,Minnesota Timberwolves at San Antonio Spurs,6.6,81,Strong Matchup,HIGH
Victor Wembanyama,player_assists,2.5,-260,Bovada,Minnesota Timberwolves at San Antonio Spurs,2.7,72,Strong Matchup,HIGH
Victor Wembanyama,player_assists,2.5,190,Bovada,Minnesota Timberwolves at San Antonio Spurs,2.2,45,Weak Matchup,LOW
Victor Wembanyama,player_assists,3.5,-105,Bovada,Minnesota Timberwolves at San Antonio Spurs,3.2,80,Strong Matchup,HIGH
Victor Wembanyama,player_assists,3.5,-125,Bovada,Minnesota Timberwolves at San Antonio Spurs,3.3,72,Strong Matchup,HIGH
Victor Wembanyama,player_assists,4.5,205,Bovada,Minnesota Timberwolves at San Antonio Spurs,4.6,70,Weak Matchup,HIGH
Victor Wembanyama,player_assists,4.5,-280,Bovada,Minnesota Timberwolves at San Antonio Spurs,4.8,79,Neutral Matchup,HIGH
Jaden McDaniels,player_blocks,0.5,-170,Bovada,Minnesota Timberwolves at San Antonio Spurs,0.4,45,Neutral Matchup,LOW
Jaden McDaniels,player_blocks,0.5,130,Bovada,Minnesota Timberwolves at San Antonio Spurs,0.6,52,Strong Matchup,LOW
Rudy Gobert,player_blocks,1.5,115,Bovada,Minnesota Timberwolves at San Antonio Spurs,1.5,49,Neutral Matchup,LOW
Rudy Gobert,player_blocks,1.5,-150,Bovada,Minnesota Timberwolves at San Antonio Spurs,1.5,52,Neutral Matchup,LOW
Victor Wembanyama,player_blocks,3.5,-180,Bovada,Minnesota Timberwolves at San Antonio Spurs,3.1,72,Neutral Matchup,HIGH
Victor Wembanyama,player_blocks,3.5,135,Bovada,Minnesota Timberwolves at San Antonio Spurs,3.6,46,Weak Matchup,LOW
Victor Wembanyama,player_blocks,4.5,120,Bovada,Minnesota Timberwolves at San Antonio Spurs,3.8,82,Neutral Matchup,HIGH
Victor Wembanyama,player_blocks,4.5,-160,Bovada,Minnesota Timberwolves at San Antonio Spurs,4.8,75,Strong Matchup,HIGH
Anthony Edwards,player_points,17.5,-245,Bovada,Minnesota Timberwolves at San Antonio Spurs,16.5,70,Weak Matchup,HIGH
Anthony Edwards,player_points,17.5,180,Bovada,Minnesota Timberwolves at San Antonio Spurs,18.1,65,Neutral Matchup,MEDIUM
Anthony Edwards,player_points,18.5,-190,Bovada,Minnesota Timberwolves at San Antonio Spurs,16.9,76,Strong Matchup,HIGH
Anthony Edwards,player_points,18.5,145,Bovada,Minnesota Timberwolves at San Antonio Spurs,17.3,70,Weak Matchup,HIGH
Anthony Edwards,player_points,19.5,-150,Bovada,Minnesota Timberwolves at San Antonio Spurs,21.9,53,Strong Matchup,LOW
Anthony Edwards,player_points,19.5,115,Bovada,Minnesota Timberwolves at San Antonio Spurs,21.4,70,Strong Matchup,HIGH
Anthony Edwards,player_points,20.5,-120,Bovada,Minnesota Timberwolves at San Antonio Spurs,21.4,63,Weak Matchup,MEDIUM
Anthony Edwards,player_points,20.5,-110,Bovada,Minnesota Timberwolves at San Antonio Spurs,19.8,61,Strong Matchup,MEDIUM
Anthony Edwards,player_points,21.5,105,Bovada,Minnesota Timberwolves at San Antonio Spurs,23.7,50,Weak Matchup,LOW
Anthony Edwards,player_points,21.5,-135,Bovada,Minnesota Timberwolves at San Antonio Spurs,23.6,72,Strong Matchup,HIGH
Anthony Edwards,player_points,22.5,130,Bovada,Minnesota Timberwolves at San Antonio Spurs,19.2,84,Weak Matchup,HIGH
Anthony Edwards,player_points,22.5,-170,Bovada,Minnesota Timberwolves at San Antonio Spurs,23.7,60,Weak Matchup,MEDIUM
Anthony Edwards,player_points,23.5,155,Bovada,Minnesota Timberwolves at San Antonio Spurs,22.1,84,Neutral Matchup,HIGH
Anthony Edwards,player_points,23.5,-210,Bovada,Minnesota Timberwolves at San Antonio Spurs,21.4,62,Weak Matchup,MEDIUM
Anthony Edwards,player_points,24.5,190,Bovada,Minnesota Timberwolves at San Antonio Spurs,21.5,69,Strong Matchup,MEDIUM
Anthony Edwards,player_points,24.5,-260,Bovada,Minnesota Timberwolves at San Antonio Spurs,21.1,65,Strong Matchup,MEDIUM
Ayo Dosunmu,player_points,8.5,-245,Bovada,Minnesota Timberwolves at San Antonio Spurs,8.6,46,Neutral Matchup,LOW
Ayo Dosunmu,player_points,8.5,180,Bovada,Minnesota Timberwolves at San Antonio Spurs,7.6,67,Neutral Matchup,MEDIUM
Ayo Dosunmu,player_points,9.5,-170,Bovada,Minnesota Timberwolves at San Antonio Spurs,10.1,72,Strong Matchup,HIGH
Ayo Dosunmu,player_points,9.5,130,Bovada,Minnesota Timberwolves at San Antonio Spurs,8.2,45,Strong Matchup,LOW
Ayo Dosunmu,player_points,10.5,-125,Bovada,Minnesota Timberwolves at San Antonio Spurs,9.4,69,Weak Matchup,MEDIUM
Ayo Dosunmu,player_points,10.5,-105,Bovada,Minnesota Timberwolves at San Antonio Spurs,9.8,79,Weak Matchup,HIGH
Ayo Dosunmu,player_points,11.5,105,Bovada,Minnesota Timberwolves at San Antonio Spurs,11.4,64,Neutral Matchup,MEDIUM
Ayo Dosunmu,player_points,11.5,-135,Bovada,Minnesota Timberwolves at San Antonio Spurs,10.6,72,Neutral Matchup,HIGH
Ayo Dosunmu,player_points,12.5,140,Bovada,Minnesota Timberwolves at San Antonio Spurs,12.0,49,Neutral Matchup,LOW
Ayo Dosunmu,player_points,12.5,-185,Bovada,Minnesota Timberwolves at San Antonio Spurs,12.1,81,Strong Matchup,HIGH
Ayo Dosunmu,player_points,13.5,180,Bovada,Minnesota Timberwolves at San Antonio Spurs,12.4,85,Neutral Matchup,HIGH
Ayo Dosunmu,player_points,13.5,-245,Bovada,Minnesota Timberwolves at San Antonio Spurs,13.9,68,Strong Matchup,MEDIUM
De'Aaron Fox,player_points,14.5,-240,Bovada,Minnesota Timberwolves at San Antonio Spurs,14.1,50,Weak Matchup,LOW
De'Aaron Fox,player_points,14.5,175,Bovada,Minnesota Timberwolves at San Antonio Spurs,16.1,45,Neutral Matchup,LOW
De'Aaron Fox,player_points,15.5,-180,Bovada,Minnesota Timberwolves at San Antonio Spurs,17.7,54,Neutral Matchup,LOW
De'Aaron Fox,player_points,15.5,135,Bovada,Minnesota Timberwolves at San Antonio Spurs,14.6,47,Weak Matchup,LOW
De'Aaron Fox,player_points,16.5,-135,Bovada,Minnesota Timberwolves at San Antonio Spurs,15.8,69,Neutral Matchup,MEDIUM
De'Aaron Fox,player_points,16.5,105,Bovada,Minnesota Timberwolves at San Antonio Spurs,15.4,74,Weak Matchup,HIGH
De'Aaron Fox,player_points,17.5,-110,Bovada,Minnesota Timberwolves at San Antonio Spurs,17.8,67,Neutral Matchup,MEDIUM
De'Aaron Fox,player_points,17.5,-120,Bovada,Minnesota Timberwolves at San Antonio Spurs,16.9,67,Weak Matchup,MEDIUM
De'Aaron Fox,player_points,18.5,115,Bovada,Minnesota Timberwolves at San Antonio Spurs,19.1,69,Weak Matchup,MEDIUM
De'Aaron Fox,player_points,18.5,-150,Bovada,Minnesota Timberwolves at San Antonio Spurs,17.3,45,Strong Matchup,LOW
De'Aaron Fox,player_points,19.5,145,Bovada,Minnesota Timberwolves at San Antonio Spurs,17.4,76,Weak Matchup,HIGH
De'Aaron Fox,player_points,19.5,-190,Bovada,Minnesota Timberwolves at San Antonio Spurs,21.7,73,Weak Matchup,HIGH
De'Aaron Fox,player_points,20.5,175,Bovada,Minnesota Timberwolves at San Antonio Spurs,23.0,68,Neutral Matchup,MEDIUM
De'Aaron Fox,player_points,20.5,-240,Bovada,Minnesota Timberwolves at San Antonio Spurs,21.8,83,Neutral Matchup,HIGH
Devin Vassell,player_points,10.5,-220,Bovada,Minnesota Timberwolves at San Antonio Spurs,10.2,85,Weak Matchup,HIGH
Devin Vassell,player_points,10.5,165,Bovada,Minnesota Timberwolves at San Antonio Spurs,11.8,75,Neutral Matchup,HIGH
Devin Vassell,player_points,11.5,-160,Bovada,Minnesota Timberwolves at San Antonio Spurs,12.8,59,Strong Matchup,MEDIUM
Devin Vassell,player_points,11.5,120,Bovada,Minnesota Timberwolves at San Antonio Spurs,10.9,45,Strong Matchup,LOW
Devin Vassell,player_points,12.5,-120,Bovada,Minnesota Timberwolves at San Antonio Spurs,12.8,60,Weak Matchup,MEDIUM
Devin Vassell,player_points,12.5,-110,Bovada,Minnesota Timberwolves at San Antonio Spurs,12.5,54,Strong Matchup,LOW
Devin Vassell,player_points,13.5,110,Bovada,Minnesota Timberwolves at San Antonio Spurs,12.6,74,Neutral Matchup,HIGH
Devin Vassell,player_points,13.5,-145,Bovada,Minnesota Timberwolves at San Antonio Spurs,13.8,50,Neutral Matchup,LOW
Devin Vassell,player_points,14.5,140,Bovada,Minnesota Timberwolves at San Antonio Spurs,16.3,79,Weak Matchup,HIGH
Devin Vassell,player_points,14.5,-185,Bovada,Minnesota Timberwolves at San Antonio Spurs,15.6,58,Neutral Matchup,MEDIUM
Devin Vassell,player_points,15.5,180,Bovada,Minnesota Timberwolves at San Antonio Spurs,13.5,70,Strong Matchup,HIGH
Devin Vassell,player_points,15.5,-245,Bovada,Minnesota Timberwolves at San Antonio Spurs,17.4,84,Neutral Matchup,HIGH
Dylan Harper,player_points,9.5,-215,Bovada,Minnesota Timberwolves at San Antonio Spurs,10.2,75,Neutral Matchup,HIGH
Dylan Harper,player_points,9.5,160,Bovada,Minnesota Timberwolves at San Antonio Spurs,9.7,53,Neutral Matchup,LOW
Dylan Harper,player_points,10.5,-150,Bovada,Minnesota Timberwolves at San Antonio Spurs,11.7,58,Strong Matchup,MEDIUM
Dylan Harper,player_points,10.5,115,Bovada,Minnesota Timberwolves at San Antonio Spurs,9.2,66,Strong Matchup,MEDIUM
Dylan Harper,player_points,11.5,-115,Bovada,Minnesota Timberwolves at San Antonio Spurs,12.0,83,Weak Matchup,HIGH
Dylan Harper,player_points,11.5,-115,Bovada,Minnesota Timberwolves at San Antonio Spurs,12.1,77,Strong Matchup,HIGH
Dylan Harper,player_points,12.5,115,Bovada,Minnesota Timberwolves at San Antonio Spurs,12.9,55,Weak Matchup,MEDIUM
Dylan Harper,player_points,12.5,-150,Bovada,Minnesota Timberwolves at San Antonio Spurs,10.6,71,Weak Matchup,HIGH
Dylan Harper,player_points,13.5,150,Bovada,Minnesota Timberwolves at San Antonio Spurs,14.0,67,Weak Matchup,MEDIUM
Dylan Harper,player_points,13.5,-200,Bovada,Minnesota Timberwolves at San Antonio Spurs,15.1,81,Strong Matchup,HIGH
Dylan Harper,player_points,14.5,190,Bovada,Minnesota Timberwolves at San Antonio Spurs,12.9,55,Neutral Matchup,MEDIUM
Dylan Harper,player_points,14.5,-260,Bovada,Minnesota Timberwolves at San Antonio Spurs,16.1,48,Neutral Matchup,LOW
Jaden McDaniels,player_points,11.5,-240,Bovada,Minnesota Timberwolves at San Antonio Spurs,12.0,71,Weak Matchup,HIGH
Jaden McDaniels,player_points,11.5,175,Bovada,Minnesota Timberwolves at San Antonio Spurs,11.1,60,Neutral Matchup,MEDIUM
Jaden McDaniels,player_points,12.5,-170,Bovada,Minnesota Timberwolves at San Antonio Spurs,12.4,67,Strong Matchup,MEDIUM
Jaden McDaniels,player_points,12.5,130,Bovada,Minnesota Timberwolves at San Antonio Spurs,11.5,68,Strong Matchup,MEDIUM
Jaden McDaniels,player_points,13.5,-130,Bovada,Minnesota Timberwolves at San Antonio Spurs,12.1,57,Weak Matchup,MEDIUM
Jaden McDaniels,player_points,13.5,100,Bovada,Minnesota Timberwolves at San Antonio Spurs,12.6,79,Weak Matchup,HIGH
Jaden McDaniels,player_points,14.5,100,Bovada,Minnesota Timberwolves at San Antonio Spurs,14.5,64,Weak Matchup,MEDIUM
Jaden McDaniels,player_points,14.5,-130,Bovada,Minnesota Timberwolves at San Antonio Spurs,15.8,61,Strong Matchup,MEDIUM
Jaden McDaniels,player_points,15.5,130,Bovada,Minnesota Timberwolves at San Antonio Spurs,17.0,52,Strong Matchup,LOW
Jaden McDaniels,player_points,15.5,-170,Bovada,Minnesota Timberwolves at San Antonio Spurs,14.2,72,Strong Matchup,HIGH
Jaden McDaniels,player_points,16.5,160,Bovada,Minnesota Timberwolves at San Antonio Spurs,18.3,74,Strong Matchup,HIGH
Jaden McDaniels,player_points,16.5,-215,Bovada,Minnesota Timberwolves at San Antonio Spurs,15.9,51,Neutral Matchup,LOW
Jaden McDaniels,player_points,17.5,205,Bovada,Minnesota Timberwolves at San Antonio Spurs,19.2,57,Strong Matchup,MEDIUM
Jaden McDaniels,player_points,17.5,-280,Bovada,Minnesota Timberwolves at San Antonio Spurs,16.8,69,Weak Matchup,MEDIUM
Julian Champagnie,player_points,6.5,-250,Bovada,Minnesota Timberwolves at San Antonio Spurs,7.0,60,Strong Matchup,MEDIUM
Julian Champagnie,player_points,6.5,185,Bovada,Minnesota Timberwolves at San Antonio Spurs,7.5,78,Weak Matchup,HIGH
Julian Champagnie,player_points,7.5,-170,Bovada,Minnesota Timberwolves at San Antonio Spurs,8.1,75,Neutral Matchup,HIGH
Julian Champagnie,player_points,7.5,130,Bovada,Minnesota Timberwolves at San Antonio Spurs,6.8,53,Strong Matchup,LOW
Julian Champagnie,player_points,8.5,-120,Bovada,Minnesota Timberwolves at San Antonio Spurs,8.4,59,Strong Matchup,MEDIUM
Julian Champagnie,player_points,8.5,-110,Bovada,Minnesota Timberwolves at San Antonio Spurs,9.4,56,Strong Matchup,MEDIUM
Julian Champagnie,player_points,9.5,115,Bovada,Minnesota Timberwolves at San Antonio Spurs,10.1,57,Neutral Matchup,MEDIUM
Julian Champagnie,player_points,9.5,-150,Bovada,Minnesota Timberwolves at San Antonio Spurs,9.7,74,Neutral Matchup,HIGH
Julian Champagnie,player_points,10.5,155,Bovada,Minnesota Timberwolves at San Antonio Spurs,9.1,60,Neutral Matchup,MEDIUM
Julian Champagnie,player_points,10.5,-210,Bovada,Minnesota Timberwolves at San Antonio Spurs,11.7,54,Neutral Matchup,LOW
Julian Champagnie,player_points,11.5,205,Bovada,Minnesota Timberwolves at San Antonio Spurs,11.4,61,Strong Matchup,MEDIUM
Julian Champagnie,player_points,11.5,-280,Bovada,Minnesota Timberwolves at San Antonio Spurs,11.1,59,Neutral Matchup,MEDIUM
Julius Randle,player_points,15.5,-230,Bovada,Minnesota Timberwolves at San Antonio Spurs,14.6,63,Strong Matchup,MEDIUM
Julius Randle,player_points,15.5,170,Bovada,Minnesota Timberwolves at San Antonio Spurs,15.4,71,Neutral Matchup,HIGH
Julius Randle,player_points,16.5,-180,Bovada,Minnesota Timberwolves at San Antonio Spurs,14.1,46,Strong Matchup,LOW
Julius Randle,player_points,16.5,135,Bovada,Minnesota Timberwolves at San Antonio Spurs,17.3,45,Weak Matchup,LOW
Julius Randle,player_points,17.5,-135,Bovada,Minnesota Timberwolves at San Antonio Spurs,15.2,74,Weak Matchup,HIGH
Julius Randle,player_points,17.5,105,Bovada,Minnesota Timberwolves at San Antonio Spurs,17.3,81,Weak Matchup,HIGH
Julius Randle,player_points,18.5,-110,Bovada,Minnesota Timberwolves at San Antonio Spurs,16.3,64,Weak Matchup,MEDIUM
Julius Randle,player_points,18.5,-120,Bovada,Minnesota Timberwolves at San Antonio Spurs,16.7,69,Strong Matchup,MEDIUM
Julius Randle,player_points,19.5,115,Bovada,Minnesota Timberwolves at San Antonio Spurs,22.0,69,Neutral Matchup,MEDIUM
Julius Randle,player_points,19.5,-150,Bovada,Minnesota Timberwolves at San Antonio Spurs,16.9,60,Strong Matchup,MEDIUM
Julius Randle,player_points,20.5,140,Bovada,Minnesota Timberwolves at San Antonio Spurs,18.9,78,Weak Matchup,HIGH
Julius Randle,player_points,20.5,-185,Bovada,Minnesota Timberwolves at San Antonio Spurs,23.2,49,Neutral Matchup,LOW
Julius Randle,player_points,21.5,175,Bovada,Minnesota Timberwolves at San Antonio Spurs,22.4,68,Strong Matchup,MEDIUM
Julius Randle,player_points,21.5,-240,Bovada,Minnesota Timberwolves at San Antonio Spurs,22.4,52,Neutral Matchup,LOW
Keldon Johnson,player_points,7.5,-220,Bovada,Minnesota Timberwolves at San Antonio Spurs,8.5,56,Strong Matchup,MEDIUM
Keldon Johnson,player_points,7.5,165,Bovada,Minnesota Timberwolves at San Antonio Spurs,7.6,51,Strong Matchup,LOW
Keldon Johnson,player_points,8.5,-150,Bovada,Minnesota Timberwolves at San Antonio Spurs,9.5,75,Strong Matchup,HIGH
Keldon Johnson,player_points,8.5,115,Bovada,Minnesota Timberwolves at San Antonio Spurs,8.8,78,Strong Matchup,HIGH
Keldon Johnson,player_points,9.5,-110,Bovada,Minnesota Timberwolves at San Antonio Spurs,10.0,45,Weak Matchup,LOW
Keldon Johnson,player_points,9.5,-120,Bovada,Minnesota Timberwolves at San Antonio Spurs,10.7,73,Neutral Matchup,HIGH
Keldon Johnson,player_points,10.5,125,Bovada,Minnesota Timberwolves at San Antonio Spurs,12.0,80,Neutral Matchup,HIGH
Keldon Johnson,player_points,10.5,-165,Bovada,Minnesota Timberwolves at San Antonio Spurs,9.7,69,Strong Matchup,MEDIUM
Keldon Johnson,player_points,11.5,165,Bovada,Minnesota Timberwolves at San Antonio Spurs,10.4,68,Neutral Matchup,MEDIUM
Keldon Johnson,player_points,11.5,-220,Bovada,Minnesota Timberwolves at San Antonio Spurs,9.8,51,Weak Matchup,LOW
Mike Conley,player_points,3.5,-180,Bovada,Minnesota Timberwolves at San Antonio Spurs,3.1,58,Neutral Matchup,MEDIUM
Mike Conley,player_points,3.5,135,Bovada,Minnesota Timberwolves at San Antonio Spurs,3.2,51,Weak Matchup,LOW
Mike Conley,player_points,4.5,-110,Bovada,Minnesota Timberwolves at San Antonio Spurs,4.3,72,Neutral Matchup,HIGH
Mike Conley,player_points,4.5,-120,Bovada,Minnesota Timberwolves at San Antonio Spurs,4.0,70,Strong Matchup,HIGH
Mike Conley,player_points,5.5,135,Bovada,Minnesota Timberwolves at San Antonio Spurs,6.2,45,Neutral Matchup,LOW
Mike Conley,player_points,5.5,-180,Bovada,Minnesota Timberwolves at San Antonio Spurs,5.1,53,Neutral Matchup,LOW
Mike Conley,player_points,6.5,200,Bovada,Minnesota Timberwolves at San Antonio Spurs,5.8,60,Neutral Matchup,MEDIUM
Mike Conley,player_points,6.5,-275,Bovada,Minnesota Timberwolves at San Antonio Spurs,5.8,77,Strong Matchup,HIGH
Naz Reid,player_points,9.5,-280,Bovada,Minnesota Timberwolves at San Antonio Spurs,9.3,53,Strong Matchup,LOW
Naz Reid,player_points,9.5,205,Bovada,Minnesota Timberwolves at San Antonio Spurs,10.4,85,Weak Matchup,HIGH
Naz Reid,player_points,10.5,-200,Bovada,Minnesota Timberwolves at San Antonio Spurs,10.3,68,Strong Matchup,MEDIUM
Naz Reid,player_points,10.5,150,Bovada,Minnesota Timberwolves at San Antonio Spurs,10.1,61,Weak Matchup,MEDIUM
Naz Reid,player_points,11.5,-145,Bovada,Minnesota Timberwolves at San Antonio Spurs,12.4,59,Neutral Matchup,MEDIUM
Naz Reid,player_points,11.5,110,Bovada,Minnesota Timberwolves at San Antonio Spurs,10.7,67,Weak Matchup,MEDIUM
Naz Reid,player_points,12.5,-110,Bovada,Minnesota Timberwolves at San Antonio Spurs,10.9,82,Weak Matchup,HIGH
Naz Reid,player_points,12.5,-120,Bovada,Minnesota Timberwolves at San Antonio Spurs,13.7,80,Neutral Matchup,HIGH
Naz Reid,player_points,13.5,120,Bovada,Minnesota Timberwolves at San Antonio Spurs,14.5,83,Neutral Matchup,HIGH
Naz Reid,player_points,13.5,-160,Bovada,Minnesota Timberwolves at San Antonio Spurs,13.2,81,Weak Matchup,HIGH
Naz Reid,player_points,14.5,155,Bovada,Minnesota Timberwolves at San Antonio Spurs,15.7,57,Weak Matchup,MEDIUM
Naz Reid,player_points,14.5,-210,Bovada,Minnesota Timberwolves at San Antonio Spurs,15.0,48,Strong Matchup,LOW
Naz Reid,player_points,15.5,200,Bovada,Minnesota Timberwolves at San Antonio Spurs,17.5,69,Neutral Matchup,MEDIUM
Naz Reid,player_points,15.5,-275,Bovada,Minnesota Timberwolves at San Antonio Spurs,15.2,84,Weak Matchup,HIGH
Rudy Gobert,player_points,5.5,-300,Bovada,Minnesota Timberwolves at San Antonio Spurs,5.2,61,Neutral Matchup,MEDIUM
Rudy Gobert,player_points,5.5,215,Bovada,Minnesota Timberwolves at San Antonio Spurs,4.9,58,Strong Matchup,MEDIUM
Rudy Gobert,player_points,6.5,-190,Bovada,Minnesota Timberwolves at San Antonio Spurs,6.1,54,Neutral Matchup,LOW
Rudy Gobert,player_points,6.5,145,Bovada,Minnesota Timberwolves at San Antonio Spurs,7.1,70,Neutral Matchup,HIGH
Rudy Gobert,player_points,7.5,-130,Bovada,Minnesota Timberwolves at San Antonio Spurs,7.1,78,Neutral Matchup,HIGH
Rudy Gobert,player_points,7.5,100,Bovada,Minnesota Timberwolves at San Antonio Spurs,6.8,67,Neutral Matchup,MEDIUM
Rudy Gobert,player_points,8.5,110,Bovada,Minnesota Timberwolves at San Antonio Spurs,9.1,64,Neutral Matchup,MEDIUM
Rudy Gobert,player_points,8.5,-145,Bovada,Minnesota Timberwolves at San Antonio Spurs,7.3,63,Neutral Matchup,MEDIUM
Rudy Gobert,player_points,9.5,145,Bovada,Minnesota Timberwolves at San Antonio Spurs,10.2,71,Neutral Matchup,HIGH
Rudy Gobert,player_points,9.5,-190,Bovada,Minnesota Timberwolves at San Antonio Spurs,9.9,63,Weak Matchup,MEDIUM
Rudy Gobert,player_points,10.5,200,Bovada,Minnesota Timberwolves at San Antonio Spurs,10.6,70,Strong Matchup,HIGH
Rudy Gobert,player_points,10.5,-275,Bovada,Minnesota Timberwolves at San Antonio Spurs,11.3,78,Strong Matchup,HIGH
Stephon Castle,player_points,13.5,-290,Bovada,Minnesota Timberwolves at San Antonio Spurs,13.0,65,Strong Matchup,MEDIUM
Stephon Castle,player_points,13.5,210,Bovada,Minnesota Timberwolves at San Antonio Spurs,14.0,61,Weak Matchup,MEDIUM
Stephon Castle,player_points,14.5,-215,Bovada,Minnesota Timberwolves at San Antonio Spurs,16.2,71,Neutral Matchup,HIGH
Stephon Castle,player_points,14.5,160,Bovada,Minnesota Timberwolves at San Antonio Spurs,15.8,76,Neutral Matchup,HIGH
Stephon Castle,player_points,15.5,-165,Bovada,Minnesota Timberwolves at San Antonio Spurs,17.3,62,Strong Matchup,MEDIUM
Stephon Castle,player_points,15.5,125,Bovada,Minnesota Timberwolves at San Antonio Spurs,17.1,62,Neutral Matchup,MEDIUM
Stephon Castle,player_points,16.5,-125,Bovada,Minnesota Timberwolves at San Antonio Spurs,14.1,73,Weak Matchup,HIGH
Stephon Castle,player_points,16.5,-105,Bovada,Minnesota Timberwolves at San Antonio Spurs,18.6,85,Neutral Matchup,HIGH
Stephon Castle,player_points,17.5,100,Bovada,Minnesota Timberwolves at San Antonio Spurs,15.9,55,Weak Matchup,MEDIUM
Stephon Castle,player_points,17.5,-130,Bovada,Minnesota Timberwolves at San Antonio Spurs,18.2,72,Strong Matchup,HIGH
Stephon Castle,player_points,18.5,125,Bovada,Minnesota Timberwolves at San Antonio Spurs,16.4,66,Weak Matchup,MEDIUM
Stephon Castle,player_points,18.5,-165,Bovada,Minnesota Timberwolves at San Antonio Spurs,19.2,78,Neutral Matchup,HIGH
Stephon Castle,player_points,19.5,155,Bovada,Minnesota Timberwolves at San Antonio Spurs,22.3,46,Neutral Matchup,LOW
Stephon Castle,player_points,19.5,-210,Bovada,Minnesota Timberwolves at San Antonio Spurs,18.6,66,Neutral Matchup,MEDIUM
Stephon Castle,player_points,20.5,190,Bovada,Minnesota Timberwolves at San Antonio Spurs,22.9,62,Strong Matchup,MEDIUM
Stephon Castle,player_points,20.5,-260,Bovada,Minnesota Timberwolves at San Antonio Spurs,18.6,64,Weak Matchup,MEDIUM
Victor Wembanyama,player_points,23.5,-240,Bovada,Minnesota Timberwolves at San Antonio Spurs,21.1,71,Neutral Matchup,HIGH
Victor Wembanyama,player_points,23.5,175,Bovada,Minnesota Timberwolves at San Antonio Spurs,21.0,52,Strong Matchup,LOW
Victor Wembanyama,player_points,24.5,-190,Bovada,Minnesota Timberwolves at San Antonio Spurs,27.0,47,Strong Matchup,LOW
Victor Wembanyama,player_points,24.5,145,Bovada,Minnesota Timberwolves at San Antonio Spurs,27.3,58,Strong Matchup,MEDIUM
Victor Wembanyama,player_points,25.5,-160,Bovada,Minnesota Timberwolves at San Antonio Spurs,22.2,80,Weak Matchup,HIGH
Victor Wembanyama,player_points,25.5,120,Bovada,Minnesota Timberwolves at San Antonio Spurs,24.5,56,Strong Matchup,MEDIUM
Victor Wembanyama,player_points,26.5,-125,Bovada,Minnesota Timberwolves at San Antonio Spurs,26.5,63,Weak Matchup,MEDIUM
Victor Wembanyama,player_points,26.5,-105,Bovada,Minnesota Timberwolves at San Antonio Spurs,29.2,56,Strong Matchup,MEDIUM
Victor Wembanyama,player_points,27.5,-105,Bovada,Minnesota Timberwolves at San Antonio Spurs,30.2,60,Weak Matchup,MEDIUM
Victor Wembanyama,player_points,27.5,-125,Bovada,Minnesota Timberwolves at San Antonio Spurs,24.0,76,Neutral Matchup,HIGH
Victor Wembanyama,player_points,28.5,115,Bovada,Minnesota Timberwolves at San Antonio Spurs,26.9,60,Weak Matchup,MEDIUM
Victor Wembanyama,player_points,28.5,-150,Bovada,Minnesota Timberwolves at San Antonio Spurs,27.0,52,Neutral Matchup,LOW
Victor Wembanyama,player_points,29.5,140,Bovada,Minnesota Timberwolves at San Antonio Spurs,27.8,84,Strong Matchup,HIGH
Victor Wembanyama,player_points,29.5,-185,Bovada,Minnesota Timberwolves at San Antonio Spurs,29.4,48,Strong Matchup,LOW
Victor Wembanyama,player_points,30.5,165,Bovada,Minnesota Timberwolves at San Antonio Spurs,31.0,47,Neutral Matchup,LOW
Victor Wembanyama,player_points,30.5,-220,Bovada,Minnesota Timberwolves at San Antonio Spurs,29.3,66,Weak Matchup,MEDIUM
Victor Wembanyama,player_points,31.5,200,Bovada,Minnesota Timberwolves at San Antonio Spurs,33.5,62,Neutral Matchup,MEDIUM
Victor Wembanyama,player_points,31.5,-275,Bovada,Minnesota Timberwolves at San Antonio Spurs,27.8,85,Weak Matchup,HIGH
Anthony Edwards,player_rebounds,3.5,-165,Bovada,Minnesota Timberwolves at San Antonio Spurs,3.0,70,Neutral Matchup,HIGH
Anthony Edwards,player_rebounds,3.5,125,Bovada,Minnesota Timberwolves at San Antonio Spurs,3.9,79,Weak Matchup,HIGH
Anthony Edwards,player_rebounds,4.5,125,Bovada,Minnesota Timberwolves at San Antonio Spurs,4.4,51,Neutral Matchup,LOW
Anthony Edwards,player_rebounds,4.5,-165,Bovada,Minnesota Timberwolves at San Antonio Spurs,4.8,74,Weak Matchup,HIGH
Ayo Dosunmu,player_rebounds,2.5,-145,Bovada,Minnesota Timberwolves at San Antonio Spurs,2.1,48,Neutral Matchup,LOW
Ayo Dosunmu,player_rebounds,2.5,110,Bovada,Minnesota Timberwolves at San Antonio Spurs,2.5,63,Neutral Matchup,MEDIUM
Ayo Dosunmu,player_rebounds,3.5,155,Bovada,Minnesota Timberwolves at San Antonio Spurs,4.0,83,Weak Matchup,HIGH
Ayo Dosunmu,player_rebounds,3.5,-210,Bovada,Minnesota Timberwolves at San Antonio Spurs,3.8,77,Neutral Matchup,HIGH
De'Aaron Fox,player_rebounds,2.5,-280,Bovada,Minnesota Timberwolves at San Antonio Spurs,2.8,50,Strong Matchup,LOW
De'Aaron Fox,player_rebounds,2.5,205,Bovada,Minnesota Timberwolves at San Antonio Spurs,2.3,76,Weak Matchup,HIGH
De'Aaron Fox,player_rebounds,3.5,-120,Bovada,Minnesota Timberwolves at San Antonio Spurs,3.6,51,Weak Matchup,LOW
De'Aaron Fox,player_rebounds,3.5,-110,Bovada,Minnesota Timberwolves at San Antonio Spurs,3.5,61,Weak Matchup,MEDIUM
De'Aaron Fox,player_rebounds,4.5,170,Bovada,Minnesota Timberwolves at San Antonio Spurs,4.0,56,Weak Matchup,MEDIUM
De'Aaron Fox,player_rebounds,4.5,-230,Bovada,Minnesota Timberwolves at San Antonio Spurs,4.1,64,Neutral Matchup,MEDIUM
Devin Vassell,player_rebounds,3.5,-165,Bovada,Minnesota Timberwolves at San Antonio Spurs,3.6,68,Weak Matchup,MEDIUM
Devin Vassell,player_rebounds,3.5,125,Bovada,Minnesota Timberwolves at San Antonio Spurs,3.2,69,Strong Matchup,MEDIUM
Devin Vassell,player_rebounds,4.5,125,Bovada,Minnesota Timberwolves at San Antonio Spurs,4.5,68,Neutral Matchup,MEDIUM
Devin Vassell,player_rebounds,4.5,-165,Bovada,Minnesota Timberwolves at San Antonio Spurs,4.4,52,Neutral Matchup,LOW
Dylan Harper,player_rebounds,2.5,-220,Bovada,Minnesota Timberwolves at San Antonio Spurs,2.2,46,Weak Matchup,LOW
Dylan Harper,player_rebounds,2.5,165,Bovada,Minnesota Timberwolves at San Antonio Spurs,2.3,51,Neutral Matchup,LOW
Dylan Harper,player_rebounds,3.5,105,Bovada,Minnesota Timberwolves at San Antonio Spurs,3.8,58,Neutral Matchup,MEDIUM
Dylan Harper,player_rebounds,3.5,-135,Bovada,Minnesota Timberwolves at San Antonio Spurs,3.1,70,Weak Matchup,HIGH
Jaden McDaniels,player_rebounds,3.5,-250,Bovada,Minnesota Timberwolves at San Antonio Spurs,3.2,71,Strong Matchup,HIGH
Jaden McDaniels,player_rebounds,3.5,185,Bovada,Minnesota Timberwolves at San Antonio Spurs,3.3,71,Weak Matchup,HIGH
Jaden McDaniels,player_rebounds,4.5,-120,Bovada,Minnesota Timberwolves at San Antonio Spurs,4.2,54,Strong Matchup,LOW
Jaden McDaniels,player_rebounds,4.5,-110,Bovada,Minnesota Timberwolves at San Antonio Spurs,4.1,60,Weak Matchup,MEDIUM
Jaden McDaniels,player_rebounds,5.5,160,Bovada,Minnesota Timberwolves at San Antonio Spurs,5.6,56,Neutral Matchup,MEDIUM
Jaden McDaniels,player_rebounds,5.5,-215,Bovada,Minnesota Timberwolves at San Antonio Spurs,4.8,56,Strong Matchup,MEDIUM
Julian Champagnie,player_rebounds,4.5,-170,Bovada,Minnesota Timberwolves at San Antonio Spurs,5.1,75,Weak Matchup,HIGH
Julian Champagnie,player_rebounds,4.5,130,Bovada,Minnesota Timberwolves at San Antonio Spurs,4.9,67,Neutral Matchup,MEDIUM
Julian Champagnie,player_rebounds,5.5,110,Bovada,Minnesota Timberwolves at San Antonio Spurs,5.2,80,Weak Matchup,HIGH
Julian Champagnie,player_rebounds,5.5,-145,Bovada,Minnesota Timberwolves at San Antonio Spurs,5.2,65,Strong Matchup,MEDIUM
Julian Champagnie,player_rebounds,6.5,200,Bovada,Minnesota Timberwolves at San Antonio Spurs,5.9,84,Neutral Matchup,HIGH
Julian Champagnie,player_rebounds,6.5,-275,Bovada,Minnesota Timberwolves at San Antonio Spurs,6.3,51,Strong Matchup,LOW
Julius Randle,player_rebounds,5.5,-200,Bovada,Minnesota Timberwolves at San Antonio Spurs,5.9,60,Neutral Matchup,MEDIUM
Julius Randle,player_rebounds,5.5,150,Bovada,Minnesota Timberwolves at San Antonio Spurs,6.1,48,Strong Matchup,LOW
Julius Randle,player_rebounds,6.5,-110,Bovada,Minnesota Timberwolves at San Antonio Spurs,6.9,60,Weak Matchup,MEDIUM
Julius Randle,player_rebounds,6.5,-120,Bovada,Minnesota Timberwolves at San Antonio Spurs,5.5,60,Neutral Matchup,MEDIUM
Julius Randle,player_rebounds,7.5,155,Bovada,Minnesota Timberwolves at San Antonio Spurs,7.5,57,Weak Matchup,MEDIUM
Julius Randle,player_rebounds,7.5,-210,Bovada,Minnesota Timberwolves at San Antonio Spurs,8.2,65,Strong Matchup,MEDIUM
Keldon Johnson,player_rebounds,3.5,-125,Bovada,Minnesota Timberwolves at San Antonio Spurs,3.9,60,Strong Matchup,MEDIUM
Keldon Johnson,player_rebounds,3.5,-105,Bovada,Minnesota Timberwolves at San Antonio Spurs,3.1,79,Neutral Matchup,HIGH
Keldon Johnson,player_rebounds,4.5,165,Bovada,Minnesota Timberwolves at San Antonio Spurs,4.3,80,Strong Matchup,HIGH
Keldon Johnson,player_rebounds,4.5,-220,Bovada,Minnesota Timberwolves at San Antonio Spurs,4.9,85,Strong Matchup,HIGH
Naz Reid,player_rebounds,5.5,-190,Bovada,Minnesota Timberwolves at San Antonio Spurs,4.8,84,Neutral Matchup,HIGH
Naz Reid,player_rebounds,5.5,145,Bovada,Minnesota Timberwolves at San Antonio Spurs,5.6,77,Strong Matchup,HIGH
Naz Reid,player_rebounds,6.5,-105,Bovada,Minnesota Timberwolves at San Antonio Spurs,5.9,57,Neutral Matchup,MEDIUM
Naz Reid,player_rebounds,6.5,-125,Bovada,Minnesota Timberwolves at San Antonio Spurs,7.0,55,Weak Matchup,MEDIUM
Naz Reid,player_rebounds,7.5,165,Bovada,Minnesota Timberwolves at San Antonio Spurs,7.5,74,Strong Matchup,HIGH
Naz Reid,player_rebounds,7.5,-220,Bovada,Minnesota Timberwolves at San Antonio Spurs,8.1,56,Strong Matchup,MEDIUM
Rudy Gobert,player_rebounds,9.5,-200,Bovada,Minnesota Timberwolves at San Antonio Spurs,8.8,78,Neutral Matchup,HIGH
Rudy Gobert,player_rebounds,9.5,150,Bovada,Minnesota Timberwolves at San Antonio Spurs,10.5,56,Weak Matchup,MEDIUM
Rudy Gobert,player_rebounds,10.5,-125,Bovada,Minnesota Timberwolves at San Antonio Spurs,9.4,74,Weak Matchup,HIGH
Rudy Gobert,player_rebounds,10.5,-105,Bovada,Minnesota Timberwolves at San Antonio Spurs,11.6,51,Neutral Matchup,LOW
Rudy Gobert,player_rebounds,11.5,125,Bovada,Minnesota Timberwolves at San Antonio Spurs,10.7,69,Weak Matchup,MEDIUM
Rudy Gobert,player_rebounds,11.5,-165,Bovada,Minnesota Timberwolves at San Antonio Spurs,11.9,71,Strong Matchup,HIGH
Rudy Gobert,player_rebounds,12.5,190,Bovada,Minnesota Timberwolves at San Antonio Spurs,13.8,70,Neutral Matchup,HIGH
Rudy Gobert,player_rebounds,12.5,-260,Bovada,Minnesota Timberwolves at San Antonio Spurs,13.6,82,Weak Matchup,HIGH
Stephon Castle,player_rebounds,4.5,-185,Bovada,Minnesota Timberwolves at San Antonio Spurs,3.9,85,Neutral Matchup,HIGH
Stephon Castle,player_rebounds,4.5,140,Bovada,Minnesota Timberwolves at San Antonio Spurs,4.5,58,Neutral Matchup,MEDIUM
Stephon Castle,player_rebounds,5.5,105,Bovada,Minnesota Timberwolves at San Antonio Spurs,6.1,81,Neutral Matchup,HIGH
Stephon Castle,player_rebounds,5.5,-135,Bovada,Minnesota Timberwolves at San Antonio Spurs,6.2,55,Strong Matchup,MEDIUM
Stephon Castle,player_rebounds,6.5,190,Bovada,Minnesota Timberwolves at San Antonio Spurs,5.9,81,Neutral Matchup,HIGH
Stephon Castle,player_rebounds,6.5,-260,Bovada,Minnesota Timberwolves at San Antonio Spurs,6.9,59,Weak Matchup,MEDIUM
Victor Wembanyama,player_rebounds,10.5,-245,Bovada,Minnesota Timberwolves at San Antonio Spurs,10.2,55,Neutral Matchup,MEDIUM
Victor Wembanyama,player_rebounds,10.5,180,Bovada,Minnesota Timberwolves at San Antonio Spurs,9.3,61,Neutral Matchup,MEDIUM
Victor Wembanyama,player_rebounds,11.5,-150,Bovada,Minnesota Timberwolves at San Antonio Spurs,11.9,83,Neutral Matchup,HIGH
Victor Wembanyama,player_rebounds,11.5,115,Bovada,Minnesota Timberwolves at San Antonio Spurs,12.5,66,Neutral Matchup,MEDIUM
Victor Wembanyama,player_rebounds,12.5,100,Bovada,Minnesota Timberwolves at San Antonio Spurs,11.9,74,Weak Matchup,HIGH
Victor Wembanyama,player_rebounds,12.5,-130,Bovada,Minnesota Timberwolves at San Antonio Spurs,12.1,78,Strong Matchup,HIGH
Victor Wembanyama,player_rebounds,13.5,150,Bovada,Minnesota Timberwolves at San Antonio Spurs,13.8,71,Weak Matchup,HIGH
Victor Wembanyama,player_rebounds,13.5,-200,Bovada,Minnesota Timberwolves at San Antonio Spurs,14.3,62,Neutral Matchup,MEDIUM
De'Aaron Fox,player_steals,1.5,150,Bovada,Minnesota Timberwolves at San Antonio Spurs,1.7,76,Weak Matchup,HIGH
De'Aaron Fox,player_steals,1.5,-200,Bovada,Minnesota Timberwolves at San Antonio Spurs,1.6,55,Weak Matchup,MEDIUM
Jaden McDaniels,player_steals,0.5,-215,Bovada,Minnesota Timberwolves at San Antonio Spurs,0.5,65,Strong Matchup,MEDIUM
Jaden McDaniels,player_steals,0.5,160,Bovada,Minnesota Timberwolves at San Antonio Spurs,0.6,72,Strong Matchup,HIGH
Victor Wembanyama,player_steals,1.5,160,Bovada,Minnesota Timberwolves at San Antonio Spurs,1.6,72,Weak Matchup,HIGH
Victor Wembanyama,player_steals,1.5,-215,Bovada,Minnesota Timberwolves at San Antonio Spurs,1.4,81,Weak Matchup,HIGH
Anthony Edwards,player_threes,2.5,-105,Bovada,Minnesota Timberwolves at San Antonio Spurs,2.2,69,Strong Matchup,MEDIUM
Anthony Edwards,player_threes,2.5,-125,Bovada,Minnesota Timberwolves at San Antonio Spurs,2.6,71,Strong Matchup,HIGH
Ayo Dosunmu,player_threes,1.5,125,Bovada,Minnesota Timberwolves at San Antonio Spurs,1.6,54,Weak Matchup,LOW
Ayo Dosunmu,player_threes,1.5,-165,Bovada,Minnesota Timberwolves at San Antonio Spurs,1.5,66,Neutral Matchup,MEDIUM
De'Aaron Fox,player_threes,1.5,100,Bovada,Minnesota Timberwolves at San Antonio Spurs,1.3,70,Strong Matchup,HIGH
De'Aaron Fox,player_threes,1.5,-130,Bovada,Minnesota Timberwolves at San Antonio Spurs,1.4,45,Weak Matchup,LOW
Devin Vassell,player_threes,1.5,-220,Bovada,Minnesota Timberwolves at San Antonio Spurs,1.4,47,Weak Matchup,LOW
Devin Vassell,player_threes,1.5,165,Bovada,Minnesota Timberwolves at San Antonio Spurs,1.6,48,Weak Matchup,LOW
Devin Vassell,player_threes,2.5,140,Bovada,Minnesota Timberwolves at San Antonio Spurs,2.7,75,Neutral Matchup,HIGH
Devin Vassell,player_threes,2.5,-185,Bovada,Minnesota Timberwolves at San Antonio Spurs,2.9,67,Weak Matchup,MEDIUM
Dylan Harper,player_threes,0.5,-150,Bovada,Minnesota Timberwolves at San Antonio Spurs,0.5,81,Weak Matchup,HIGH
Dylan Harper,player_threes,0.5,115,Bovada,Minnesota Timberwolves at San Antonio Spurs,0.5,83,Neutral Matchup,HIGH
Jaden McDaniels,player_threes,1.5,150,Bovada,Minnesota Timberwolves at San Antonio Spurs,1.5,46,Weak Matchup,LOW
Jaden McDaniels,player_threes,1.5,-200,Bovada,Minnesota Timberwolves at San Antonio Spurs,1.7,49,Strong Matchup,LOW
Julian Champagnie,player_threes,1.5,-160,Bovada,Minnesota Timberwolves at San Antonio Spurs,1.4,84,Neutral Matchup,HIGH
Julian Champagnie,player_threes,1.5,120,Bovada,Minnesota Timberwolves at San Antonio Spurs,1.3,60,Weak Matchup,MEDIUM
Julian Champagnie,player_threes,2.5,190,Bovada,Minnesota Timberwolves at San Antonio Spurs,2.3,60,Weak Matchup,MEDIUM
Julian Champagnie,player_threes,2.5,-260,Bovada,Minnesota Timberwolves at San Antonio Spurs,2.1,66,Neutral Matchup,MEDIUM
Julius Randle,player_threes,1.5,155,Bovada,Minnesota Timberwolves at San Antonio Spurs,1.6,80,Neutral Matchup,HIGH
Julius Randle,player_threes,1.5,-210,Bovada,Minnesota Timberwolves at San Antonio Spurs,1.3,56,Weak Matchup,MEDIUM
Keldon Johnson,player_threes,0.5,-170,Bovada,Minnesota Timberwolves at San Antonio Spurs,0.5,62,Weak Matchup,MEDIUM
Keldon Johnson,player_threes,0.5,130,Bovada,Minnesota Timberwolves at San Antonio Spurs,0.4,79,Weak Matchup,HIGH
Mike Conley,player_threes,0.5,-230,Bovada,Minnesota Timberwolves at San Antonio Spurs,0.4,55,Neutral Matchup,MEDIUM
Mike Conley,player_threes,0.5,170,Bovada,Minnesota Timberwolves at San Antonio Spurs,0.5,52,Weak Matchup,LOW
Mike Conley,player_threes,1.5,205,Bovada,Minnesota Timberwolves at San Antonio Spurs,1.7,48,Strong Matchup,LOW
Mike Conley,player_threes,1.5,-280,Bovada,Minnesota Timberwolves at San Antonio Spurs,1.4,65,Weak Matchup,MEDIUM
Naz Reid,player_threes,1.5,-135,Bovada,Minnesota Timberwolves at San Antonio Spurs,1.5,76,Strong Matchup,HIGH
Naz Reid,player_threes,1.5,105,Bovada,Minnesota Timberwolves at San Antonio Spurs,1.5,71,Neutral Matchup,HIGH
Stephon Castle,player_threes,1.5,115,Bovada,Minnesota Timberwolves at San Antonio Spurs,1.6,69,Weak Matchup,MEDIUM
Stephon Castle,player_threes,1.5,-150,Bovada,Minnesota Timberwolves at San Antonio Spurs,1.3,57,Neutral Matchup,MEDIUM
Victor Wembanyama,player_threes,1.5,-280,Bovada,Minnesota Timberwolves at San Antonio Spurs,1.6,67,Neutral Matchup,MEDIUM
Victor Wembanyama,player_threes,1.5,205,Bovada,Minnesota Timberwolves at San Antonio Spurs,1.4,82,Neutral Matchup,HIGH
Victor Wembanyama,player_threes,2.5,110,Bovada,Minnesota Timberwolves at San Antonio Spurs,2.7,48,Neutral Matchup,LOW
Victor Wembanyama,player_threes,2.5,-145,Bovada,Minnesota Timberwolves at San Antonio Spurs,2.6,72,Strong Matchup,HIGH
Daniss Jenkins,player_assists,2.5,-174,FanDuel,Cleveland Cavaliers at Detroit Pistons,2.3,74,Strong Matchup,HIGH
Daniss Jenkins,player_assists,2.5,130,FanDuel,Cleveland Cavaliers at Detroit Pistons,2.6,64,Strong Matchup,MEDIUM
Ausar Thompson,player_assists,3.5,-114,FanDuel,Cleveland Cavaliers at Detroit Pistons,3.7,48,Weak Matchup,LOW
Ausar Thompson,player_assists,3.5,-114,FanDuel,Cleveland Cavaliers at Detroit Pistons,4.0,72,Weak Matchup,HIGH
Jalen Duren,player_assists,2.5,130,FanDuel,Cleveland Cavaliers at Detroit Pistons,2.8,64,Strong Matchup,MEDIUM
Jalen Duren,player_assists,2.5,-174,FanDuel,Cleveland Cavaliers at Detroit Pistons,2.4,61,Neutral Matchup,MEDIUM
Cade Cunningham,player_assists,9.5,-146,FanDuel,Cleveland Cavaliers at Detroit Pistons,10.8,60,Weak Matchup,MEDIUM
Cade Cunningham,player_assists,9.5,110,FanDuel,Cleveland Cavaliers at Detroit Pistons,10.7,84,Weak Matchup,HIGH
Evan Mobley,player_assists,3.5,122,FanDuel,Cleveland Cavaliers at Detroit Pistons,3.2,58,Weak Matchup,MEDIUM
Evan Mobley,player_assists,3.5,-162,FanDuel,Cleveland Cavaliers at Detroit Pistons,3.1,58,Neutral Matchup,MEDIUM
James Harden,player_assists,6.5,-130,FanDuel,Cleveland Cavaliers at Detroit Pistons,7.3,72,Weak Matchup,HIGH
James Harden,player_assists,6.5,-102,FanDuel,Cleveland Cavaliers at Detroit Pistons,6.2,47,Strong Matchup,LOW
Donovan Mitchell,player_assists,3.5,-152,FanDuel,Cleveland Cavaliers at Detroit Pistons,3.9,47,Strong Matchup,LOW
Donovan Mitchell,player_assists,3.5,114,FanDuel,Cleveland Cavaliers at Detroit Pistons,4.0,66,Neutral Matchup,MEDIUM
Ausar Thompson,player_blocks,1.5,148,FanDuel,Cleveland Cavaliers at Detroit Pistons,1.6,56,Neutral Matchup,MEDIUM
Ausar Thompson,player_blocks,1.5,-200,FanDuel,Cleveland Cavaliers at Detroit Pistons,1.7,64,Neutral Matchup,MEDIUM
Jarrett Allen,player_blocks,1.5,178,FanDuel,Cleveland Cavaliers at Detroit Pistons,1.7,74,Neutral Matchup,HIGH
Jarrett Allen,player_blocks,1.5,-245,FanDuel,Cleveland Cavaliers at Detroit Pistons,1.3,45,Weak Matchup,LOW
Evan Mobley,player_blocks,1.5,-122,FanDuel,Cleveland Cavaliers at Detroit Pistons,1.3,55,Neutral Matchup,MEDIUM
Evan Mobley,player_blocks,1.5,-108,FanDuel,Cleveland Cavaliers at Detroit Pistons,1.4,78,Neutral Matchup,HIGH
Duncan Robinson,player_points,11.5,-104,FanDuel,Cleveland Cavaliers at Detroit Pistons,10.0,48,Weak Matchup,LOW
Duncan Robinson,player_points,11.5,-128,FanDuel,Cleveland Cavaliers at Detroit Pistons,12.8,57,Neutral Matchup,MEDIUM
Cade Cunningham,player_points,27.5,-112,FanDuel,Cleveland Cavaliers at Detroit Pistons,24.5,58,Weak Matchup,MEDIUM
Cade Cunningham,player_points,27.5,-118,FanDuel,Cleveland Cavaliers at Detroit Pistons,28.1,78,Neutral Matchup,HIGH
Isaiah Stewart II,player_points,3.5,-132,FanDuel,Cleveland Cavaliers at Detroit Pistons,3.0,57,Neutral Matchup,MEDIUM
Isaiah Stewart II,player_points,3.5,100,FanDuel,Cleveland Cavaliers at Detroit Pistons,3.1,49,Strong Matchup,LOW
Daniss Jenkins,player_points,8.5,-110,FanDuel,Cleveland Cavaliers at Detroit Pistons,8.7,76,Neutral Matchup,HIGH
Daniss Jenkins,player_points,8.5,-120,FanDuel,Cleveland Cavaliers at Detroit Pistons,9.2,67,Strong Matchup,MEDIUM
Jarrett Allen,player_points,10.5,-132,FanDuel,Cleveland Cavaliers at Detroit Pistons,9.9,75,Neutral Matchup,HIGH
Jarrett Allen,player_points,10.5,100,FanDuel,Cleveland Cavaliers at Detroit Pistons,10.9,71,Weak Matchup,HIGH
Max Strus,player_points,9.5,-136,FanDuel,Cleveland Cavaliers at Detroit Pistons,10.0,83,Neutral Matchup,HIGH
Max Strus,player_points,9.5,102,FanDuel,Cleveland Cavaliers at Detroit Pistons,8.6,75,Neutral Matchup,HIGH
Tobias Harris,player_points,17.5,-132,FanDuel,Cleveland Cavaliers at Detroit Pistons,18.2,58,Neutral Matchup,MEDIUM
Tobias Harris,player_points,17.5,100,FanDuel,Cleveland Cavaliers at Detroit Pistons,15.0,63,Neutral Matchup,MEDIUM
Ausar Thompson,player_points,9.5,-132,FanDuel,Cleveland Cavaliers at Detroit Pistons,10.3,59,Weak Matchup,MEDIUM
Ausar Thompson,player_points,9.5,100,FanDuel,Cleveland Cavaliers at Detroit Pistons,9.5,68,Strong Matchup,MEDIUM
Dean Wade,player_points,4.5,-112,FanDuel,Cleveland Cavaliers at Detroit Pistons,4.2,71,Neutral Matchup,HIGH
Dean Wade,player_points,4.5,-118,FanDuel,Cleveland Cavaliers at Detroit Pistons,4.5,66,Strong Matchup,MEDIUM
James Harden,player_points,19.5,-102,FanDuel,Cleveland Cavaliers at Detroit Pistons,19.2,76,Weak Matchup,HIGH
James Harden,player_points,19.5,-130,FanDuel,Cleveland Cavaliers at Detroit Pistons,20.8,49,Weak Matchup,LOW
Jalen Duren,player_points,14.5,-106,FanDuel,Cleveland Cavaliers at Detroit Pistons,13.5,48,Neutral Matchup,LOW
Jalen Duren,player_points,14.5,-125,FanDuel,Cleveland Cavaliers at Detroit Pistons,15.4,65,Strong Matchup,MEDIUM
Donovan Mitchell,player_points,24.5,-106,FanDuel,Cleveland Cavaliers at Detroit Pistons,22.9,61,Weak Matchup,MEDIUM
Donovan Mitchell,player_points,24.5,-125,FanDuel,Cleveland Cavaliers at Detroit Pistons,28.2,54,Strong Matchup,LOW
Evan Mobley,player_points,15.5,100,FanDuel,Cleveland Cavaliers at Detroit Pistons,14.2,82,Weak Matchup,HIGH
Evan Mobley,player_points,15.5,-132,FanDuel,Cleveland Cavaliers at Detroit Pistons,16.0,57,Strong Matchup,MEDIUM
Isaiah Stewart II,player_rebounds,2.5,-136,FanDuel,Cleveland Cavaliers at Detroit Pistons,2.7,61,Weak Matchup,MEDIUM
Isaiah Stewart II,player_rebounds,2.5,102,FanDuel,Cleveland Cavaliers at Detroit Pistons,2.3,56,Neutral Matchup,MEDIUM
Cade Cunningham,player_rebounds,5.5,-102,FanDuel,Cleveland Cavaliers at Detroit Pistons,5.2,69,Weak Matchup,MEDIUM
Cade Cunningham,player_rebounds,5.5,-130,FanDuel,Cleveland Cavaliers at Detroit Pistons,5.0,79,Weak Matchup,HIGH
Evan Mobley,player_rebounds,8.5,-104,FanDuel,Cleveland Cavaliers at Detroit Pistons,8.8,60,Neutral Matchup,MEDIUM
Evan Mobley,player_rebounds,8.5,-128,FanDuel,Cleveland Cavaliers at Detroit Pistons,9.6,48,Strong Matchup,LOW
Jarrett Allen,player_rebounds,7.5,114,FanDuel,Cleveland Cavaliers at Detroit Pistons,7.3,79,Strong Matchup,HIGH
Jarrett Allen,player_rebounds,7.5,-152,FanDuel,Cleveland Cavaliers at Detroit Pistons,7.7,83,Neutral Matchup,HIGH
Dean Wade,player_rebounds,3.5,-104,FanDuel,Cleveland Cavaliers at Detroit Pistons,3.8,81,Weak Matchup,HIGH
Dean Wade,player_rebounds,3.5,-128,FanDuel,Cleveland Cavaliers at Detroit Pistons,4.0,79,Neutral Matchup,HIGH
Ausar Thompson,player_rebounds,6.5,-154,FanDuel,Cleveland Cavaliers at Detroit Pistons,6.9,71,Weak Matchup,HIGH
Ausar Thompson,player_rebounds,6.5,116,FanDuel,Cleveland Cavaliers at Detroit Pistons,6.9,60,Strong Matchup,MEDIUM
Tobias Harris,player_rebounds,6.5,-102,FanDuel,Cleveland Cavaliers at Detroit Pistons,6.6,85,Neutral Matchup,HIGH
Tobias Harris,player_rebounds,6.5,-130,FanDuel,Cleveland Cavaliers at Detroit Pistons,6.5,49,Neutral Matchup,LOW
James Harden,player_rebounds,4.5,-152,FanDuel,Cleveland Cavaliers at Detroit Pistons,4.5,59,Weak Matchup,MEDIUM
James Harden,player_rebounds,4.5,114,FanDuel,Cleveland Cavaliers at Detroit Pistons,3.8,52,Strong Matchup,LOW
Donovan Mitchell,player_rebounds,3.5,-162,FanDuel,Cleveland Cavaliers at Detroit Pistons,3.3,60,Strong Matchup,MEDIUM
Donovan Mitchell,player_rebounds,3.5,122,FanDuel,Cleveland Cavaliers at Detroit Pistons,3.2,58,Weak Matchup,MEDIUM
Jalen Duren,player_rebounds,11.5,102,FanDuel,Cleveland Cavaliers at Detroit Pistons,13.1,57,Weak Matchup,MEDIUM
Jalen Duren,player_rebounds,11.5,-136,FanDuel,Cleveland Cavaliers at Detroit Pistons,12.9,83,Strong Matchup,HIGH
Donovan Mitchell,player_steals,1.5,148,FanDuel,Cleveland Cavaliers at Detroit Pistons,1.4,66,Neutral Matchup,MEDIUM
Donovan Mitchell,player_steals,1.5,-200,FanDuel,Cleveland Cavaliers at Detroit Pistons,1.6,74,Weak Matchup,HIGH
Tobias Harris,player_steals,1.5,162,FanDuel,Cleveland Cavaliers at Detroit Pistons,1.5,71,Strong Matchup,HIGH
Tobias Harris,player_steals,1.5,-220,FanDuel,Cleveland Cavaliers at Detroit Pistons,1.5,57,Strong Matchup,MEDIUM
Cade Cunningham,player_steals,1.5,138,FanDuel,Cleveland Cavaliers at Detroit Pistons,1.6,65,Neutral Matchup,MEDIUM
Cade Cunningham,player_steals,1.5,-186,FanDuel,Cleveland Cavaliers at Detroit Pistons,1.3,56,Weak Matchup,MEDIUM
James Harden,player_steals,1.5,148,FanDuel,Cleveland Cavaliers at Detroit Pistons,1.6,51,Neutral Matchup,LOW
James Harden,player_steals,1.5,-200,FanDuel,Cleveland Cavaliers at Detroit Pistons,1.3,51,Neutral Matchup,LOW
Daniss Jenkins,player_threes,1.5,178,FanDuel,Cleveland Cavaliers at Detroit Pistons,1.6,56,Strong Matchup,MEDIUM
Daniss Jenkins,player_threes,1.5,-245,FanDuel,Cleveland Cavaliers at Detroit Pistons,1.3,85,Strong Matchup,HIGH
Dean Wade,player_threes,0.5,-230,FanDuel,Cleveland Cavaliers at Detroit Pistons,0.5,54,Neutral Matchup,LOW
Dean Wade,player_threes,0.5,168,FanDuel,Cleveland Cavaliers at Detroit Pistons,0.5,54,Strong Matchup,LOW
Max Strus,player_threes,2.5,130,FanDuel,Cleveland Cavaliers at Detroit Pistons,2.3,83,Neutral Matchup,HIGH
Max Strus,player_threes,2.5,-174,FanDuel,Cleveland Cavaliers at Detroit Pistons,2.6,50,Strong Matchup,LOW
Duncan Robinson,player_threes,2.5,-140,FanDuel,Cleveland Cavaliers at Detroit Pistons,2.1,76,Neutral Matchup,HIGH
Duncan Robinson,player_threes,2.5,106,FanDuel,Cleveland Cavaliers at Detroit Pistons,2.7,66,Weak Matchup,MEDIUM
Tobias Harris,player_threes,1.5,116,FanDuel,Cleveland Cavaliers at Detroit Pistons,1.7,57,Weak Matchup,MEDIUM
Tobias Harris,player_threes,1.5,-154,FanDuel,Cleveland Cavaliers at Detroit Pistons,1.3,48,Neutral Matchup,LOW
Cade Cunningham,player_threes,2.5,122,FanDuel,Cleveland Cavaliers at Detroit Pistons,2.6,67,Neutral Matchup,MEDIUM
Cade Cunningham,player_threes,2.5,-162,FanDuel,Cleveland Cavaliers at Detroit Pistons,2.4,67,Strong Matchup,MEDIUM
James Harden,player_threes,2.5,108,FanDuel,Cleveland Cavaliers at Detroit Pistons,2.2,49,Strong Matchup,LOW
James Harden,player_threes,2.5,-144,FanDuel,Cleveland Cavaliers at Detroit Pistons,2.2,76,Neutral Matchup,HIGH
Donovan Mitchell,player_threes,2.5,-108,FanDuel,Cleveland Cavaliers at Detroit Pistons,2.7,67,Neutral Matchup,MEDIUM
Donovan Mitchell,player_threes,2.5,-122,FanDuel,Cleveland Cavaliers at Detroit Pistons,2.5,72,Weak Matchup,HIGH
Evan Mobley,player_threes,0.5,-225,FanDuel,Cleveland Cavaliers at Detroit Pistons,0.5,83,Weak Matchup,HIGH
Evan Mobley,player_threes,0.5,164,FanDuel,Cleveland Cavaliers at Detroit Pistons,0.6,48,Neutral Matchup,LOW
Cade Cunningham,player_assists,9.5,-143,DraftKings,Cleveland Cavaliers at Detroit Pistons,8.8,67,Strong Matchup,MEDIUM
Cade Cunningham,player_assists,9.5,108,DraftKings,Cleveland Cavaliers at Detroit Pistons,10.9,46,Weak Matchup,LOW
James Harden,player_assists,6.5,-115,DraftKings,Cleveland Cavaliers at Detroit Pistons,7.1,74,Neutral Matchup,HIGH
James Harden,player_assists,6.5,-114,DraftKings,Cleveland Cavaliers at Detroit Pistons,6.5,49,Weak Matchup,LOW
Donovan Mitchell,player_assists,3.5,-143,DraftKings,Cleveland Cavaliers at Detroit Pistons,3.8,47,Neutral Matchup,LOW
Donovan Mitchell,player_assists,3.5,109,DraftKings,Cleveland Cavaliers at Detroit Pistons,3.1,72,Strong Matchup,HIGH
Ausar Thompson,player_assists,3.5,-106,DraftKings,Cleveland Cavaliers at Detroit Pistons,3.2,80,Strong Matchup,HIGH
Ausar Thompson,player_assists,3.5,-124,DraftKings,Cleveland Cavaliers at Detroit Pistons,3.6,76,Weak Matchup,HIGH
Daniss Jenkins,player_assists,3.5,120,DraftKings,Cleveland Cavaliers at Detroit Pistons,3.1,57,Strong Matchup,MEDIUM
Daniss Jenkins,player_assists,3.5,-158,DraftKings,Cleveland Cavaliers at Detroit Pistons,3.7,54,Strong Matchup,LOW
Evan Mobley,player_assists,3.5,123,DraftKings,Cleveland Cavaliers at Detroit Pistons,3.8,76,Strong Matchup,HIGH
Evan Mobley,player_assists,3.5,-163,DraftKings,Cleveland Cavaliers at Detroit Pistons,3.7,82,Weak Matchup,HIGH
Jalen Duren,player_assists,2.5,131,DraftKings,Cleveland Cavaliers at Detroit Pistons,2.4,66,Weak Matchup,MEDIUM
Jalen Duren,player_assists,2.5,-173,DraftKings,Cleveland Cavaliers at Detroit Pistons,2.2,77,Weak Matchup,HIGH
Tobias Harris,player_assists,1.5,-172,DraftKings,Cleveland Cavaliers at Detroit Pistons,1.5,60,Weak Matchup,MEDIUM
Tobias Harris,player_assists,1.5,130,DraftKings,Cleveland Cavaliers at Detroit Pistons,1.6,69,Weak Matchup,MEDIUM
Duncan Robinson,player_assists,1.5,-171,DraftKings,Cleveland Cavaliers at Detroit Pistons,1.6,66,Weak Matchup,MEDIUM
Duncan Robinson,player_assists,1.5,130,DraftKings,Cleveland Cavaliers at Detroit Pistons,1.5,63,Neutral Matchup,MEDIUM
Jarrett Allen,player_assists,1.5,174,DraftKings,Cleveland Cavaliers at Detroit Pistons,1.4,51,Strong Matchup,LOW
Jarrett Allen,player_assists,1.5,-233,DraftKings,Cleveland Cavaliers at Detroit Pistons,1.3,59,Strong Matchup,MEDIUM
Evan Mobley,player_blocks,1.5,-126,DraftKings,Cleveland Cavaliers at Detroit Pistons,1.3,62,Strong Matchup,MEDIUM
Evan Mobley,player_blocks,1.5,-105,DraftKings,Cleveland Cavaliers at Detroit Pistons,1.4,71,Weak Matchup,HIGH
Cade Cunningham,player_points,27.5,-120,DraftKings,Cleveland Cavaliers at Detroit Pistons,30.9,51,Weak Matchup,LOW
Cade Cunningham,player_points,27.5,-106,DraftKings,Cleveland Cavaliers at Detroit Pistons,29.2,77,Strong Matchup,HIGH
Donovan Mitchell,player_points,24.5,-111,DraftKings,Cleveland Cavaliers at Detroit Pistons,25.5,67,Strong Matchup,MEDIUM
Donovan Mitchell,player_points,24.5,-115,DraftKings,Cleveland Cavaliers at Detroit Pistons,23.5,62,Neutral Matchup,MEDIUM
James Harden,player_points,19.5,-108,DraftKings,Cleveland Cavaliers at Detroit Pistons,19.6,66,Weak Matchup,MEDIUM
James Harden,player_points,19.5,-118,DraftKings,Cleveland Cavaliers at Detroit Pistons,20.5,68,Neutral Matchup,MEDIUM
Tobias Harris,player_points,18.5,-104,DraftKings,Cleveland Cavaliers at Detroit Pistons,19.1,67,Neutral Matchup,MEDIUM
Tobias Harris,player_points,18.5,-123,DraftKings,Cleveland Cavaliers at Detroit Pistons,16.3,70,Weak Matchup,HIGH
Evan Mobley,player_points,15.5,100,DraftKings,Cleveland Cavaliers at Detroit Pistons,17.3,82,Weak Matchup,HIGH
Evan Mobley,player_points,15.5,-127,DraftKings,Cleveland Cavaliers at Detroit Pistons,14.8,46,Weak Matchup,LOW
Jalen Duren,player_points,14.5,-111,DraftKings,Cleveland Cavaliers at Detroit Pistons,16.6,49,Strong Matchup,LOW
Jalen Duren,player_points,14.5,-115,DraftKings,Cleveland Cavaliers at Detroit Pistons,12.7,81,Strong Matchup,HIGH
Duncan Robinson,player_points,11.5,-102,DraftKings,Cleveland Cavaliers at Detroit Pistons,11.6,46,Weak Matchup,LOW
Duncan Robinson,player_points,11.5,-125,DraftKings,Cleveland Cavaliers at Detroit Pistons,10.0,76,Weak Matchup,HIGH
Jarrett Allen,player_points,10.5,-116,DraftKings,Cleveland Cavaliers at Detroit Pistons,10.3,80,Weak Matchup,HIGH
Jarrett Allen,player_points,10.5,-110,DraftKings,Cleveland Cavaliers at Detroit Pistons,9.8,76,Strong Matchup,HIGH
Ausar Thompson,player_points,9.5,-136,DraftKings,Cleveland Cavaliers at Detroit Pistons,10.2,69,Weak Matchup,MEDIUM
Ausar Thompson,player_points,9.5,107,DraftKings,Cleveland Cavaliers at Detroit Pistons,8.5,59,Weak Matchup,MEDIUM
Max Strus,player_points,9.5,-124,DraftKings,Cleveland Cavaliers at Detroit Pistons,9.0,59,Neutral Matchup,MEDIUM
Max Strus,player_points,9.5,-103,DraftKings,Cleveland Cavaliers at Detroit Pistons,10.6,75,Strong Matchup,HIGH
Daniss Jenkins,player_points,8.5,-110,DraftKings,Cleveland Cavaliers at Detroit Pistons,8.6,53,Neutral Matchup,LOW
Daniss Jenkins,player_points,8.5,-116,DraftKings,Cleveland Cavaliers at Detroit Pistons,7.9,56,Strong Matchup,MEDIUM
Dean Wade,player_points,4.5,-107,DraftKings,Cleveland Cavaliers at Detroit Pistons,4.9,84,Strong Matchup,HIGH
Dean Wade,player_points,4.5,-119,DraftKings,Cleveland Cavaliers at Detroit Pistons,4.0,84,Neutral Matchup,HIGH
Isaiah Stewart II,player_points,3.5,-136,DraftKings,Cleveland Cavaliers at Detroit Pistons,3.5,56,Neutral Matchup,MEDIUM
Isaiah Stewart II,player_points,3.5,107,DraftKings,Cleveland Cavaliers at Detroit Pistons,3.4,73,Strong Matchup,HIGH
Jalen Duren,player_rebounds,11.5,101,DraftKings,Cleveland Cavaliers at Detroit Pistons,10.6,71,Neutral Matchup,HIGH
Jalen Duren,player_rebounds,11.5,-133,DraftKings,Cleveland Cavaliers at Detroit Pistons,11.9,74,Weak Matchup,HIGH
Evan Mobley,player_rebounds,8.5,-111,DraftKings,Cleveland Cavaliers at Detroit Pistons,8.4,47,Neutral Matchup,LOW
Evan Mobley,player_rebounds,8.5,-119,DraftKings,Cleveland Cavaliers at Detroit Pistons,8.8,55,Neutral Matchup,MEDIUM
Jarrett Allen,player_rebounds,7.5,112,DraftKings,Cleveland Cavaliers at Detroit Pistons,6.5,73,Neutral Matchup,HIGH
Jarrett Allen,player_rebounds,7.5,-148,DraftKings,Cleveland Cavaliers at Detroit Pistons,7.3,73,Weak Matchup,HIGH
Ausar Thompson,player_rebounds,6.5,-152,DraftKings,Cleveland Cavaliers at Detroit Pistons,6.5,85,Neutral Matchup,HIGH
Ausar Thompson,player_rebounds,6.5,115,DraftKings,Cleveland Cavaliers at Detroit Pistons,5.7,84,Strong Matchup,HIGH
Tobias Harris,player_rebounds,6.5,-103,DraftKings,Cleveland Cavaliers at Detroit Pistons,7.2,62,Weak Matchup,MEDIUM
Tobias Harris,player_rebounds,6.5,-128,DraftKings,Cleveland Cavaliers at Detroit Pistons,7.3,65,Neutral Matchup,MEDIUM
Cade Cunningham,player_rebounds,5.5,106,DraftKings,Cleveland Cavaliers at Detroit Pistons,6.3,76,Weak Matchup,HIGH
Cade Cunningham,player_rebounds,5.5,-140,DraftKings,Cleveland Cavaliers at Detroit Pistons,6.1,46,Weak Matchup,LOW
James Harden,player_rebounds,4.5,-149,DraftKings,Cleveland Cavaliers at Detroit Pistons,4.5,72,Strong Matchup,HIGH
James Harden,player_rebounds,4.5,113,DraftKings,Cleveland Cavaliers at Detroit Pistons,4.2,78,Neutral Matchup,HIGH
Max Strus,player_rebounds,3.5,-159,DraftKings,Cleveland Cavaliers at Detroit Pistons,3.8,50,Neutral Matchup,LOW
Max Strus,player_rebounds,3.5,121,DraftKings,Cleveland Cavaliers at Detroit Pistons,3.9,76,Neutral Matchup,HIGH
Donovan Mitchell,player_rebounds,3.5,-139,DraftKings,Cleveland Cavaliers at Detroit Pistons,3.5,81,Strong Matchup,HIGH
Donovan Mitchell,player_rebounds,3.5,106,DraftKings,Cleveland Cavaliers at Detroit Pistons,3.5,72,Strong Matchup,HIGH
Dean Wade,player_rebounds,3.5,103,DraftKings,Cleveland Cavaliers at Detroit Pistons,3.3,66,Neutral Matchup,MEDIUM
Dean Wade,player_rebounds,3.5,-136,DraftKings,Cleveland Cavaliers at Detroit Pistons,3.4,52,Strong Matchup,LOW
Isaiah Stewart II,player_rebounds,2.5,-135,DraftKings,Cleveland Cavaliers at Detroit Pistons,2.5,65,Neutral Matchup,MEDIUM
Isaiah Stewart II,player_rebounds,2.5,102,DraftKings,Cleveland Cavaliers at Detroit Pistons,2.3,80,Strong Matchup,HIGH
Duncan Robinson,player_rebounds,2.5,127,DraftKings,Cleveland Cavaliers at Detroit Pistons,2.8,82,Strong Matchup,HIGH
Duncan Robinson,player_rebounds,2.5,-167,DraftKings,Cleveland Cavaliers at Detroit Pistons,2.7,59,Weak Matchup,MEDIUM
Duncan Robinson,player_threes,2.5,-124,DraftKings,Cleveland Cavaliers at Detroit Pistons,2.4,64,Neutral Matchup,MEDIUM
Duncan Robinson,player_threes,2.5,-106,DraftKings,Cleveland Cavaliers at Detroit Pistons,2.4,68,Strong Matchup,MEDIUM
Donovan Mitchell,player_threes,2.5,-113,DraftKings,Cleveland Cavaliers at Detroit Pistons,2.7,56,Strong Matchup,MEDIUM
Donovan Mitchell,player_threes,2.5,-116,DraftKings,Cleveland Cavaliers at Detroit Pistons,2.6,81,Neutral Matchup,HIGH
James Harden,player_threes,2.5,102,DraftKings,Cleveland Cavaliers at Detroit Pistons,2.2,56,Neutral Matchup,MEDIUM
James Harden,player_threes,2.5,-135,DraftKings,Cleveland Cavaliers at Detroit Pistons,2.3,75,Strong Matchup,HIGH
Max Strus,player_threes,2.5,127,DraftKings,Cleveland Cavaliers at Detroit Pistons,2.2,47,Neutral Matchup,LOW
Max Strus,player_threes,2.5,-167,DraftKings,Cleveland Cavaliers at Detroit Pistons,2.2,84,Neutral Matchup,HIGH
Cade Cunningham,player_threes,2.5,130,DraftKings,Cleveland Cavaliers at Detroit Pistons,2.5,73,Neutral Matchup,HIGH
Cade Cunningham,player_threes,2.5,-172,DraftKings,Cleveland Cavaliers at Detroit Pistons,2.8,62,Neutral Matchup,MEDIUM
Tobias Harris,player_threes,1.5,123,DraftKings,Cleveland Cavaliers at Detroit Pistons,1.6,47,Strong Matchup,LOW
Tobias Harris,player_threes,1.5,-163,DraftKings,Cleveland Cavaliers at Detroit Pistons,1.7,49,Weak Matchup,LOW
Daniss Jenkins,player_threes,1.5,159,DraftKings,Cleveland Cavaliers at Detroit Pistons,1.4,78,Weak Matchup,HIGH
Daniss Jenkins,player_threes,1.5,-212,DraftKings,Cleveland Cavaliers at Detroit Pistons,1.4,78,Weak Matchup,HIGH
Evan Mobley,player_threes,0.5,-222,DraftKings,Cleveland Cavaliers at Detroit Pistons,0.5,47,Strong Matchup,LOW
Evan Mobley,player_threes,0.5,166,DraftKings,Cleveland Cavaliers at Detroit Pistons,0.5,47,Strong Matchup,LOW
James Harden,player_assists,6.5,-134,BetRivers,Cleveland Cavaliers at Detroit Pistons,6.6,56,Strong Matchup,MEDIUM
James Harden,player_assists,6.5,-103,BetRivers,Cleveland Cavaliers at Detroit Pistons,6.6,57,Strong Matchup,MEDIUM
Ausar Thompson,player_assists,3.5,-115,BetRivers,Cleveland Cavaliers at Detroit Pistons,3.8,68,Weak Matchup,MEDIUM
Ausar Thompson,player_assists,3.5,-118,BetRivers,Cleveland Cavaliers at Detroit Pistons,3.6,61,Neutral Matchup,MEDIUM
Jalen Duren,player_assists,2.5,128,BetRivers,Cleveland Cavaliers at Detroit Pistons,2.7,52,Neutral Matchup,LOW
Jalen Duren,player_assists,2.5,-177,BetRivers,Cleveland Cavaliers at Detroit Pistons,2.2,49,Weak Matchup,LOW
Donovan Mitchell,player_assists,3.5,-150,BetRivers,Cleveland Cavaliers at Detroit Pistons,3.1,83,Strong Matchup,HIGH
Donovan Mitchell,player_assists,3.5,110,BetRivers,Cleveland Cavaliers at Detroit Pistons,4.0,62,Strong Matchup,MEDIUM
Evan Mobley,player_assists,3.5,120,BetRivers,Cleveland Cavaliers at Detroit Pistons,3.5,65,Weak Matchup,MEDIUM
Evan Mobley,player_assists,3.5,-165,BetRivers,Cleveland Cavaliers at Detroit Pistons,3.8,85,Weak Matchup,HIGH
Daniss Jenkins,player_assists,2.5,-180,BetRivers,Cleveland Cavaliers at Detroit Pistons,2.4,68,Neutral Matchup,MEDIUM
Daniss Jenkins,player_assists,2.5,130,BetRivers,Cleveland Cavaliers at Detroit Pistons,2.5,58,Weak Matchup,MEDIUM
Cade Cunningham,player_assists,9.5,-148,BetRivers,Cleveland Cavaliers at Detroit Pistons,8.4,73,Weak Matchup,HIGH
Cade Cunningham,player_assists,9.5,107,BetRivers,Cleveland Cavaliers at Detroit Pistons,9.3,74,Neutral Matchup,HIGH
Evan Mobley,player_points,14.5,-139,BetRivers,Cleveland Cavaliers at Detroit Pistons,14.2,77,Strong Matchup,HIGH
Evan Mobley,player_points,14.5,102,BetRivers,Cleveland Cavaliers at Detroit Pistons,13.8,52,Strong Matchup,LOW
Daniss Jenkins,player_points,9.5,120,BetRivers,Cleveland Cavaliers at Detroit Pistons,9.5,59,Strong Matchup,MEDIUM
Daniss Jenkins,player_points,9.5,-167,BetRivers,Cleveland Cavaliers at Detroit Pistons,9.5,60,Weak Matchup,MEDIUM
Donovan Mitchell,player_points,23.5,-136,BetRivers,Cleveland Cavaliers at Detroit Pistons,25.8,79,Neutral Matchup,HIGH
Donovan Mitchell,player_points,23.5,100,BetRivers,Cleveland Cavaliers at Detroit Pistons,21.6,50,Weak Matchup,LOW
Max Strus,player_points,9.5,-134,BetRivers,Cleveland Cavaliers at Detroit Pistons,9.9,75,Weak Matchup,HIGH
Max Strus,player_points,9.5,100,BetRivers,Cleveland Cavaliers at Detroit Pistons,8.1,80,Strong Matchup,HIGH
James Harden,player_points,19.5,-104,BetRivers,Cleveland Cavaliers at Detroit Pistons,21.3,62,Weak Matchup,MEDIUM
James Harden,player_points,19.5,-132,BetRivers,Cleveland Cavaliers at Detroit Pistons,16.9,82,Weak Matchup,HIGH
Jalen Duren,player_points,13.5,-152,BetRivers,Cleveland Cavaliers at Detroit Pistons,12.2,50,Weak Matchup,LOW
Jalen Duren,player_points,13.5,112,BetRivers,Cleveland Cavaliers at Detroit Pistons,15.0,85,Weak Matchup,HIGH
Duncan Robinson,player_points,11.5,-109,BetRivers,Cleveland Cavaliers at Detroit Pistons,10.4,73,Strong Matchup,HIGH
Duncan Robinson,player_points,11.5,-125,BetRivers,Cleveland Cavaliers at Detroit Pistons,12.3,49,Strong Matchup,LOW
Jalen Duren,player_points,15.5,120,BetRivers,Cleveland Cavaliers at Detroit Pistons,17.7,77,Weak Matchup,HIGH
Jalen Duren,player_points,15.5,-167,BetRivers,Cleveland Cavaliers at Detroit Pistons,13.5,57,Weak Matchup,MEDIUM
Max Strus,player_points,10.5,100,BetRivers,Cleveland Cavaliers at Detroit Pistons,10.7,58,Strong Matchup,MEDIUM
Max Strus,player_points,10.5,-134,BetRivers,Cleveland Cavaliers at Detroit Pistons,9.2,76,Weak Matchup,HIGH
Cade Cunningham,player_points,26.5,-148,BetRivers,Cleveland Cavaliers at Detroit Pistons,27.5,63,Weak Matchup,MEDIUM
Cade Cunningham,player_points,26.5,108,BetRivers,Cleveland Cavaliers at Detroit Pistons,30.3,80,Strong Matchup,HIGH
Cade Cunningham,player_points,27.5,-120,BetRivers,Cleveland Cavaliers at Detroit Pistons,24.8,79,Neutral Matchup,HIGH
Cade Cunningham,player_points,27.5,-114,BetRivers,Cleveland Cavaliers at Detroit Pistons,27.7,77,Neutral Matchup,HIGH
Evan Mobley,player_points,15.5,-106,BetRivers,Cleveland Cavaliers at Detroit Pistons,14.2,77,Strong Matchup,HIGH
Evan Mobley,player_points,15.5,-127,BetRivers,Cleveland Cavaliers at Detroit Pistons,15.0,51,Weak Matchup,LOW
Ausar Thompson,player_points,10.5,108,BetRivers,Cleveland Cavaliers at Detroit Pistons,9.6,79,Strong Matchup,HIGH
Ausar Thompson,player_points,10.5,-148,BetRivers,Cleveland Cavaliers at Detroit Pistons,10.8,59,Weak Matchup,MEDIUM
James Harden,player_points,18.5,-132,BetRivers,Cleveland Cavaliers at Detroit Pistons,18.1,66,Strong Matchup,MEDIUM
James Harden,player_points,18.5,-104,BetRivers,Cleveland Cavaliers at Detroit Pistons,17.5,54,Neutral Matchup,LOW
Jarrett Allen,player_points,11.5,102,BetRivers,Cleveland Cavaliers at Detroit Pistons,10.0,71,Neutral Matchup,HIGH
Jarrett Allen,player_points,11.5,-139,BetRivers,Cleveland Cavaliers at Detroit Pistons,11.3,66,Neutral Matchup,MEDIUM
Donovan Mitchell,player_points,25.5,114,BetRivers,Cleveland Cavaliers at Detroit Pistons,26.1,51,Strong Matchup,LOW
Donovan Mitchell,player_points,25.5,-155,BetRivers,Cleveland Cavaliers at Detroit Pistons,27.0,57,Strong Matchup,MEDIUM
Daniss Jenkins,player_points,8.5,-118,BetRivers,Cleveland Cavaliers at Detroit Pistons,9.6,45,Weak Matchup,LOW
Daniss Jenkins,player_points,8.5,-115,BetRivers,Cleveland Cavaliers at Detroit Pistons,9.0,61,Weak Matchup,MEDIUM
Tobias Harris,player_points,18.5,100,BetRivers,Cleveland Cavaliers at Detroit Pistons,18.2,49,Strong Matchup,LOW
Tobias Harris,player_points,18.5,-136,BetRivers,Cleveland Cavaliers at Detroit Pistons,18.2,61,Neutral Matchup,MEDIUM
Isaiah Stewart II,player_points,4.5,112,BetRivers,Cleveland Cavaliers at Detroit Pistons,4.3,49,Weak Matchup,LOW
Isaiah Stewart II,player_points,4.5,-152,BetRivers,Cleveland Cavaliers at Detroit Pistons,4.7,68,Strong Matchup,MEDIUM
Isaiah Stewart II,player_points,3.5,-124,BetRivers,Cleveland Cavaliers at Detroit Pistons,3.5,82,Weak Matchup,HIGH
Isaiah Stewart II,player_points,3.5,-110,BetRivers,Cleveland Cavaliers at Detroit Pistons,3.0,74,Weak Matchup,HIGH
Ausar Thompson,player_points,9.5,-130,BetRivers,Cleveland Cavaliers at Detroit Pistons,9.4,84,Neutral Matchup,HIGH
Ausar Thompson,player_points,9.5,-105,BetRivers,Cleveland Cavaliers at Detroit Pistons,9.6,58,Strong Matchup,MEDIUM
Jarrett Allen,player_points,10.5,-127,BetRivers,Cleveland Cavaliers at Detroit Pistons,11.0,83,Strong Matchup,HIGH
Jarrett Allen,player_points,10.5,-108,BetRivers,Cleveland Cavaliers at Detroit Pistons,9.6,77,Neutral Matchup,HIGH
Dean Wade,player_points,4.5,-115,BetRivers,Cleveland Cavaliers at Detroit Pistons,4.1,53,Weak Matchup,LOW
Dean Wade,player_points,4.5,-118,BetRivers,Cleveland Cavaliers at Detroit Pistons,4.2,80,Weak Matchup,HIGH
Donovan Mitchell,player_points,24.5,-110,BetRivers,Cleveland Cavaliers at Detroit Pistons,24.6,81,Weak Matchup,HIGH
Donovan Mitchell,player_points,24.5,-124,BetRivers,Cleveland Cavaliers at Detroit Pistons,21.8,62,Strong Matchup,MEDIUM
Duncan Robinson,player_points,10.5,-157,BetRivers,Cleveland Cavaliers at Detroit Pistons,10.5,70,Weak Matchup,HIGH
Duncan Robinson,player_points,10.5,114,BetRivers,Cleveland Cavaliers at Detroit Pistons,10.1,67,Strong Matchup,MEDIUM
Cade Cunningham,player_points,28.5,104,BetRivers,Cleveland Cavaliers at Detroit Pistons,31.7,55,Weak Matchup,MEDIUM
Cade Cunningham,player_points,28.5,-139,BetRivers,Cleveland Cavaliers at Detroit Pistons,25.1,61,Weak Matchup,MEDIUM
Jalen Duren,player_points,14.5,-108,BetRivers,Cleveland Cavaliers at Detroit Pistons,16.0,53,Weak Matchup,LOW
Jalen Duren,player_points,14.5,-127,BetRivers,Cleveland Cavaliers at Detroit Pistons,14.6,66,Weak Matchup,MEDIUM
Tobias Harris,player_points,17.5,-129,BetRivers,Cleveland Cavaliers at Detroit Pistons,18.5,78,Weak Matchup,HIGH
Tobias Harris,player_points,17.5,-105,BetRivers,Cleveland Cavaliers at Detroit Pistons,19.0,70,Strong Matchup,HIGH
Evan Mobley,player_rebounds,8.5,-113,BetRivers,Cleveland Cavaliers at Detroit Pistons,9.4,46,Weak Matchup,LOW
Evan Mobley,player_rebounds,8.5,-121,BetRivers,Cleveland Cavaliers at Detroit Pistons,8.3,70,Weak Matchup,HIGH
Max Strus,player_rebounds,3.5,-167,BetRivers,Cleveland Cavaliers at Detroit Pistons,3.6,68,Neutral Matchup,MEDIUM
Max Strus,player_rebounds,3.5,123,BetRivers,Cleveland Cavaliers at Detroit Pistons,3.9,59,Weak Matchup,MEDIUM
Tobias Harris,player_rebounds,6.5,-112,BetRivers,Cleveland Cavaliers at Detroit Pistons,6.7,67,Neutral Matchup,MEDIUM
Tobias Harris,player_rebounds,6.5,-122,BetRivers,Cleveland Cavaliers at Detroit Pistons,6.6,63,Strong Matchup,MEDIUM
Jalen Duren,player_rebounds,11.5,100,BetRivers,Cleveland Cavaliers at Detroit Pistons,12.2,53,Strong Matchup,LOW
Jalen Duren,player_rebounds,11.5,-134,BetRivers,Cleveland Cavaliers at Detroit Pistons,12.8,77,Strong Matchup,HIGH
Ausar Thompson,player_rebounds,7.5,114,BetRivers,Cleveland Cavaliers at Detroit Pistons,6.6,79,Neutral Matchup,HIGH
Ausar Thompson,player_rebounds,7.5,-157,BetRivers,Cleveland Cavaliers at Detroit Pistons,6.5,78,Weak Matchup,HIGH
Donovan Mitchell,player_rebounds,3.5,-165,BetRivers,Cleveland Cavaliers at Detroit Pistons,3.7,58,Strong Matchup,MEDIUM
Donovan Mitchell,player_rebounds,3.5,120,BetRivers,Cleveland Cavaliers at Detroit Pistons,3.9,81,Strong Matchup,HIGH
Isaiah Stewart II,player_rebounds,2.5,-132,BetRivers,Cleveland Cavaliers at Detroit Pistons,2.5,80,Strong Matchup,HIGH
Isaiah Stewart II,player_rebounds,2.5,-104,BetRivers,Cleveland Cavaliers at Detroit Pistons,2.8,60,Weak Matchup,MEDIUM
Dean Wade,player_rebounds,3.5,108,BetRivers,Cleveland Cavaliers at Detroit Pistons,3.2,67,Neutral Matchup,MEDIUM
Dean Wade,player_rebounds,3.5,-148,BetRivers,Cleveland Cavaliers at Detroit Pistons,3.7,51,Weak Matchup,LOW
James Harden,player_rebounds,4.5,-159,BetRivers,Cleveland Cavaliers at Detroit Pistons,4.4,66,Weak Matchup,MEDIUM
James Harden,player_rebounds,4.5,116,BetRivers,Cleveland Cavaliers at Detroit Pistons,4.9,75,Strong Matchup,HIGH
Jarrett Allen,player_rebounds,7.5,110,BetRivers,Cleveland Cavaliers at Detroit Pistons,8.5,81,Neutral Matchup,HIGH
Jarrett Allen,player_rebounds,7.5,-150,BetRivers,Cleveland Cavaliers at Detroit Pistons,8.4,64,Strong Matchup,MEDIUM
Cade Cunningham,player_rebounds,5.5,-112,BetRivers,Cleveland Cavaliers at Detroit Pistons,6.2,59,Strong Matchup,MEDIUM
Cade Cunningham,player_rebounds,5.5,-121,BetRivers,Cleveland Cavaliers at Detroit Pistons,5.8,80,Neutral Matchup,HIGH
Donovan Mitchell,player_threes,2.5,-120,BetRivers,Cleveland Cavaliers at Detroit Pistons,2.4,77,Weak Matchup,HIGH
Donovan Mitchell,player_threes,2.5,-114,BetRivers,Cleveland Cavaliers at Detroit Pistons,2.8,84,Weak Matchup,HIGH
Max Strus,player_threes,2.5,128,BetRivers,Cleveland Cavaliers at Detroit Pistons,2.7,81,Neutral Matchup,HIGH
Max Strus,player_threes,2.5,-177,BetRivers,Cleveland Cavaliers at Detroit Pistons,2.6,70,Weak Matchup,HIGH
Daniss Jenkins,player_threes,1.5,175,BetRivers,Cleveland Cavaliers at Detroit Pistons,1.7,53,Neutral Matchup,LOW
Daniss Jenkins,player_threes,1.5,-250,BetRivers,Cleveland Cavaliers at Detroit Pistons,1.6,64,Strong Matchup,MEDIUM
James Harden,player_threes,2.5,102,BetRivers,Cleveland Cavaliers at Detroit Pistons,2.3,49,Strong Matchup,LOW
James Harden,player_threes,2.5,-137,BetRivers,Cleveland Cavaliers at Detroit Pistons,2.2,71,Strong Matchup,HIGH
Duncan Robinson,player_threes,2.5,-139,BetRivers,Cleveland Cavaliers at Detroit Pistons,2.2,51,Strong Matchup,LOW
Duncan Robinson,player_threes,2.5,102,BetRivers,Cleveland Cavaliers at Detroit Pistons,2.5,74,Strong Matchup,HIGH
Tobias Harris,player_threes,1.5,112,BetRivers,Cleveland Cavaliers at Detroit Pistons,1.5,61,Neutral Matchup,MEDIUM
Tobias Harris,player_threes,1.5,-155,BetRivers,Cleveland Cavaliers at Detroit Pistons,1.5,48,Weak Matchup,LOW
Cade Cunningham,player_threes,2.5,120,BetRivers,Cleveland Cavaliers at Detroit Pistons,2.6,74,Strong Matchup,HIGH
Cade Cunningham,player_threes,2.5,-162,BetRivers,Cleveland Cavaliers at Detroit Pistons,2.6,56,Neutral Matchup,MEDIUM
Donovan Mitchell,player_threes,2.5,-120,BetRivers,Cleveland Cavaliers at Detroit Pistons,2.3,56,Weak Matchup,MEDIUM
Donovan Mitchell,player_threes,2.5,-114,BetRivers,Cleveland Cavaliers at Detroit Pistons,2.3,53,Neutral Matchup,LOW
Max Strus,player_threes,2.5,128,BetRivers,Cleveland Cavaliers at Detroit Pistons,2.2,61,Neutral Matchup,MEDIUM
Max Strus,player_threes,2.5,-177,BetRivers,Cleveland Cavaliers at Detroit Pistons,2.8,70,Strong Matchup,HIGH
Daniss Jenkins,player_threes,1.5,175,BetRivers,Cleveland Cavaliers at Detroit Pistons,1.5,63,Neutral Matchup,MEDIUM
Daniss Jenkins,player_threes,1.5,-250,BetRivers,Cleveland Cavaliers at Detroit Pistons,1.4,57,Strong Matchup,MEDIUM
James Harden,player_threes,2.5,102,BetRivers,Cleveland Cavaliers at Detroit Pistons,2.8,70,Weak Matchup,HIGH
James Harden,player_threes,2.5,-137,BetRivers,Cleveland Cavaliers at Detroit Pistons,2.7,51,Weak Matchup,LOW
Duncan Robinson,player_threes,2.5,-139,BetRivers,Cleveland Cavaliers at Detroit Pistons,2.3,82,Strong Matchup,HIGH
Duncan Robinson,player_threes,2.5,102,BetRivers,Cleveland Cavaliers at Detroit Pistons,2.8,85,Strong Matchup,HIGH
Tobias Harris,player_threes,1.5,112,BetRivers,Cleveland Cavaliers at Detroit Pistons,1.4,75,Strong Matchup,HIGH
Tobias Harris,player_threes,1.5,-155,BetRivers,Cleveland Cavaliers at Detroit Pistons,1.3,71,Weak Matchup,HIGH
Cade Cunningham,player_threes,2.5,120,BetRivers,Cleveland Cavaliers at Detroit Pistons,2.9,58,Strong Matchup,MEDIUM
Cade Cunningham,player_threes,2.5,-162,BetRivers,Cleveland Cavaliers at Detroit Pistons,2.4,77,Weak Matchup,HIGH
Evan Mobley,player_assists,3.5,126,BetOnline.ag,Cleveland Cavaliers at Detroit Pistons,3.3,79,Neutral Matchup,HIGH
Evan Mobley,player_assists,3.5,-164,BetOnline.ag,Cleveland Cavaliers at Detroit Pistons,3.7,83,Weak Matchup,HIGH
Jalen Duren,player_assists,2.5,134,BetOnline.ag,Cleveland Cavaliers at Detroit Pistons,2.6,57,Neutral Matchup,MEDIUM
Jalen Duren,player_assists,2.5,-175,BetOnline.ag,Cleveland Cavaliers at Detroit Pistons,2.3,71,Strong Matchup,HIGH
Cade Cunningham,player_assists,9.5,-135,BetOnline.ag,Cleveland Cavaliers at Detroit Pistons,8.7,77,Neutral Matchup,HIGH
Cade Cunningham,player_assists,9.5,105,BetOnline.ag,Cleveland Cavaliers at Detroit Pistons,8.2,79,Strong Matchup,HIGH
Donovan Mitchell,player_assists,3.5,-149,BetOnline.ag,Cleveland Cavaliers at Detroit Pistons,3.3,59,Strong Matchup,MEDIUM
Donovan Mitchell,player_assists,3.5,115,BetOnline.ag,Cleveland Cavaliers at Detroit Pistons,3.9,83,Neutral Matchup,HIGH
Ausar Thompson,player_assists,3.5,-110,BetOnline.ag,Cleveland Cavaliers at Detroit Pistons,3.0,82,Weak Matchup,HIGH
Ausar Thompson,player_assists,3.5,-118,BetOnline.ag,Cleveland Cavaliers at Detroit Pistons,3.6,59,Neutral Matchup,MEDIUM
Daniss Jenkins,player_assists,3.5,124,BetOnline.ag,Cleveland Cavaliers at Detroit Pistons,3.8,60,Neutral Matchup,MEDIUM
Daniss Jenkins,player_assists,3.5,-161,BetOnline.ag,Cleveland Cavaliers at Detroit Pistons,3.7,80,Weak Matchup,HIGH
James Harden,player_assists,6.5,-115,BetOnline.ag,Cleveland Cavaliers at Detroit Pistons,6.9,63,Neutral Matchup,MEDIUM
James Harden,player_assists,6.5,-112,BetOnline.ag,Cleveland Cavaliers at Detroit Pistons,5.8,54,Neutral Matchup,LOW
Jarrett Allen,player_points,10.5,-123,BetOnline.ag,Cleveland Cavaliers at Detroit Pistons,11.5,45,Weak Matchup,LOW
Jarrett Allen,player_points,10.5,-105,BetOnline.ag,Cleveland Cavaliers at Detroit Pistons,10.9,61,Neutral Matchup,MEDIUM
Evan Mobley,player_points,15.5,-102,BetOnline.ag,Cleveland Cavaliers at Detroit Pistons,15.9,59,Weak Matchup,MEDIUM
Evan Mobley,player_points,15.5,-127,BetOnline.ag,Cleveland Cavaliers at Detroit Pistons,14.5,81,Neutral Matchup,HIGH
Cade Cunningham,player_points,27.5,-114,BetOnline.ag,Cleveland Cavaliers at Detroit Pistons,26.2,75,Weak Matchup,HIGH
Cade Cunningham,player_points,27.5,-114,BetOnline.ag,Cleveland Cavaliers at Detroit Pistons,25.6,71,Strong Matchup,HIGH
Max Strus,player_points,9.5,-120,BetOnline.ag,Cleveland Cavaliers at Detroit Pistons,8.8,47,Weak Matchup,LOW
Max Strus,player_points,9.5,-108,BetOnline.ag,Cleveland Cavaliers at Detroit Pistons,10.3,68,Neutral Matchup,MEDIUM
Donovan Mitchell,player_points,24.5,-109,BetOnline.ag,Cleveland Cavaliers at Detroit Pistons,22.3,75,Strong Matchup,HIGH
Donovan Mitchell,player_points,24.5,-119,BetOnline.ag,Cleveland Cavaliers at Detroit Pistons,21.8,45,Strong Matchup,LOW
Jalen Duren,player_points,14.5,-111,BetOnline.ag,Cleveland Cavaliers at Detroit Pistons,16.6,52,Strong Matchup,LOW
Jalen Duren,player_points,14.5,-116,BetOnline.ag,Cleveland Cavaliers at Detroit Pistons,13.4,47,Weak Matchup,LOW
Ausar Thompson,player_points,9.5,-130,BetOnline.ag,Cleveland Cavaliers at Detroit Pistons,10.5,64,Strong Matchup,MEDIUM
Ausar Thompson,player_points,9.5,100,BetOnline.ag,Cleveland Cavaliers at Detroit Pistons,9.1,45,Neutral Matchup,LOW
Duncan Robinson,player_points,11.5,-105,BetOnline.ag,Cleveland Cavaliers at Detroit Pistons,10.3,78,Neutral Matchup,HIGH
Duncan Robinson,player_points,11.5,-123,BetOnline.ag,Cleveland Cavaliers at Detroit Pistons,11.7,58,Strong Matchup,MEDIUM
James Harden,player_points,19.5,-108,BetOnline.ag,Cleveland Cavaliers at Detroit Pistons,17.7,83,Neutral Matchup,HIGH
James Harden,player_points,19.5,-120,BetOnline.ag,Cleveland Cavaliers at Detroit Pistons,20.7,80,Weak Matchup,HIGH
Tobias Harris,player_points,18.5,-102,BetOnline.ag,Cleveland Cavaliers at Detroit Pistons,17.3,47,Weak Matchup,LOW
Tobias Harris,player_points,18.5,-127,BetOnline.ag,Cleveland Cavaliers at Detroit Pistons,21.0,72,Strong Matchup,HIGH
Daniss Jenkins,player_points,8.5,-114,BetOnline.ag,Cleveland Cavaliers at Detroit Pistons,9.3,67,Weak Matchup,MEDIUM
Daniss Jenkins,player_points,8.5,-114,BetOnline.ag,Cleveland Cavaliers at Detroit Pistons,8.7,65,Neutral Matchup,MEDIUM
Tobias Harris,player_rebounds,6.5,100,BetOnline.ag,Cleveland Cavaliers at Detroit Pistons,5.8,65,Weak Matchup,MEDIUM
Tobias Harris,player_rebounds,6.5,-130,BetOnline.ag,Cleveland Cavaliers at Detroit Pistons,7.3,73,Strong Matchup,HIGH
Jarrett Allen,player_rebounds,7.5,110,BetOnline.ag,Cleveland Cavaliers at Detroit Pistons,7.9,47,Strong Matchup,LOW
Jarrett Allen,player_rebounds,7.5,-143,BetOnline.ag,Cleveland Cavaliers at Detroit Pistons,7.9,51,Strong Matchup,LOW
Isaiah Stewart II,player_rebounds,2.5,-132,BetOnline.ag,Cleveland Cavaliers at Detroit Pistons,2.2,69,Strong Matchup,MEDIUM
Isaiah Stewart II,player_rebounds,2.5,102,BetOnline.ag,Cleveland Cavaliers at Detroit Pistons,2.3,66,Strong Matchup,MEDIUM
Evan Mobley,player_rebounds,8.5,-105,BetOnline.ag,Cleveland Cavaliers at Detroit Pistons,8.4,79,Strong Matchup,HIGH
Evan Mobley,player_rebounds,8.5,-123,BetOnline.ag,Cleveland Cavaliers at Detroit Pistons,7.6,53,Strong Matchup,LOW
Dean Wade,player_rebounds,3.5,106,BetOnline.ag,Cleveland Cavaliers at Detroit Pistons,3.1,55,Strong Matchup,MEDIUM
Dean Wade,player_rebounds,3.5,-137,BetOnline.ag,Cleveland Cavaliers at Detroit Pistons,3.9,48,Strong Matchup,LOW
Cade Cunningham,player_rebounds,5.5,100,BetOnline.ag,Cleveland Cavaliers at Detroit Pistons,5.3,54,Neutral Matchup,LOW
Cade Cunningham,player_rebounds,5.5,-130,BetOnline.ag,Cleveland Cavaliers at Detroit Pistons,4.9,74,Weak Matchup,HIGH
Donovan Mitchell,player_rebounds,3.5,-147,BetOnline.ag,Cleveland Cavaliers at Detroit Pistons,3.6,80,Weak Matchup,HIGH
Donovan Mitchell,player_rebounds,3.5,113,BetOnline.ag,Cleveland Cavaliers at Detroit Pistons,3.9,51,Strong Matchup,LOW
Max Strus,player_rebounds,3.5,-161,BetOnline.ag,Cleveland Cavaliers at Detroit Pistons,3.1,72,Weak Matchup,HIGH
Max Strus,player_rebounds,3.5,123,BetOnline.ag,Cleveland Cavaliers at Detroit Pistons,3.2,53,Neutral Matchup,LOW
Duncan Robinson,player_rebounds,2.5,134,BetOnline.ag,Cleveland Cavaliers at Detroit Pistons,2.2,58,Weak Matchup,MEDIUM
Duncan Robinson,player_rebounds,2.5,-175,BetOnline.ag,Cleveland Cavaliers at Detroit Pistons,2.4,75,Weak Matchup,HIGH
James Harden,player_rebounds,4.5,-143,BetOnline.ag,Cleveland Cavaliers at Detroit Pistons,4.9,74,Weak Matchup,HIGH
James Harden,player_rebounds,4.5,110,BetOnline.ag,Cleveland Cavaliers at Detroit Pistons,4.0,55,Weak Matchup,MEDIUM
Jalen Duren,player_rebounds,11.5,102,BetOnline.ag,Cleveland Cavaliers at Detroit Pistons,12.1,57,Weak Matchup,MEDIUM
Jalen Duren,player_rebounds,11.5,-132,BetOnline.ag,Cleveland Cavaliers at Detroit Pistons,10.3,78,Weak Matchup,HIGH
Daniss Jenkins,player_rebounds,2.5,100,BetOnline.ag,Cleveland Cavaliers at Detroit Pistons,2.5,77,Strong Matchup,HIGH
Daniss Jenkins,player_rebounds,2.5,-130,BetOnline.ag,Cleveland Cavaliers at Detroit Pistons,2.3,56,Strong Matchup,MEDIUM
Ausar Thompson,player_rebounds,7.5,106,BetOnline.ag,Cleveland Cavaliers at Detroit Pistons,6.7,65,Weak Matchup,MEDIUM
Ausar Thompson,player_rebounds,7.5,-137,BetOnline.ag,Cleveland Cavaliers at Detroit Pistons,7.8,72,Neutral Matchup,HIGH
Tobias Harris,player_threes,1.5,118,BetOnline.ag,Cleveland Cavaliers at Detroit Pistons,1.5,56,Neutral Matchup,MEDIUM
Tobias Harris,player_threes,1.5,-154,BetOnline.ag,Cleveland Cavaliers at Detroit Pistons,1.3,52,Strong Matchup,LOW
Evan Mobley,player_threes,0.5,-204,BetOnline.ag,Cleveland Cavaliers at Detroit Pistons,0.5,83,Weak Matchup,HIGH
Evan Mobley,player_threes,0.5,156,BetOnline.ag,Cleveland Cavaliers at Detroit Pistons,0.6,85,Strong Matchup,HIGH
Cade Cunningham,player_threes,2.5,126,BetOnline.ag,Cleveland Cavaliers at Detroit Pistons,2.8,45,Neutral Matchup,LOW
Cade Cunningham,player_threes,2.5,-164,BetOnline.ag,Cleveland Cavaliers at Detroit Pistons,2.3,68,Weak Matchup,MEDIUM
Donovan Mitchell,player_threes,2.5,-112,BetOnline.ag,Cleveland Cavaliers at Detroit Pistons,2.6,53,Weak Matchup,LOW
Donovan Mitchell,player_threes,2.5,-115,BetOnline.ag,Cleveland Cavaliers at Detroit Pistons,2.6,78,Neutral Matchup,HIGH
Max Strus,player_threes,2.5,132,BetOnline.ag,Cleveland Cavaliers at Detroit Pistons,2.7,76,Strong Matchup,HIGH
Max Strus,player_threes,2.5,-172,BetOnline.ag,Cleveland Cavaliers at Detroit Pistons,2.4,67,Neutral Matchup,MEDIUM
Duncan Robinson,player_threes,2.5,-132,BetOnline.ag,Cleveland Cavaliers at Detroit Pistons,2.6,68,Neutral Matchup,MEDIUM
Duncan Robinson,player_threes,2.5,102,BetOnline.ag,Cleveland Cavaliers at Detroit Pistons,2.4,64,Weak Matchup,MEDIUM
Daniss Jenkins,player_threes,1.5,171,BetOnline.ag,Cleveland Cavaliers at Detroit Pistons,1.7,63,Neutral Matchup,MEDIUM
Daniss Jenkins,player_threes,1.5,-227,BetOnline.ag,Cleveland Cavaliers at Detroit Pistons,1.5,55,Strong Matchup,MEDIUM
James Harden,player_threes,2.5,106,BetOnline.ag,Cleveland Cavaliers at Detroit Pistons,2.5,52,Weak Matchup,LOW
James Harden,player_threes,2.5,-137,BetOnline.ag,Cleveland Cavaliers at Detroit Pistons,2.7,60,Neutral Matchup,MEDIUM
Dean Wade,player_threes,0.5,-200,BetOnline.ag,Cleveland Cavaliers at Detroit Pistons,0.5,79,Weak Matchup,HIGH
Dean Wade,player_threes,0.5,152,BetOnline.ag,Cleveland Cavaliers at Detroit Pistons,0.5,45,Neutral Matchup,LOW
Cade Cunningham,player_assists,9.5,-135,BetMGM,Cleveland Cavaliers at Detroit Pistons,9.1,78,Strong Matchup,HIGH
Cade Cunningham,player_assists,9.5,100,BetMGM,Cleveland Cavaliers at Detroit Pistons,10.8,75,Neutral Matchup,HIGH
Duncan Robinson,player_assists,1.5,-135,BetMGM,Cleveland Cavaliers at Detroit Pistons,1.5,66,Neutral Matchup,MEDIUM
Duncan Robinson,player_assists,1.5,100,BetMGM,Cleveland Cavaliers at Detroit Pistons,1.5,60,Strong Matchup,MEDIUM
Ausar Thompson,player_assists,3.5,-115,BetMGM,Cleveland Cavaliers at Detroit Pistons,3.0,55,Weak Matchup,MEDIUM
Ausar Thompson,player_assists,3.5,-115,BetMGM,Cleveland Cavaliers at Detroit Pistons,3.0,56,Neutral Matchup,MEDIUM
James Harden,player_assists,6.5,-105,BetMGM,Cleveland Cavaliers at Detroit Pistons,6.2,66,Strong Matchup,MEDIUM
James Harden,player_assists,6.5,-125,BetMGM,Cleveland Cavaliers at Detroit Pistons,6.8,70,Strong Matchup,HIGH
Donovan Mitchell,player_assists,3.5,-165,BetMGM,Cleveland Cavaliers at Detroit Pistons,4.0,77,Weak Matchup,HIGH
Donovan Mitchell,player_assists,3.5,125,BetMGM,Cleveland Cavaliers at Detroit Pistons,3.6,62,Weak Matchup,MEDIUM
Jarrett Allen,player_assists,1.5,160,BetMGM,Cleveland Cavaliers at Detroit Pistons,1.5,51,Weak Matchup,LOW
Jarrett Allen,player_assists,1.5,-220,BetMGM,Cleveland Cavaliers at Detroit Pistons,1.4,47,Weak Matchup,LOW
Jalen Duren,player_assists,1.5,-200,BetMGM,Cleveland Cavaliers at Detroit Pistons,1.6,58,Strong Matchup,MEDIUM
Jalen Duren,player_assists,1.5,145,BetMGM,Cleveland Cavaliers at Detroit Pistons,1.5,75,Neutral Matchup,HIGH
Evan Mobley,player_assists,3.5,130,BetMGM,Cleveland Cavaliers at Detroit Pistons,3.9,66,Strong Matchup,MEDIUM
Evan Mobley,player_assists,3.5,-175,BetMGM,Cleveland Cavaliers at Detroit Pistons,4.0,65,Strong Matchup,MEDIUM
Tobias Harris,player_assists,2.5,145,BetMGM,Cleveland Cavaliers at Detroit Pistons,2.7,74,Weak Matchup,HIGH
Tobias Harris,player_assists,2.5,-200,BetMGM,Cleveland Cavaliers at Detroit Pistons,2.2,51,Weak Matchup,LOW
Daniss Jenkins,player_assists,3.5,115,BetMGM,Cleveland Cavaliers at Detroit Pistons,3.9,74,Strong Matchup,HIGH
Daniss Jenkins,player_assists,3.5,-155,BetMGM,Cleveland Cavaliers at Detroit Pistons,3.3,77,Weak Matchup,HIGH
Jalen Duren,player_blocks,0.5,-235,BetMGM,Cleveland Cavaliers at Detroit Pistons,0.5,48,Strong Matchup,LOW
Jalen Duren,player_blocks,0.5,170,BetMGM,Cleveland Cavaliers at Detroit Pistons,0.5,53,Neutral Matchup,LOW
Cade Cunningham,player_blocks,0.5,-150,BetMGM,Cleveland Cavaliers at Detroit Pistons,0.5,56,Strong Matchup,MEDIUM
Cade Cunningham,player_blocks,0.5,105,BetMGM,Cleveland Cavaliers at Detroit Pistons,0.5,67,Weak Matchup,MEDIUM
Dean Wade,player_blocks,0.5,200,BetMGM,Cleveland Cavaliers at Detroit Pistons,0.5,67,Strong Matchup,MEDIUM
Dean Wade,player_blocks,0.5,-300,BetMGM,Cleveland Cavaliers at Detroit Pistons,0.5,77,Weak Matchup,HIGH
Duncan Robinson,player_blocks,0.5,230,BetMGM,Cleveland Cavaliers at Detroit Pistons,0.6,49,Strong Matchup,LOW
Duncan Robinson,player_blocks,0.5,-350,BetMGM,Cleveland Cavaliers at Detroit Pistons,0.4,77,Weak Matchup,HIGH
Jarrett Allen,player_blocks,1.5,130,BetMGM,Cleveland Cavaliers at Detroit Pistons,1.4,45,Weak Matchup,LOW
Jarrett Allen,player_blocks,1.5,-185,BetMGM,Cleveland Cavaliers at Detroit Pistons,1.5,78,Weak Matchup,HIGH
Ausar Thompson,player_blocks,1.5,105,BetMGM,Cleveland Cavaliers at Detroit Pistons,1.6,47,Weak Matchup,LOW
Ausar Thompson,player_blocks,1.5,-145,BetMGM,Cleveland Cavaliers at Detroit Pistons,1.3,46,Neutral Matchup,LOW
Tobias Harris,player_blocks,0.5,110,BetMGM,Cleveland Cavaliers at Detroit Pistons,0.5,55,Neutral Matchup,MEDIUM
Tobias Harris,player_blocks,0.5,-150,BetMGM,Cleveland Cavaliers at Detroit Pistons,0.5,74,Weak Matchup,HIGH
Evan Mobley,player_blocks,1.5,-155,BetMGM,Cleveland Cavaliers at Detroit Pistons,1.3,59,Strong Matchup,MEDIUM
Evan Mobley,player_blocks,1.5,115,BetMGM,Cleveland Cavaliers at Detroit Pistons,1.5,72,Weak Matchup,HIGH
James Harden,player_blocks,0.5,-105,BetMGM,Cleveland Cavaliers at Detroit Pistons,0.5,72,Weak Matchup,HIGH
James Harden,player_blocks,0.5,-135,BetMGM,Cleveland Cavaliers at Detroit Pistons,0.5,69,Weak Matchup,MEDIUM
Donovan Mitchell,player_blocks,0.5,165,BetMGM,Cleveland Cavaliers at Detroit Pistons,0.5,59,Weak Matchup,MEDIUM
Donovan Mitchell,player_blocks,0.5,-235,BetMGM,Cleveland Cavaliers at Detroit Pistons,0.6,80,Strong Matchup,HIGH
Duncan Robinson,player_points,11.5,-115,BetMGM,Cleveland Cavaliers at Detroit Pistons,9.8,82,Neutral Matchup,HIGH
Duncan Robinson,player_points,11.5,-115,BetMGM,Cleveland Cavaliers at Detroit Pistons,10.6,49,Weak Matchup,LOW
Tobias Harris,player_points,17.5,-120,BetMGM,Cleveland Cavaliers at Detroit Pistons,19.7,61,Strong Matchup,MEDIUM
Tobias Harris,player_points,17.5,-110,BetMGM,Cleveland Cavaliers at Detroit Pistons,15.4,58,Weak Matchup,MEDIUM
Ausar Thompson,player_points,9.5,-120,BetMGM,Cleveland Cavaliers at Detroit Pistons,8.2,57,Strong Matchup,MEDIUM
Ausar Thompson,player_points,9.5,-110,BetMGM,Cleveland Cavaliers at Detroit Pistons,9.7,72,Strong Matchup,HIGH
Jarrett Allen,player_points,11.5,-111,BetMGM,Cleveland Cavaliers at Detroit Pistons,11.5,59,Strong Matchup,MEDIUM
Jarrett Allen,player_points,11.5,-120,BetMGM,Cleveland Cavaliers at Detroit Pistons,13.2,81,Neutral Matchup,HIGH
Jalen Duren,player_points,15.5,110,BetMGM,Cleveland Cavaliers at Detroit Pistons,14.8,75,Neutral Matchup,HIGH
Jalen Duren,player_points,15.5,-145,BetMGM,Cleveland Cavaliers at Detroit Pistons,16.8,54,Strong Matchup,LOW
James Harden,player_points,19.5,-115,BetMGM,Cleveland Cavaliers at Detroit Pistons,19.2,63,Neutral Matchup,MEDIUM
James Harden,player_points,19.5,-115,BetMGM,Cleveland Cavaliers at Detroit Pistons,20.4,75,Neutral Matchup,HIGH
Evan Mobley,player_points,16.5,105,BetMGM,Cleveland Cavaliers at Detroit Pistons,16.3,49,Strong Matchup,LOW
Evan Mobley,player_points,16.5,-140,BetMGM,Cleveland Cavaliers at Detroit Pistons,17.4,84,Neutral Matchup,HIGH
Donovan Mitchell,player_points,25.5,-115,BetMGM,Cleveland Cavaliers at Detroit Pistons,26.4,54,Neutral Matchup,LOW
Donovan Mitchell,player_points,25.5,-115,BetMGM,Cleveland Cavaliers at Detroit Pistons,22.9,58,Weak Matchup,MEDIUM
Dean Wade,player_points,5.5,120,BetMGM,Cleveland Cavaliers at Detroit Pistons,5.2,78,Weak Matchup,HIGH
Dean Wade,player_points,5.5,-160,BetMGM,Cleveland Cavaliers at Detroit Pistons,6.2,51,Strong Matchup,LOW
Max Strus,player_points,9.5,-115,BetMGM,Cleveland Cavaliers at Detroit Pistons,9.7,50,Neutral Matchup,LOW
Max Strus,player_points,9.5,-115,BetMGM,Cleveland Cavaliers at Detroit Pistons,9.5,71,Weak Matchup,HIGH
Cade Cunningham,player_points,28.5,-105,BetMGM,Cleveland Cavaliers at Detroit Pistons,28.0,49,Strong Matchup,LOW
Cade Cunningham,player_points,28.5,-125,BetMGM,Cleveland Cavaliers at Detroit Pistons,25.4,72,Strong Matchup,HIGH
Daniss Jenkins,player_points,9.5,105,BetMGM,Cleveland Cavaliers at Detroit Pistons,9.7,75,Strong Matchup,HIGH
Daniss Jenkins,player_points,9.5,-140,BetMGM,Cleveland Cavaliers at Detroit Pistons,8.5,66,Neutral Matchup,MEDIUM
Isaiah Stewart II,player_points,4.5,110,BetMGM,Cleveland Cavaliers at Detroit Pistons,4.4,48,Neutral Matchup,LOW
Isaiah Stewart II,player_points,4.5,-145,BetMGM,Cleveland Cavaliers at Detroit Pistons,4.5,53,Weak Matchup,LOW
Duncan Robinson,player_rebounds,2.5,135,BetMGM,Cleveland Cavaliers at Detroit Pistons,2.3,84,Weak Matchup,HIGH
Duncan Robinson,player_rebounds,2.5,-185,BetMGM,Cleveland Cavaliers at Detroit Pistons,2.7,62,Weak Matchup,MEDIUM
Cade Cunningham,player_rebounds,5.5,-105,BetMGM,Cleveland Cavaliers at Detroit Pistons,5.9,76,Neutral Matchup,HIGH
Cade Cunningham,player_rebounds,5.5,-125,BetMGM,Cleveland Cavaliers at Detroit Pistons,6.2,53,Strong Matchup,LOW
Tobias Harris,player_rebounds,6.5,-110,BetMGM,Cleveland Cavaliers at Detroit Pistons,6.7,50,Weak Matchup,LOW
Tobias Harris,player_rebounds,6.5,-120,BetMGM,Cleveland Cavaliers at Detroit Pistons,7.2,78,Strong Matchup,HIGH
Ausar Thompson,player_rebounds,7.5,-110,BetMGM,Cleveland Cavaliers at Detroit Pistons,7.9,66,Weak Matchup,MEDIUM
Ausar Thompson,player_rebounds,7.5,-120,BetMGM,Cleveland Cavaliers at Detroit Pistons,7.6,47,Weak Matchup,LOW
Jalen Duren,player_rebounds,11.5,-110,BetMGM,Cleveland Cavaliers at Detroit Pistons,10.1,69,Neutral Matchup,MEDIUM
Jalen Duren,player_rebounds,11.5,-120,BetMGM,Cleveland Cavaliers at Detroit Pistons,10.9,76,Strong Matchup,HIGH
Dean Wade,player_rebounds,3.5,105,BetMGM,Cleveland Cavaliers at Detroit Pistons,4.0,65,Strong Matchup,MEDIUM
Dean Wade,player_rebounds,3.5,-140,BetMGM,Cleveland Cavaliers at Detroit Pistons,3.9,62,Weak Matchup,MEDIUM
Jarrett Allen,player_rebounds,7.5,100,BetMGM,Cleveland Cavaliers at Detroit Pistons,7.3,85,Strong Matchup,HIGH
Jarrett Allen,player_rebounds,7.5,-135,BetMGM,Cleveland Cavaliers at Detroit Pistons,6.4,56,Strong Matchup,MEDIUM
James Harden,player_rebounds,4.5,-135,BetMGM,Cleveland Cavaliers at Detroit Pistons,4.7,57,Strong Matchup,MEDIUM
James Harden,player_rebounds,4.5,100,BetMGM,Cleveland Cavaliers at Detroit Pistons,5.0,69,Strong Matchup,MEDIUM
Evan Mobley,player_rebounds,8.5,-111,BetMGM,Cleveland Cavaliers at Detroit Pistons,7.3,77,Neutral Matchup,HIGH
Evan Mobley,player_rebounds,8.5,-120,BetMGM,Cleveland Cavaliers at Detroit Pistons,7.4,55,Neutral Matchup,MEDIUM
Max Strus,player_rebounds,4.5,105,BetMGM,Cleveland Cavaliers at Detroit Pistons,4.3,66,Neutral Matchup,MEDIUM
Max Strus,player_rebounds,4.5,-140,BetMGM,Cleveland Cavaliers at Detroit Pistons,4.0,84,Strong Matchup,HIGH
Donovan Mitchell,player_rebounds,4.5,125,BetMGM,Cleveland Cavaliers at Detroit Pistons,5.1,59,Neutral Matchup,MEDIUM
Donovan Mitchell,player_rebounds,4.5,-165,BetMGM,Cleveland Cavaliers at Detroit Pistons,4.6,85,Strong Matchup,HIGH
Isaiah Stewart II,player_rebounds,2.5,-140,BetMGM,Cleveland Cavaliers at Detroit Pistons,2.6,75,Strong Matchup,HIGH
Isaiah Stewart II,player_rebounds,2.5,105,BetMGM,Cleveland Cavaliers at Detroit Pistons,2.3,55,Weak Matchup,MEDIUM
Duncan Robinson,player_threes,2.5,-160,BetMGM,Cleveland Cavaliers at Detroit Pistons,2.6,52,Strong Matchup,LOW
Duncan Robinson,player_threes,2.5,120,BetMGM,Cleveland Cavaliers at Detroit Pistons,2.5,63,Strong Matchup,MEDIUM
Cade Cunningham,player_threes,2.5,105,BetMGM,Cleveland Cavaliers at Detroit Pistons,2.7,71,Weak Matchup,HIGH
Cade Cunningham,player_threes,2.5,-140,BetMGM,Cleveland Cavaliers at Detroit Pistons,2.6,45,Weak Matchup,LOW
Tobias Harris,player_threes,1.5,100,BetMGM,Cleveland Cavaliers at Detroit Pistons,1.3,46,Weak Matchup,LOW
Tobias Harris,player_threes,1.5,-135,BetMGM,Cleveland Cavaliers at Detroit Pistons,1.6,68,Weak Matchup,MEDIUM
Donovan Mitchell,player_threes,2.5,-140,BetMGM,Cleveland Cavaliers at Detroit Pistons,2.4,46,Strong Matchup,LOW
Donovan Mitchell,player_threes,2.5,105,BetMGM,Cleveland Cavaliers at Detroit Pistons,2.5,78,Weak Matchup,HIGH
James Harden,player_threes,2.5,-110,BetMGM,Cleveland Cavaliers at Detroit Pistons,2.2,69,Strong Matchup,MEDIUM
James Harden,player_threes,2.5,-120,BetMGM,Cleveland Cavaliers at Detroit Pistons,2.2,53,Strong Matchup,LOW
Evan Mobley,player_threes,0.5,-190,BetMGM,Cleveland Cavaliers at Detroit Pistons,0.5,55,Strong Matchup,MEDIUM
Evan Mobley,player_threes,0.5,140,BetMGM,Cleveland Cavaliers at Detroit Pistons,0.5,46,Weak Matchup,LOW
Max Strus,player_threes,2.5,110,BetMGM,Cleveland Cavaliers at Detroit Pistons,2.8,67,Neutral Matchup,MEDIUM
Max Strus,player_threes,2.5,-150,BetMGM,Cleveland Cavaliers at Detroit Pistons,2.5,59,Weak Matchup,MEDIUM
Daniss Jenkins,player_threes,1.5,145,BetMGM,Cleveland Cavaliers at Detroit Pistons,1.7,85,Strong Matchup,HIGH
Daniss Jenkins,player_threes,1.5,-200,BetMGM,Cleveland Cavaliers at Detroit Pistons,1.5,80,Weak Matchup,HIGH
Ausar Thompson,player_assists,2.5,-260,Bovada,Cleveland Cavaliers at Detroit Pistons,2.6,70,Strong Matchup,HIGH
Ausar Thompson,player_assists,2.5,190,Bovada,Cleveland Cavaliers at Detroit Pistons,2.8,81,Neutral Matchup,HIGH
Ausar Thompson,player_assists,3.5,-105,Bovada,Cleveland Cavaliers at Detroit Pistons,3.8,62,Weak Matchup,MEDIUM
Ausar Thompson,player_assists,3.5,-125,Bovada,Cleveland Cavaliers at Detroit Pistons,3.9,60,Weak Matchup,MEDIUM
Ausar Thompson,player_assists,4.5,205,Bovada,Cleveland Cavaliers at Detroit Pistons,5.1,58,Neutral Matchup,MEDIUM
Ausar Thompson,player_assists,4.5,-280,Bovada,Cleveland Cavaliers at Detroit Pistons,5.0,74,Strong Matchup,HIGH
Cade Cunningham,player_assists,8.5,-250,Bovada,Cleveland Cavaliers at Detroit Pistons,8.2,48,Strong Matchup,LOW
Cade Cunningham,player_assists,8.5,185,Bovada,Cleveland Cavaliers at Detroit Pistons,8.7,79,Weak Matchup,HIGH
Cade Cunningham,player_assists,9.5,-145,Bovada,Cleveland Cavaliers at Detroit Pistons,10.9,84,Neutral Matchup,HIGH
Cade Cunningham,player_assists,9.5,110,Bovada,Cleveland Cavaliers at Detroit Pistons,9.2,52,Weak Matchup,LOW
Cade Cunningham,player_assists,10.5,110,Bovada,Cleveland Cavaliers at Detroit Pistons,10.2,82,Weak Matchup,HIGH
Cade Cunningham,player_assists,10.5,-145,Bovada,Cleveland Cavaliers at Detroit Pistons,9.9,48,Neutral Matchup,LOW
Daniss Jenkins,player_assists,2.5,-200,Bovada,Cleveland Cavaliers at Detroit Pistons,2.5,62,Neutral Matchup,MEDIUM
Daniss Jenkins,player_assists,2.5,150,Bovada,Cleveland Cavaliers at Detroit Pistons,2.8,61,Weak Matchup,MEDIUM
Daniss Jenkins,player_assists,3.5,120,Bovada,Cleveland Cavaliers at Detroit Pistons,3.6,52,Weak Matchup,LOW
Daniss Jenkins,player_assists,3.5,-160,Bovada,Cleveland Cavaliers at Detroit Pistons,3.0,46,Neutral Matchup,LOW
Donovan Mitchell,player_assists,3.5,-145,Bovada,Cleveland Cavaliers at Detroit Pistons,3.2,59,Weak Matchup,MEDIUM
Donovan Mitchell,player_assists,3.5,110,Bovada,Cleveland Cavaliers at Detroit Pistons,3.3,77,Neutral Matchup,HIGH
Donovan Mitchell,player_assists,4.5,150,Bovada,Cleveland Cavaliers at Detroit Pistons,4.8,55,Weak Matchup,MEDIUM
Donovan Mitchell,player_assists,4.5,-200,Bovada,Cleveland Cavaliers at Detroit Pistons,4.7,53,Weak Matchup,LOW
Duncan Robinson,player_assists,1.5,-170,Bovada,Cleveland Cavaliers at Detroit Pistons,1.7,49,Weak Matchup,LOW
Duncan Robinson,player_assists,1.5,130,Bovada,Cleveland Cavaliers at Detroit Pistons,1.7,54,Strong Matchup,LOW
Duncan Robinson,player_assists,2.5,170,Bovada,Cleveland Cavaliers at Detroit Pistons,2.3,75,Weak Matchup,HIGH
Duncan Robinson,player_assists,2.5,-230,Bovada,Cleveland Cavaliers at Detroit Pistons,2.6,62,Strong Matchup,MEDIUM
Evan Mobley,player_assists,2.5,-200,Bovada,Cleveland Cavaliers at Detroit Pistons,2.7,64,Strong Matchup,MEDIUM
Evan Mobley,player_assists,2.5,150,Bovada,Cleveland Cavaliers at Detroit Pistons,2.5,61,Strong Matchup,MEDIUM
Evan Mobley,player_assists,3.5,125,Bovada,Cleveland Cavaliers at Detroit Pistons,3.8,46,Strong Matchup,LOW
Evan Mobley,player_assists,3.5,-165,Bovada,Cleveland Cavaliers at Detroit Pistons,3.9,62,Neutral Matchup,MEDIUM
Jalen Duren,player_assists,1.5,-230,Bovada,Cleveland Cavaliers at Detroit Pistons,1.7,66,Neutral Matchup,MEDIUM
Jalen Duren,player_assists,1.5,170,Bovada,Cleveland Cavaliers at Detroit Pistons,1.5,85,Weak Matchup,HIGH
Jalen Duren,player_assists,2.5,130,Bovada,Cleveland Cavaliers at Detroit Pistons,2.9,70,Strong Matchup,HIGH
Jalen Duren,player_assists,2.5,-170,Bovada,Cleveland Cavaliers at Detroit Pistons,2.6,51,Neutral Matchup,LOW
James Harden,player_assists,5.5,-220,Bovada,Cleveland Cavaliers at Detroit Pistons,6.3,66,Strong Matchup,MEDIUM
James Harden,player_assists,5.5,165,Bovada,Cleveland Cavaliers at Detroit Pistons,6.1,46,Strong Matchup,LOW
James Harden,player_assists,6.5,-115,Bovada,Cleveland Cavaliers at Detroit Pistons,6.0,85,Neutral Matchup,HIGH
James Harden,player_assists,6.5,-115,Bovada,Cleveland Cavaliers at Detroit Pistons,6.7,80,Neutral Matchup,HIGH
James Harden,player_assists,7.5,155,Bovada,Cleveland Cavaliers at Detroit Pistons,8.1,58,Strong Matchup,MEDIUM
James Harden,player_assists,7.5,-210,Bovada,Cleveland Cavaliers at Detroit Pistons,8.1,67,Weak Matchup,MEDIUM
Jarrett Allen,player_assists,0.5,-250,Bovada,Cleveland Cavaliers at Detroit Pistons,0.5,46,Strong Matchup,LOW
Jarrett Allen,player_assists,0.5,185,Bovada,Cleveland Cavaliers at Detroit Pistons,0.5,65,Weak Matchup,MEDIUM
Jarrett Allen,player_assists,1.5,175,Bovada,Cleveland Cavaliers at Detroit Pistons,1.5,65,Strong Matchup,MEDIUM
Jarrett Allen,player_assists,1.5,-240,Bovada,Cleveland Cavaliers at Detroit Pistons,1.6,68,Strong Matchup,MEDIUM
Tobias Harris,player_assists,1.5,-170,Bovada,Cleveland Cavaliers at Detroit Pistons,1.3,62,Neutral Matchup,MEDIUM
Tobias Harris,player_assists,1.5,130,Bovada,Cleveland Cavaliers at Detroit Pistons,1.6,50,Weak Matchup,LOW
Tobias Harris,player_assists,2.5,170,Bovada,Cleveland Cavaliers at Detroit Pistons,2.2,77,Neutral Matchup,HIGH
Tobias Harris,player_assists,2.5,-230,Bovada,Cleveland Cavaliers at Detroit Pistons,2.5,59,Strong Matchup,MEDIUM
Ausar Thompson,player_points,7.5,-280,Bovada,Cleveland Cavaliers at Detroit Pistons,7.9,80,Weak Matchup,HIGH
Ausar Thompson,player_points,7.5,205,Bovada,Cleveland Cavaliers at Detroit Pistons,7.7,47,Strong Matchup,LOW
Ausar Thompson,player_points,8.5,-190,Bovada,Cleveland Cavaliers at Detroit Pistons,8.1,68,Neutral Matchup,MEDIUM
Ausar Thompson,player_points,8.5,145,Bovada,Cleveland Cavaliers at Detroit Pistons,7.3,72,Neutral Matchup,HIGH
Ausar Thompson,player_points,9.5,-135,Bovada,Cleveland Cavaliers at Detroit Pistons,9.4,81,Neutral Matchup,HIGH
Ausar Thompson,player_points,9.5,105,Bovada,Cleveland Cavaliers at Detroit Pistons,10.2,75,Neutral Matchup,HIGH
Ausar Thompson,player_points,10.5,100,Bovada,Cleveland Cavaliers at Detroit Pistons,10.8,83,Weak Matchup,HIGH
Ausar Thompson,player_points,10.5,-130,Bovada,Cleveland Cavaliers at Detroit Pistons,9.0,60,Strong Matchup,MEDIUM
Ausar Thompson,player_points,11.5,135,Bovada,Cleveland Cavaliers at Detroit Pistons,10.7,59,Weak Matchup,MEDIUM
Ausar Thompson,player_points,11.5,-180,Bovada,Cleveland Cavaliers at Detroit Pistons,10.4,59,Strong Matchup,MEDIUM
Ausar Thompson,player_points,12.5,175,Bovada,Cleveland Cavaliers at Detroit Pistons,13.4,64,Strong Matchup,MEDIUM
Ausar Thompson,player_points,12.5,-240,Bovada,Cleveland Cavaliers at Detroit Pistons,12.7,85,Weak Matchup,HIGH
Cade Cunningham,player_points,23.5,-275,Bovada,Cleveland Cavaliers at Detroit Pistons,25.5,64,Neutral Matchup,MEDIUM
Cade Cunningham,player_points,23.5,200,Bovada,Cleveland Cavaliers at Detroit Pistons,23.9,61,Weak Matchup,MEDIUM
Cade Cunningham,player_points,24.5,-220,Bovada,Cleveland Cavaliers at Detroit Pistons,27.3,49,Neutral Matchup,LOW
Cade Cunningham,player_points,24.5,165,Bovada,Cleveland Cavaliers at Detroit Pistons,21.9,62,Neutral Matchup,MEDIUM
Cade Cunningham,player_points,25.5,-180,Bovada,Cleveland Cavaliers at Detroit Pistons,23.7,74,Strong Matchup,HIGH
Cade Cunningham,player_points,25.5,135,Bovada,Cleveland Cavaliers at Detroit Pistons,23.8,58,Neutral Matchup,MEDIUM
Cade Cunningham,player_points,26.5,-145,Bovada,Cleveland Cavaliers at Detroit Pistons,26.8,63,Weak Matchup,MEDIUM
Cade Cunningham,player_points,26.5,110,Bovada,Cleveland Cavaliers at Detroit Pistons,27.7,77,Neutral Matchup,HIGH
Cade Cunningham,player_points,27.5,-120,Bovada,Cleveland Cavaliers at Detroit Pistons,24.4,47,Strong Matchup,LOW
Cade Cunningham,player_points,27.5,-110,Bovada,Cleveland Cavaliers at Detroit Pistons,28.9,51,Neutral Matchup,LOW
Cade Cunningham,player_points,28.5,100,Bovada,Cleveland Cavaliers at Detroit Pistons,30.0,46,Neutral Matchup,LOW
Cade Cunningham,player_points,28.5,-130,Bovada,Cleveland Cavaliers at Detroit Pistons,29.8,83,Neutral Matchup,HIGH
Cade Cunningham,player_points,29.5,120,Bovada,Cleveland Cavaliers at Detroit Pistons,26.5,76,Neutral Matchup,HIGH
Cade Cunningham,player_points,29.5,-160,Bovada,Cleveland Cavaliers at Detroit Pistons,31.2,56,Strong Matchup,MEDIUM
Cade Cunningham,player_points,30.5,145,Bovada,Cleveland Cavaliers at Detroit Pistons,28.6,61,Weak Matchup,MEDIUM
Cade Cunningham,player_points,30.5,-190,Bovada,Cleveland Cavaliers at Detroit Pistons,32.9,48,Neutral Matchup,LOW
Cade Cunningham,player_points,31.5,170,Bovada,Cleveland Cavaliers at Detroit Pistons,30.0,57,Neutral Matchup,MEDIUM
Cade Cunningham,player_points,31.5,-230,Bovada,Cleveland Cavaliers at Detroit Pistons,31.0,74,Strong Matchup,HIGH
Cade Cunningham,player_points,32.5,205,Bovada,Cleveland Cavaliers at Detroit Pistons,36.3,57,Strong Matchup,MEDIUM
Cade Cunningham,player_points,32.5,-280,Bovada,Cleveland Cavaliers at Detroit Pistons,32.5,71,Neutral Matchup,HIGH
Daniss Jenkins,player_points,6.5,-230,Bovada,Cleveland Cavaliers at Detroit Pistons,6.8,50,Weak Matchup,LOW
Daniss Jenkins,player_points,6.5,170,Bovada,Cleveland Cavaliers at Detroit Pistons,6.5,62,Weak Matchup,MEDIUM
Daniss Jenkins,player_points,7.5,-150,Bovada,Cleveland Cavaliers at Detroit Pistons,7.9,64,Strong Matchup,MEDIUM
Daniss Jenkins,player_points,7.5,115,Bovada,Cleveland Cavaliers at Detroit Pistons,7.4,48,Strong Matchup,LOW
Daniss Jenkins,player_points,8.5,-110,Bovada,Cleveland Cavaliers at Detroit Pistons,8.7,56,Weak Matchup,MEDIUM
Daniss Jenkins,player_points,8.5,-120,Bovada,Cleveland Cavaliers at Detroit Pistons,9.3,76,Weak Matchup,HIGH
Daniss Jenkins,player_points,9.5,125,Bovada,Cleveland Cavaliers at Detroit Pistons,10.5,54,Neutral Matchup,LOW
Daniss Jenkins,player_points,9.5,-165,Bovada,Cleveland Cavaliers at Detroit Pistons,10.1,75,Neutral Matchup,HIGH
Daniss Jenkins,player_points,10.5,170,Bovada,Cleveland Cavaliers at Detroit Pistons,12.0,48,Neutral Matchup,LOW
Daniss Jenkins,player_points,10.5,-230,Bovada,Cleveland Cavaliers at Detroit Pistons,10.6,84,Weak Matchup,HIGH
Dean Wade,player_points,3.5,-180,Bovada,Cleveland Cavaliers at Detroit Pistons,4.0,72,Neutral Matchup,HIGH
Dean Wade,player_points,3.5,135,Bovada,Cleveland Cavaliers at Detroit Pistons,3.3,47,Neutral Matchup,LOW
Dean Wade,player_points,4.5,-110,Bovada,Cleveland Cavaliers at Detroit Pistons,4.5,55,Weak Matchup,MEDIUM
Dean Wade,player_points,4.5,-120,Bovada,Cleveland Cavaliers at Detroit Pistons,4.3,81,Weak Matchup,HIGH
Dean Wade,player_points,5.5,135,Bovada,Cleveland Cavaliers at Detroit Pistons,5.6,78,Neutral Matchup,HIGH
Dean Wade,player_points,5.5,-180,Bovada,Cleveland Cavaliers at Detroit Pistons,4.9,79,Strong Matchup,HIGH
Dean Wade,player_points,6.5,200,Bovada,Cleveland Cavaliers at Detroit Pistons,7.2,73,Neutral Matchup,HIGH
Dean Wade,player_points,6.5,-275,Bovada,Cleveland Cavaliers at Detroit Pistons,7.0,64,Neutral Matchup,MEDIUM
Donovan Mitchell,player_points,20.5,-260,Bovada,Cleveland Cavaliers at Detroit Pistons,17.5,46,Strong Matchup,LOW
Donovan Mitchell,player_points,20.5,190,Bovada,Cleveland Cavaliers at Detroit Pistons,20.7,54,Strong Matchup,LOW
Donovan Mitchell,player_points,21.5,-210,Bovada,Cleveland Cavaliers at Detroit Pistons,21.8,81,Neutral Matchup,HIGH
Donovan Mitchell,player_points,21.5,155,Bovada,Cleveland Cavaliers at Detroit Pistons,22.4,85,Strong Matchup,HIGH
Donovan Mitchell,player_points,22.5,-165,Bovada,Cleveland Cavaliers at Detroit Pistons,25.3,66,Strong Matchup,MEDIUM
Donovan Mitchell,player_points,22.5,125,Bovada,Cleveland Cavaliers at Detroit Pistons,19.5,56,Neutral Matchup,MEDIUM
Donovan Mitchell,player_points,23.5,-135,Bovada,Cleveland Cavaliers at Detroit Pistons,20.9,67,Weak Matchup,MEDIUM
Donovan Mitchell,player_points,23.5,105,Bovada,Cleveland Cavaliers at Detroit Pistons,24.3,78,Weak Matchup,HIGH
Donovan Mitchell,player_points,24.5,-110,Bovada,Cleveland Cavaliers at Detroit Pistons,25.6,63,Strong Matchup,MEDIUM
Donovan Mitchell,player_points,24.5,-120,Bovada,Cleveland Cavaliers at Detroit Pistons,21.9,79,Neutral Matchup,HIGH
Donovan Mitchell,player_points,25.5,110,Bovada,Cleveland Cavaliers at Detroit Pistons,24.5,72,Strong Matchup,HIGH
Donovan Mitchell,player_points,25.5,-145,Bovada,Cleveland Cavaliers at Detroit Pistons,22.1,54,Neutral Matchup,LOW
Donovan Mitchell,player_points,26.5,135,Bovada,Cleveland Cavaliers at Detroit Pistons,23.3,54,Strong Matchup,LOW
Donovan Mitchell,player_points,26.5,-180,Bovada,Cleveland Cavaliers at Detroit Pistons,28.5,69,Neutral Matchup,MEDIUM
Donovan Mitchell,player_points,27.5,165,Bovada,Cleveland Cavaliers at Detroit Pistons,28.1,76,Weak Matchup,HIGH
Donovan Mitchell,player_points,27.5,-220,Bovada,Cleveland Cavaliers at Detroit Pistons,25.4,76,Strong Matchup,HIGH
Donovan Mitchell,player_points,28.5,200,Bovada,Cleveland Cavaliers at Detroit Pistons,25.5,52,Weak Matchup,LOW
Donovan Mitchell,player_points,28.5,-275,Bovada,Cleveland Cavaliers at Detroit Pistons,25.8,69,Strong Matchup,MEDIUM
Duncan Robinson,player_points,8.5,-275,Bovada,Cleveland Cavaliers at Detroit Pistons,8.0,78,Weak Matchup,HIGH
Duncan Robinson,player_points,8.5,200,Bovada,Cleveland Cavaliers at Detroit Pistons,8.8,71,Neutral Matchup,HIGH
Duncan Robinson,player_points,9.5,-190,Bovada,Cleveland Cavaliers at Detroit Pistons,9.8,58,Neutral Matchup,MEDIUM
Duncan Robinson,player_points,9.5,145,Bovada,Cleveland Cavaliers at Detroit Pistons,10.3,76,Neutral Matchup,HIGH
Duncan Robinson,player_points,10.5,-145,Bovada,Cleveland Cavaliers at Detroit Pistons,8.9,55,Strong Matchup,MEDIUM
Duncan Robinson,player_points,10.5,110,Bovada,Cleveland Cavaliers at Detroit Pistons,11.7,65,Neutral Matchup,MEDIUM
Duncan Robinson,player_points,11.5,-105,Bovada,Cleveland Cavaliers at Detroit Pistons,12.3,48,Neutral Matchup,LOW
Duncan Robinson,player_points,11.5,-125,Bovada,Cleveland Cavaliers at Detroit Pistons,10.5,84,Weak Matchup,HIGH
Duncan Robinson,player_points,12.5,125,Bovada,Cleveland Cavaliers at Detroit Pistons,13.0,72,Weak Matchup,HIGH
Duncan Robinson,player_points,12.5,-165,Bovada,Cleveland Cavaliers at Detroit Pistons,14.3,63,Neutral Matchup,MEDIUM
Duncan Robinson,player_points,13.5,165,Bovada,Cleveland Cavaliers at Detroit Pistons,14.3,48,Neutral Matchup,LOW
Duncan Robinson,player_points,13.5,-220,Bovada,Cleveland Cavaliers at Detroit Pistons,12.6,72,Strong Matchup,HIGH
Evan Mobley,player_points,12.5,-230,Bovada,Cleveland Cavaliers at Detroit Pistons,12.0,63,Neutral Matchup,MEDIUM
Evan Mobley,player_points,12.5,170,Bovada,Cleveland Cavaliers at Detroit Pistons,12.7,85,Strong Matchup,HIGH
Evan Mobley,player_points,13.5,-170,Bovada,Cleveland Cavaliers at Detroit Pistons,12.4,61,Weak Matchup,MEDIUM
Evan Mobley,player_points,13.5,130,Bovada,Cleveland Cavaliers at Detroit Pistons,15.2,53,Neutral Matchup,LOW
Evan Mobley,player_points,14.5,-130,Bovada,Cleveland Cavaliers at Detroit Pistons,13.4,81,Strong Matchup,HIGH
Evan Mobley,player_points,14.5,100,Bovada,Cleveland Cavaliers at Detroit Pistons,14.2,65,Weak Matchup,MEDIUM
Evan Mobley,player_points,15.5,100,Bovada,Cleveland Cavaliers at Detroit Pistons,14.0,76,Weak Matchup,HIGH
Evan Mobley,player_points,15.5,-130,Bovada,Cleveland Cavaliers at Detroit Pistons,14.3,65,Strong Matchup,MEDIUM
Evan Mobley,player_points,16.5,125,Bovada,Cleveland Cavaliers at Detroit Pistons,18.8,46,Neutral Matchup,LOW
Evan Mobley,player_points,16.5,-165,Bovada,Cleveland Cavaliers at Detroit Pistons,15.0,59,Neutral Matchup,MEDIUM
Evan Mobley,player_points,17.5,160,Bovada,Cleveland Cavaliers at Detroit Pistons,18.0,48,Neutral Matchup,LOW
Evan Mobley,player_points,17.5,-215,Bovada,Cleveland Cavaliers at Detroit Pistons,15.7,62,Strong Matchup,MEDIUM
Evan Mobley,player_points,18.5,200,Bovada,Cleveland Cavaliers at Detroit Pistons,18.0,62,Neutral Matchup,MEDIUM
Evan Mobley,player_points,18.5,-275,Bovada,Cleveland Cavaliers at Detroit Pistons,19.3,63,Weak Matchup,MEDIUM
Isaiah Stewart II,player_points,2.5,-240,Bovada,Cleveland Cavaliers at Detroit Pistons,2.2,62,Neutral Matchup,MEDIUM
Isaiah Stewart II,player_points,2.5,175,Bovada,Cleveland Cavaliers at Detroit Pistons,2.1,80,Weak Matchup,HIGH
Isaiah Stewart II,player_points,3.5,-135,Bovada,Cleveland Cavaliers at Detroit Pistons,3.8,73,Strong Matchup,HIGH
Isaiah Stewart II,player_points,3.5,105,Bovada,Cleveland Cavaliers at Detroit Pistons,3.1,49,Weak Matchup,LOW
Isaiah Stewart II,player_points,4.5,115,Bovada,Cleveland Cavaliers at Detroit Pistons,5.1,46,Weak Matchup,LOW
Isaiah Stewart II,player_points,4.5,-150,Bovada,Cleveland Cavaliers at Detroit Pistons,4.8,51,Neutral Matchup,LOW
Isaiah Stewart II,player_points,5.5,170,Bovada,Cleveland Cavaliers at Detroit Pistons,5.7,52,Weak Matchup,LOW
Isaiah Stewart II,player_points,5.5,-230,Bovada,Cleveland Cavaliers at Detroit Pistons,5.6,64,Weak Matchup,MEDIUM
Jalen Duren,player_points,11.5,-260,Bovada,Cleveland Cavaliers at Detroit Pistons,12.3,61,Strong Matchup,MEDIUM
Jalen Duren,player_points,11.5,190,Bovada,Cleveland Cavaliers at Detroit Pistons,10.6,59,Weak Matchup,MEDIUM
Jalen Duren,player_points,12.5,-190,Bovada,Cleveland Cavaliers at Detroit Pistons,14.0,57,Neutral Matchup,MEDIUM
Jalen Duren,player_points,12.5,145,Bovada,Cleveland Cavaliers at Detroit Pistons,13.7,75,Neutral Matchup,HIGH
Jalen Duren,player_points,13.5,-145,Bovada,Cleveland Cavaliers at Detroit Pistons,14.7,60,Strong Matchup,MEDIUM
Jalen Duren,player_points,13.5,110,Bovada,Cleveland Cavaliers at Detroit Pistons,13.9,84,Neutral Matchup,HIGH
Jalen Duren,player_points,14.5,-110,Bovada,Cleveland Cavaliers at Detroit Pistons,16.5,72,Neutral Matchup,HIGH
Jalen Duren,player_points,14.5,-120,Bovada,Cleveland Cavaliers at Detroit Pistons,16.5,61,Strong Matchup,MEDIUM
Jalen Duren,player_points,15.5,115,Bovada,Cleveland Cavaliers at Detroit Pistons,15.4,83,Weak Matchup,HIGH
Jalen Duren,player_points,15.5,-150,Bovada,Cleveland Cavaliers at Detroit Pistons,14.1,73,Strong Matchup,HIGH
Jalen Duren,player_points,16.5,150,Bovada,Cleveland Cavaliers at Detroit Pistons,15.8,55,Neutral Matchup,MEDIUM
Jalen Duren,player_points,16.5,-200,Bovada,Cleveland Cavaliers at Detroit Pistons,15.0,47,Neutral Matchup,LOW
Jalen Duren,player_points,17.5,185,Bovada,Cleveland Cavaliers at Detroit Pistons,16.2,70,Neutral Matchup,HIGH
Jalen Duren,player_points,17.5,-250,Bovada,Cleveland Cavaliers at Detroit Pistons,15.7,54,Neutral Matchup,LOW
James Harden,player_points,16.5,-230,Bovada,Cleveland Cavaliers at Detroit Pistons,17.2,56,Neutral Matchup,MEDIUM
James Harden,player_points,16.5,170,Bovada,Cleveland Cavaliers at Detroit Pistons,14.9,72,Strong Matchup,HIGH
James Harden,player_points,17.5,-180,Bovada,Cleveland Cavaliers at Detroit Pistons,18.1,71,Weak Matchup,HIGH
James Harden,player_points,17.5,135,Bovada,Cleveland Cavaliers at Detroit Pistons,19.7,81,Neutral Matchup,HIGH
James Harden,player_points,18.5,-135,Bovada,Cleveland Cavaliers at Detroit Pistons,20.4,50,Neutral Matchup,LOW
James Harden,player_points,18.5,105,Bovada,Cleveland Cavaliers at Detroit Pistons,18.8,68,Strong Matchup,MEDIUM
James Harden,player_points,19.5,-110,Bovada,Cleveland Cavaliers at Detroit Pistons,16.9,49,Strong Matchup,LOW
James Harden,player_points,19.5,-120,Bovada,Cleveland Cavaliers at Detroit Pistons,19.9,59,Weak Matchup,MEDIUM
James Harden,player_points,20.5,115,Bovada,Cleveland Cavaliers at Detroit Pistons,18.9,83,Neutral Matchup,HIGH
James Harden,player_points,20.5,-150,Bovada,Cleveland Cavaliers at Detroit Pistons,19.1,79,Neutral Matchup,HIGH
James Harden,player_points,21.5,140,Bovada,Cleveland Cavaliers at Detroit Pistons,20.5,63,Weak Matchup,MEDIUM
James Harden,player_points,21.5,-185,Bovada,Cleveland Cavaliers at Detroit Pistons,22.1,71,Weak Matchup,HIGH
James Harden,player_points,22.5,170,Bovada,Cleveland Cavaliers at Detroit Pistons,20.5,55,Strong Matchup,MEDIUM
James Harden,player_points,22.5,-230,Bovada,Cleveland Cavaliers at Detroit Pistons,20.4,67,Weak Matchup,MEDIUM
James Harden,player_points,23.5,210,Bovada,Cleveland Cavaliers at Detroit Pistons,22.0,55,Weak Matchup,MEDIUM
James Harden,player_points,23.5,-290,Bovada,Cleveland Cavaliers at Detroit Pistons,25.2,74,Neutral Matchup,HIGH
Jarrett Allen,player_points,8.5,-230,Bovada,Cleveland Cavaliers at Detroit Pistons,8.9,47,Weak Matchup,LOW
Jarrett Allen,player_points,8.5,170,Bovada,Cleveland Cavaliers at Detroit Pistons,9.6,61,Weak Matchup,MEDIUM
Jarrett Allen,player_points,9.5,-165,Bovada,Cleveland Cavaliers at Detroit Pistons,9.5,78,Weak Matchup,HIGH
Jarrett Allen,player_points,9.5,125,Bovada,Cleveland Cavaliers at Detroit Pistons,8.5,74,Neutral Matchup,HIGH
Jarrett Allen,player_points,10.5,-120,Bovada,Cleveland Cavaliers at Detroit Pistons,10.7,74,Weak Matchup,HIGH
Jarrett Allen,player_points,10.5,-110,Bovada,Cleveland Cavaliers at Detroit Pistons,9.0,69,Neutral Matchup,MEDIUM
Jarrett Allen,player_points,11.5,110,Bovada,Cleveland Cavaliers at Detroit Pistons,10.7,51,Strong Matchup,LOW
Jarrett Allen,player_points,11.5,-145,Bovada,Cleveland Cavaliers at Detroit Pistons,10.7,55,Strong Matchup,MEDIUM
Jarrett Allen,player_points,12.5,145,Bovada,Cleveland Cavaliers at Detroit Pistons,12.0,62,Neutral Matchup,MEDIUM
Jarrett Allen,player_points,12.5,-190,Bovada,Cleveland Cavaliers at Detroit Pistons,11.4,82,Neutral Matchup,HIGH
Jarrett Allen,player_points,13.5,190,Bovada,Cleveland Cavaliers at Detroit Pistons,11.9,65,Weak Matchup,MEDIUM
Jarrett Allen,player_points,13.5,-260,Bovada,Cleveland Cavaliers at Detroit Pistons,13.9,50,Neutral Matchup,LOW
Max Strus,player_points,7.5,-250,Bovada,Cleveland Cavaliers at Detroit Pistons,8.1,70,Strong Matchup,HIGH
Max Strus,player_points,7.5,185,Bovada,Cleveland Cavaliers at Detroit Pistons,8.5,83,Weak Matchup,HIGH
Max Strus,player_points,8.5,-170,Bovada,Cleveland Cavaliers at Detroit Pistons,7.6,63,Weak Matchup,MEDIUM
Max Strus,player_points,8.5,130,Bovada,Cleveland Cavaliers at Detroit Pistons,7.5,74,Strong Matchup,HIGH
Max Strus,player_points,9.5,-125,Bovada,Cleveland Cavaliers at Detroit Pistons,10.9,76,Neutral Matchup,HIGH
Max Strus,player_points,9.5,-105,Bovada,Cleveland Cavaliers at Detroit Pistons,8.8,64,Strong Matchup,MEDIUM
Max Strus,player_points,10.5,110,Bovada,Cleveland Cavaliers at Detroit Pistons,10.4,76,Weak Matchup,HIGH
Max Strus,player_points,10.5,-145,Bovada,Cleveland Cavaliers at Detroit Pistons,11.2,67,Strong Matchup,MEDIUM
Max Strus,player_points,11.5,145,Bovada,Cleveland Cavaliers at Detroit Pistons,10.7,83,Weak Matchup,HIGH
Max Strus,player_points,11.5,-190,Bovada,Cleveland Cavaliers at Detroit Pistons,11.8,77,Strong Matchup,HIGH
Max Strus,player_points,12.5,190,Bovada,Cleveland Cavaliers at Detroit Pistons,10.7,74,Neutral Matchup,HIGH
Max Strus,player_points,12.5,-260,Bovada,Cleveland Cavaliers at Detroit Pistons,13.0,78,Weak Matchup,HIGH
Tobias Harris,player_points,14.5,-290,Bovada,Cleveland Cavaliers at Detroit Pistons,16.6,63,Neutral Matchup,MEDIUM
Tobias Harris,player_points,14.5,210,Bovada,Cleveland Cavaliers at Detroit Pistons,13.1,80,Weak Matchup,HIGH
Tobias Harris,player_points,15.5,-220,Bovada,Cleveland Cavaliers at Detroit Pistons,14.2,64,Neutral Matchup,MEDIUM
Tobias Harris,player_points,15.5,165,Bovada,Cleveland Cavaliers at Detroit Pistons,13.3,63,Weak Matchup,MEDIUM
Tobias Harris,player_points,16.5,-170,Bovada,Cleveland Cavaliers at Detroit Pistons,14.4,53,Strong Matchup,LOW
Tobias Harris,player_points,16.5,130,Bovada,Cleveland Cavaliers at Detroit Pistons,17.7,85,Strong Matchup,HIGH
Tobias Harris,player_points,17.5,-130,Bovada,Cleveland Cavaliers at Detroit Pistons,19.9,59,Neutral Matchup,MEDIUM
Tobias Harris,player_points,17.5,100,Bovada,Cleveland Cavaliers at Detroit Pistons,19.0,47,Weak Matchup,LOW
Tobias Harris,player_points,18.5,-105,Bovada,Cleveland Cavaliers at Detroit Pistons,20.8,73,Weak Matchup,HIGH
Tobias Harris,player_points,18.5,-125,Bovada,Cleveland Cavaliers at Detroit Pistons,21.1,47,Weak Matchup,LOW
Tobias Harris,player_points,19.5,120,Bovada,Cleveland Cavaliers at Detroit Pistons,19.3,79,Neutral Matchup,HIGH
Tobias Harris,player_points,19.5,-160,Bovada,Cleveland Cavaliers at Detroit Pistons,17.5,59,Weak Matchup,MEDIUM
Tobias Harris,player_points,20.5,150,Bovada,Cleveland Cavaliers at Detroit Pistons,20.2,84,Neutral Matchup,HIGH
Tobias Harris,player_points,20.5,-200,Bovada,Cleveland Cavaliers at Detroit Pistons,19.6,71,Strong Matchup,HIGH
Tobias Harris,player_points,21.5,185,Bovada,Cleveland Cavaliers at Detroit Pistons,18.8,70,Weak Matchup,HIGH
Tobias Harris,player_points,21.5,-250,Bovada,Cleveland Cavaliers at Detroit Pistons,20.5,58,Weak Matchup,MEDIUM
Ausar Thompson,player_rebounds,5.5,-280,Bovada,Cleveland Cavaliers at Detroit Pistons,5.4,77,Neutral Matchup,HIGH
Ausar Thompson,player_rebounds,5.5,205,Bovada,Cleveland Cavaliers at Detroit Pistons,4.9,71,Neutral Matchup,HIGH
Ausar Thompson,player_rebounds,6.5,-150,Bovada,Cleveland Cavaliers at Detroit Pistons,6.1,82,Neutral Matchup,HIGH
Ausar Thompson,player_rebounds,6.5,115,Bovada,Cleveland Cavaliers at Detroit Pistons,7.3,48,Weak Matchup,LOW
Ausar Thompson,player_rebounds,7.5,115,Bovada,Cleveland Cavaliers at Detroit Pistons,6.9,82,Weak Matchup,HIGH
Ausar Thompson,player_rebounds,7.5,-150,Bovada,Cleveland Cavaliers at Detroit Pistons,7.2,55,Weak Matchup,MEDIUM
Ausar Thompson,player_rebounds,8.5,190,Bovada,Cleveland Cavaliers at Detroit Pistons,7.3,84,Neutral Matchup,HIGH
Ausar Thompson,player_rebounds,8.5,-260,Bovada,Cleveland Cavaliers at Detroit Pistons,7.7,78,Weak Matchup,HIGH
Cade Cunningham,player_rebounds,4.5,-185,Bovada,Cleveland Cavaliers at Detroit Pistons,4.5,77,Strong Matchup,HIGH
Cade Cunningham,player_rebounds,4.5,140,Bovada,Cleveland Cavaliers at Detroit Pistons,4.5,83,Neutral Matchup,HIGH
Cade Cunningham,player_rebounds,5.5,105,Bovada,Cleveland Cavaliers at Detroit Pistons,6.1,60,Weak Matchup,MEDIUM
Cade Cunningham,player_rebounds,5.5,-135,Bovada,Cleveland Cavaliers at Detroit Pistons,5.7,59,Strong Matchup,MEDIUM
Cade Cunningham,player_rebounds,6.5,190,Bovada,Cleveland Cavaliers at Detroit Pistons,6.6,61,Strong Matchup,MEDIUM
Cade Cunningham,player_rebounds,6.5,-260,Bovada,Cleveland Cavaliers at Detroit Pistons,7.5,67,Neutral Matchup,MEDIUM
Dean Wade,player_rebounds,2.5,-220,Bovada,Cleveland Cavaliers at Detroit Pistons,2.4,85,Neutral Matchup,HIGH
Dean Wade,player_rebounds,2.5,165,Bovada,Cleveland Cavaliers at Detroit Pistons,2.5,78,Neutral Matchup,HIGH
Dean Wade,player_rebounds,3.5,105,Bovada,Cleveland Cavaliers at Detroit Pistons,3.9,51,Neutral Matchup,LOW
Dean Wade,player_rebounds,3.5,-135,Bovada,Cleveland Cavaliers at Detroit Pistons,3.9,64,Weak Matchup,MEDIUM
Donovan Mitchell,player_rebounds,3.5,-135,Bovada,Cleveland Cavaliers at Detroit Pistons,3.9,73,Strong Matchup,HIGH
Donovan Mitchell,player_rebounds,3.5,105,Bovada,Cleveland Cavaliers at Detroit Pistons,3.9,80,Weak Matchup,HIGH
Donovan Mitchell,player_rebounds,4.5,150,Bovada,Cleveland Cavaliers at Detroit Pistons,5.0,69,Neutral Matchup,MEDIUM
Donovan Mitchell,player_rebounds,4.5,-200,Bovada,Cleveland Cavaliers at Detroit Pistons,4.7,63,Weak Matchup,MEDIUM
Duncan Robinson,player_rebounds,1.5,-215,Bovada,Cleveland Cavaliers at Detroit Pistons,1.5,72,Strong Matchup,HIGH
Duncan Robinson,player_rebounds,1.5,160,Bovada,Cleveland Cavaliers at Detroit Pistons,1.7,76,Strong Matchup,HIGH
Duncan Robinson,player_rebounds,2.5,130,Bovada,Cleveland Cavaliers at Detroit Pistons,2.5,64,Strong Matchup,MEDIUM
Duncan Robinson,player_rebounds,2.5,-170,Bovada,Cleveland Cavaliers at Detroit Pistons,2.4,60,Weak Matchup,MEDIUM
Evan Mobley,player_rebounds,7.5,-185,Bovada,Cleveland Cavaliers at Detroit Pistons,6.4,47,Weak Matchup,LOW
Evan Mobley,player_rebounds,7.5,140,Bovada,Cleveland Cavaliers at Detroit Pistons,6.9,80,Neutral Matchup,HIGH
Evan Mobley,player_rebounds,8.5,-110,Bovada,Cleveland Cavaliers at Detroit Pistons,9.4,72,Weak Matchup,HIGH
Evan Mobley,player_rebounds,8.5,-120,Bovada,Cleveland Cavaliers at Detroit Pistons,8.8,58,Neutral Matchup,MEDIUM
Evan Mobley,player_rebounds,9.5,150,Bovada,Cleveland Cavaliers at Detroit Pistons,8.7,66,Strong Matchup,MEDIUM
Evan Mobley,player_rebounds,9.5,-200,Bovada,Cleveland Cavaliers at Detroit Pistons,8.7,58,Weak Matchup,MEDIUM
Isaiah Stewart II,player_rebounds,2.5,-135,Bovada,Cleveland Cavaliers at Detroit Pistons,2.3,71,Strong Matchup,HIGH
Isaiah Stewart II,player_rebounds,2.5,105,Bovada,Cleveland Cavaliers at Detroit Pistons,2.3,68,Weak Matchup,MEDIUM
Isaiah Stewart II,player_rebounds,3.5,165,Bovada,Cleveland Cavaliers at Detroit Pistons,3.9,61,Weak Matchup,MEDIUM
Isaiah Stewart II,player_rebounds,3.5,-220,Bovada,Cleveland Cavaliers at Detroit Pistons,3.2,85,Strong Matchup,HIGH
Jalen Duren,player_rebounds,9.5,-250,Bovada,Cleveland Cavaliers at Detroit Pistons,9.9,82,Weak Matchup,HIGH
Jalen Duren,player_rebounds,9.5,185,Bovada,Cleveland Cavaliers at Detroit Pistons,8.4,65,Strong Matchup,MEDIUM
Jalen Duren,player_rebounds,10.5,-160,Bovada,Cleveland Cavaliers at Detroit Pistons,10.1,75,Neutral Matchup,HIGH
Jalen Duren,player_rebounds,10.5,120,Bovada,Cleveland Cavaliers at Detroit Pistons,10.0,81,Strong Matchup,HIGH
Jalen Duren,player_rebounds,11.5,100,Bovada,Cleveland Cavaliers at Detroit Pistons,11.0,62,Strong Matchup,MEDIUM
Jalen Duren,player_rebounds,11.5,-130,Bovada,Cleveland Cavaliers at Detroit Pistons,12.3,66,Strong Matchup,MEDIUM
Jalen Duren,player_rebounds,12.5,150,Bovada,Cleveland Cavaliers at Detroit Pistons,11.5,69,Neutral Matchup,MEDIUM
Jalen Duren,player_rebounds,12.5,-200,Bovada,Cleveland Cavaliers at Detroit Pistons,11.2,52,Neutral Matchup,LOW
James Harden,player_rebounds,4.5,-150,Bovada,Cleveland Cavaliers at Detroit Pistons,4.2,48,Strong Matchup,LOW
James Harden,player_rebounds,4.5,115,Bovada,Cleveland Cavaliers at Detroit Pistons,4.9,72,Weak Matchup,HIGH
James Harden,player_rebounds,5.5,125,Bovada,Cleveland Cavaliers at Detroit Pistons,5.0,45,Neutral Matchup,LOW
James Harden,player_rebounds,5.5,-165,Bovada,Cleveland Cavaliers at Detroit Pistons,5.5,55,Weak Matchup,MEDIUM
Jarrett Allen,player_rebounds,5.5,-280,Bovada,Cleveland Cavaliers at Detroit Pistons,5.3,79,Strong Matchup,HIGH
Jarrett Allen,player_rebounds,5.5,205,Bovada,Cleveland Cavaliers at Detroit Pistons,5.7,81,Weak Matchup,HIGH
Jarrett Allen,player_rebounds,6.5,-150,Bovada,Cleveland Cavaliers at Detroit Pistons,6.4,81,Weak Matchup,HIGH
Jarrett Allen,player_rebounds,6.5,115,Bovada,Cleveland Cavaliers at Detroit Pistons,6.6,66,Strong Matchup,MEDIUM
Jarrett Allen,player_rebounds,7.5,115,Bovada,Cleveland Cavaliers at Detroit Pistons,7.0,57,Strong Matchup,MEDIUM
Jarrett Allen,player_rebounds,7.5,-150,Bovada,Cleveland Cavaliers at Detroit Pistons,8.4,83,Weak Matchup,HIGH
Jarrett Allen,player_rebounds,8.5,190,Bovada,Cleveland Cavaliers at Detroit Pistons,8.8,85,Strong Matchup,HIGH
Jarrett Allen,player_rebounds,8.5,-260,Bovada,Cleveland Cavaliers at Detroit Pistons,8.6,76,Weak Matchup,HIGH
Max Strus,player_rebounds,3.5,-160,Bovada,Cleveland Cavaliers at Detroit Pistons,3.8,52,Neutral Matchup,LOW
Max Strus,player_rebounds,3.5,120,Bovada,Cleveland Cavaliers at Detroit Pistons,3.7,45,Neutral Matchup,LOW
Max Strus,player_rebounds,4.5,130,Bovada,Cleveland Cavaliers at Detroit Pistons,4.5,77,Strong Matchup,HIGH
Max Strus,player_rebounds,4.5,-170,Bovada,Cleveland Cavaliers at Detroit Pistons,5.1,74,Strong Matchup,HIGH
Tobias Harris,player_rebounds,5.5,-190,Bovada,Cleveland Cavaliers at Detroit Pistons,5.8,52,Weak Matchup,LOW
Tobias Harris,player_rebounds,5.5,145,Bovada,Cleveland Cavaliers at Detroit Pistons,6.1,72,Neutral Matchup,HIGH
Tobias Harris,player_rebounds,6.5,-105,Bovada,Cleveland Cavaliers at Detroit Pistons,6.6,50,Weak Matchup,LOW
Tobias Harris,player_rebounds,6.5,-125,Bovada,Cleveland Cavaliers at Detroit Pistons,6.5,48,Weak Matchup,LOW
Tobias Harris,player_rebounds,7.5,165,Bovada,Cleveland Cavaliers at Detroit Pistons,6.9,72,Strong Matchup,HIGH
Tobias Harris,player_rebounds,7.5,-220,Bovada,Cleveland Cavaliers at Detroit Pistons,7.8,67,Strong Matchup,MEDIUM
Cade Cunningham,player_threes,1.5,-240,Bovada,Cleveland Cavaliers at Detroit Pistons,1.3,52,Neutral Matchup,LOW
Cade Cunningham,player_threes,1.5,175,Bovada,Cleveland Cavaliers at Detroit Pistons,1.7,61,Strong Matchup,MEDIUM
Cade Cunningham,player_threes,2.5,130,Bovada,Cleveland Cavaliers at Detroit Pistons,2.8,55,Strong Matchup,MEDIUM
Cade Cunningham,player_threes,2.5,-170,Bovada,Cleveland Cavaliers at Detroit Pistons,2.7,57,Neutral Matchup,MEDIUM
Daniss Jenkins,player_threes,0.5,-300,Bovada,Cleveland Cavaliers at Detroit Pistons,0.6,66,Strong Matchup,MEDIUM
Daniss Jenkins,player_threes,0.5,215,Bovada,Cleveland Cavaliers at Detroit Pistons,0.5,60,Strong Matchup,MEDIUM
Daniss Jenkins,player_threes,1.5,160,Bovada,Cleveland Cavaliers at Detroit Pistons,1.6,69,Weak Matchup,MEDIUM
Daniss Jenkins,player_threes,1.5,-215,Bovada,Cleveland Cavaliers at Detroit Pistons,1.5,66,Strong Matchup,MEDIUM
Donovan Mitchell,player_threes,2.5,-115,Bovada,Cleveland Cavaliers at Detroit Pistons,2.8,77,Weak Matchup,HIGH
Donovan Mitchell,player_threes,2.5,-115,Bovada,Cleveland Cavaliers at Detroit Pistons,2.3,73,Strong Matchup,HIGH
Duncan Robinson,player_threes,2.5,-125,Bovada,Cleveland Cavaliers at Detroit Pistons,2.7,73,Strong Matchup,HIGH
Duncan Robinson,player_threes,2.5,-105,Bovada,Cleveland Cavaliers at Detroit Pistons,2.2,60,Neutral Matchup,MEDIUM
Duncan Robinson,player_threes,3.5,200,Bovada,Cleveland Cavaliers at Detroit Pistons,3.1,79,Strong Matchup,HIGH
Duncan Robinson,player_threes,3.5,-275,Bovada,Cleveland Cavaliers at Detroit Pistons,3.8,60,Weak Matchup,MEDIUM
Evan Mobley,player_threes,0.5,-220,Bovada,Cleveland Cavaliers at Detroit Pistons,0.5,59,Neutral Matchup,MEDIUM
Evan Mobley,player_threes,0.5,165,Bovada,Cleveland Cavaliers at Detroit Pistons,0.5,67,Strong Matchup,MEDIUM
Evan Mobley,player_threes,1.5,210,Bovada,Cleveland Cavaliers at Detroit Pistons,1.6,79,Weak Matchup,HIGH
Evan Mobley,player_threes,1.5,-290,Bovada,Cleveland Cavaliers at Detroit Pistons,1.7,62,Weak Matchup,MEDIUM
James Harden,player_threes,2.5,105,Bovada,Cleveland Cavaliers at Detroit Pistons,2.5,68,Weak Matchup,MEDIUM
James Harden,player_threes,2.5,-135,Bovada,Cleveland Cavaliers at Detroit Pistons,2.5,54,Neutral Matchup,LOW
Max Strus,player_threes,1.5,-240,Bovada,Cleveland Cavaliers at Detroit Pistons,1.3,55,Strong Matchup,MEDIUM
Max Strus,player_threes,1.5,175,Bovada,Cleveland Cavaliers at Detroit Pistons,1.6,85,Weak Matchup,HIGH
Max Strus,player_threes,2.5,130,Bovada,Cleveland Cavaliers at Detroit Pistons,2.6,81,Strong Matchup,HIGH
Max Strus,player_threes,2.5,-170,Bovada,Cleveland Cavaliers at Detroit Pistons,2.6,75,Weak Matchup,HIGH
Tobias Harris,player_threes,1.5,125,Bovada,Cleveland Cavaliers at Detroit Pistons,1.4,67,Strong Matchup,MEDIUM
Tobias Harris,player_threes,1.5,-165,Bovada,Cleveland Cavaliers at Detroit Pistons,1.7,60,Weak Matchup,MEDIUM
LeBron James,player_assists,7.5,-120,DraftKings,Los Angeles Lakers at Oklahoma City Thunder,8.1,84,Strong Matchup,HIGH
LeBron James,player_assists,7.5,-110,DraftKings,Los Angeles Lakers at Oklahoma City Thunder,7.7,72,Weak Matchup,HIGH
Shai Gilgeous-Alexander,player_assists,6.5,-153,DraftKings,Los Angeles Lakers at Oklahoma City Thunder,6.6,82,Strong Matchup,HIGH
Shai Gilgeous-Alexander,player_assists,6.5,116,DraftKings,Los Angeles Lakers at Oklahoma City Thunder,6.0,78,Weak Matchup,HIGH
Austin Reaves,player_assists,5.5,114,DraftKings,Los Angeles Lakers at Oklahoma City Thunder,5.9,80,Weak Matchup,HIGH
Austin Reaves,player_assists,5.5,-151,DraftKings,Los Angeles Lakers at Oklahoma City Thunder,5.8,61,Neutral Matchup,MEDIUM
Ajay Mitchell,player_assists,3.5,-139,DraftKings,Los Angeles Lakers at Oklahoma City Thunder,3.2,45,Weak Matchup,LOW
Ajay Mitchell,player_assists,3.5,106,DraftKings,Los Angeles Lakers at Oklahoma City Thunder,3.9,66,Neutral Matchup,MEDIUM
Marcus Smart,player_assists,3.5,-125,DraftKings,Los Angeles Lakers at Oklahoma City Thunder,3.5,82,Weak Matchup,HIGH
Marcus Smart,player_assists,3.5,-105,DraftKings,Los Angeles Lakers at Oklahoma City Thunder,3.6,84,Neutral Matchup,HIGH
Isaiah Hartenstein,player_assists,2.5,-169,DraftKings,Los Angeles Lakers at Oklahoma City Thunder,2.6,80,Strong Matchup,HIGH
Isaiah Hartenstein,player_assists,2.5,128,DraftKings,Los Angeles Lakers at Oklahoma City Thunder,2.9,60,Strong Matchup,MEDIUM
Chet Holmgren,player_assists,1.5,117,DraftKings,Los Angeles Lakers at Oklahoma City Thunder,1.4,74,Strong Matchup,HIGH
Chet Holmgren,player_assists,1.5,-155,DraftKings,Los Angeles Lakers at Oklahoma City Thunder,1.6,51,Weak Matchup,LOW
Luguentz Dort,player_assists,1.5,178,DraftKings,Los Angeles Lakers at Oklahoma City Thunder,1.7,50,Neutral Matchup,LOW
Luguentz Dort,player_assists,1.5,-238,DraftKings,Los Angeles Lakers at Oklahoma City Thunder,1.3,50,Weak Matchup,LOW
Rui Hachimura,player_assists,0.5,-180,DraftKings,Los Angeles Lakers at Oklahoma City Thunder,0.5,56,Strong Matchup,MEDIUM
Rui Hachimura,player_assists,0.5,136,DraftKings,Los Angeles Lakers at Oklahoma City Thunder,0.5,81,Strong Matchup,HIGH
Deandre Ayton,player_assists,0.5,-139,DraftKings,Los Angeles Lakers at Oklahoma City Thunder,0.5,66,Weak Matchup,MEDIUM
Deandre Ayton,player_assists,0.5,106,DraftKings,Los Angeles Lakers at Oklahoma City Thunder,0.6,74,Weak Matchup,HIGH
Shai Gilgeous-Alexander,player_points,29.5,-102,DraftKings,Los Angeles Lakers at Oklahoma City Thunder,30.9,47,Strong Matchup,LOW
Shai Gilgeous-Alexander,player_points,29.5,-124,DraftKings,Los Angeles Lakers at Oklahoma City Thunder,28.4,56,Neutral Matchup,MEDIUM
LeBron James,player_points,20.5,-121,DraftKings,Los Angeles Lakers at Oklahoma City Thunder,23.5,71,Weak Matchup,HIGH
LeBron James,player_points,20.5,-106,DraftKings,Los Angeles Lakers at Oklahoma City Thunder,17.6,64,Strong Matchup,MEDIUM
Austin Reaves,player_points,18.5,-117,DraftKings,Los Angeles Lakers at Oklahoma City Thunder,21.0,83,Weak Matchup,HIGH
Austin Reaves,player_points,18.5,-109,DraftKings,Los Angeles Lakers at Oklahoma City Thunder,16.8,58,Weak Matchup,MEDIUM
Ajay Mitchell,player_points,16.5,-107,DraftKings,Los Angeles Lakers at Oklahoma City Thunder,15.7,74,Strong Matchup,HIGH
Ajay Mitchell,player_points,16.5,-119,DraftKings,Los Angeles Lakers at Oklahoma City Thunder,18.5,53,Neutral Matchup,LOW
Chet Holmgren,player_points,16.5,100,DraftKings,Los Angeles Lakers at Oklahoma City Thunder,15.3,45,Neutral Matchup,LOW
Chet Holmgren,player_points,16.5,-127,DraftKings,Los Angeles Lakers at Oklahoma City Thunder,16.6,48,Strong Matchup,LOW
Rui Hachimura,player_points,12.5,-111,DraftKings,Los Angeles Lakers at Oklahoma City Thunder,13.8,58,Strong Matchup,MEDIUM
Rui Hachimura,player_points,12.5,-115,DraftKings,Los Angeles Lakers at Oklahoma City Thunder,14.3,57,Weak Matchup,MEDIUM
Marcus Smart,player_points,10.5,-111,DraftKings,Los Angeles Lakers at Oklahoma City Thunder,9.6,69,Strong Matchup,MEDIUM
Marcus Smart,player_points,10.5,-115,DraftKings,Los Angeles Lakers at Oklahoma City Thunder,11.5,78,Neutral Matchup,HIGH
Deandre Ayton,player_points,9.5,-133,DraftKings,Los Angeles Lakers at Oklahoma City Thunder,8.4,64,Neutral Matchup,MEDIUM
Deandre Ayton,player_points,9.5,105,DraftKings,Los Angeles Lakers at Oklahoma City Thunder,8.2,81,Neutral Matchup,HIGH
Luke Kennard,player_points,7.5,-119,DraftKings,Los Angeles Lakers at Oklahoma City Thunder,8.5,68,Neutral Matchup,MEDIUM
Luke Kennard,player_points,7.5,-107,DraftKings,Los Angeles Lakers at Oklahoma City Thunder,8.0,72,Neutral Matchup,HIGH
Isaiah Hartenstein,player_points,7.5,-115,DraftKings,Los Angeles Lakers at Oklahoma City Thunder,8.0,52,Neutral Matchup,LOW
Isaiah Hartenstein,player_points,7.5,-111,DraftKings,Los Angeles Lakers at Oklahoma City Thunder,7.1,78,Strong Matchup,HIGH
Isaiah Joe,player_points,6.5,-120,DraftKings,Los Angeles Lakers at Oklahoma City Thunder,6.2,59,Neutral Matchup,MEDIUM
Isaiah Joe,player_points,6.5,-106,DraftKings,Los Angeles Lakers at Oklahoma City Thunder,6.0,83,Strong Matchup,HIGH
Cason Wallace,player_points,6.5,-118,DraftKings,Los Angeles Lakers at Oklahoma City Thunder,5.6,47,Weak Matchup,LOW
Cason Wallace,player_points,6.5,-108,DraftKings,Los Angeles Lakers at Oklahoma City Thunder,6.9,60,Weak Matchup,MEDIUM
Luguentz Dort,player_points,6.5,-116,DraftKings,Los Angeles Lakers at Oklahoma City Thunder,6.3,68,Strong Matchup,MEDIUM
Luguentz Dort,player_points,6.5,-110,DraftKings,Los Angeles Lakers at Oklahoma City Thunder,6.7,83,Neutral Matchup,HIGH
Alex Caruso,player_points,6.5,-114,DraftKings,Los Angeles Lakers at Oklahoma City Thunder,6.1,52,Neutral Matchup,LOW
Alex Caruso,player_points,6.5,-112,DraftKings,Los Angeles Lakers at Oklahoma City Thunder,6.6,69,Strong Matchup,MEDIUM
Jaxson Hayes,player_points,4.5,103,DraftKings,Los Angeles Lakers at Oklahoma City Thunder,4.4,75,Neutral Matchup,HIGH
Jaxson Hayes,player_points,4.5,-132,DraftKings,Los Angeles Lakers at Oklahoma City Thunder,4.8,65,Weak Matchup,MEDIUM
Jaylin Williams,player_points,3.5,-114,DraftKings,Los Angeles Lakers at Oklahoma City Thunder,3.7,55,Strong Matchup,MEDIUM
Jaylin Williams,player_points,3.5,-111,DraftKings,Los Angeles Lakers at Oklahoma City Thunder,3.2,71,Weak Matchup,HIGH
Jake LaRavia,player_points,3.5,-105,DraftKings,Los Angeles Lakers at Oklahoma City Thunder,3.0,46,Neutral Matchup,LOW
Jake LaRavia,player_points,3.5,-121,DraftKings,Los Angeles Lakers at Oklahoma City Thunder,3.1,62,Neutral Matchup,MEDIUM
Jared McCain,player_points,3.5,113,DraftKings,Los Angeles Lakers at Oklahoma City Thunder,3.9,55,Neutral Matchup,MEDIUM
Jared McCain,player_points,3.5,-144,DraftKings,Los Angeles Lakers at Oklahoma City Thunder,3.8,85,Weak Matchup,HIGH
Chet Holmgren,player_rebounds,8.5,-133,DraftKings,Los Angeles Lakers at Oklahoma City Thunder,8.1,47,Weak Matchup,LOW
Chet Holmgren,player_rebounds,8.5,101,DraftKings,Los Angeles Lakers at Oklahoma City Thunder,8.8,64,Weak Matchup,MEDIUM
Deandre Ayton,player_rebounds,8.5,-129,DraftKings,Los Angeles Lakers at Oklahoma City Thunder,7.8,46,Neutral Matchup,LOW
Deandre Ayton,player_rebounds,8.5,-102,DraftKings,Los Angeles Lakers at Oklahoma City Thunder,7.5,70,Strong Matchup,HIGH
Isaiah Hartenstein,player_rebounds,8.5,107,DraftKings,Los Angeles Lakers at Oklahoma City Thunder,9.6,49,Neutral Matchup,LOW
Isaiah Hartenstein,player_rebounds,8.5,-140,DraftKings,Los Angeles Lakers at Oklahoma City Thunder,9.6,61,Neutral Matchup,MEDIUM
LeBron James,player_rebounds,6.5,-120,DraftKings,Los Angeles Lakers at Oklahoma City Thunder,6.1,54,Strong Matchup,LOW
LeBron James,player_rebounds,6.5,-110,DraftKings,Los Angeles Lakers at Oklahoma City Thunder,6.2,71,Weak Matchup,HIGH
Austin Reaves,player_rebounds,4.5,-112,DraftKings,Los Angeles Lakers at Oklahoma City Thunder,4.8,81,Strong Matchup,HIGH
Austin Reaves,player_rebounds,4.5,-118,DraftKings,Los Angeles Lakers at Oklahoma City Thunder,4.7,45,Strong Matchup,LOW
Shai Gilgeous-Alexander,player_rebounds,4.5,123,DraftKings,Los Angeles Lakers at Oklahoma City Thunder,4.2,51,Neutral Matchup,LOW
Shai Gilgeous-Alexander,player_rebounds,4.5,-163,DraftKings,Los Angeles Lakers at Oklahoma City Thunder,4.6,62,Neutral Matchup,MEDIUM
Jaxson Hayes,player_rebounds,3.5,-161,DraftKings,Los Angeles Lakers at Oklahoma City Thunder,3.3,58,Neutral Matchup,MEDIUM
Jaxson Hayes,player_rebounds,3.5,122,DraftKings,Los Angeles Lakers at Oklahoma City Thunder,3.7,68,Neutral Matchup,MEDIUM
Rui Hachimura,player_rebounds,3.5,-141,DraftKings,Los Angeles Lakers at Oklahoma City Thunder,3.0,51,Strong Matchup,LOW
Rui Hachimura,player_rebounds,3.5,107,DraftKings,Los Angeles Lakers at Oklahoma City Thunder,3.4,61,Neutral Matchup,MEDIUM
Ajay Mitchell,player_rebounds,3.5,-112,DraftKings,Los Angeles Lakers at Oklahoma City Thunder,3.0,58,Neutral Matchup,MEDIUM
Ajay Mitchell,player_rebounds,3.5,-118,DraftKings,Los Angeles Lakers at Oklahoma City Thunder,3.8,60,Weak Matchup,MEDIUM
Jaylin Williams,player_rebounds,3.5,103,DraftKings,Los Angeles Lakers at Oklahoma City Thunder,3.5,61,Weak Matchup,MEDIUM
Jaylin Williams,player_rebounds,3.5,-136,DraftKings,Los Angeles Lakers at Oklahoma City Thunder,3.7,80,Strong Matchup,HIGH
Marcus Smart,player_rebounds,3.5,128,DraftKings,Los Angeles Lakers at Oklahoma City Thunder,3.5,66,Weak Matchup,MEDIUM
Marcus Smart,player_rebounds,3.5,-170,DraftKings,Los Angeles Lakers at Oklahoma City Thunder,3.5,65,Strong Matchup,MEDIUM
Luke Kennard,player_rebounds,2.5,-166,DraftKings,Los Angeles Lakers at Oklahoma City Thunder,2.8,73,Neutral Matchup,HIGH
Luke Kennard,player_rebounds,2.5,125,DraftKings,Los Angeles Lakers at Oklahoma City Thunder,2.5,67,Strong Matchup,MEDIUM
Luguentz Dort,player_rebounds,2.5,-150,DraftKings,Los Angeles Lakers at Oklahoma City Thunder,2.5,58,Strong Matchup,MEDIUM
Luguentz Dort,player_rebounds,2.5,114,DraftKings,Los Angeles Lakers at Oklahoma City Thunder,2.6,77,Weak Matchup,HIGH
Alex Caruso,player_rebounds,2.5,-130,DraftKings,Los Angeles Lakers at Oklahoma City Thunder,2.8,64,Weak Matchup,MEDIUM
Alex Caruso,player_rebounds,2.5,-102,DraftKings,Los Angeles Lakers at Oklahoma City Thunder,2.5,58,Weak Matchup,MEDIUM
Rui Hachimura,player_threes,1.5,-186,DraftKings,Los Angeles Lakers at Oklahoma City Thunder,1.4,48,Strong Matchup,LOW
Rui Hachimura,player_threes,1.5,140,DraftKings,Los Angeles Lakers at Oklahoma City Thunder,1.4,74,Strong Matchup,HIGH
Austin Reaves,player_threes,1.5,-168,DraftKings,Los Angeles Lakers at Oklahoma City Thunder,1.3,63,Strong Matchup,MEDIUM
Austin Reaves,player_threes,1.5,127,DraftKings,Los Angeles Lakers at Oklahoma City Thunder,1.4,45,Neutral Matchup,LOW
Luguentz Dort,player_threes,1.5,-152,DraftKings,Los Angeles Lakers at Oklahoma City Thunder,1.4,64,Neutral Matchup,MEDIUM
Luguentz Dort,player_threes,1.5,115,DraftKings,Los Angeles Lakers at Oklahoma City Thunder,1.3,57,Strong Matchup,MEDIUM
Marcus Smart,player_threes,1.5,-152,DraftKings,Los Angeles Lakers at Oklahoma City Thunder,1.4,46,Weak Matchup,LOW
Marcus Smart,player_threes,1.5,115,DraftKings,Los Angeles Lakers at Oklahoma City Thunder,1.5,67,Neutral Matchup,MEDIUM
Shai Gilgeous-Alexander,player_threes,1.5,-125,DraftKings,Los Angeles Lakers at Oklahoma City Thunder,1.7,73,Strong Matchup,HIGH
Shai Gilgeous-Alexander,player_threes,1.5,-105,DraftKings,Los Angeles Lakers at Oklahoma City Thunder,1.6,67,Strong Matchup,MEDIUM
Ajay Mitchell,player_threes,1.5,-104,DraftKings,Los Angeles Lakers at Oklahoma City Thunder,1.7,69,Neutral Matchup,MEDIUM
Ajay Mitchell,player_threes,1.5,-127,DraftKings,Los Angeles Lakers at Oklahoma City Thunder,1.4,62,Strong Matchup,MEDIUM
LeBron James,player_threes,1.5,120,DraftKings,Los Angeles Lakers at Oklahoma City Thunder,1.7,74,Neutral Matchup,HIGH
LeBron James,player_threes,1.5,-158,DraftKings,Los Angeles Lakers at Oklahoma City Thunder,1.3,61,Strong Matchup,MEDIUM
Chet Holmgren,player_threes,1.5,124,DraftKings,Los Angeles Lakers at Oklahoma City Thunder,1.6,79,Neutral Matchup,HIGH
Chet Holmgren,player_threes,1.5,-164,DraftKings,Los Angeles Lakers at Oklahoma City Thunder,1.4,64,Weak Matchup,MEDIUM
Ajay Mitchell,player_assists,3.5,-135,BetMGM,Los Angeles Lakers at Oklahoma City Thunder,3.5,81,Strong Matchup,HIGH
Ajay Mitchell,player_assists,3.5,100,BetMGM,Los Angeles Lakers at Oklahoma City Thunder,3.2,85,Weak Matchup,HIGH
Shai Gilgeous-Alexander,player_assists,6.5,-150,BetMGM,Los Angeles Lakers at Oklahoma City Thunder,6.9,47,Strong Matchup,LOW
Shai Gilgeous-Alexander,player_assists,6.5,110,BetMGM,Los Angeles Lakers at Oklahoma City Thunder,5.7,63,Neutral Matchup,MEDIUM
Isaiah Hartenstein,player_assists,2.5,-175,BetMGM,Los Angeles Lakers at Oklahoma City Thunder,2.4,65,Strong Matchup,MEDIUM
Isaiah Hartenstein,player_assists,2.5,130,BetMGM,Los Angeles Lakers at Oklahoma City Thunder,2.5,54,Strong Matchup,LOW
Chet Holmgren,player_assists,1.5,-105,BetMGM,Los Angeles Lakers at Oklahoma City Thunder,1.5,58,Neutral Matchup,MEDIUM
Chet Holmgren,player_assists,1.5,-125,BetMGM,Los Angeles Lakers at Oklahoma City Thunder,1.3,70,Weak Matchup,HIGH
Marcus Smart,player_assists,3.5,-111,BetMGM,Los Angeles Lakers at Oklahoma City Thunder,3.5,74,Neutral Matchup,HIGH
Marcus Smart,player_assists,3.5,-120,BetMGM,Los Angeles Lakers at Oklahoma City Thunder,3.0,56,Neutral Matchup,MEDIUM
LeBron James,player_assists,7.5,-110,BetMGM,Los Angeles Lakers at Oklahoma City Thunder,6.7,50,Strong Matchup,LOW
LeBron James,player_assists,7.5,-120,BetMGM,Los Angeles Lakers at Oklahoma City Thunder,8.6,45,Strong Matchup,LOW
Deandre Ayton,player_assists,0.5,-155,BetMGM,Los Angeles Lakers at Oklahoma City Thunder,0.5,51,Weak Matchup,LOW
Deandre Ayton,player_assists,0.5,115,BetMGM,Los Angeles Lakers at Oklahoma City Thunder,0.5,53,Strong Matchup,LOW
Rui Hachimura,player_assists,0.5,-155,BetMGM,Los Angeles Lakers at Oklahoma City Thunder,0.5,48,Weak Matchup,LOW
Rui Hachimura,player_assists,0.5,115,BetMGM,Los Angeles Lakers at Oklahoma City Thunder,0.5,67,Neutral Matchup,MEDIUM
Luguentz Dort,player_assists,1.5,165,BetMGM,Los Angeles Lakers at Oklahoma City Thunder,1.4,70,Weak Matchup,HIGH
Luguentz Dort,player_assists,1.5,-220,BetMGM,Los Angeles Lakers at Oklahoma City Thunder,1.4,74,Weak Matchup,HIGH
Austin Reaves,player_assists,5.5,115,BetMGM,Los Angeles Lakers at Oklahoma City Thunder,5.8,63,Strong Matchup,MEDIUM
Austin Reaves,player_assists,5.5,-155,BetMGM,Los Angeles Lakers at Oklahoma City Thunder,6.1,62,Weak Matchup,MEDIUM
Luke Kennard,player_assists,1.5,-160,BetMGM,Los Angeles Lakers at Oklahoma City Thunder,1.4,68,Strong Matchup,MEDIUM
Luke Kennard,player_assists,1.5,120,BetMGM,Los Angeles Lakers at Oklahoma City Thunder,1.5,71,Neutral Matchup,HIGH
Alex Caruso,player_assists,1.5,-140,BetMGM,Los Angeles Lakers at Oklahoma City Thunder,1.4,55,Strong Matchup,MEDIUM
Alex Caruso,player_assists,1.5,105,BetMGM,Los Angeles Lakers at Oklahoma City Thunder,1.5,80,Neutral Matchup,HIGH
Austin Reaves,player_blocks,0.5,-118,BetMGM,Los Angeles Lakers at Oklahoma City Thunder,0.6,70,Strong Matchup,HIGH
Austin Reaves,player_blocks,0.5,-115,BetMGM,Los Angeles Lakers at Oklahoma City Thunder,0.5,56,Neutral Matchup,MEDIUM
LeBron James,player_blocks,0.5,125,BetMGM,Los Angeles Lakers at Oklahoma City Thunder,0.5,56,Neutral Matchup,MEDIUM
LeBron James,player_blocks,0.5,-175,BetMGM,Los Angeles Lakers at Oklahoma City Thunder,0.4,80,Neutral Matchup,HIGH
Shai Gilgeous-Alexander,player_blocks,0.5,-135,BetMGM,Los Angeles Lakers at Oklahoma City Thunder,0.5,74,Neutral Matchup,HIGH
Shai Gilgeous-Alexander,player_blocks,0.5,100,BetMGM,Los Angeles Lakers at Oklahoma City Thunder,0.5,50,Strong Matchup,LOW
Luguentz Dort,player_blocks,0.5,185,BetMGM,Los Angeles Lakers at Oklahoma City Thunder,0.5,67,Weak Matchup,MEDIUM
Luguentz Dort,player_blocks,0.5,-275,BetMGM,Los Angeles Lakers at Oklahoma City Thunder,0.5,79,Weak Matchup,HIGH
Isaiah Hartenstein,player_blocks,0.5,-190,BetMGM,Los Angeles Lakers at Oklahoma City Thunder,0.5,64,Weak Matchup,MEDIUM
Isaiah Hartenstein,player_blocks,0.5,140,BetMGM,Los Angeles Lakers at Oklahoma City Thunder,0.4,74,Weak Matchup,HIGH
Rui Hachimura,player_blocks,0.5,150,BetMGM,Los Angeles Lakers at Oklahoma City Thunder,0.5,77,Weak Matchup,HIGH
Rui Hachimura,player_blocks,0.5,-210,BetMGM,Los Angeles Lakers at Oklahoma City Thunder,0.5,77,Strong Matchup,HIGH
Deandre Ayton,player_blocks,0.5,-235,BetMGM,Los Angeles Lakers at Oklahoma City Thunder,0.4,84,Strong Matchup,HIGH
Deandre Ayton,player_blocks,0.5,170,BetMGM,Los Angeles Lakers at Oklahoma City Thunder,0.6,74,Strong Matchup,HIGH
Chet Holmgren,player_blocks,1.5,-175,BetMGM,Los Angeles Lakers at Oklahoma City Thunder,1.5,84,Neutral Matchup,HIGH
Chet Holmgren,player_blocks,1.5,125,BetMGM,Los Angeles Lakers at Oklahoma City Thunder,1.7,66,Neutral Matchup,MEDIUM
Ajay Mitchell,player_blocks,0.5,310,BetMGM,Los Angeles Lakers at Oklahoma City Thunder,0.4,78,Strong Matchup,HIGH
Ajay Mitchell,player_blocks,0.5,-525,BetMGM,Los Angeles Lakers at Oklahoma City Thunder,0.5,52,Weak Matchup,LOW
Marcus Smart,player_blocks,0.5,-135,BetMGM,Los Angeles Lakers at Oklahoma City Thunder,0.6,50,Neutral Matchup,LOW
Marcus Smart,player_blocks,0.5,-105,BetMGM,Los Angeles Lakers at Oklahoma City Thunder,0.5,50,Neutral Matchup,LOW
Shai Gilgeous-Alexander,player_points,28.5,-125,BetMGM,Los Angeles Lakers at Oklahoma City Thunder,30.5,56,Weak Matchup,MEDIUM
Shai Gilgeous-Alexander,player_points,28.5,-105,BetMGM,Los Angeles Lakers at Oklahoma City Thunder,30.1,73,Strong Matchup,HIGH
Luguentz Dort,player_points,7.5,-105,BetMGM,Los Angeles Lakers at Oklahoma City Thunder,6.6,49,Neutral Matchup,LOW
Luguentz Dort,player_points,7.5,-125,BetMGM,Los Angeles Lakers at Oklahoma City Thunder,8.4,48,Neutral Matchup,LOW
Rui Hachimura,player_points,12.5,-120,BetMGM,Los Angeles Lakers at Oklahoma City Thunder,11.9,82,Strong Matchup,HIGH
Rui Hachimura,player_points,12.5,-110,BetMGM,Los Angeles Lakers at Oklahoma City Thunder,11.7,64,Weak Matchup,MEDIUM
Isaiah Hartenstein,player_points,7.5,-125,BetMGM,Los Angeles Lakers at Oklahoma City Thunder,6.6,49,Strong Matchup,LOW
Isaiah Hartenstein,player_points,7.5,-105,BetMGM,Los Angeles Lakers at Oklahoma City Thunder,7.2,47,Weak Matchup,LOW
Marcus Smart,player_points,10.5,-105,BetMGM,Los Angeles Lakers at Oklahoma City Thunder,9.3,46,Neutral Matchup,LOW
Marcus Smart,player_points,10.5,-125,BetMGM,Los Angeles Lakers at Oklahoma City Thunder,10.3,60,Strong Matchup,MEDIUM
Chet Holmgren,player_points,16.5,-120,BetMGM,Los Angeles Lakers at Oklahoma City Thunder,18.5,48,Neutral Matchup,LOW
Chet Holmgren,player_points,16.5,-111,BetMGM,Los Angeles Lakers at Oklahoma City Thunder,16.2,66,Weak Matchup,MEDIUM
Ajay Mitchell,player_points,16.5,-115,BetMGM,Los Angeles Lakers at Oklahoma City Thunder,15.3,48,Strong Matchup,LOW
Ajay Mitchell,player_points,16.5,-115,BetMGM,Los Angeles Lakers at Oklahoma City Thunder,14.5,66,Neutral Matchup,MEDIUM
Cason Wallace,player_points,6.5,-135,BetMGM,Los Angeles Lakers at Oklahoma City Thunder,6.8,61,Weak Matchup,MEDIUM
Cason Wallace,player_points,6.5,100,BetMGM,Los Angeles Lakers at Oklahoma City Thunder,5.8,71,Strong Matchup,HIGH
Alex Caruso,player_points,6.5,-120,BetMGM,Los Angeles Lakers at Oklahoma City Thunder,5.8,59,Strong Matchup,MEDIUM
Alex Caruso,player_points,6.5,-111,BetMGM,Los Angeles Lakers at Oklahoma City Thunder,6.4,56,Neutral Matchup,MEDIUM
Jared McCain,player_points,3.5,-115,BetMGM,Los Angeles Lakers at Oklahoma City Thunder,3.3,74,Neutral Matchup,HIGH
Jared McCain,player_points,3.5,-115,BetMGM,Los Angeles Lakers at Oklahoma City Thunder,3.6,48,Strong Matchup,LOW
Isaiah Joe,player_points,6.5,100,BetMGM,Los Angeles Lakers at Oklahoma City Thunder,6.9,50,Neutral Matchup,LOW
Isaiah Joe,player_points,6.5,-135,BetMGM,Los Angeles Lakers at Oklahoma City Thunder,6.6,56,Neutral Matchup,MEDIUM
LeBron James,player_points,21.5,-115,BetMGM,Los Angeles Lakers at Oklahoma City Thunder,22.2,78,Neutral Matchup,HIGH
LeBron James,player_points,21.5,-115,BetMGM,Los Angeles Lakers at Oklahoma City Thunder,24.5,77,Neutral Matchup,HIGH
Jaylin Williams,player_points,4.5,105,BetMGM,Los Angeles Lakers at Oklahoma City Thunder,4.0,51,Neutral Matchup,LOW
Jaylin Williams,player_points,4.5,-140,BetMGM,Los Angeles Lakers at Oklahoma City Thunder,5.0,67,Weak Matchup,MEDIUM
Austin Reaves,player_points,18.5,-120,BetMGM,Los Angeles Lakers at Oklahoma City Thunder,18.7,72,Neutral Matchup,HIGH
Austin Reaves,player_points,18.5,-111,BetMGM,Los Angeles Lakers at Oklahoma City Thunder,17.3,81,Weak Matchup,HIGH
Deandre Ayton,player_points,10.5,105,BetMGM,Los Angeles Lakers at Oklahoma City Thunder,9.6,69,Strong Matchup,MEDIUM
Deandre Ayton,player_points,10.5,-140,BetMGM,Los Angeles Lakers at Oklahoma City Thunder,12.0,62,Neutral Matchup,MEDIUM
Jaxson Hayes,player_points,4.5,-105,BetMGM,Los Angeles Lakers at Oklahoma City Thunder,4.9,60,Strong Matchup,MEDIUM
Jaxson Hayes,player_points,4.5,-125,BetMGM,Los Angeles Lakers at Oklahoma City Thunder,4.3,79,Neutral Matchup,HIGH
Jake LaRavia,player_points,3.5,-135,BetMGM,Los Angeles Lakers at Oklahoma City Thunder,3.0,65,Weak Matchup,MEDIUM
Jake LaRavia,player_points,3.5,100,BetMGM,Los Angeles Lakers at Oklahoma City Thunder,3.4,72,Weak Matchup,HIGH
Luke Kennard,player_points,7.5,-120,BetMGM,Los Angeles Lakers at Oklahoma City Thunder,6.5,83,Strong Matchup,HIGH
Luke Kennard,player_points,7.5,-110,BetMGM,Los Angeles Lakers at Oklahoma City Thunder,7.1,72,Strong Matchup,HIGH
Ajay Mitchell,player_rebounds,3.5,-105,BetMGM,Los Angeles Lakers at Oklahoma City Thunder,3.1,64,Weak Matchup,MEDIUM
Ajay Mitchell,player_rebounds,3.5,-125,BetMGM,Los Angeles Lakers at Oklahoma City Thunder,3.3,69,Weak Matchup,MEDIUM
Shai Gilgeous-Alexander,player_rebounds,3.5,-160,BetMGM,Los Angeles Lakers at Oklahoma City Thunder,3.9,54,Neutral Matchup,LOW
Shai Gilgeous-Alexander,player_rebounds,3.5,120,BetMGM,Los Angeles Lakers at Oklahoma City Thunder,3.0,75,Weak Matchup,HIGH
Luguentz Dort,player_rebounds,2.5,-155,BetMGM,Los Angeles Lakers at Oklahoma City Thunder,2.2,60,Neutral Matchup,MEDIUM
Luguentz Dort,player_rebounds,2.5,115,BetMGM,Los Angeles Lakers at Oklahoma City Thunder,2.5,78,Neutral Matchup,HIGH
Chet Holmgren,player_rebounds,8.5,-135,BetMGM,Los Angeles Lakers at Oklahoma City Thunder,8.4,51,Neutral Matchup,LOW
Chet Holmgren,player_rebounds,8.5,100,BetMGM,Los Angeles Lakers at Oklahoma City Thunder,9.5,83,Strong Matchup,HIGH
Marcus Smart,player_rebounds,3.5,120,BetMGM,Los Angeles Lakers at Oklahoma City Thunder,3.8,75,Weak Matchup,HIGH
Marcus Smart,player_rebounds,3.5,-160,BetMGM,Los Angeles Lakers at Oklahoma City Thunder,3.0,63,Weak Matchup,MEDIUM
Rui Hachimura,player_rebounds,3.5,-145,BetMGM,Los Angeles Lakers at Oklahoma City Thunder,3.7,80,Neutral Matchup,HIGH
Rui Hachimura,player_rebounds,3.5,105,BetMGM,Los Angeles Lakers at Oklahoma City Thunder,3.8,53,Strong Matchup,LOW
Austin Reaves,player_rebounds,4.5,-105,BetMGM,Los Angeles Lakers at Oklahoma City Thunder,4.6,81,Neutral Matchup,HIGH
Austin Reaves,player_rebounds,4.5,-125,BetMGM,Los Angeles Lakers at Oklahoma City Thunder,5.0,76,Strong Matchup,HIGH
LeBron James,player_rebounds,6.5,-140,BetMGM,Los Angeles Lakers at Oklahoma City Thunder,6.1,71,Weak Matchup,HIGH
LeBron James,player_rebounds,6.5,105,BetMGM,Los Angeles Lakers at Oklahoma City Thunder,6.4,55,Weak Matchup,MEDIUM
Deandre Ayton,player_rebounds,8.5,-130,BetMGM,Los Angeles Lakers at Oklahoma City Thunder,9.3,67,Weak Matchup,MEDIUM
Deandre Ayton,player_rebounds,8.5,-105,BetMGM,Los Angeles Lakers at Oklahoma City Thunder,7.3,79,Strong Matchup,HIGH
Isaiah Hartenstein,player_rebounds,8.5,110,BetMGM,Los Angeles Lakers at Oklahoma City Thunder,8.7,49,Neutral Matchup,LOW
Isaiah Hartenstein,player_rebounds,8.5,-150,BetMGM,Los Angeles Lakers at Oklahoma City Thunder,7.8,85,Neutral Matchup,HIGH
Alex Caruso,player_rebounds,2.5,-165,BetMGM,Los Angeles Lakers at Oklahoma City Thunder,2.5,71,Weak Matchup,HIGH
Alex Caruso,player_rebounds,2.5,125,BetMGM,Los Angeles Lakers at Oklahoma City Thunder,2.4,50,Weak Matchup,LOW
Jaylin Williams,player_rebounds,3.5,-111,BetMGM,Los Angeles Lakers at Oklahoma City Thunder,3.3,48,Neutral Matchup,LOW
Jaylin Williams,player_rebounds,3.5,-120,BetMGM,Los Angeles Lakers at Oklahoma City Thunder,3.8,66,Weak Matchup,MEDIUM
Luke Kennard,player_rebounds,3.5,135,BetMGM,Los Angeles Lakers at Oklahoma City Thunder,3.1,74,Neutral Matchup,HIGH
Luke Kennard,player_rebounds,3.5,-185,BetMGM,Los Angeles Lakers at Oklahoma City Thunder,3.5,83,Neutral Matchup,HIGH
Jaxson Hayes,player_rebounds,3.5,-150,BetMGM,Los Angeles Lakers at Oklahoma City Thunder,3.6,62,Neutral Matchup,MEDIUM
Jaxson Hayes,player_rebounds,3.5,110,BetMGM,Los Angeles Lakers at Oklahoma City Thunder,3.6,72,Weak Matchup,HIGH
Ajay Mitchell,player_threes,1.5,-105,BetMGM,Los Angeles Lakers at Oklahoma City Thunder,1.7,85,Neutral Matchup,HIGH
Ajay Mitchell,player_threes,1.5,-125,BetMGM,Los Angeles Lakers at Oklahoma City Thunder,1.7,59,Weak Matchup,MEDIUM
Shai Gilgeous-Alexander,player_threes,1.5,105,BetMGM,Los Angeles Lakers at Oklahoma City Thunder,1.3,61,Weak Matchup,MEDIUM
Shai Gilgeous-Alexander,player_threes,1.5,-140,BetMGM,Los Angeles Lakers at Oklahoma City Thunder,1.4,47,Weak Matchup,LOW
Luguentz Dort,player_threes,1.5,-135,BetMGM,Los Angeles Lakers at Oklahoma City Thunder,1.7,56,Neutral Matchup,MEDIUM
Luguentz Dort,player_threes,1.5,100,BetMGM,Los Angeles Lakers at Oklahoma City Thunder,1.3,74,Neutral Matchup,HIGH
Chet Holmgren,player_threes,1.5,115,BetMGM,Los Angeles Lakers at Oklahoma City Thunder,1.6,65,Weak Matchup,MEDIUM
Chet Holmgren,player_threes,1.5,-155,BetMGM,Los Angeles Lakers at Oklahoma City Thunder,1.5,65,Weak Matchup,MEDIUM
Marcus Smart,player_threes,1.5,-135,BetMGM,Los Angeles Lakers at Oklahoma City Thunder,1.4,79,Strong Matchup,HIGH
Marcus Smart,player_threes,1.5,100,BetMGM,Los Angeles Lakers at Oklahoma City Thunder,1.6,66,Weak Matchup,MEDIUM
Rui Hachimura,player_threes,1.5,-150,BetMGM,Los Angeles Lakers at Oklahoma City Thunder,1.3,84,Neutral Matchup,HIGH
Rui Hachimura,player_threes,1.5,110,BetMGM,Los Angeles Lakers at Oklahoma City Thunder,1.5,70,Neutral Matchup,HIGH
LeBron James,player_threes,1.5,140,BetMGM,Los Angeles Lakers at Oklahoma City Thunder,1.6,74,Strong Matchup,HIGH
LeBron James,player_threes,1.5,-190,BetMGM,Los Angeles Lakers at Oklahoma City Thunder,1.7,57,Strong Matchup,MEDIUM
Austin Reaves,player_threes,1.5,-200,BetMGM,Los Angeles Lakers at Oklahoma City Thunder,1.4,75,Weak Matchup,HIGH
Austin Reaves,player_threes,1.5,145,BetMGM,Los Angeles Lakers at Oklahoma City Thunder,1.7,51,Weak Matchup,LOW
Cason Wallace,player_threes,1.5,155,BetMGM,Los Angeles Lakers at Oklahoma City Thunder,1.6,51,Weak Matchup,LOW
Cason Wallace,player_threes,1.5,-210,BetMGM,Los Angeles Lakers at Oklahoma City Thunder,1.5,59,Weak Matchup,MEDIUM
Isaiah Joe,player_threes,1.5,-140,BetMGM,Los Angeles Lakers at Oklahoma City Thunder,1.4,79,Strong Matchup,HIGH
Isaiah Joe,player_threes,1.5,105,BetMGM,Los Angeles Lakers at Oklahoma City Thunder,1.6,56,Neutral Matchup,MEDIUM
Alex Caruso,player_threes,1.5,120,BetMGM,Los Angeles Lakers at Oklahoma City Thunder,1.4,78,Strong Matchup,HIGH
Alex Caruso,player_threes,1.5,-160,BetMGM,Los Angeles Lakers at Oklahoma City Thunder,1.7,61,Strong Matchup,MEDIUM
Luke Kennard,player_threes,1.5,120,BetMGM,Los Angeles Lakers at Oklahoma City Thunder,1.5,69,Neutral Matchup,MEDIUM
Luke Kennard,player_threes,1.5,-160,BetMGM,Los Angeles Lakers at Oklahoma City Thunder,1.3,76,Weak Matchup,HIGH
LeBron James,player_assists,7.5,-118,FanDuel,Los Angeles Lakers at Oklahoma City Thunder,7.0,64,Strong Matchup,MEDIUM
LeBron James,player_assists,7.5,-112,FanDuel,Los Angeles Lakers at Oklahoma City Thunder,7.0,67,Strong Matchup,MEDIUM
Marcus Smart,player_assists,3.5,-114,FanDuel,Los Angeles Lakers at Oklahoma City Thunder,3.0,68,Weak Matchup,MEDIUM
Marcus Smart,player_assists,3.5,-114,FanDuel,Los Angeles Lakers at Oklahoma City Thunder,3.3,83,Neutral Matchup,HIGH
Shai Gilgeous-Alexander,player_assists,7.5,102,FanDuel,Los Angeles Lakers at Oklahoma City Thunder,7.6,60,Neutral Matchup,MEDIUM
Shai Gilgeous-Alexander,player_assists,7.5,-136,FanDuel,Los Angeles Lakers at Oklahoma City Thunder,6.8,46,Strong Matchup,LOW
Austin Reaves,player_assists,5.5,114,FanDuel,Los Angeles Lakers at Oklahoma City Thunder,6.1,77,Weak Matchup,HIGH
Austin Reaves,player_assists,5.5,-152,FanDuel,Los Angeles Lakers at Oklahoma City Thunder,6.0,57,Neutral Matchup,MEDIUM
Luke Kennard,player_assists,1.5,-178,FanDuel,Los Angeles Lakers at Oklahoma City Thunder,1.6,76,Strong Matchup,HIGH
Luke Kennard,player_assists,1.5,132,FanDuel,Los Angeles Lakers at Oklahoma City Thunder,1.5,61,Weak Matchup,MEDIUM
Ajay Mitchell,player_assists,3.5,-136,FanDuel,Los Angeles Lakers at Oklahoma City Thunder,3.0,64,Strong Matchup,MEDIUM
Ajay Mitchell,player_assists,3.5,102,FanDuel,Los Angeles Lakers at Oklahoma City Thunder,3.9,56,Neutral Matchup,MEDIUM
Chet Holmgren,player_assists,1.5,100,FanDuel,Los Angeles Lakers at Oklahoma City Thunder,1.6,68,Strong Matchup,MEDIUM
Chet Holmgren,player_assists,1.5,-132,FanDuel,Los Angeles Lakers at Oklahoma City Thunder,1.4,67,Neutral Matchup,MEDIUM
Isaiah Hartenstein,player_assists,3.5,140,FanDuel,Los Angeles Lakers at Oklahoma City Thunder,3.7,83,Strong Matchup,HIGH
Isaiah Hartenstein,player_assists,3.5,-188,FanDuel,Los Angeles Lakers at Oklahoma City Thunder,3.4,77,Weak Matchup,HIGH
Chet Holmgren,player_blocks,1.5,-146,FanDuel,Los Angeles Lakers at Oklahoma City Thunder,1.5,69,Strong Matchup,MEDIUM
Chet Holmgren,player_blocks,1.5,110,FanDuel,Los Angeles Lakers at Oklahoma City Thunder,1.3,83,Neutral Matchup,HIGH
Austin Reaves,player_points,18.5,-112,FanDuel,Los Angeles Lakers at Oklahoma City Thunder,19.2,68,Strong Matchup,MEDIUM
Austin Reaves,player_points,18.5,-118,FanDuel,Los Angeles Lakers at Oklahoma City Thunder,20.5,54,Weak Matchup,LOW
Jake LaRavia,player_points,3.5,-108,FanDuel,Los Angeles Lakers at Oklahoma City Thunder,3.0,71,Weak Matchup,HIGH
Jake LaRavia,player_points,3.5,-122,FanDuel,Los Angeles Lakers at Oklahoma City Thunder,3.8,61,Neutral Matchup,MEDIUM
Cason Wallace,player_points,6.5,-132,FanDuel,Los Angeles Lakers at Oklahoma City Thunder,6.1,45,Strong Matchup,LOW
Cason Wallace,player_points,6.5,100,FanDuel,Los Angeles Lakers at Oklahoma City Thunder,5.6,60,Strong Matchup,MEDIUM
Chet Holmgren,player_points,16.5,-104,FanDuel,Los Angeles Lakers at Oklahoma City Thunder,17.8,59,Neutral Matchup,MEDIUM
Chet Holmgren,player_points,16.5,-128,FanDuel,Los Angeles Lakers at Oklahoma City Thunder,18.2,85,Weak Matchup,HIGH
Luke Kennard,player_points,7.5,-125,FanDuel,Los Angeles Lakers at Oklahoma City Thunder,6.5,50,Strong Matchup,LOW
Luke Kennard,player_points,7.5,-106,FanDuel,Los Angeles Lakers at Oklahoma City Thunder,7.0,51,Weak Matchup,LOW
Shai Gilgeous-Alexander,player_points,28.5,-125,FanDuel,Los Angeles Lakers at Oklahoma City Thunder,27.3,81,Strong Matchup,HIGH
Shai Gilgeous-Alexander,player_points,28.5,-106,FanDuel,Los Angeles Lakers at Oklahoma City Thunder,30.1,84,Strong Matchup,HIGH
Jaylin Williams,player_points,3.5,-108,FanDuel,Los Angeles Lakers at Oklahoma City Thunder,3.2,84,Strong Matchup,HIGH
Jaylin Williams,player_points,3.5,-122,FanDuel,Los Angeles Lakers at Oklahoma City Thunder,3.1,77,Weak Matchup,HIGH
LeBron James,player_points,20.5,-125,FanDuel,Los Angeles Lakers at Oklahoma City Thunder,22.8,55,Strong Matchup,MEDIUM
LeBron James,player_points,20.5,-106,FanDuel,Los Angeles Lakers at Oklahoma City Thunder,20.5,59,Weak Matchup,MEDIUM
Jaxson Hayes,player_points,4.5,100,FanDuel,Los Angeles Lakers at Oklahoma City Thunder,4.5,70,Weak Matchup,HIGH
Jaxson Hayes,player_points,4.5,-132,FanDuel,Los Angeles Lakers at Oklahoma City Thunder,4.1,46,Strong Matchup,LOW
Isaiah Joe,player_points,6.5,-114,FanDuel,Los Angeles Lakers at Oklahoma City Thunder,7.5,50,Neutral Matchup,LOW
Isaiah Joe,player_points,6.5,-114,FanDuel,Los Angeles Lakers at Oklahoma City Thunder,7.1,79,Weak Matchup,HIGH
Luguentz Dort,player_points,6.5,-125,FanDuel,Los Angeles Lakers at Oklahoma City Thunder,6.6,53,Strong Matchup,LOW
Luguentz Dort,player_points,6.5,-106,FanDuel,Los Angeles Lakers at Oklahoma City Thunder,5.7,77,Neutral Matchup,HIGH
Deandre Ayton,player_points,9.5,-120,FanDuel,Los Angeles Lakers at Oklahoma City Thunder,8.8,71,Strong Matchup,HIGH
Deandre Ayton,player_points,9.5,-110,FanDuel,Los Angeles Lakers at Oklahoma City Thunder,9.8,81,Neutral Matchup,HIGH
Rui Hachimura,player_points,12.5,-122,FanDuel,Los Angeles Lakers at Oklahoma City Thunder,13.8,81,Strong Matchup,HIGH
Rui Hachimura,player_points,12.5,-108,FanDuel,Los Angeles Lakers at Oklahoma City Thunder,13.2,64,Neutral Matchup,MEDIUM
Ajay Mitchell,player_points,16.5,100,FanDuel,Los Angeles Lakers at Oklahoma City Thunder,17.2,80,Weak Matchup,HIGH
Ajay Mitchell,player_points,16.5,-132,FanDuel,Los Angeles Lakers at Oklahoma City Thunder,14.3,47,Neutral Matchup,LOW
Marcus Smart,player_points,10.5,-104,FanDuel,Los Angeles Lakers at Oklahoma City Thunder,9.4,49,Weak Matchup,LOW
Marcus Smart,player_points,10.5,-128,FanDuel,Los Angeles Lakers at Oklahoma City Thunder,12.0,72,Strong Matchup,HIGH
Isaiah Hartenstein,player_points,7.5,-130,FanDuel,Los Angeles Lakers at Oklahoma City Thunder,8.6,45,Strong Matchup,LOW
Isaiah Hartenstein,player_points,7.5,-102,FanDuel,Los Angeles Lakers at Oklahoma City Thunder,7.5,61,Strong Matchup,MEDIUM
Jared McCain,player_points,3.5,102,FanDuel,Los Angeles Lakers at Oklahoma City Thunder,3.4,68,Neutral Matchup,MEDIUM
Jared McCain,player_points,3.5,-136,FanDuel,Los Angeles Lakers at Oklahoma City Thunder,3.9,48,Neutral Matchup,LOW
Alex Caruso,player_points,6.5,-104,FanDuel,Los Angeles Lakers at Oklahoma City Thunder,6.8,48,Neutral Matchup,LOW
Alex Caruso,player_points,6.5,-128,FanDuel,Los Angeles Lakers at Oklahoma City Thunder,7.4,60,Neutral Matchup,MEDIUM
Rui Hachimura,player_rebounds,3.5,-114,FanDuel,Los Angeles Lakers at Oklahoma City Thunder,4.0,46,Weak Matchup,LOW
Rui Hachimura,player_rebounds,3.5,-114,FanDuel,Los Angeles Lakers at Oklahoma City Thunder,3.5,47,Weak Matchup,LOW
Marcus Smart,player_rebounds,2.5,-182,FanDuel,Los Angeles Lakers at Oklahoma City Thunder,2.7,75,Neutral Matchup,HIGH
Marcus Smart,player_rebounds,2.5,136,FanDuel,Los Angeles Lakers at Oklahoma City Thunder,2.5,66,Strong Matchup,MEDIUM
LeBron James,player_rebounds,6.5,-112,FanDuel,Los Angeles Lakers at Oklahoma City Thunder,6.2,60,Neutral Matchup,MEDIUM
LeBron James,player_rebounds,6.5,-118,FanDuel,Los Angeles Lakers at Oklahoma City Thunder,5.6,81,Neutral Matchup,HIGH
Jaxson Hayes,player_rebounds,3.5,-152,FanDuel,Los Angeles Lakers at Oklahoma City Thunder,3.9,68,Weak Matchup,MEDIUM
Jaxson Hayes,player_rebounds,3.5,114,FanDuel,Los Angeles Lakers at Oklahoma City Thunder,4.0,59,Neutral Matchup,MEDIUM
Shai Gilgeous-Alexander,player_rebounds,4.5,122,FanDuel,Los Angeles Lakers at Oklahoma City Thunder,3.9,53,Neutral Matchup,LOW
Shai Gilgeous-Alexander,player_rebounds,4.5,-162,FanDuel,Los Angeles Lakers at Oklahoma City Thunder,5.0,56,Neutral Matchup,MEDIUM
Austin Reaves,player_rebounds,4.5,102,FanDuel,Los Angeles Lakers at Oklahoma City Thunder,4.5,51,Weak Matchup,LOW
Austin Reaves,player_rebounds,4.5,-136,FanDuel,Los Angeles Lakers at Oklahoma City Thunder,4.3,67,Strong Matchup,MEDIUM
Deandre Ayton,player_rebounds,8.5,-130,FanDuel,Los Angeles Lakers at Oklahoma City Thunder,7.8,56,Strong Matchup,MEDIUM
Deandre Ayton,player_rebounds,8.5,-102,FanDuel,Los Angeles Lakers at Oklahoma City Thunder,9.5,58,Strong Matchup,MEDIUM
Ajay Mitchell,player_rebounds,3.5,-114,FanDuel,Los Angeles Lakers at Oklahoma City Thunder,3.0,59,Weak Matchup,MEDIUM
Ajay Mitchell,player_rebounds,3.5,-114,FanDuel,Los Angeles Lakers at Oklahoma City Thunder,3.4,54,Weak Matchup,LOW
Isaiah Hartenstein,player_rebounds,8.5,108,FanDuel,Los Angeles Lakers at Oklahoma City Thunder,7.7,70,Weak Matchup,HIGH
Isaiah Hartenstein,player_rebounds,8.5,-144,FanDuel,Los Angeles Lakers at Oklahoma City Thunder,8.7,76,Strong Matchup,HIGH
Chet Holmgren,player_rebounds,8.5,-122,FanDuel,Los Angeles Lakers at Oklahoma City Thunder,8.0,83,Strong Matchup,HIGH
Chet Holmgren,player_rebounds,8.5,-108,FanDuel,Los Angeles Lakers at Oklahoma City Thunder,8.3,64,Strong Matchup,MEDIUM
Luguentz Dort,player_rebounds,2.5,-180,FanDuel,Los Angeles Lakers at Oklahoma City Thunder,2.2,60,Strong Matchup,MEDIUM
Luguentz Dort,player_rebounds,2.5,134,FanDuel,Los Angeles Lakers at Oklahoma City Thunder,2.9,83,Strong Matchup,HIGH
Alex Caruso,player_rebounds,2.5,-128,FanDuel,Los Angeles Lakers at Oklahoma City Thunder,2.4,50,Neutral Matchup,LOW
Alex Caruso,player_rebounds,2.5,-104,FanDuel,Los Angeles Lakers at Oklahoma City Thunder,2.2,68,Neutral Matchup,MEDIUM
LeBron James,player_threes,1.5,118,FanDuel,Los Angeles Lakers at Oklahoma City Thunder,1.4,46,Neutral Matchup,LOW
LeBron James,player_threes,1.5,-158,FanDuel,Los Angeles Lakers at Oklahoma City Thunder,1.6,56,Neutral Matchup,MEDIUM
Marcus Smart,player_threes,1.5,-160,FanDuel,Los Angeles Lakers at Oklahoma City Thunder,1.4,84,Neutral Matchup,HIGH
Marcus Smart,player_threes,1.5,120,FanDuel,Los Angeles Lakers at Oklahoma City Thunder,1.7,53,Weak Matchup,LOW
Austin Reaves,player_threes,1.5,-162,FanDuel,Los Angeles Lakers at Oklahoma City Thunder,1.6,56,Weak Matchup,MEDIUM
Austin Reaves,player_threes,1.5,122,FanDuel,Los Angeles Lakers at Oklahoma City Thunder,1.6,66,Neutral Matchup,MEDIUM
Ajay Mitchell,player_threes,1.5,118,FanDuel,Los Angeles Lakers at Oklahoma City Thunder,1.3,80,Neutral Matchup,HIGH
Ajay Mitchell,player_threes,1.5,-158,FanDuel,Los Angeles Lakers at Oklahoma City Thunder,1.6,77,Strong Matchup,HIGH
Cason Wallace,player_threes,1.5,148,FanDuel,Los Angeles Lakers at Oklahoma City Thunder,1.4,66,Strong Matchup,MEDIUM
Cason Wallace,player_threes,1.5,-200,FanDuel,Los Angeles Lakers at Oklahoma City Thunder,1.7,81,Strong Matchup,HIGH
Shai Gilgeous-Alexander,player_threes,1.5,-106,FanDuel,Los Angeles Lakers at Oklahoma City Thunder,1.4,76,Strong Matchup,HIGH
Shai Gilgeous-Alexander,player_threes,1.5,-125,FanDuel,Los Angeles Lakers at Oklahoma City Thunder,1.6,64,Strong Matchup,MEDIUM
Chet Holmgren,player_threes,1.5,126,FanDuel,Los Angeles Lakers at Oklahoma City Thunder,1.5,57,Weak Matchup,MEDIUM
Chet Holmgren,player_threes,1.5,-168,FanDuel,Los Angeles Lakers at Oklahoma City Thunder,1.4,65,Neutral Matchup,MEDIUM
Rui Hachimura,player_threes,1.5,-174,FanDuel,Los Angeles Lakers at Oklahoma City Thunder,1.4,61,Weak Matchup,MEDIUM
Rui Hachimura,player_threes,1.5,130,FanDuel,Los Angeles Lakers at Oklahoma City Thunder,1.4,68,Neutral Matchup,MEDIUM
Luguentz Dort,player_threes,1.5,-138,FanDuel,Los Angeles Lakers at Oklahoma City Thunder,1.6,45,Weak Matchup,LOW
Luguentz Dort,player_threes,1.5,104,FanDuel,Los Angeles Lakers at Oklahoma City Thunder,1.3,49,Strong Matchup,LOW
Alex Caruso,player_threes,1.5,158,FanDuel,Los Angeles Lakers at Oklahoma City Thunder,1.3,70,Strong Matchup,HIGH
Alex Caruso,player_threes,1.5,-215,FanDuel,Los Angeles Lakers at Oklahoma City Thunder,1.4,60,Weak Matchup,MEDIUM
LeBron James,player_assists,7.5,-118,BetRivers,Los Angeles Lakers at Oklahoma City Thunder,8.2,67,Weak Matchup,MEDIUM
LeBron James,player_assists,7.5,-115,BetRivers,Los Angeles Lakers at Oklahoma City Thunder,6.8,47,Strong Matchup,LOW
Ajay Mitchell,player_assists,3.5,-136,BetRivers,Los Angeles Lakers at Oklahoma City Thunder,3.9,77,Weak Matchup,HIGH
Ajay Mitchell,player_assists,3.5,100,BetRivers,Los Angeles Lakers at Oklahoma City Thunder,3.6,51,Weak Matchup,LOW
Shai Gilgeous-Alexander,player_assists,7.5,106,BetRivers,Los Angeles Lakers at Oklahoma City Thunder,8.1,49,Weak Matchup,LOW
Shai Gilgeous-Alexander,player_assists,7.5,-143,BetRivers,Los Angeles Lakers at Oklahoma City Thunder,8.0,61,Strong Matchup,MEDIUM
Isaiah Hartenstein,player_assists,3.5,135,BetRivers,Los Angeles Lakers at Oklahoma City Thunder,3.7,78,Neutral Matchup,HIGH
Isaiah Hartenstein,player_assists,3.5,-186,BetRivers,Los Angeles Lakers at Oklahoma City Thunder,3.2,54,Strong Matchup,LOW
Austin Reaves,player_assists,5.5,110,BetRivers,Los Angeles Lakers at Oklahoma City Thunder,5.5,68,Strong Matchup,MEDIUM
Austin Reaves,player_assists,5.5,-148,BetRivers,Los Angeles Lakers at Oklahoma City Thunder,6.3,80,Strong Matchup,HIGH
Luke Kennard,player_assists,1.5,-186,BetRivers,Los Angeles Lakers at Oklahoma City Thunder,1.5,77,Neutral Matchup,HIGH
Luke Kennard,player_assists,1.5,133,BetRivers,Los Angeles Lakers at Oklahoma City Thunder,1.4,62,Weak Matchup,MEDIUM
Marcus Smart,player_assists,3.5,-118,BetRivers,Los Angeles Lakers at Oklahoma City Thunder,3.6,71,Strong Matchup,HIGH
Marcus Smart,player_assists,3.5,-115,BetRivers,Los Angeles Lakers at Oklahoma City Thunder,3.4,56,Strong Matchup,MEDIUM
Chet Holmgren,player_assists,1.5,-105,BetRivers,Los Angeles Lakers at Oklahoma City Thunder,1.4,75,Weak Matchup,HIGH
Chet Holmgren,player_assists,1.5,-130,BetRivers,Los Angeles Lakers at Oklahoma City Thunder,1.3,62,Weak Matchup,MEDIUM
Deandre Ayton,player_points,8.5,-148,BetRivers,Los Angeles Lakers at Oklahoma City Thunder,9.7,46,Neutral Matchup,LOW
Deandre Ayton,player_points,8.5,108,BetRivers,Los Angeles Lakers at Oklahoma City Thunder,8.3,85,Strong Matchup,HIGH
Cason Wallace,player_points,6.5,-127,BetRivers,Los Angeles Lakers at Oklahoma City Thunder,6.2,65,Weak Matchup,MEDIUM
Cason Wallace,player_points,6.5,-108,BetRivers,Los Angeles Lakers at Oklahoma City Thunder,7.2,72,Strong Matchup,HIGH
Ajay Mitchell,player_points,15.5,-136,BetRivers,Los Angeles Lakers at Oklahoma City Thunder,15.4,63,Neutral Matchup,MEDIUM
Ajay Mitchell,player_points,15.5,100,BetRivers,Los Angeles Lakers at Oklahoma City Thunder,13.4,47,Weak Matchup,LOW
Austin Reaves,player_points,17.5,-148,BetRivers,Los Angeles Lakers at Oklahoma City Thunder,14.9,45,Neutral Matchup,LOW
Austin Reaves,player_points,17.5,108,BetRivers,Los Angeles Lakers at Oklahoma City Thunder,15.3,51,Strong Matchup,LOW
Alex Caruso,player_points,5.5,-159,BetRivers,Los Angeles Lakers at Oklahoma City Thunder,5.9,56,Neutral Matchup,MEDIUM
Alex Caruso,player_points,5.5,116,BetRivers,Los Angeles Lakers at Oklahoma City Thunder,5.9,68,Neutral Matchup,MEDIUM
Rui Hachimura,player_points,13.5,107,BetRivers,Los Angeles Lakers at Oklahoma City Thunder,13.2,66,Weak Matchup,MEDIUM
Rui Hachimura,player_points,13.5,-143,BetRivers,Los Angeles Lakers at Oklahoma City Thunder,13.0,57,Weak Matchup,MEDIUM
Marcus Smart,player_points,10.5,106,BetRivers,Los Angeles Lakers at Oklahoma City Thunder,11.4,61,Weak Matchup,MEDIUM
Marcus Smart,player_points,10.5,-143,BetRivers,Los Angeles Lakers at Oklahoma City Thunder,10.6,82,Strong Matchup,HIGH
Austin Reaves,player_points,18.5,-115,BetRivers,Los Angeles Lakers at Oklahoma City Thunder,18.8,67,Neutral Matchup,MEDIUM
Austin Reaves,player_points,18.5,-118,BetRivers,Los Angeles Lakers at Oklahoma City Thunder,20.2,66,Weak Matchup,MEDIUM
Shai Gilgeous-Alexander,player_points,27.5,-155,BetRivers,Los Angeles Lakers at Oklahoma City Thunder,30.1,65,Neutral Matchup,MEDIUM
Shai Gilgeous-Alexander,player_points,27.5,114,BetRivers,Los Angeles Lakers at Oklahoma City Thunder,29.0,84,Neutral Matchup,HIGH
Ajay Mitchell,player_points,16.5,-103,BetRivers,Los Angeles Lakers at Oklahoma City Thunder,15.1,79,Weak Matchup,HIGH
Ajay Mitchell,player_points,16.5,-134,BetRivers,Los Angeles Lakers at Oklahoma City Thunder,14.9,85,Strong Matchup,HIGH
Deandre Ayton,player_points,9.5,-112,BetRivers,Los Angeles Lakers at Oklahoma City Thunder,10.5,71,Neutral Matchup,HIGH
Deandre Ayton,player_points,9.5,-121,BetRivers,Los Angeles Lakers at Oklahoma City Thunder,8.8,81,Strong Matchup,HIGH
Jaxson Hayes,player_points,4.5,-103,BetRivers,Los Angeles Lakers at Oklahoma City Thunder,4.0,70,Neutral Matchup,HIGH
Jaxson Hayes,player_points,4.5,-134,BetRivers,Los Angeles Lakers at Oklahoma City Thunder,4.6,47,Weak Matchup,LOW
LeBron James,player_points,20.5,-127,BetRivers,Los Angeles Lakers at Oklahoma City Thunder,19.8,60,Strong Matchup,MEDIUM
LeBron James,player_points,20.5,-107,BetRivers,Los Angeles Lakers at Oklahoma City Thunder,19.6,78,Neutral Matchup,HIGH
LeBron James,player_points,19.5,-165,BetRivers,Los Angeles Lakers at Oklahoma City Thunder,18.4,50,Weak Matchup,LOW
LeBron James,player_points,19.5,118,BetRivers,Los Angeles Lakers at Oklahoma City Thunder,18.1,78,Weak Matchup,HIGH
Chet Holmgren,player_points,16.5,-107,BetRivers,Los Angeles Lakers at Oklahoma City Thunder,18.3,68,Weak Matchup,MEDIUM
Chet Holmgren,player_points,16.5,-127,BetRivers,Los Angeles Lakers at Oklahoma City Thunder,14.5,55,Strong Matchup,MEDIUM
Marcus Smart,player_points,9.5,-130,BetRivers,Los Angeles Lakers at Oklahoma City Thunder,10.6,45,Neutral Matchup,LOW
Marcus Smart,player_points,9.5,-105,BetRivers,Los Angeles Lakers at Oklahoma City Thunder,8.2,75,Strong Matchup,HIGH
Luguentz Dort,player_points,7.5,-107,BetRivers,Los Angeles Lakers at Oklahoma City Thunder,6.7,55,Weak Matchup,MEDIUM
Luguentz Dort,player_points,7.5,-127,BetRivers,Los Angeles Lakers at Oklahoma City Thunder,7.5,62,Neutral Matchup,MEDIUM
Luke Kennard,player_points,7.5,-121,BetRivers,Los Angeles Lakers at Oklahoma City Thunder,7.1,66,Neutral Matchup,MEDIUM
Luke Kennard,player_points,7.5,-113,BetRivers,Los Angeles Lakers at Oklahoma City Thunder,6.8,69,Weak Matchup,MEDIUM
Austin Reaves,player_points,19.5,112,BetRivers,Los Angeles Lakers at Oklahoma City Thunder,17.2,82,Neutral Matchup,HIGH
Austin Reaves,player_points,19.5,-152,BetRivers,Los Angeles Lakers at Oklahoma City Thunder,19.6,71,Neutral Matchup,HIGH
Rui Hachimura,player_points,12.5,-125,BetRivers,Los Angeles Lakers at Oklahoma City Thunder,13.2,57,Strong Matchup,MEDIUM
Rui Hachimura,player_points,12.5,-109,BetRivers,Los Angeles Lakers at Oklahoma City Thunder,11.9,53,Neutral Matchup,LOW
Shai Gilgeous-Alexander,player_points,29.5,100,BetRivers,Los Angeles Lakers at Oklahoma City Thunder,31.2,45,Weak Matchup,LOW
Shai Gilgeous-Alexander,player_points,29.5,-134,BetRivers,Los Angeles Lakers at Oklahoma City Thunder,32.5,67,Weak Matchup,MEDIUM
Chet Holmgren,player_points,15.5,-141,BetRivers,Los Angeles Lakers at Oklahoma City Thunder,17.4,74,Strong Matchup,HIGH
Chet Holmgren,player_points,15.5,105,BetRivers,Los Angeles Lakers at Oklahoma City Thunder,13.4,54,Weak Matchup,LOW
Luguentz Dort,player_points,6.5,-130,BetRivers,Los Angeles Lakers at Oklahoma City Thunder,6.1,67,Neutral Matchup,MEDIUM
Luguentz Dort,player_points,6.5,-105,BetRivers,Los Angeles Lakers at Oklahoma City Thunder,6.7,69,Neutral Matchup,MEDIUM
Isaiah Joe,player_points,6.5,-105,BetRivers,Los Angeles Lakers at Oklahoma City Thunder,6.9,59,Strong Matchup,MEDIUM
Isaiah Joe,player_points,6.5,-130,BetRivers,Los Angeles Lakers at Oklahoma City Thunder,6.4,68,Weak Matchup,MEDIUM
Shai Gilgeous-Alexander,player_points,28.5,-124,BetRivers,Los Angeles Lakers at Oklahoma City Thunder,32.6,51,Strong Matchup,LOW
Shai Gilgeous-Alexander,player_points,28.5,-110,BetRivers,Los Angeles Lakers at Oklahoma City Thunder,24.7,74,Weak Matchup,HIGH
Cason Wallace,player_points,7.5,114,BetRivers,Los Angeles Lakers at Oklahoma City Thunder,7.3,51,Strong Matchup,LOW
Cason Wallace,player_points,7.5,-155,BetRivers,Los Angeles Lakers at Oklahoma City Thunder,8.2,63,Neutral Matchup,MEDIUM
Isaiah Joe,player_points,7.5,116,BetRivers,Los Angeles Lakers at Oklahoma City Thunder,7.5,82,Strong Matchup,HIGH
Isaiah Joe,player_points,7.5,-159,BetRivers,Los Angeles Lakers at Oklahoma City Thunder,7.4,70,Strong Matchup,HIGH
Alex Caruso,player_points,6.5,-109,BetRivers,Los Angeles Lakers at Oklahoma City Thunder,7.2,56,Strong Matchup,MEDIUM
Alex Caruso,player_points,6.5,-125,BetRivers,Los Angeles Lakers at Oklahoma City Thunder,7.1,50,Weak Matchup,LOW
Isaiah Hartenstein,player_points,8.5,120,BetRivers,Los Angeles Lakers at Oklahoma City Thunder,9.3,65,Neutral Matchup,MEDIUM
Isaiah Hartenstein,player_points,8.5,-167,BetRivers,Los Angeles Lakers at Oklahoma City Thunder,8.1,76,Neutral Matchup,HIGH
LeBron James,player_points,21.5,100,BetRivers,Los Angeles Lakers at Oklahoma City Thunder,21.2,71,Weak Matchup,HIGH
LeBron James,player_points,21.5,-136,BetRivers,Los Angeles Lakers at Oklahoma City Thunder,20.8,77,Weak Matchup,HIGH
Isaiah Hartenstein,player_points,7.5,-137,BetRivers,Los Angeles Lakers at Oklahoma City Thunder,7.9,84,Neutral Matchup,HIGH
Isaiah Hartenstein,player_points,7.5,100,BetRivers,Los Angeles Lakers at Oklahoma City Thunder,6.6,45,Neutral Matchup,LOW
Deandre Ayton,player_rebounds,8.5,-132,BetRivers,Los Angeles Lakers at Oklahoma City Thunder,7.9,65,Neutral Matchup,MEDIUM
Deandre Ayton,player_rebounds,8.5,-104,BetRivers,Los Angeles Lakers at Oklahoma City Thunder,9.4,51,Weak Matchup,LOW
LeBron James,player_rebounds,6.5,-120,BetRivers,Los Angeles Lakers at Oklahoma City Thunder,6.7,51,Strong Matchup,LOW
LeBron James,player_rebounds,6.5,-114,BetRivers,Los Angeles Lakers at Oklahoma City Thunder,6.5,85,Weak Matchup,HIGH
Luke Kennard,player_rebounds,2.5,-148,BetRivers,Los Angeles Lakers at Oklahoma City Thunder,2.3,63,Strong Matchup,MEDIUM
Luke Kennard,player_rebounds,2.5,107,BetRivers,Los Angeles Lakers at Oklahoma City Thunder,2.5,82,Neutral Matchup,HIGH
Rui Hachimura,player_rebounds,3.5,-117,BetRivers,Los Angeles Lakers at Oklahoma City Thunder,3.5,47,Strong Matchup,LOW
Rui Hachimura,player_rebounds,3.5,-117,BetRivers,Los Angeles Lakers at Oklahoma City Thunder,3.6,60,Strong Matchup,MEDIUM
Jaxson Hayes,player_rebounds,3.5,-148,BetRivers,Los Angeles Lakers at Oklahoma City Thunder,3.5,64,Strong Matchup,MEDIUM
Jaxson Hayes,player_rebounds,3.5,108,BetRivers,Los Angeles Lakers at Oklahoma City Thunder,4.0,57,Neutral Matchup,MEDIUM
Austin Reaves,player_rebounds,4.5,104,BetRivers,Los Angeles Lakers at Oklahoma City Thunder,5.0,79,Weak Matchup,HIGH
Austin Reaves,player_rebounds,4.5,-141,BetRivers,Los Angeles Lakers at Oklahoma City Thunder,4.9,55,Neutral Matchup,MEDIUM
Alex Caruso,player_rebounds,2.5,-134,BetRivers,Los Angeles Lakers at Oklahoma City Thunder,2.2,69,Neutral Matchup,MEDIUM
Alex Caruso,player_rebounds,2.5,-103,BetRivers,Los Angeles Lakers at Oklahoma City Thunder,2.6,58,Weak Matchup,MEDIUM
Chet Holmgren,player_rebounds,8.5,-130,BetRivers,Los Angeles Lakers at Oklahoma City Thunder,7.3,83,Neutral Matchup,HIGH
Chet Holmgren,player_rebounds,8.5,-105,BetRivers,Los Angeles Lakers at Oklahoma City Thunder,8.4,80,Weak Matchup,HIGH
Ajay Mitchell,player_rebounds,3.5,-114,BetRivers,Los Angeles Lakers at Oklahoma City Thunder,3.7,57,Neutral Matchup,MEDIUM
Ajay Mitchell,player_rebounds,3.5,-120,BetRivers,Los Angeles Lakers at Oklahoma City Thunder,3.3,72,Weak Matchup,HIGH
Luguentz Dort,player_rebounds,2.5,-182,BetRivers,Los Angeles Lakers at Oklahoma City Thunder,2.2,49,Neutral Matchup,LOW
Luguentz Dort,player_rebounds,2.5,132,BetRivers,Los Angeles Lakers at Oklahoma City Thunder,2.4,58,Weak Matchup,MEDIUM
Marcus Smart,player_rebounds,2.5,-180,BetRivers,Los Angeles Lakers at Oklahoma City Thunder,2.5,64,Strong Matchup,MEDIUM
Marcus Smart,player_rebounds,2.5,130,BetRivers,Los Angeles Lakers at Oklahoma City Thunder,2.8,70,Strong Matchup,HIGH
Shai Gilgeous-Alexander,player_rebounds,4.5,110,BetRivers,Los Angeles Lakers at Oklahoma City Thunder,3.9,55,Neutral Matchup,MEDIUM
Shai Gilgeous-Alexander,player_rebounds,4.5,-150,BetRivers,Los Angeles Lakers at Oklahoma City Thunder,4.8,79,Weak Matchup,HIGH
Isaiah Hartenstein,player_rebounds,8.5,102,BetRivers,Los Angeles Lakers at Oklahoma City Thunder,9.2,56,Weak Matchup,MEDIUM
Isaiah Hartenstein,player_rebounds,8.5,-137,BetRivers,Los Angeles Lakers at Oklahoma City Thunder,7.4,46,Strong Matchup,LOW
LeBron James,player_threes,1.5,116,BetRivers,Los Angeles Lakers at Oklahoma City Thunder,1.6,84,Neutral Matchup,HIGH
LeBron James,player_threes,1.5,-159,BetRivers,Los Angeles Lakers at Oklahoma City Thunder,1.7,77,Neutral Matchup,HIGH
Alex Caruso,player_threes,1.5,155,BetRivers,Los Angeles Lakers at Oklahoma City Thunder,1.6,82,Weak Matchup,HIGH
Alex Caruso,player_threes,1.5,-220,BetRivers,Los Angeles Lakers at Oklahoma City Thunder,1.4,64,Neutral Matchup,MEDIUM
Luguentz Dort,player_threes,1.5,-143,BetRivers,Los Angeles Lakers at Oklahoma City Thunder,1.4,51,Weak Matchup,LOW
Luguentz Dort,player_threes,1.5,105,BetRivers,Los Angeles Lakers at Oklahoma City Thunder,1.5,71,Strong Matchup,HIGH
Shai Gilgeous-Alexander,player_threes,1.5,-110,BetRivers,Los Angeles Lakers at Oklahoma City Thunder,1.6,69,Strong Matchup,MEDIUM
Shai Gilgeous-Alexander,player_threes,1.5,-124,BetRivers,Los Angeles Lakers at Oklahoma City Thunder,1.5,59,Weak Matchup,MEDIUM
Cason Wallace,player_threes,1.5,150,BetRivers,Los Angeles Lakers at Oklahoma City Thunder,1.6,55,Strong Matchup,MEDIUM
Cason Wallace,player_threes,1.5,-210,BetRivers,Los Angeles Lakers at Oklahoma City Thunder,1.4,65,Neutral Matchup,MEDIUM
Austin Reaves,player_threes,1.5,-162,BetRivers,Los Angeles Lakers at Oklahoma City Thunder,1.4,84,Neutral Matchup,HIGH
Austin Reaves,player_threes,1.5,120,BetRivers,Los Angeles Lakers at Oklahoma City Thunder,1.6,74,Neutral Matchup,HIGH
Marcus Smart,player_threes,1.5,-162,BetRivers,Los Angeles Lakers at Oklahoma City Thunder,1.6,50,Strong Matchup,LOW
Marcus Smart,player_threes,1.5,120,BetRivers,Los Angeles Lakers at Oklahoma City Thunder,1.5,76,Weak Matchup,HIGH
Ajay Mitchell,player_threes,1.5,114,BetRivers,Los Angeles Lakers at Oklahoma City Thunder,1.6,77,Weak Matchup,HIGH
Ajay Mitchell,player_threes,1.5,-157,BetRivers,Los Angeles Lakers at Oklahoma City Thunder,1.5,53,Strong Matchup,LOW
Chet Holmgren,player_threes,1.5,118,BetRivers,Los Angeles Lakers at Oklahoma City Thunder,1.7,74,Strong Matchup,HIGH
Chet Holmgren,player_threes,1.5,-162,BetRivers,Los Angeles Lakers at Oklahoma City Thunder,1.3,69,Weak Matchup,MEDIUM
Isaiah Joe,player_threes,1.5,-121,BetRivers,Los Angeles Lakers at Oklahoma City Thunder,1.4,56,Neutral Matchup,MEDIUM
Isaiah Joe,player_threes,1.5,-113,BetRivers,Los Angeles Lakers at Oklahoma City Thunder,1.5,71,Weak Matchup,HIGH
Rui Hachimura,player_threes,1.5,-177,BetRivers,Los Angeles Lakers at Oklahoma City Thunder,1.5,67,Neutral Matchup,MEDIUM
Rui Hachimura,player_threes,1.5,128,BetRivers,Los Angeles Lakers at Oklahoma City Thunder,1.3,73,Strong Matchup,HIGH
LeBron James,player_threes,1.5,116,BetRivers,Los Angeles Lakers at Oklahoma City Thunder,1.4,77,Weak Matchup,HIGH
LeBron James,player_threes,1.5,-159,BetRivers,Los Angeles Lakers at Oklahoma City Thunder,1.6,61,Weak Matchup,MEDIUM
Alex Caruso,player_threes,1.5,155,BetRivers,Los Angeles Lakers at Oklahoma City Thunder,1.4,45,Neutral Matchup,LOW
Alex Caruso,player_threes,1.5,-220,BetRivers,Los Angeles Lakers at Oklahoma City Thunder,1.3,59,Neutral Matchup,MEDIUM
Luguentz Dort,player_threes,1.5,-143,BetRivers,Los Angeles Lakers at Oklahoma City Thunder,1.3,85,Strong Matchup,HIGH
Luguentz Dort,player_threes,1.5,105,BetRivers,Los Angeles Lakers at Oklahoma City Thunder,1.6,64,Strong Matchup,MEDIUM
Shai Gilgeous-Alexander,player_threes,1.5,-110,BetRivers,Los Angeles Lakers at Oklahoma City Thunder,1.4,63,Neutral Matchup,MEDIUM
Shai Gilgeous-Alexander,player_threes,1.5,-124,BetRivers,Los Angeles Lakers at Oklahoma City Thunder,1.5,54,Weak Matchup,LOW
Cason Wallace,player_threes,1.5,150,BetRivers,Los Angeles Lakers at Oklahoma City Thunder,1.4,73,Weak Matchup,HIGH
Cason Wallace,player_threes,1.5,-210,BetRivers,Los Angeles Lakers at Oklahoma City Thunder,1.5,83,Neutral Matchup,HIGH
Austin Reaves,player_threes,1.5,-162,BetRivers,Los Angeles Lakers at Oklahoma City Thunder,1.4,67,Neutral Matchup,MEDIUM
Austin Reaves,player_threes,1.5,120,BetRivers,Los Angeles Lakers at Oklahoma City Thunder,1.5,70,Strong Matchup,HIGH
Marcus Smart,player_threes,1.5,-162,BetRivers,Los Angeles Lakers at Oklahoma City Thunder,1.4,50,Strong Matchup,LOW
Marcus Smart,player_threes,1.5,120,BetRivers,Los Angeles Lakers at Oklahoma City Thunder,1.3,77,Strong Matchup,HIGH
Ajay Mitchell,player_threes,1.5,114,BetRivers,Los Angeles Lakers at Oklahoma City Thunder,1.7,64,Strong Matchup,MEDIUM
Ajay Mitchell,player_threes,1.5,-157,BetRivers,Los Angeles Lakers at Oklahoma City Thunder,1.5,85,Weak Matchup,HIGH
Chet Holmgren,player_threes,1.5,118,BetRivers,Los Angeles Lakers at Oklahoma City Thunder,1.6,74,Strong Matchup,HIGH
Chet Holmgren,player_threes,1.5,-162,BetRivers,Los Angeles Lakers at Oklahoma City Thunder,1.5,56,Weak Matchup,MEDIUM
Isaiah Joe,player_threes,1.5,-121,BetRivers,Los Angeles Lakers at Oklahoma City Thunder,1.4,65,Weak Matchup,MEDIUM
Isaiah Joe,player_threes,1.5,-113,BetRivers,Los Angeles Lakers at Oklahoma City Thunder,1.6,76,Neutral Matchup,HIGH
Rui Hachimura,player_threes,1.5,-177,BetRivers,Los Angeles Lakers at Oklahoma City Thunder,1.4,69,Weak Matchup,MEDIUM
Rui Hachimura,player_threes,1.5,128,BetRivers,Los Angeles Lakers at Oklahoma City Thunder,1.5,45,Neutral Matchup,LOW
LeBron James,player_assists,7.5,-112,BetOnline.ag,Los Angeles Lakers at Oklahoma City Thunder,7.4,64,Weak Matchup,MEDIUM
LeBron James,player_assists,7.5,-115,BetOnline.ag,Los Angeles Lakers at Oklahoma City Thunder,7.7,71,Weak Matchup,HIGH
Austin Reaves,player_assists,5.5,117,BetOnline.ag,Los Angeles Lakers at Oklahoma City Thunder,4.8,50,Strong Matchup,LOW
Austin Reaves,player_assists,5.5,-152,BetOnline.ag,Los Angeles Lakers at Oklahoma City Thunder,6.0,62,Strong Matchup,MEDIUM
Isaiah Hartenstein,player_assists,2.5,-172,BetOnline.ag,Los Angeles Lakers at Oklahoma City Thunder,2.3,69,Neutral Matchup,MEDIUM
Isaiah Hartenstein,player_assists,2.5,131,BetOnline.ag,Los Angeles Lakers at Oklahoma City Thunder,2.5,77,Strong Matchup,HIGH
Ajay Mitchell,player_assists,3.5,-133,BetOnline.ag,Los Angeles Lakers at Oklahoma City Thunder,4.0,53,Weak Matchup,LOW
Ajay Mitchell,player_assists,3.5,103,BetOnline.ag,Los Angeles Lakers at Oklahoma City Thunder,3.2,54,Strong Matchup,LOW
Marcus Smart,player_assists,3.5,-116,BetOnline.ag,Los Angeles Lakers at Oklahoma City Thunder,3.8,79,Neutral Matchup,HIGH
Marcus Smart,player_assists,3.5,-111,BetOnline.ag,Los Angeles Lakers at Oklahoma City Thunder,3.1,60,Weak Matchup,MEDIUM
Shai Gilgeous-Alexander,player_assists,7.5,110,BetOnline.ag,Los Angeles Lakers at Oklahoma City Thunder,6.7,47,Strong Matchup,LOW
Shai Gilgeous-Alexander,player_assists,7.5,-143,BetOnline.ag,Los Angeles Lakers at Oklahoma City Thunder,7.3,64,Strong Matchup,MEDIUM
Cason Wallace,player_assists,2.5,132,BetOnline.ag,Los Angeles Lakers at Oklahoma City Thunder,2.3,84,Strong Matchup,HIGH
Cason Wallace,player_assists,2.5,-172,BetOnline.ag,Los Angeles Lakers at Oklahoma City Thunder,2.5,83,Weak Matchup,HIGH
Luke Kennard,player_assists,2.5,139,BetOnline.ag,Los Angeles Lakers at Oklahoma City Thunder,2.5,51,Strong Matchup,LOW
Luke Kennard,player_assists,2.5,-182,BetOnline.ag,Los Angeles Lakers at Oklahoma City Thunder,2.8,64,Neutral Matchup,MEDIUM
Alex Caruso,player_points,6.5,-111,BetOnline.ag,Los Angeles Lakers at Oklahoma City Thunder,7.2,48,Strong Matchup,LOW
Alex Caruso,player_points,6.5,-116,BetOnline.ag,Los Angeles Lakers at Oklahoma City Thunder,6.4,65,Strong Matchup,MEDIUM
LeBron James,player_points,20.5,-123,BetOnline.ag,Los Angeles Lakers at Oklahoma City Thunder,23.0,48,Weak Matchup,LOW
LeBron James,player_points,20.5,-104,BetOnline.ag,Los Angeles Lakers at Oklahoma City Thunder,22.8,45,Neutral Matchup,LOW
Luguentz Dort,player_points,6.5,-120,BetOnline.ag,Los Angeles Lakers at Oklahoma City Thunder,6.5,45,Neutral Matchup,LOW
Luguentz Dort,player_points,6.5,-108,BetOnline.ag,Los Angeles Lakers at Oklahoma City Thunder,5.7,51,Neutral Matchup,LOW
Shai Gilgeous-Alexander,player_points,28.5,-120,BetOnline.ag,Los Angeles Lakers at Oklahoma City Thunder,29.8,47,Neutral Matchup,LOW
Shai Gilgeous-Alexander,player_points,28.5,-108,BetOnline.ag,Los Angeles Lakers at Oklahoma City Thunder,28.4,76,Neutral Matchup,HIGH
Austin Reaves,player_points,18.5,-114,BetOnline.ag,Los Angeles Lakers at Oklahoma City Thunder,19.2,75,Strong Matchup,HIGH
Austin Reaves,player_points,18.5,-114,BetOnline.ag,Los Angeles Lakers at Oklahoma City Thunder,18.6,45,Strong Matchup,LOW
Chet Holmgren,player_points,16.5,-103,BetOnline.ag,Los Angeles Lakers at Oklahoma City Thunder,14.8,60,Weak Matchup,MEDIUM
Chet Holmgren,player_points,16.5,-125,BetOnline.ag,Los Angeles Lakers at Oklahoma City Thunder,17.4,84,Neutral Matchup,HIGH
Isaiah Joe,player_points,6.5,-109,BetOnline.ag,Los Angeles Lakers at Oklahoma City Thunder,7.0,52,Strong Matchup,LOW
Isaiah Joe,player_points,6.5,-119,BetOnline.ag,Los Angeles Lakers at Oklahoma City Thunder,6.6,47,Strong Matchup,LOW
Cason Wallace,player_points,6.5,-125,BetOnline.ag,Los Angeles Lakers at Oklahoma City Thunder,7.2,51,Strong Matchup,LOW
Cason Wallace,player_points,6.5,-103,BetOnline.ag,Los Angeles Lakers at Oklahoma City Thunder,5.8,50,Neutral Matchup,LOW
Luke Kennard,player_points,7.5,-119,BetOnline.ag,Los Angeles Lakers at Oklahoma City Thunder,8.1,46,Strong Matchup,LOW
Luke Kennard,player_points,7.5,-109,BetOnline.ag,Los Angeles Lakers at Oklahoma City Thunder,7.7,83,Weak Matchup,HIGH
Deandre Ayton,player_points,9.5,-127,BetOnline.ag,Los Angeles Lakers at Oklahoma City Thunder,10.4,61,Weak Matchup,MEDIUM
Deandre Ayton,player_points,9.5,-102,BetOnline.ag,Los Angeles Lakers at Oklahoma City Thunder,8.2,70,Strong Matchup,HIGH
Isaiah Hartenstein,player_points,7.5,-119,BetOnline.ag,Los Angeles Lakers at Oklahoma City Thunder,7.5,72,Weak Matchup,HIGH
Isaiah Hartenstein,player_points,7.5,-109,BetOnline.ag,Los Angeles Lakers at Oklahoma City Thunder,7.0,65,Strong Matchup,MEDIUM
Rui Hachimura,player_points,12.5,-116,BetOnline.ag,Los Angeles Lakers at Oklahoma City Thunder,11.1,50,Strong Matchup,LOW
Rui Hachimura,player_points,12.5,-111,BetOnline.ag,Los Angeles Lakers at Oklahoma City Thunder,13.7,45,Weak Matchup,LOW
Marcus Smart,player_points,10.5,-106,BetOnline.ag,Los Angeles Lakers at Oklahoma City Thunder,10.9,72,Strong Matchup,HIGH
Marcus Smart,player_points,10.5,-122,BetOnline.ag,Los Angeles Lakers at Oklahoma City Thunder,9.8,55,Neutral Matchup,MEDIUM
Ajay Mitchell,player_points,16.5,-108,BetOnline.ag,Los Angeles Lakers at Oklahoma City Thunder,17.7,50,Neutral Matchup,LOW
Ajay Mitchell,player_points,16.5,-120,BetOnline.ag,Los Angeles Lakers at Oklahoma City Thunder,18.0,74,Strong Matchup,HIGH
LeBron James,player_rebounds,6.5,-118,BetOnline.ag,Los Angeles Lakers at Oklahoma City Thunder,5.9,59,Strong Matchup,MEDIUM
LeBron James,player_rebounds,6.5,-110,BetOnline.ag,Los Angeles Lakers at Oklahoma City Thunder,7.1,64,Strong Matchup,MEDIUM
Alex Caruso,player_rebounds,2.5,-135,BetOnline.ag,Los Angeles Lakers at Oklahoma City Thunder,2.4,85,Neutral Matchup,HIGH
Alex Caruso,player_rebounds,2.5,104,BetOnline.ag,Los Angeles Lakers at Oklahoma City Thunder,2.2,59,Neutral Matchup,MEDIUM
Austin Reaves,player_rebounds,4.5,100,BetOnline.ag,Los Angeles Lakers at Oklahoma City Thunder,4.1,45,Weak Matchup,LOW
Austin Reaves,player_rebounds,4.5,-130,BetOnline.ag,Los Angeles Lakers at Oklahoma City Thunder,4.4,75,Weak Matchup,HIGH
Shai Gilgeous-Alexander,player_rebounds,4.5,128,BetOnline.ag,Los Angeles Lakers at Oklahoma City Thunder,4.8,64,Weak Matchup,MEDIUM
Shai Gilgeous-Alexander,player_rebounds,4.5,-167,BetOnline.ag,Los Angeles Lakers at Oklahoma City Thunder,3.9,47,Strong Matchup,LOW
Luguentz Dort,player_rebounds,2.5,-156,BetOnline.ag,Los Angeles Lakers at Oklahoma City Thunder,2.4,64,Weak Matchup,MEDIUM
Luguentz Dort,player_rebounds,2.5,121,BetOnline.ag,Los Angeles Lakers at Oklahoma City Thunder,2.8,48,Strong Matchup,LOW
Chet Holmgren,player_rebounds,8.5,-123,BetOnline.ag,Los Angeles Lakers at Oklahoma City Thunder,9.7,68,Neutral Matchup,MEDIUM
Chet Holmgren,player_rebounds,8.5,-104,BetOnline.ag,Los Angeles Lakers at Oklahoma City Thunder,9.8,69,Weak Matchup,MEDIUM
Rui Hachimura,player_rebounds,3.5,-127,BetOnline.ag,Los Angeles Lakers at Oklahoma City Thunder,3.2,68,Weak Matchup,MEDIUM
Rui Hachimura,player_rebounds,3.5,-102,BetOnline.ag,Los Angeles Lakers at Oklahoma City Thunder,3.3,81,Weak Matchup,HIGH
Luke Kennard,player_rebounds,2.5,-154,BetOnline.ag,Los Angeles Lakers at Oklahoma City Thunder,2.6,66,Neutral Matchup,MEDIUM
Luke Kennard,player_rebounds,2.5,119,BetOnline.ag,Los Angeles Lakers at Oklahoma City Thunder,2.8,59,Weak Matchup,MEDIUM
Ajay Mitchell,player_rebounds,3.5,-106,BetOnline.ag,Los Angeles Lakers at Oklahoma City Thunder,3.6,70,Weak Matchup,HIGH
Ajay Mitchell,player_rebounds,3.5,-122,BetOnline.ag,Los Angeles Lakers at Oklahoma City Thunder,3.8,83,Weak Matchup,HIGH
Isaiah Hartenstein,player_rebounds,8.5,112,BetOnline.ag,Los Angeles Lakers at Oklahoma City Thunder,7.9,46,Weak Matchup,LOW
Isaiah Hartenstein,player_rebounds,8.5,-145,BetOnline.ag,Los Angeles Lakers at Oklahoma City Thunder,7.6,47,Neutral Matchup,LOW
Deandre Ayton,player_rebounds,8.5,-123,BetOnline.ag,Los Angeles Lakers at Oklahoma City Thunder,8.2,66,Strong Matchup,MEDIUM
Deandre Ayton,player_rebounds,8.5,-105,BetOnline.ag,Los Angeles Lakers at Oklahoma City Thunder,7.4,80,Neutral Matchup,HIGH
Isaiah Joe,player_rebounds,1.5,-133,BetOnline.ag,Los Angeles Lakers at Oklahoma City Thunder,1.6,81,Neutral Matchup,HIGH
Isaiah Joe,player_rebounds,1.5,103,BetOnline.ag,Los Angeles Lakers at Oklahoma City Thunder,1.5,77,Weak Matchup,HIGH
Cason Wallace,player_rebounds,2.5,-119,BetOnline.ag,Los Angeles Lakers at Oklahoma City Thunder,2.2,67,Weak Matchup,MEDIUM
Cason Wallace,player_rebounds,2.5,-109,BetOnline.ag,Los Angeles Lakers at Oklahoma City Thunder,2.3,45,Strong Matchup,LOW
Marcus Smart,player_rebounds,3.5,130,BetOnline.ag,Los Angeles Lakers at Oklahoma City Thunder,3.1,73,Weak Matchup,HIGH
Marcus Smart,player_rebounds,3.5,-169,BetOnline.ag,Los Angeles Lakers at Oklahoma City Thunder,3.0,72,Weak Matchup,HIGH
Alex Caruso,player_threes,1.5,152,BetOnline.ag,Los Angeles Lakers at Oklahoma City Thunder,1.4,70,Strong Matchup,HIGH
Alex Caruso,player_threes,1.5,-200,BetOnline.ag,Los Angeles Lakers at Oklahoma City Thunder,1.3,60,Strong Matchup,MEDIUM
LeBron James,player_threes,1.5,126,BetOnline.ag,Los Angeles Lakers at Oklahoma City Thunder,1.5,67,Neutral Matchup,MEDIUM
LeBron James,player_threes,1.5,-164,BetOnline.ag,Los Angeles Lakers at Oklahoma City Thunder,1.7,57,Neutral Matchup,MEDIUM
Luguentz Dort,player_threes,1.5,-139,BetOnline.ag,Los Angeles Lakers at Oklahoma City Thunder,1.5,68,Neutral Matchup,MEDIUM
Luguentz Dort,player_threes,1.5,107,BetOnline.ag,Los Angeles Lakers at Oklahoma City Thunder,1.7,45,Weak Matchup,LOW
Shai Gilgeous-Alexander,player_threes,1.5,-109,BetOnline.ag,Los Angeles Lakers at Oklahoma City Thunder,1.6,74,Neutral Matchup,HIGH
Shai Gilgeous-Alexander,player_threes,1.5,-119,BetOnline.ag,Los Angeles Lakers at Oklahoma City Thunder,1.5,62,Neutral Matchup,MEDIUM
Austin Reaves,player_threes,1.5,-167,BetOnline.ag,Los Angeles Lakers at Oklahoma City Thunder,1.7,61,Strong Matchup,MEDIUM
Austin Reaves,player_threes,1.5,127,BetOnline.ag,Los Angeles Lakers at Oklahoma City Thunder,1.3,63,Neutral Matchup,MEDIUM
Isaiah Joe,player_threes,1.5,-120,BetOnline.ag,Los Angeles Lakers at Oklahoma City Thunder,1.6,80,Weak Matchup,HIGH
Isaiah Joe,player_threes,1.5,-108,BetOnline.ag,Los Angeles Lakers at Oklahoma City Thunder,1.3,85,Weak Matchup,HIGH
Chet Holmgren,player_threes,1.5,128,BetOnline.ag,Los Angeles Lakers at Oklahoma City Thunder,1.5,47,Strong Matchup,LOW
Chet Holmgren,player_threes,1.5,-167,BetOnline.ag,Los Angeles Lakers at Oklahoma City Thunder,1.5,50,Weak Matchup,LOW
Cason Wallace,player_threes,1.5,158,BetOnline.ag,Los Angeles Lakers at Oklahoma City Thunder,1.6,82,Strong Matchup,HIGH
Cason Wallace,player_threes,1.5,-208,BetOnline.ag,Los Angeles Lakers at Oklahoma City Thunder,1.4,52,Neutral Matchup,LOW
Rui Hachimura,player_threes,1.5,-169,BetOnline.ag,Los Angeles Lakers at Oklahoma City Thunder,1.7,52,Strong Matchup,LOW
Rui Hachimura,player_threes,1.5,129,BetOnline.ag,Los Angeles Lakers at Oklahoma City Thunder,1.7,74,Weak Matchup,HIGH
Ajay Mitchell,player_threes,1.5,106,BetOnline.ag,Los Angeles Lakers at Oklahoma City Thunder,1.7,67,Neutral Matchup,MEDIUM
Ajay Mitchell,player_threes,1.5,-137,BetOnline.ag,Los Angeles Lakers at Oklahoma City Thunder,1.3,82,Weak Matchup,HIGH
Marcus Smart,player_threes,1.5,-145,BetOnline.ag,Los Angeles Lakers at Oklahoma City Thunder,1.3,80,Weak Matchup,HIGH
Marcus Smart,player_threes,1.5,112,BetOnline.ag,Los Angeles Lakers at Oklahoma City Thunder,1.7,70,Weak Matchup,HIGH
Luke Kennard,player_threes,1.5,141,BetOnline.ag,Los Angeles Lakers at Oklahoma City Thunder,1.6,47,Strong Matchup,LOW
Luke Kennard,player_threes,1.5,-185,BetOnline.ag,Los Angeles Lakers at Oklahoma City Thunder,1.6,55,Weak Matchup,MEDIUM
Ajay Mitchell,player_assists,3.5,-135,Bovada,Los Angeles Lakers at Oklahoma City Thunder,3.7,66,Strong Matchup,MEDIUM
Ajay Mitchell,player_assists,3.5,105,Bovada,Los Angeles Lakers at Oklahoma City Thunder,3.7,63,Strong Matchup,MEDIUM
Ajay Mitchell,player_assists,4.5,155,Bovada,Los Angeles Lakers at Oklahoma City Thunder,4.8,59,Weak Matchup,MEDIUM
Ajay Mitchell,player_assists,4.5,-210,Bovada,Los Angeles Lakers at Oklahoma City Thunder,5.0,46,Strong Matchup,LOW
Austin Reaves,player_assists,4.5,-170,Bovada,Los Angeles Lakers at Oklahoma City Thunder,5.0,56,Neutral Matchup,MEDIUM
Austin Reaves,player_assists,4.5,130,Bovada,Los Angeles Lakers at Oklahoma City Thunder,3.9,71,Neutral Matchup,HIGH
Austin Reaves,player_assists,5.5,115,Bovada,Los Angeles Lakers at Oklahoma City Thunder,5.3,47,Weak Matchup,LOW
Austin Reaves,player_assists,5.5,-150,Bovada,Los Angeles Lakers at Oklahoma City Thunder,6.3,55,Neutral Matchup,MEDIUM
Chet Holmgren,player_assists,1.5,120,Bovada,Los Angeles Lakers at Oklahoma City Thunder,1.6,54,Weak Matchup,LOW
Chet Holmgren,player_assists,1.5,-160,Bovada,Los Angeles Lakers at Oklahoma City Thunder,1.7,61,Strong Matchup,MEDIUM
Deandre Ayton,player_assists,0.5,-135,Bovada,Los Angeles Lakers at Oklahoma City Thunder,0.5,65,Strong Matchup,MEDIUM
Deandre Ayton,player_assists,0.5,105,Bovada,Los Angeles Lakers at Oklahoma City Thunder,0.5,71,Neutral Matchup,HIGH
Isaiah Hartenstein,player_assists,2.5,-170,Bovada,Los Angeles Lakers at Oklahoma City Thunder,2.6,74,Weak Matchup,HIGH
Isaiah Hartenstein,player_assists,2.5,130,Bovada,Los Angeles Lakers at Oklahoma City Thunder,2.5,70,Strong Matchup,HIGH
Isaiah Hartenstein,player_assists,3.5,140,Bovada,Los Angeles Lakers at Oklahoma City Thunder,3.0,51,Neutral Matchup,LOW
Isaiah Hartenstein,player_assists,3.5,-185,Bovada,Los Angeles Lakers at Oklahoma City Thunder,3.1,50,Strong Matchup,LOW
LeBron James,player_assists,6.5,-215,Bovada,Los Angeles Lakers at Oklahoma City Thunder,5.9,51,Weak Matchup,LOW
LeBron James,player_assists,6.5,160,Bovada,Los Angeles Lakers at Oklahoma City Thunder,6.5,81,Strong Matchup,HIGH
LeBron James,player_assists,7.5,-120,Bovada,Los Angeles Lakers at Oklahoma City Thunder,6.4,80,Strong Matchup,HIGH
LeBron James,player_assists,7.5,-110,Bovada,Los Angeles Lakers at Oklahoma City Thunder,7.3,83,Weak Matchup,HIGH
LeBron James,player_assists,8.5,145,Bovada,Los Angeles Lakers at Oklahoma City Thunder,8.2,52,Weak Matchup,LOW
LeBron James,player_assists,8.5,-190,Bovada,Los Angeles Lakers at Oklahoma City Thunder,9.4,76,Neutral Matchup,HIGH
Luguentz Dort,player_assists,0.5,-250,Bovada,Los Angeles Lakers at Oklahoma City Thunder,0.4,48,Weak Matchup,LOW
Luguentz Dort,player_assists,0.5,185,Bovada,Los Angeles Lakers at Oklahoma City Thunder,0.4,65,Weak Matchup,MEDIUM
Luguentz Dort,player_assists,1.5,180,Bovada,Los Angeles Lakers at Oklahoma City Thunder,1.6,49,Strong Matchup,LOW
Luguentz Dort,player_assists,1.5,-245,Bovada,Los Angeles Lakers at Oklahoma City Thunder,1.4,70,Weak Matchup,HIGH
Marcus Smart,player_assists,3.5,-125,Bovada,Los Angeles Lakers at Oklahoma City Thunder,3.3,69,Neutral Matchup,MEDIUM
Marcus Smart,player_assists,3.5,-105,Bovada,Los Angeles Lakers at Oklahoma City Thunder,3.2,74,Strong Matchup,HIGH
Marcus Smart,player_assists,4.5,170,Bovada,Los Angeles Lakers at Oklahoma City Thunder,5.0,66,Weak Matchup,MEDIUM
Marcus Smart,player_assists,4.5,-230,Bovada,Los Angeles Lakers at Oklahoma City Thunder,4.8,55,Weak Matchup,MEDIUM
Rui Hachimura,player_assists,0.5,-180,Bovada,Los Angeles Lakers at Oklahoma City Thunder,0.5,50,Neutral Matchup,LOW
Rui Hachimura,player_assists,0.5,135,Bovada,Los Angeles Lakers at Oklahoma City Thunder,0.5,85,Weak Matchup,HIGH
Shai Gilgeous-Alexander,player_assists,5.5,-300,Bovada,Los Angeles Lakers at Oklahoma City Thunder,5.9,70,Strong Matchup,HIGH
Shai Gilgeous-Alexander,player_assists,5.5,215,Bovada,Los Angeles Lakers at Oklahoma City Thunder,4.7,69,Weak Matchup,MEDIUM
Shai Gilgeous-Alexander,player_assists,6.5,-150,Bovada,Los Angeles Lakers at Oklahoma City Thunder,6.5,67,Weak Matchup,MEDIUM
Shai Gilgeous-Alexander,player_assists,6.5,115,Bovada,Los Angeles Lakers at Oklahoma City Thunder,7.4,47,Neutral Matchup,LOW
Shai Gilgeous-Alexander,player_assists,7.5,120,Bovada,Los Angeles Lakers at Oklahoma City Thunder,7.6,80,Neutral Matchup,HIGH
Shai Gilgeous-Alexander,player_assists,7.5,-160,Bovada,Los Angeles Lakers at Oklahoma City Thunder,8.5,53,Strong Matchup,LOW
Ajay Mitchell,player_points,13.5,-245,Bovada,Los Angeles Lakers at Oklahoma City Thunder,12.6,58,Strong Matchup,MEDIUM
Ajay Mitchell,player_points,13.5,180,Bovada,Los Angeles Lakers at Oklahoma City Thunder,14.5,67,Weak Matchup,MEDIUM
Ajay Mitchell,player_points,14.5,-185,Bovada,Los Angeles Lakers at Oklahoma City Thunder,12.5,55,Weak Matchup,MEDIUM
Ajay Mitchell,player_points,14.5,140,Bovada,Los Angeles Lakers at Oklahoma City Thunder,15.0,63,Neutral Matchup,MEDIUM
Ajay Mitchell,player_points,15.5,-145,Bovada,Los Angeles Lakers at Oklahoma City Thunder,17.4,47,Strong Matchup,LOW
Ajay Mitchell,player_points,15.5,110,Bovada,Los Angeles Lakers at Oklahoma City Thunder,17.3,57,Weak Matchup,MEDIUM
Ajay Mitchell,player_points,16.5,-110,Bovada,Los Angeles Lakers at Oklahoma City Thunder,18.3,54,Strong Matchup,LOW
Ajay Mitchell,player_points,16.5,-120,Bovada,Los Angeles Lakers at Oklahoma City Thunder,17.8,80,Weak Matchup,HIGH
Ajay Mitchell,player_points,17.5,115,Bovada,Los Angeles Lakers at Oklahoma City Thunder,15.9,73,Neutral Matchup,HIGH
Ajay Mitchell,player_points,17.5,-150,Bovada,Los Angeles Lakers at Oklahoma City Thunder,16.4,46,Neutral Matchup,LOW
Ajay Mitchell,player_points,18.5,145,Bovada,Los Angeles Lakers at Oklahoma City Thunder,15.9,77,Neutral Matchup,HIGH
Ajay Mitchell,player_points,18.5,-190,Bovada,Los Angeles Lakers at Oklahoma City Thunder,15.8,78,Weak Matchup,HIGH
Ajay Mitchell,player_points,19.5,180,Bovada,Los Angeles Lakers at Oklahoma City Thunder,19.7,73,Neutral Matchup,HIGH
Ajay Mitchell,player_points,19.5,-245,Bovada,Los Angeles Lakers at Oklahoma City Thunder,16.9,83,Strong Matchup,HIGH
Alex Caruso,player_points,4.5,-275,Bovada,Los Angeles Lakers at Oklahoma City Thunder,4.1,55,Weak Matchup,MEDIUM
Alex Caruso,player_points,4.5,200,Bovada,Los Angeles Lakers at Oklahoma City Thunder,5.0,84,Strong Matchup,HIGH
Alex Caruso,player_points,5.5,-170,Bovada,Los Angeles Lakers at Oklahoma City Thunder,5.2,50,Weak Matchup,LOW
Alex Caruso,player_points,5.5,130,Bovada,Los Angeles Lakers at Oklahoma City Thunder,5.9,66,Neutral Matchup,MEDIUM
Alex Caruso,player_points,6.5,-115,Bovada,Los Angeles Lakers at Oklahoma City Thunder,6.5,82,Weak Matchup,HIGH
Alex Caruso,player_points,6.5,-115,Bovada,Los Angeles Lakers at Oklahoma City Thunder,6.4,62,Neutral Matchup,MEDIUM
Alex Caruso,player_points,7.5,125,Bovada,Los Angeles Lakers at Oklahoma City Thunder,7.6,52,Strong Matchup,LOW
Alex Caruso,player_points,7.5,-165,Bovada,Los Angeles Lakers at Oklahoma City Thunder,6.7,47,Strong Matchup,LOW
Alex Caruso,player_points,8.5,170,Bovada,Los Angeles Lakers at Oklahoma City Thunder,9.8,51,Strong Matchup,LOW
Alex Caruso,player_points,8.5,-230,Bovada,Los Angeles Lakers at Oklahoma City Thunder,7.3,68,Neutral Matchup,MEDIUM
Austin Reaves,player_points,15.5,-250,Bovada,Los Angeles Lakers at Oklahoma City Thunder,14.6,47,Weak Matchup,LOW
Austin Reaves,player_points,15.5,185,Bovada,Los Angeles Lakers at Oklahoma City Thunder,16.8,46,Neutral Matchup,LOW
Austin Reaves,player_points,16.5,-190,Bovada,Los Angeles Lakers at Oklahoma City Thunder,16.1,63,Neutral Matchup,MEDIUM
Austin Reaves,player_points,16.5,145,Bovada,Los Angeles Lakers at Oklahoma City Thunder,15.3,58,Strong Matchup,MEDIUM
Austin Reaves,player_points,17.5,-150,Bovada,Los Angeles Lakers at Oklahoma City Thunder,18.2,76,Weak Matchup,HIGH
Austin Reaves,player_points,17.5,115,Bovada,Los Angeles Lakers at Oklahoma City Thunder,16.8,57,Neutral Matchup,MEDIUM
Austin Reaves,player_points,18.5,-120,Bovada,Los Angeles Lakers at Oklahoma City Thunder,19.2,49,Neutral Matchup,LOW
Austin Reaves,player_points,18.5,-110,Bovada,Los Angeles Lakers at Oklahoma City Thunder,17.6,56,Strong Matchup,MEDIUM
Austin Reaves,player_points,19.5,105,Bovada,Los Angeles Lakers at Oklahoma City Thunder,22.1,62,Strong Matchup,MEDIUM
Austin Reaves,player_points,19.5,-135,Bovada,Los Angeles Lakers at Oklahoma City Thunder,21.3,74,Strong Matchup,HIGH
Austin Reaves,player_points,20.5,130,Bovada,Los Angeles Lakers at Oklahoma City Thunder,21.5,77,Weak Matchup,HIGH
Austin Reaves,player_points,20.5,-170,Bovada,Los Angeles Lakers at Oklahoma City Thunder,20.8,82,Neutral Matchup,HIGH
Austin Reaves,player_points,21.5,160,Bovada,Los Angeles Lakers at Oklahoma City Thunder,22.7,68,Neutral Matchup,MEDIUM
Austin Reaves,player_points,21.5,-215,Bovada,Los Angeles Lakers at Oklahoma City Thunder,23.8,65,Weak Matchup,MEDIUM
Austin Reaves,player_points,22.5,200,Bovada,Los Angeles Lakers at Oklahoma City Thunder,20.5,68,Neutral Matchup,MEDIUM
Austin Reaves,player_points,22.5,-275,Bovada,Los Angeles Lakers at Oklahoma City Thunder,24.1,48,Strong Matchup,LOW
Cason Wallace,player_points,5.5,-180,Bovada,Los Angeles Lakers at Oklahoma City Thunder,6.0,55,Neutral Matchup,MEDIUM
Cason Wallace,player_points,5.5,135,Bovada,Los Angeles Lakers at Oklahoma City Thunder,6.3,61,Neutral Matchup,MEDIUM
Cason Wallace,player_points,6.5,-120,Bovada,Los Angeles Lakers at Oklahoma City Thunder,6.2,85,Strong Matchup,HIGH
Cason Wallace,player_points,6.5,-110,Bovada,Los Angeles Lakers at Oklahoma City Thunder,5.6,63,Weak Matchup,MEDIUM
Cason Wallace,player_points,7.5,120,Bovada,Los Angeles Lakers at Oklahoma City Thunder,7.1,63,Strong Matchup,MEDIUM
Cason Wallace,player_points,7.5,-160,Bovada,Los Angeles Lakers at Oklahoma City Thunder,8.3,72,Neutral Matchup,HIGH
Cason Wallace,player_points,8.5,165,Bovada,Los Angeles Lakers at Oklahoma City Thunder,8.9,76,Weak Matchup,HIGH
Cason Wallace,player_points,8.5,-220,Bovada,Los Angeles Lakers at Oklahoma City Thunder,9.5,51,Neutral Matchup,LOW
Chet Holmgren,player_points,13.5,-220,Bovada,Los Angeles Lakers at Oklahoma City Thunder,12.4,85,Neutral Matchup,HIGH
Chet Holmgren,player_points,13.5,165,Bovada,Los Angeles Lakers at Oklahoma City Thunder,13.1,56,Neutral Matchup,MEDIUM
Chet Holmgren,player_points,14.5,-165,Bovada,Los Angeles Lakers at Oklahoma City Thunder,15.3,49,Strong Matchup,LOW
Chet Holmgren,player_points,14.5,125,Bovada,Los Angeles Lakers at Oklahoma City Thunder,13.8,75,Neutral Matchup,HIGH
Chet Holmgren,player_points,15.5,-130,Bovada,Los Angeles Lakers at Oklahoma City Thunder,13.4,80,Weak Matchup,HIGH
Chet Holmgren,player_points,15.5,100,Bovada,Los Angeles Lakers at Oklahoma City Thunder,14.8,54,Neutral Matchup,LOW
Chet Holmgren,player_points,16.5,100,Bovada,Los Angeles Lakers at Oklahoma City Thunder,15.3,60,Neutral Matchup,MEDIUM
Chet Holmgren,player_points,16.5,-130,Bovada,Los Angeles Lakers at Oklahoma City Thunder,17.5,84,Weak Matchup,HIGH
Chet Holmgren,player_points,17.5,125,Bovada,Los Angeles Lakers at Oklahoma City Thunder,18.5,71,Strong Matchup,HIGH
Chet Holmgren,player_points,17.5,-165,Bovada,Los Angeles Lakers at Oklahoma City Thunder,15.6,48,Neutral Matchup,LOW
Chet Holmgren,player_points,18.5,160,Bovada,Los Angeles Lakers at Oklahoma City Thunder,18.6,79,Neutral Matchup,HIGH
Chet Holmgren,player_points,18.5,-215,Bovada,Los Angeles Lakers at Oklahoma City Thunder,17.4,49,Weak Matchup,LOW
Chet Holmgren,player_points,19.5,200,Bovada,Los Angeles Lakers at Oklahoma City Thunder,22.1,59,Strong Matchup,MEDIUM
Chet Holmgren,player_points,19.5,-275,Bovada,Los Angeles Lakers at Oklahoma City Thunder,22.1,77,Neutral Matchup,HIGH
Deandre Ayton,player_points,7.5,-280,Bovada,Los Angeles Lakers at Oklahoma City Thunder,7.2,45,Strong Matchup,LOW
Deandre Ayton,player_points,7.5,205,Bovada,Los Angeles Lakers at Oklahoma City Thunder,6.8,63,Strong Matchup,MEDIUM
Deandre Ayton,player_points,8.5,-190,Bovada,Los Angeles Lakers at Oklahoma City Thunder,8.8,83,Strong Matchup,HIGH
Deandre Ayton,player_points,8.5,145,Bovada,Los Angeles Lakers at Oklahoma City Thunder,7.4,57,Neutral Matchup,MEDIUM
Deandre Ayton,player_points,9.5,-135,Bovada,Los Angeles Lakers at Oklahoma City Thunder,9.2,70,Neutral Matchup,HIGH
Deandre Ayton,player_points,9.5,105,Bovada,Los Angeles Lakers at Oklahoma City Thunder,9.8,80,Strong Matchup,HIGH
Deandre Ayton,player_points,10.5,100,Bovada,Los Angeles Lakers at Oklahoma City Thunder,10.4,59,Neutral Matchup,MEDIUM
Deandre Ayton,player_points,10.5,-130,Bovada,Los Angeles Lakers at Oklahoma City Thunder,10.0,49,Weak Matchup,LOW
Deandre Ayton,player_points,11.5,135,Bovada,Los Angeles Lakers at Oklahoma City Thunder,10.0,48,Strong Matchup,LOW
Deandre Ayton,player_points,11.5,-180,Bovada,Los Angeles Lakers at Oklahoma City Thunder,10.4,47,Strong Matchup,LOW
Deandre Ayton,player_points,12.5,175,Bovada,Los Angeles Lakers at Oklahoma City Thunder,11.5,56,Neutral Matchup,MEDIUM
Deandre Ayton,player_points,12.5,-240,Bovada,Los Angeles Lakers at Oklahoma City Thunder,14.3,49,Weak Matchup,LOW
Isaiah Hartenstein,player_points,5.5,-260,Bovada,Los Angeles Lakers at Oklahoma City Thunder,5.6,51,Strong Matchup,LOW
Isaiah Hartenstein,player_points,5.5,190,Bovada,Los Angeles Lakers at Oklahoma City Thunder,4.7,52,Neutral Matchup,LOW
Isaiah Hartenstein,player_points,6.5,-170,Bovada,Los Angeles Lakers at Oklahoma City Thunder,7.2,82,Strong Matchup,HIGH
Isaiah Hartenstein,player_points,6.5,130,Bovada,Los Angeles Lakers at Oklahoma City Thunder,5.6,78,Neutral Matchup,HIGH
Isaiah Hartenstein,player_points,7.5,-120,Bovada,Los Angeles Lakers at Oklahoma City Thunder,7.6,52,Weak Matchup,LOW
Isaiah Hartenstein,player_points,7.5,-110,Bovada,Los Angeles Lakers at Oklahoma City Thunder,7.7,71,Neutral Matchup,HIGH
Isaiah Hartenstein,player_points,8.5,115,Bovada,Los Angeles Lakers at Oklahoma City Thunder,8.9,46,Neutral Matchup,LOW
Isaiah Hartenstein,player_points,8.5,-150,Bovada,Los Angeles Lakers at Oklahoma City Thunder,7.9,78,Weak Matchup,HIGH
Isaiah Hartenstein,player_points,9.5,160,Bovada,Los Angeles Lakers at Oklahoma City Thunder,9.4,63,Strong Matchup,MEDIUM
Isaiah Hartenstein,player_points,9.5,-215,Bovada,Los Angeles Lakers at Oklahoma City Thunder,8.6,69,Strong Matchup,MEDIUM
Isaiah Joe,player_points,4.5,-280,Bovada,Los Angeles Lakers at Oklahoma City Thunder,4.4,49,Neutral Matchup,LOW
Isaiah Joe,player_points,4.5,205,Bovada,Los Angeles Lakers at Oklahoma City Thunder,4.5,65,Strong Matchup,MEDIUM
Isaiah Joe,player_points,5.5,-180,Bovada,Los Angeles Lakers at Oklahoma City Thunder,5.8,66,Neutral Matchup,MEDIUM
Isaiah Joe,player_points,5.5,135,Bovada,Los Angeles Lakers at Oklahoma City Thunder,5.0,82,Weak Matchup,HIGH
Isaiah Joe,player_points,6.5,-120,Bovada,Los Angeles Lakers at Oklahoma City Thunder,6.2,71,Weak Matchup,HIGH
Isaiah Joe,player_points,6.5,-110,Bovada,Los Angeles Lakers at Oklahoma City Thunder,7.2,73,Weak Matchup,HIGH
Isaiah Joe,player_points,7.5,120,Bovada,Los Angeles Lakers at Oklahoma City Thunder,7.5,47,Neutral Matchup,LOW
Isaiah Joe,player_points,7.5,-160,Bovada,Los Angeles Lakers at Oklahoma City Thunder,8.4,71,Weak Matchup,HIGH
Isaiah Joe,player_points,8.5,165,Bovada,Los Angeles Lakers at Oklahoma City Thunder,8.1,72,Weak Matchup,HIGH
Isaiah Joe,player_points,8.5,-220,Bovada,Los Angeles Lakers at Oklahoma City Thunder,9.5,71,Strong Matchup,HIGH
Jake LaRavia,player_points,2.5,-180,Bovada,Los Angeles Lakers at Oklahoma City Thunder,2.6,61,Neutral Matchup,MEDIUM
Jake LaRavia,player_points,2.5,135,Bovada,Los Angeles Lakers at Oklahoma City Thunder,2.3,76,Weak Matchup,HIGH
Jake LaRavia,player_points,3.5,-105,Bovada,Los Angeles Lakers at Oklahoma City Thunder,3.2,85,Strong Matchup,HIGH
Jake LaRavia,player_points,3.5,-125,Bovada,Los Angeles Lakers at Oklahoma City Thunder,3.5,60,Weak Matchup,MEDIUM
Jake LaRavia,player_points,4.5,150,Bovada,Los Angeles Lakers at Oklahoma City Thunder,4.8,72,Strong Matchup,HIGH
Jake LaRavia,player_points,4.5,-200,Bovada,Los Angeles Lakers at Oklahoma City Thunder,4.6,51,Neutral Matchup,LOW
Jared McCain,player_points,2.5,-150,Bovada,Los Angeles Lakers at Oklahoma City Thunder,2.2,51,Strong Matchup,LOW
Jared McCain,player_points,2.5,115,Bovada,Los Angeles Lakers at Oklahoma City Thunder,2.2,67,Strong Matchup,MEDIUM
Jared McCain,player_points,3.5,110,Bovada,Los Angeles Lakers at Oklahoma City Thunder,3.5,74,Weak Matchup,HIGH
Jared McCain,player_points,3.5,-145,Bovada,Los Angeles Lakers at Oklahoma City Thunder,3.7,82,Strong Matchup,HIGH
Jared McCain,player_points,4.5,170,Bovada,Los Angeles Lakers at Oklahoma City Thunder,3.9,81,Strong Matchup,HIGH
Jared McCain,player_points,4.5,-230,Bovada,Los Angeles Lakers at Oklahoma City Thunder,4.8,53,Weak Matchup,LOW
Jaxson Hayes,player_points,2.5,-275,Bovada,Los Angeles Lakers at Oklahoma City Thunder,2.4,46,Weak Matchup,LOW
Jaxson Hayes,player_points,2.5,200,Bovada,Los Angeles Lakers at Oklahoma City Thunder,2.5,73,Strong Matchup,HIGH
Jaxson Hayes,player_points,3.5,-150,Bovada,Los Angeles Lakers at Oklahoma City Thunder,3.5,81,Strong Matchup,HIGH
Jaxson Hayes,player_points,3.5,115,Bovada,Los Angeles Lakers at Oklahoma City Thunder,3.6,81,Neutral Matchup,HIGH
Jaxson Hayes,player_points,4.5,105,Bovada,Los Angeles Lakers at Oklahoma City Thunder,5.0,82,Neutral Matchup,HIGH
Jaxson Hayes,player_points,4.5,-135,Bovada,Los Angeles Lakers at Oklahoma City Thunder,4.7,45,Weak Matchup,LOW
Jaxson Hayes,player_points,5.5,155,Bovada,Los Angeles Lakers at Oklahoma City Thunder,5.1,79,Neutral Matchup,HIGH
Jaxson Hayes,player_points,5.5,-210,Bovada,Los Angeles Lakers at Oklahoma City Thunder,6.0,74,Weak Matchup,HIGH
Jaylin Williams,player_points,2.5,-200,Bovada,Los Angeles Lakers at Oklahoma City Thunder,2.6,76,Neutral Matchup,HIGH
Jaylin Williams,player_points,2.5,150,Bovada,Los Angeles Lakers at Oklahoma City Thunder,2.4,47,Neutral Matchup,LOW
Jaylin Williams,player_points,3.5,-115,Bovada,Los Angeles Lakers at Oklahoma City Thunder,3.6,72,Neutral Matchup,HIGH
Jaylin Williams,player_points,3.5,-115,Bovada,Los Angeles Lakers at Oklahoma City Thunder,4.0,81,Neutral Matchup,HIGH
Jaylin Williams,player_points,4.5,135,Bovada,Los Angeles Lakers at Oklahoma City Thunder,4.0,53,Strong Matchup,LOW
Jaylin Williams,player_points,4.5,-180,Bovada,Los Angeles Lakers at Oklahoma City Thunder,5.0,78,Strong Matchup,HIGH
Jaylin Williams,player_points,5.5,205,Bovada,Los Angeles Lakers at Oklahoma City Thunder,5.2,66,Neutral Matchup,MEDIUM
Jaylin Williams,player_points,5.5,-280,Bovada,Los Angeles Lakers at Oklahoma City Thunder,4.9,66,Neutral Matchup,MEDIUM
LeBron James,player_points,17.5,-260,Bovada,Los Angeles Lakers at Oklahoma City Thunder,16.2,63,Neutral Matchup,MEDIUM
LeBron James,player_points,17.5,190,Bovada,Los Angeles Lakers at Oklahoma City Thunder,15.4,72,Weak Matchup,HIGH
LeBron James,player_points,18.5,-200,Bovada,Los Angeles Lakers at Oklahoma City Thunder,20.4,65,Strong Matchup,MEDIUM
LeBron James,player_points,18.5,150,Bovada,Los Angeles Lakers at Oklahoma City Thunder,17.8,48,Neutral Matchup,LOW
LeBron James,player_points,19.5,-160,Bovada,Los Angeles Lakers at Oklahoma City Thunder,20.9,85,Strong Matchup,HIGH
LeBron James,player_points,19.5,120,Bovada,Los Angeles Lakers at Oklahoma City Thunder,18.3,70,Strong Matchup,HIGH
LeBron James,player_points,20.5,-125,Bovada,Los Angeles Lakers at Oklahoma City Thunder,21.0,47,Strong Matchup,LOW
LeBron James,player_points,20.5,-105,Bovada,Los Angeles Lakers at Oklahoma City Thunder,19.7,72,Strong Matchup,HIGH
LeBron James,player_points,21.5,100,Bovada,Los Angeles Lakers at Oklahoma City Thunder,20.3,48,Strong Matchup,LOW
LeBron James,player_points,21.5,-130,Bovada,Los Angeles Lakers at Oklahoma City Thunder,21.9,47,Neutral Matchup,LOW
LeBron James,player_points,22.5,120,Bovada,Los Angeles Lakers at Oklahoma City Thunder,25.3,74,Strong Matchup,HIGH
LeBron James,player_points,22.5,-160,Bovada,Los Angeles Lakers at Oklahoma City Thunder,21.0,85,Weak Matchup,HIGH
LeBron James,player_points,23.5,150,Bovada,Los Angeles Lakers at Oklahoma City Thunder,25.3,53,Neutral Matchup,LOW
LeBron James,player_points,23.5,-200,Bovada,Los Angeles Lakers at Oklahoma City Thunder,26.6,73,Weak Matchup,HIGH
LeBron James,player_points,24.5,180,Bovada,Los Angeles Lakers at Oklahoma City Thunder,22.0,65,Strong Matchup,MEDIUM
LeBron James,player_points,24.5,-245,Bovada,Los Angeles Lakers at Oklahoma City Thunder,22.2,76,Weak Matchup,HIGH
Luguentz Dort,player_points,4.5,-280,Bovada,Los Angeles Lakers at Oklahoma City Thunder,4.1,69,Weak Matchup,MEDIUM
Luguentz Dort,player_points,4.5,205,Bovada,Los Angeles Lakers at Oklahoma City Thunder,4.9,80,Strong Matchup,HIGH
Luguentz Dort,player_points,5.5,-180,Bovada,Los Angeles Lakers at Oklahoma City Thunder,6.0,64,Neutral Matchup,MEDIUM
Luguentz Dort,player_points,5.5,135,Bovada,Los Angeles Lakers at Oklahoma City Thunder,6.0,78,Weak Matchup,HIGH
Luguentz Dort,player_points,6.5,-120,Bovada,Los Angeles Lakers at Oklahoma City Thunder,7.3,48,Weak Matchup,LOW
Luguentz Dort,player_points,6.5,-110,Bovada,Los Angeles Lakers at Oklahoma City Thunder,6.9,75,Weak Matchup,HIGH
Luguentz Dort,player_points,7.5,120,Bovada,Los Angeles Lakers at Oklahoma City Thunder,7.8,52,Neutral Matchup,LOW
Luguentz Dort,player_points,7.5,-160,Bovada,Los Angeles Lakers at Oklahoma City Thunder,8.5,75,Neutral Matchup,HIGH
Luguentz Dort,player_points,8.5,165,Bovada,Los Angeles Lakers at Oklahoma City Thunder,7.5,71,Strong Matchup,HIGH
Luguentz Dort,player_points,8.5,-220,Bovada,Los Angeles Lakers at Oklahoma City Thunder,9.7,57,Strong Matchup,MEDIUM
Luke Kennard,player_points,5.5,-260,Bovada,Los Angeles Lakers at Oklahoma City Thunder,6.2,84,Strong Matchup,HIGH
Luke Kennard,player_points,5.5,190,Bovada,Los Angeles Lakers at Oklahoma City Thunder,6.0,80,Neutral Matchup,HIGH
Luke Kennard,player_points,6.5,-170,Bovada,Los Angeles Lakers at Oklahoma City Thunder,7.1,78,Neutral Matchup,HIGH
Luke Kennard,player_points,6.5,130,Bovada,Los Angeles Lakers at Oklahoma City Thunder,7.3,74,Weak Matchup,HIGH
Luke Kennard,player_points,7.5,-120,Bovada,Los Angeles Lakers at Oklahoma City Thunder,8.1,67,Weak Matchup,MEDIUM
Luke Kennard,player_points,7.5,-110,Bovada,Los Angeles Lakers at Oklahoma City Thunder,7.6,78,Weak Matchup,HIGH
Luke Kennard,player_points,8.5,115,Bovada,Los Angeles Lakers at Oklahoma City Thunder,8.3,80,Weak Matchup,HIGH
Luke Kennard,player_points,8.5,-150,Bovada,Los Angeles Lakers at Oklahoma City Thunder,9.7,54,Neutral Matchup,LOW
Luke Kennard,player_points,9.5,160,Bovada,Los Angeles Lakers at Oklahoma City Thunder,10.0,51,Strong Matchup,LOW
Luke Kennard,player_points,9.5,-215,Bovada,Los Angeles Lakers at Oklahoma City Thunder,8.6,51,Strong Matchup,LOW
Marcus Smart,player_points,8.5,-210,Bovada,Los Angeles Lakers at Oklahoma City Thunder,8.7,81,Neutral Matchup,HIGH
Marcus Smart,player_points,8.5,155,Bovada,Los Angeles Lakers at Oklahoma City Thunder,8.2,63,Neutral Matchup,MEDIUM
Marcus Smart,player_points,9.5,-150,Bovada,Los Angeles Lakers at Oklahoma City Thunder,8.9,78,Strong Matchup,HIGH
Marcus Smart,player_points,9.5,115,Bovada,Los Angeles Lakers at Oklahoma City Thunder,8.2,62,Weak Matchup,MEDIUM
Marcus Smart,player_points,10.5,-110,Bovada,Los Angeles Lakers at Oklahoma City Thunder,10.9,71,Neutral Matchup,HIGH
Marcus Smart,player_points,10.5,-120,Bovada,Los Angeles Lakers at Oklahoma City Thunder,11.2,49,Strong Matchup,LOW
Marcus Smart,player_points,11.5,120,Bovada,Los Angeles Lakers at Oklahoma City Thunder,9.9,45,Strong Matchup,LOW
Marcus Smart,player_points,11.5,-160,Bovada,Los Angeles Lakers at Oklahoma City Thunder,13.0,70,Neutral Matchup,HIGH
Marcus Smart,player_points,12.5,160,Bovada,Los Angeles Lakers at Oklahoma City Thunder,11.8,66,Neutral Matchup,MEDIUM
Marcus Smart,player_points,12.5,-215,Bovada,Los Angeles Lakers at Oklahoma City Thunder,13.0,59,Neutral Matchup,MEDIUM
Marcus Smart,player_points,13.5,210,Bovada,Los Angeles Lakers at Oklahoma City Thunder,12.5,71,Weak Matchup,HIGH
Marcus Smart,player_points,13.5,-290,Bovada,Los Angeles Lakers at Oklahoma City Thunder,14.4,68,Neutral Matchup,MEDIUM
Rui Hachimura,player_points,9.5,-280,Bovada,Los Angeles Lakers at Oklahoma City Thunder,10.0,69,Neutral Matchup,MEDIUM
Rui Hachimura,player_points,9.5,205,Bovada,Los Angeles Lakers at Oklahoma City Thunder,10.6,50,Weak Matchup,LOW
Rui Hachimura,player_points,10.5,-200,Bovada,Los Angeles Lakers at Oklahoma City Thunder,10.5,74,Neutral Matchup,HIGH
Rui Hachimura,player_points,10.5,150,Bovada,Los Angeles Lakers at Oklahoma City Thunder,10.1,65,Neutral Matchup,MEDIUM
Rui Hachimura,player_points,11.5,-145,Bovada,Los Angeles Lakers at Oklahoma City Thunder,12.7,54,Neutral Matchup,LOW
Rui Hachimura,player_points,11.5,110,Bovada,Los Angeles Lakers at Oklahoma City Thunder,11.2,85,Neutral Matchup,HIGH
Rui Hachimura,player_points,12.5,-110,Bovada,Los Angeles Lakers at Oklahoma City Thunder,11.2,75,Neutral Matchup,HIGH
Rui Hachimura,player_points,12.5,-120,Bovada,Los Angeles Lakers at Oklahoma City Thunder,10.8,77,Neutral Matchup,HIGH
Rui Hachimura,player_points,13.5,120,Bovada,Los Angeles Lakers at Oklahoma City Thunder,14.2,81,Strong Matchup,HIGH
Rui Hachimura,player_points,13.5,-160,Bovada,Los Angeles Lakers at Oklahoma City Thunder,13.9,78,Weak Matchup,HIGH
Rui Hachimura,player_points,14.5,155,Bovada,Los Angeles Lakers at Oklahoma City Thunder,16.5,62,Strong Matchup,MEDIUM
Rui Hachimura,player_points,14.5,-210,Bovada,Los Angeles Lakers at Oklahoma City Thunder,12.4,61,Strong Matchup,MEDIUM
Rui Hachimura,player_points,15.5,200,Bovada,Los Angeles Lakers at Oklahoma City Thunder,17.0,65,Strong Matchup,MEDIUM
Rui Hachimura,player_points,15.5,-275,Bovada,Los Angeles Lakers at Oklahoma City Thunder,13.8,69,Weak Matchup,MEDIUM
Shai Gilgeous-Alexander,player_points,24.5,-290,Bovada,Los Angeles Lakers at Oklahoma City Thunder,28.0,62,Strong Matchup,MEDIUM
Shai Gilgeous-Alexander,player_points,24.5,210,Bovada,Los Angeles Lakers at Oklahoma City Thunder,22.1,75,Weak Matchup,HIGH
Shai Gilgeous-Alexander,player_points,25.5,-230,Bovada,Los Angeles Lakers at Oklahoma City Thunder,23.5,53,Neutral Matchup,LOW
Shai Gilgeous-Alexander,player_points,25.5,170,Bovada,Los Angeles Lakers at Oklahoma City Thunder,26.8,71,Strong Matchup,HIGH
Shai Gilgeous-Alexander,player_points,26.5,-185,Bovada,Los Angeles Lakers at Oklahoma City Thunder,28.4,52,Weak Matchup,LOW
Shai Gilgeous-Alexander,player_points,26.5,140,Bovada,Los Angeles Lakers at Oklahoma City Thunder,22.9,65,Neutral Matchup,MEDIUM
Shai Gilgeous-Alexander,player_points,27.5,-150,Bovada,Los Angeles Lakers at Oklahoma City Thunder,25.0,69,Weak Matchup,MEDIUM
Shai Gilgeous-Alexander,player_points,27.5,115,Bovada,Los Angeles Lakers at Oklahoma City Thunder,30.6,69,Weak Matchup,MEDIUM
Shai Gilgeous-Alexander,player_points,28.5,-125,Bovada,Los Angeles Lakers at Oklahoma City Thunder,30.8,62,Neutral Matchup,MEDIUM
Shai Gilgeous-Alexander,player_points,28.5,-105,Bovada,Los Angeles Lakers at Oklahoma City Thunder,29.6,63,Strong Matchup,MEDIUM
Shai Gilgeous-Alexander,player_points,29.5,-105,Bovada,Los Angeles Lakers at Oklahoma City Thunder,33.3,69,Weak Matchup,MEDIUM
Shai Gilgeous-Alexander,player_points,29.5,-125,Bovada,Los Angeles Lakers at Oklahoma City Thunder,32.2,71,Strong Matchup,HIGH
Shai Gilgeous-Alexander,player_points,30.5,115,Bovada,Los Angeles Lakers at Oklahoma City Thunder,33.4,83,Weak Matchup,HIGH
Shai Gilgeous-Alexander,player_points,30.5,-150,Bovada,Los Angeles Lakers at Oklahoma City Thunder,30.3,52,Neutral Matchup,LOW
Shai Gilgeous-Alexander,player_points,31.5,135,Bovada,Los Angeles Lakers at Oklahoma City Thunder,31.6,46,Weak Matchup,LOW
Shai Gilgeous-Alexander,player_points,31.5,-180,Bovada,Los Angeles Lakers at Oklahoma City Thunder,28.6,57,Weak Matchup,MEDIUM
Shai Gilgeous-Alexander,player_points,32.5,160,Bovada,Los Angeles Lakers at Oklahoma City Thunder,32.9,84,Neutral Matchup,HIGH
Shai Gilgeous-Alexander,player_points,32.5,-215,Bovada,Los Angeles Lakers at Oklahoma City Thunder,33.0,77,Weak Matchup,HIGH
Shai Gilgeous-Alexander,player_points,33.5,190,Bovada,Los Angeles Lakers at Oklahoma City Thunder,33.1,58,Strong Matchup,MEDIUM
Shai Gilgeous-Alexander,player_points,33.5,-260,Bovada,Los Angeles Lakers at Oklahoma City Thunder,35.6,53,Weak Matchup,LOW
Ajay Mitchell,player_rebounds,2.5,-275,Bovada,Los Angeles Lakers at Oklahoma City Thunder,2.6,69,Strong Matchup,MEDIUM
Ajay Mitchell,player_rebounds,2.5,200,Bovada,Los Angeles Lakers at Oklahoma City Thunder,2.6,81,Neutral Matchup,HIGH
Ajay Mitchell,player_rebounds,3.5,-110,Bovada,Los Angeles Lakers at Oklahoma City Thunder,3.5,52,Weak Matchup,LOW
Ajay Mitchell,player_rebounds,3.5,-120,Bovada,Los Angeles Lakers at Oklahoma City Thunder,3.0,83,Strong Matchup,HIGH
Ajay Mitchell,player_rebounds,4.5,180,Bovada,Los Angeles Lakers at Oklahoma City Thunder,5.0,49,Weak Matchup,LOW
Ajay Mitchell,player_rebounds,4.5,-245,Bovada,Los Angeles Lakers at Oklahoma City Thunder,5.1,45,Strong Matchup,LOW
Alex Caruso,player_rebounds,2.5,-130,Bovada,Los Angeles Lakers at Oklahoma City Thunder,2.5,78,Neutral Matchup,HIGH
Alex Caruso,player_rebounds,2.5,100,Bovada,Los Angeles Lakers at Oklahoma City Thunder,2.6,48,Weak Matchup,LOW
Alex Caruso,player_rebounds,3.5,175,Bovada,Los Angeles Lakers at Oklahoma City Thunder,4.0,49,Weak Matchup,LOW
Alex Caruso,player_rebounds,3.5,-240,Bovada,Los Angeles Lakers at Oklahoma City Thunder,3.9,78,Neutral Matchup,HIGH
Austin Reaves,player_rebounds,3.5,-230,Bovada,Los Angeles Lakers at Oklahoma City Thunder,3.8,48,Weak Matchup,LOW
Austin Reaves,player_rebounds,3.5,170,Bovada,Los Angeles Lakers at Oklahoma City Thunder,3.7,77,Strong Matchup,HIGH
Austin Reaves,player_rebounds,4.5,-110,Bovada,Los Angeles Lakers at Oklahoma City Thunder,4.4,70,Weak Matchup,HIGH
Austin Reaves,player_rebounds,4.5,-120,Bovada,Los Angeles Lakers at Oklahoma City Thunder,3.9,79,Weak Matchup,HIGH
Austin Reaves,player_rebounds,5.5,175,Bovada,Los Angeles Lakers at Oklahoma City Thunder,5.6,52,Weak Matchup,LOW
Austin Reaves,player_rebounds,5.5,-240,Bovada,Los Angeles Lakers at Oklahoma City Thunder,5.5,75,Neutral Matchup,HIGH
Chet Holmgren,player_rebounds,7.5,-220,Bovada,Los Angeles Lakers at Oklahoma City Thunder,8.4,56,Weak Matchup,MEDIUM
Chet Holmgren,player_rebounds,7.5,165,Bovada,Los Angeles Lakers at Oklahoma City Thunder,8.1,76,Strong Matchup,HIGH
Chet Holmgren,player_rebounds,8.5,-130,Bovada,Los Angeles Lakers at Oklahoma City Thunder,7.7,54,Strong Matchup,LOW
Chet Holmgren,player_rebounds,8.5,100,Bovada,Los Angeles Lakers at Oklahoma City Thunder,7.8,67,Weak Matchup,MEDIUM
Chet Holmgren,player_rebounds,9.5,125,Bovada,Los Angeles Lakers at Oklahoma City Thunder,9.5,60,Neutral Matchup,MEDIUM
Chet Holmgren,player_rebounds,9.5,-165,Bovada,Los Angeles Lakers at Oklahoma City Thunder,8.8,78,Weak Matchup,HIGH
Chet Holmgren,player_rebounds,10.5,200,Bovada,Los Angeles Lakers at Oklahoma City Thunder,10.5,50,Strong Matchup,LOW
Chet Holmgren,player_rebounds,10.5,-275,Bovada,Los Angeles Lakers at Oklahoma City Thunder,11.1,53,Strong Matchup,LOW
Deandre Ayton,player_rebounds,7.5,-220,Bovada,Los Angeles Lakers at Oklahoma City Thunder,8.4,71,Strong Matchup,HIGH
Deandre Ayton,player_rebounds,7.5,165,Bovada,Los Angeles Lakers at Oklahoma City Thunder,7.1,78,Weak Matchup,HIGH
Deandre Ayton,player_rebounds,8.5,-130,Bovada,Los Angeles Lakers at Oklahoma City Thunder,7.3,73,Strong Matchup,HIGH
Deandre Ayton,player_rebounds,8.5,100,Bovada,Los Angeles Lakers at Oklahoma City Thunder,9.3,46,Weak Matchup,LOW
Deandre Ayton,player_rebounds,9.5,125,Bovada,Los Angeles Lakers at Oklahoma City Thunder,9.5,57,Neutral Matchup,MEDIUM
Deandre Ayton,player_rebounds,9.5,-165,Bovada,Los Angeles Lakers at Oklahoma City Thunder,8.2,66,Neutral Matchup,MEDIUM
Deandre Ayton,player_rebounds,10.5,200,Bovada,Los Angeles Lakers at Oklahoma City Thunder,10.1,84,Strong Matchup,HIGH
Deandre Ayton,player_rebounds,10.5,-275,Bovada,Los Angeles Lakers at Oklahoma City Thunder,9.5,58,Strong Matchup,MEDIUM
Isaiah Hartenstein,player_rebounds,6.5,-275,Bovada,Los Angeles Lakers at Oklahoma City Thunder,6.3,77,Strong Matchup,HIGH
Isaiah Hartenstein,player_rebounds,6.5,200,Bovada,Los Angeles Lakers at Oklahoma City Thunder,7.5,49,Weak Matchup,LOW
Isaiah Hartenstein,player_rebounds,7.5,-150,Bovada,Los Angeles Lakers at Oklahoma City Thunder,8.3,68,Strong Matchup,MEDIUM
Isaiah Hartenstein,player_rebounds,7.5,115,Bovada,Los Angeles Lakers at Oklahoma City Thunder,6.7,76,Strong Matchup,HIGH
Isaiah Hartenstein,player_rebounds,8.5,110,Bovada,Los Angeles Lakers at Oklahoma City Thunder,8.3,54,Neutral Matchup,LOW
Isaiah Hartenstein,player_rebounds,8.5,-145,Bovada,Los Angeles Lakers at Oklahoma City Thunder,7.4,67,Weak Matchup,MEDIUM
Isaiah Hartenstein,player_rebounds,9.5,180,Bovada,Los Angeles Lakers at Oklahoma City Thunder,8.6,55,Strong Matchup,MEDIUM
Isaiah Hartenstein,player_rebounds,9.5,-245,Bovada,Los Angeles Lakers at Oklahoma City Thunder,8.2,73,Strong Matchup,HIGH
Jaxson Hayes,player_rebounds,3.5,-160,Bovada,Los Angeles Lakers at Oklahoma City Thunder,3.1,55,Weak Matchup,MEDIUM
Jaxson Hayes,player_rebounds,3.5,120,Bovada,Los Angeles Lakers at Oklahoma City Thunder,3.0,71,Weak Matchup,HIGH
Jaxson Hayes,player_rebounds,4.5,130,Bovada,Los Angeles Lakers at Oklahoma City Thunder,4.0,55,Weak Matchup,MEDIUM
Jaxson Hayes,player_rebounds,4.5,-170,Bovada,Los Angeles Lakers at Oklahoma City Thunder,3.9,65,Neutral Matchup,MEDIUM
Jaylin Williams,player_rebounds,2.5,-220,Bovada,Los Angeles Lakers at Oklahoma City Thunder,2.3,48,Weak Matchup,LOW
Jaylin Williams,player_rebounds,2.5,165,Bovada,Los Angeles Lakers at Oklahoma City Thunder,2.7,60,Neutral Matchup,MEDIUM
Jaylin Williams,player_rebounds,3.5,105,Bovada,Los Angeles Lakers at Oklahoma City Thunder,3.7,62,Neutral Matchup,MEDIUM
Jaylin Williams,player_rebounds,3.5,-135,Bovada,Los Angeles Lakers at Oklahoma City Thunder,3.0,80,Weak Matchup,HIGH
Jaylin Williams,player_rebounds,4.5,215,Bovada,Los Angeles Lakers at Oklahoma City Thunder,4.6,63,Weak Matchup,MEDIUM
Jaylin Williams,player_rebounds,4.5,-300,Bovada,Los Angeles Lakers at Oklahoma City Thunder,4.3,67,Strong Matchup,MEDIUM
LeBron James,player_rebounds,5.5,-220,Bovada,Los Angeles Lakers at Oklahoma City Thunder,5.7,82,Neutral Matchup,HIGH
LeBron James,player_rebounds,5.5,165,Bovada,Los Angeles Lakers at Oklahoma City Thunder,5.7,46,Neutral Matchup,LOW
LeBron James,player_rebounds,6.5,-120,Bovada,Los Angeles Lakers at Oklahoma City Thunder,7.3,45,Strong Matchup,LOW
LeBron James,player_rebounds,6.5,-110,Bovada,Los Angeles Lakers at Oklahoma City Thunder,6.4,52,Neutral Matchup,LOW
LeBron James,player_rebounds,7.5,145,Bovada,Los Angeles Lakers at Oklahoma City Thunder,6.7,79,Weak Matchup,HIGH
LeBron James,player_rebounds,7.5,-190,Bovada,Los Angeles Lakers at Oklahoma City Thunder,6.6,76,Weak Matchup,HIGH
Luguentz Dort,player_rebounds,2.5,-150,Bovada,Los Angeles Lakers at Oklahoma City Thunder,2.7,82,Weak Matchup,HIGH
Luguentz Dort,player_rebounds,2.5,115,Bovada,Los Angeles Lakers at Oklahoma City Thunder,2.3,77,Neutral Matchup,HIGH
Luguentz Dort,player_rebounds,3.5,150,Bovada,Los Angeles Lakers at Oklahoma City Thunder,3.2,75,Strong Matchup,HIGH
Luguentz Dort,player_rebounds,3.5,-200,Bovada,Los Angeles Lakers at Oklahoma City Thunder,3.4,84,Weak Matchup,HIGH
Luke Kennard,player_rebounds,2.5,-165,Bovada,Los Angeles Lakers at Oklahoma City Thunder,2.2,85,Weak Matchup,HIGH
Luke Kennard,player_rebounds,2.5,125,Bovada,Los Angeles Lakers at Oklahoma City Thunder,2.3,59,Neutral Matchup,MEDIUM
Luke Kennard,player_rebounds,3.5,140,Bovada,Los Angeles Lakers at Oklahoma City Thunder,3.8,60,Strong Matchup,MEDIUM
Luke Kennard,player_rebounds,3.5,-185,Bovada,Los Angeles Lakers at Oklahoma City Thunder,3.6,80,Strong Matchup,HIGH
Marcus Smart,player_rebounds,2.5,-180,Bovada,Los Angeles Lakers at Oklahoma City Thunder,2.4,66,Strong Matchup,MEDIUM
Marcus Smart,player_rebounds,2.5,135,Bovada,Los Angeles Lakers at Oklahoma City Thunder,2.6,60,Neutral Matchup,MEDIUM
Marcus Smart,player_rebounds,3.5,130,Bovada,Los Angeles Lakers at Oklahoma City Thunder,3.0,64,Weak Matchup,MEDIUM
Marcus Smart,player_rebounds,3.5,-170,Bovada,Los Angeles Lakers at Oklahoma City Thunder,3.3,61,Weak Matchup,MEDIUM
Rui Hachimura,player_rebounds,3.5,-145,Bovada,Los Angeles Lakers at Oklahoma City Thunder,3.3,55,Strong Matchup,MEDIUM
Rui Hachimura,player_rebounds,3.5,110,Bovada,Los Angeles Lakers at Oklahoma City Thunder,3.9,49,Strong Matchup,LOW
Rui Hachimura,player_rebounds,4.5,140,Bovada,Los Angeles Lakers at Oklahoma City Thunder,4.3,47,Strong Matchup,LOW
Rui Hachimura,player_rebounds,4.5,-185,Bovada,Los Angeles Lakers at Oklahoma City Thunder,4.9,80,Strong Matchup,HIGH
Shai Gilgeous-Alexander,player_rebounds,3.5,-165,Bovada,Los Angeles Lakers at Oklahoma City Thunder,3.2,65,Neutral Matchup,MEDIUM
Shai Gilgeous-Alexander,player_rebounds,3.5,125,Bovada,Los Angeles Lakers at Oklahoma City Thunder,3.6,76,Weak Matchup,HIGH
Shai Gilgeous-Alexander,player_rebounds,4.5,125,Bovada,Los Angeles Lakers at Oklahoma City Thunder,4.0,59,Neutral Matchup,MEDIUM
Shai Gilgeous-Alexander,player_rebounds,4.5,-165,Bovada,Los Angeles Lakers at Oklahoma City Thunder,5.2,83,Neutral Matchup,HIGH
Ajay Mitchell,player_threes,1.5,-105,Bovada,Los Angeles Lakers at Oklahoma City Thunder,1.7,58,Neutral Matchup,MEDIUM
Ajay Mitchell,player_threes,1.5,-125,Bovada,Los Angeles Lakers at Oklahoma City Thunder,1.4,69,Strong Matchup,MEDIUM
Austin Reaves,player_threes,1.5,-170,Bovada,Los Angeles Lakers at Oklahoma City Thunder,1.6,76,Weak Matchup,HIGH
Austin Reaves,player_threes,1.5,130,Bovada,Los Angeles Lakers at Oklahoma City Thunder,1.6,50,Neutral Matchup,LOW
Austin Reaves,player_threes,2.5,175,Bovada,Los Angeles Lakers at Oklahoma City Thunder,2.3,46,Neutral Matchup,LOW
Austin Reaves,player_threes,2.5,-240,Bovada,Los Angeles Lakers at Oklahoma City Thunder,2.6,47,Neutral Matchup,LOW
Chet Holmgren,player_threes,1.5,125,Bovada,Los Angeles Lakers at Oklahoma City Thunder,1.5,78,Strong Matchup,HIGH
Chet Holmgren,player_threes,1.5,-165,Bovada,Los Angeles Lakers at Oklahoma City Thunder,1.3,85,Weak Matchup,HIGH
LeBron James,player_threes,1.5,120,Bovada,Los Angeles Lakers at Oklahoma City Thunder,1.7,74,Weak Matchup,HIGH
LeBron James,player_threes,1.5,-160,Bovada,Los Angeles Lakers at Oklahoma City Thunder,1.5,81,Neutral Matchup,HIGH
Luguentz Dort,player_threes,1.5,-150,Bovada,Los Angeles Lakers at Oklahoma City Thunder,1.4,60,Strong Matchup,MEDIUM
Luguentz Dort,player_threes,1.5,115,Bovada,Los Angeles Lakers at Oklahoma City Thunder,1.4,46,Strong Matchup,LOW
Luguentz Dort,player_threes,2.5,190,Bovada,Los Angeles Lakers at Oklahoma City Thunder,2.1,47,Neutral Matchup,LOW
Luguentz Dort,player_threes,2.5,-260,Bovada,Los Angeles Lakers at Oklahoma City Thunder,2.2,68,Strong Matchup,MEDIUM
Marcus Smart,player_threes,1.5,-150,Bovada,Los Angeles Lakers at Oklahoma City Thunder,1.7,64,Strong Matchup,MEDIUM
Marcus Smart,player_threes,1.5,115,Bovada,Los Angeles Lakers at Oklahoma City Thunder,1.7,49,Weak Matchup,LOW
Marcus Smart,player_threes,2.5,190,Bovada,Los Angeles Lakers at Oklahoma City Thunder,2.6,75,Neutral Matchup,HIGH
Marcus Smart,player_threes,2.5,-260,Bovada,Los Angeles Lakers at Oklahoma City Thunder,2.6,76,Strong Matchup,HIGH
Rui Hachimura,player_threes,1.5,-185,Bovada,Los Angeles Lakers at Oklahoma City Thunder,1.7,53,Strong Matchup,LOW
Rui Hachimura,player_threes,1.5,140,Bovada,Los Angeles Lakers at Oklahoma City Thunder,1.6,74,Weak Matchup,HIGH
Rui Hachimura,player_threes,2.5,165,Bovada,Los Angeles Lakers at Oklahoma City Thunder,2.8,84,Strong Matchup,HIGH
Rui Hachimura,player_threes,2.5,-220,Bovada,Los Angeles Lakers at Oklahoma City Thunder,2.6,82,Weak Matchup,HIGH
Shai Gilgeous-Alexander,player_threes,1.5,-125,Bovada,Los Angeles Lakers at Oklahoma City Thunder,1.6,61,Strong Matchup,MEDIUM
Shai Gilgeous-Alexander,player_threes,1.5,-105,Bovada,Los Angeles Lakers at Oklahoma City Thunder,1.6,46,Neutral Matchup,LOW
